稼働年月日,容量,基盤,ジャンル,メーカー,タイトル,開発元,ジョブカテゴリ,カウント,👥クリエイターズ👨‍💼👨‍💻🎨,👨‍💼ディレクター,👨‍💻プログラマー,🎨デザイナー/美術,🎵音楽,📝シナリオ,💼プロデューサー,
1973-07-01,,-,,SEGA,ポントロン,,0,0,,,,,,,,
1973-11-01,,-,,SEGA,ポントロンII,,0,0,,,,,,,,
1973-11-01,,-,,SEGA,ホッケーTV,,0,0,,,,,,,,
1974-01-01,,-,,SEGA,テーブルホッケー,,0,0,,,,,,,,
1974-02-01,,-,,SEGA,ミニホッケー,,0,0,,,,,,,,
1974-08-01,,-,,SEGA,ゴールキック,フォープレイ,0,0,,,,,,,,
1974-08-01,,-,,SEGA,バルーンガン,,0,0,,,,西角友宏,今村善雄,,,
1975-01-01,,-,,SEGA,ダッキーシュート,,0,0,,,,,,,,
1975-01-01,,-,,SEGA,イレース,フォープレイ,0,0,,,,,,,,
1975-03-01,,-,,SEGA,ラストイニング,,0,0,,,,,,神尾龍,,
1975-10-01,,-,,SEGA,バレットマーク/バレットマークⅡ,,0,0,,,,,,,,
1976-01-01,,-,,SEGA,モトクロス,,0,0,,,,,,,,
1976-01-01,,-,,SEGA,トレーサー,,0,0,,,,,,,,
1976-02-01,,-,,SEGA,ロードレース,,0,0,,,,,,,,
1976-04-01,,-,,SEGA,スパークリングコーナー,,0,0,,,,,,,,
1976-08-01,,-,,SEGA,スコードロン,,0,0,,,,,,,,
1976-08-01,,-,,SEGA,マンT.T.（英語版）,,0,0,,,,,,,,
1976-08-01,,-,,SEGA,ロックンバーク,,0,0,,,,,,,,
1976-08-01,,-,,SEGA,ヘビーウェイトチャンプ,,0,0,,,,,,,,
1977-01-01,,-,,SEGA,コモーション,グレムリン,0,0,,,,,,,,
1977-01-01,,-,,SEGA,チックタッククイズ,,0,0,,,,,,,,
1977-01-01,,-,,SEGA,"ツインコース T.T.",,0,0,,,,,,,,
1977-02-01,,-,,SEGA,テーブル・ベースボール,,0,0,,,,,,,,
1977-03-01,,-,,SEGA,クラッシュ・コース,,0,0,,,,,,,,
1977-04-01,,-,,SEGA,ボンバー,,0,0,,,,,,,,
1977-11-01,,-,,SEGA,スーパーボウル,エキシディ,0,0,,,,,,,,
1977-12-01,,-,,SEGA,カーツン・ガン,,0,0,,,,,,,,
1978-01-01,,-,,SEGA,ブレイクオープン,,0,0,,,,,,,,
1978-01-01,,-,,SEGA,シークレットウォー,,0,0,,,,,,,,
1978-01-01,,-,,SEGA,コズミックウォー,,0,0,,,松岡伸浩|村田司朗|山根秀直,霜出健治|木下まり,前沢秀憲|上高治己,,,
1978-01-01,,-,,SEGA,ジグ・ザグ・ブロック,,0,0,,,,,,,,
1978-02-01,,-,,SEGA,シーソージャンプ,,0,0,,,,,,,,
1978-02-01,,-,,SEGA,ディプス・ボンブ,,0,0,,,,,,,,
1978-03-01,,-,,SEGA,ワールドカップ,,0,0,,,,,,,,
1978-03-01,,-,,SEGA,アマゾニアン,,0,0,,,,,,,,
1978-04-01,,-,,SEGA,ワイルドウッド,,0,0,,,,,ジョセフ・フィルブリック・ウェブスター,,,
1978-05-01,,-,,SEGA,シーソージャンプ・テーブルII,,0,0,,,,,,,,
1978-06-01,,-,,SEGA,スペースシップ,"シネマトロニクス（英語: Cinematronics）",0,0,,,,,,,,
1978-06-01,,-,,SEGA,トップランナー,,0,0,,,,,,,福田貴美子,
1978-06-01,,-,,SEGA,ギャラクシーウォー,,0,0,,,,,,,,
1978-08-01,,-,,SEGA,プロレーサー,,0,0,,,,,,,,
1978-08-01,,-,,SEGA,シークレットベース,,0,0,,,,,,,,
1978-08-01,,-,,SEGA,シグ・ザグ・ブロック,,0,0,,,,,,,,
1978-08-01,,-,,SEGA,プロレーサー,,0,0,,,,,,,,
1978-11-01,,-,,SEGA,フロッグス（英語版）,グレムリン,0,0,,,,,,,,
1978-12-01,,-,,SEGA,センカン・ヤマト,,0,0,,,,,,,,
1978-12-01,,-,,SEGA,スペースファイター,,0,0,,,西角友宏,西角友宏,亀井道行,,,
1978-12-01,,-,,SEGA,キャスリング,,0,0,,,,,,,,
1979-01-01,,-,,SEGA,スーパーブレイクオープン,,0,0,,,,,,,,
1979-01-01,,-,,SEGA,スペースインビンコ,,0,0,,,,,,,,
1979-01-01,,-,,SEGA,ファイアーワン,エキシディ,0,0,,,,,,,,
1979-01-01,,-,,SEGA,ダブルブロックT3,,0,0,,,,,,,,
1979-01-01,,-,,SEGA,スーパーブレイクオープン,,0,0,,,,,,,,
1979-02-01,,-,,SEGA,スペースアタック,,0,0,,,西角友宏,西角友宏,亀井道行,,,
1979-03-01,,-,,SEGA,スリーウェイ・ブロック,,0,0,,,,,,,,
1979-03-01,,-,,SEGA,フォートレス,グレムリン,0,0,,,,,,,"Michael ""Elvis"" Baskette",
1979-04-01,,デュアルボード,,SEGA,ヘッドオン,セガ・グレムリン,0,0,,,,,,,,
1979-06-01,,-,,SEGA,アップセットブロック,,0,0,,,,,,,,
1979-06-01,,-,,SEGA,トリプルアタック,,0,0,,,,,,,,
1979-08-01,,-,,SEGA,スターホーク（英語版）,シネマトロニクス,0,0,,,,,,,,
1979-09-01,,-,,SEGA,バスケットボール（英語版）,アタリ,0,0,,,,,,,,
1979-10-01,,デュアルボード,,SEGA,"ヘッドオン PartII",セガ・グレムリン,0,0,,,,,,,,
1979-11-01,,デュアルボード,,SEGA,インビンコ,セガ・グレムリン,0,0,,,,,,,,
1979-11-01,,-,,SEGA,モナコGP,,0,0,,,,,,,,
1979-12-01,,-,,SEGA,サンダンス,シネマトロニクス,0,0,,,,,,,,
1979-12-01,,-,,SEGA,テイルガンナー（英語版）,シネマトロニクス,0,0,,,,,,,,
1979-12-01,,-,,SEGA,ルナランダー（英語版）,アタリ,0,0,,,,,,,,
1980-01-01,,-,,SEGA,ディガー,セガ・グレムリン,0,0,,,,,,,,
1980-01-01,,-,,SEGA,アストロファイター（英語版）,データイースト,0,0,,,,,,,,
1980-01-01,,デュアルボード,,SEGA,カーハント,,0,0,,,,,,,,
1980-03-01,,デュアルボード,,SEGA,サムライ,,0,0,,,,,,,,
1980-03-01,,-,,SEGA,プロモナコGP,,0,0,,,,,,,,
1980-04-01,,-,,SEGA,アステロイド,アタリ,0,0,,,,,,,,
1980-04-01,,-,,SEGA,ターグ（英語版）,エキシディ,0,0,,,,,,,,
1980-05-01,,デュアルボード,,SEGA,ディープスキャン,,0,0,,,,,,,,
1980-06-01,,デュアルボード,,SEGA,カーニバル（英語版）,セガ・グレムリン,0,0,,,,,,,,
1980-06-01,,デュアルボード,,SEGA,スペーストレック,,0,0,,,,,,,,
1980-06-01,,デュアルボード,,SEGA,トランキライザーガン,セガ・グレムリン,0,0,,,,,,,,
1980-07-01,,-,,SEGA,ミサイルコマンド,アタリ,0,0,,,,,,,,
1980-10-01,,-,,SEGA,スペースタクティクス,,0,0,,,,,,,,
1980-12-01,,デュアルボード,,SEGA,パルサー（英語版）,セガ・グレムリン,0,0,,,,,,,,
1980-12-01,,デュアルボード,,SEGA,Nサブ（英語版）,,0,0,,,,,,,,
1980-01-01,,-,,SEGA,ファイアーワン,エキシディ,0,0,,,,,,,,
1980-01-01,,-,,SEGA,ウォーロード（英語版）,アタリ,0,0,,,,,,,,
1981-01-01,,-,,SEGA,エリミネーター（英語版）,セガ・グレムリン,0,0,,,,,,,,
1981-01-01,,-,,SEGA,スーパーコブラ,コナミ,0,0,,,,,,,,
1981-01-01,,-,,SEGA,スターレイカー,,0,0,,寺岡大介|渡部高志,三枝直樹,坂田文彦|中沢一登,中村暢之,坂田文彦,坂田文彦,
1981-01-01,,-,,SEGA,タクティシャン,コナミ,0,0,,,,,,,,
1981-03-01,,G80,,SEGA,アストロブラスター（英語版）,,0,0,,,,,,,,
1981-05-01,,G80,,SEGA,スペースオデッセイ,セガ・グレムリン,0,0,,,,,,,,
1981-03-01,,-,,SEGA,アーモアアタック（英語版）,シネマトロニクス,0,0,,,,,,,,
1981-07-01,,-,,SEGA,スペースフューリー（英語版）,セガ・グレムリン,0,0,,,,,,,,
1981-08-01,,-,,SEGA,フロッガー,コナミ,0,0,,,,,,,,
1981-10-01,,-,,SEGA,ターピン（英語版）,コナミ,0,0,,,,,,,,
1981-10-01,,-,,SEGA,ノックアウトパンチ,,0,0,,,,,,,,
1981-10-01,,-,,SEGA,ターボ,,0,0,,,,,,,,
1981-12-01,,-,,SEGA,ジャンプバグ,アルファ電子／豊栄産業,0,0,,,,,,,,
1981-12-01,,-,,SEGA,ボーダーライン（英語版）,,0,0,,,,,,,,
1981-12-01,,G80ほか,,SEGA,5,,0,0,,,,,,,,
1982-01-01,,-,,SEGA,ガッタンゴットン,コナミ,0,0,,,,,,,,
1982-01-01,,-,,SEGA,KOボクシング,,0,0,,,,,,,,
1982-01-01,,G80,,SEGA,スタートレック（英語版）,,0,0,,,,,,,,
1982-01-01,,-,,SEGA,ゼクター（英語版）,,0,0,,,,,,,,
1982-01-01,,-,,SEGA,タックスキャン（英語版）,,0,0,,,,,,,,
1982-01-01,,-,,SEGA,バトルスター,セガ・グレムリン,0,0,,,,,,,,
1982-01-01,,-,,SEGA,"バック・ロジャーズ ズームの惑星（英語版）",,0,0,,,,,,"フィリップ・フランシス・ノーラン 「バック・ロジャーズ(英語版)」|ディック・コールキンス(英語版)",,
1982-01-01,,G80ほか,,SEGA,モンスターバッシュ（英語版）,,0,0,,,,,,,,
1982-01-01,,-,,SEGA,ザクソン,,0,0,,,,,,,,
1982-03-01,,-,,SEGA,アリババと40人の盗賊（英語版）,ICM,0,0,,,,,,,,
1982-07-01,,-,,SEGA,サブロック3D（英語版）,,0,0,,,,,,,,
1982-08-01,,-,,SEGA,ウォンテッドG7,テック,0,0,,,,,,,,
1982-09-01,,-,,SEGA,ペンゴ,コアランドテクノロジー,0,0,,,,,,,,
1982-10-01,,-,,SEGA,"王将 芹沢八段の詰将棋",,0,0,,,,,,,,
1982-12-01,,-,,SEGA,ズーム909,,0,0,,,,,,,,
1982-12-01,,-,,SEGA,スーパーロコモーティブ,,0,0,,,,,,,,
1983-01-01,,-,,SEGA,イクシオン,,0,0,,,,,,,,
1983-01-01,,-,,SEGA,コマンド（英語版）,,0,0,,,,,,,,
1983-01-01,,-,,SEGA,チャンピオンベースボール2,,0,0,,,,,,,,
1983-01-01,,-,,SEGA,ピッグニュートン,,0,0,,,,,,,,
1983-01-01,,-,,SEGA,ラズマタズ,,0,0,,,,,,,,
1983-01-01,,-,,SEGA,スーパーザクソン,,0,0,,,,,,,,
1983-03-01,,-,,SEGA,チャンピオンベースボール,アルファ電子,0,0,,,,,,,,
1983-03-01,,-,,SEGA,ティップタップ,,0,0,,,,,,,,
1983-03-01,,-,,SEGA,ヤマト,GGI,0,0,,,,,,,,
1983-05-01,,レーザーディスク,,SEGA,アストロンベルト,,0,0,,,,,,,,
1983-07-01,,-,,SEGA,シンドバッドミステリー,,0,0,,,,,,,,
1983-07-01,,システム1,,SEGA,スタージャッカー,,0,0,,,,,,,,
1983-08-01,,-,,SEGA,ホッパーロボ,オルカ,0,0,,,,,,,,
1983-09-01,,システム1,,SEGA,アップンダウン（英語版）,,0,0,,,,,,,,
1983-12-01,,システム1,,SEGA,レグルス,,0,0,,,,,,,,
1983-12-01,,レーザーディスク,,SEGA,スターブレイザー,,0,0,,,,,,,,
1984-01-01,,-,,SEGA,ティンバー（英語版）,バリーミッドウェイ,0,0,,,,,,,,
1984-01-01,,システム1,,SEGA,ミスターバイキング,,0,0,,,,,,,,
1984-02-01,,システム1,,SEGA,スワット,コアランドテクノロジー,0,0,,,,,,,,
1984-03-01,,レーザーディスク,,SEGA,アルベガス,,0,0,,森下孝三,,影山楙倫(カナメプロ)|大畑晃一|ひおあきら|小原髪夫(カナメプロ),渡辺宙明,酒井あきよし|上原正三|大川ひろし|安藤豊弘,,
1984-03-01,,-,,SEGA,タッパー,バリーミッドウェイ,0,0,,,,,,,,
1984-05-01,,システム1,,SEGA,フリッキー,,0,0,,,石川ヒデキ|片木秀一,石井洋児|川崎吉喜,,,,
1984-06-01,,-,,SEGA,アッポー,サンリツ,0,0,,,,,,,,
1984-06-01,,-,,SEGA,クラウンズゴルフ,エスコ貿易,0,0,,,,,,,,
1984-07-01,,システム1,,SEGA,ウォーターマッチ,,0,0,,,,,,,,
1984-09-01,,-,,SEGA,フューチャースパイ,,0,0,,,,,,,,
1984-09-01,,-,,SEGA,エクイテス,アルファ電子,0,0,,,,,,,,
1984-09-01,,-,,SEGA,ブルファイター,アルファ電子,0,0,,,,,,,,
1984-10-01,,-,,SEGA,バンクパニック,サンリツ,0,0,,,,,,,,
1984-11-01,,-,,SEGA,チャンピオンボクシング（英語版）,,0,0,,,,,,,,
1984-11-01,,システム1,,SEGA,ザ・闘牛（英語版）,コアランドテクノロジー,0,0,,,,,,,小沢健二,
1984-11-01,,レーザーディスク,,SEGA,GPワールド,,0,0,,,,,,,,
1984-12-01,,システム1,,SEGA,三輪サンちゃん,,0,0,,,,川崎吉喜,,,,
1985-01-01,,-,,SEGA,ハイボルテージ,アルファ電子,0,0,,,,,,,,
1985-01-01,,-,,SEGA,4-Dウォリアーズ（英語版）,コアランドテクノロジー,0,0,,,,,,,,
1985-02-01,,システム1,,SEGA,ピットフォールII（英語版）,,0,0,,,,,,,,
1985-03-01,,システム1,,SEGA,忍者プリンセス,,0,0,,,,川崎吉喜|小玉理恵子,,,,
1985-04-01,,システム1,,SEGA,ごんべえのあいむそ～り～,コアランドテクノロジー,0,0,,熊倉賢一,,,岩永敦子,,,
1985-05-01,,-,,SEGA,チャンピオンプロレス,,0,0,,,,,,,,
1985-05-01,,システム1,,SEGA,テディボーイブルース,,0,0,,,,,,,,
1985-06-01,,-,,SEGA,リパルス,九娯貿易,0,0,,,上村建也,,上村建也,,,
1985-07-01,,システム1,,SEGA,青春スキャンダル,コアランドテクノロジー,0,0,,,,,,,,
1985-07-01,,ハングオンボード,,SEGA,ハングオン,,0,0,,,,,,,,
1985-09-01,,システム2,,SEGA,ヘビーメタル,,0,0,,,,,,,,
1985-10-01,,システム2,,SEGA,チョップリフター,,0,0,,,,ダン・ゴーリン,,,,
1985-11-01,,-,,SEGA,フラッシュギャル（英語版）,九娯貿易,0,0,,,,,,,,
1985-11-01,,システム2,,SEGA,シューティングマスター,,0,0,,,,,,,,
1985-12-01,,スペースハリアーボード,,SEGA,スペースハリアー,,0,0,,藤井睦弘(セガ・マークIII),三船敏(アーケード)|川竹英士(アーケード)|中裕司(セガ・マークIII),鈴木裕(アーケード)|麻生宏(アーケード)|津田知介(アーケード)|永田英朗(アーケード)|貞森康毅(セガ・マークIII),川口博史(アーケード)|鈴木裕(アーケード)|上保徳彦(セガ・マークIII),中裕司(セガ・マークIII)|藤井睦弘(セガ・マークIII)|百田浩司(セガ・マークIII),金成貫(アーケード)|中裕司(セガ・マークIII),
1985-01-01,,-,,SEGA,クラウンズゴルフ・インハワイ,エスコ貿易,0,0,,,,,,,,
1985-01-01,,システム1,,SEGA,4Dウォーリアーズ（英語版）,コアランドテクノロジー,0,0,,,,,,,,
1986-01-01,,-,,SEGA,マークスマンシューティング（英語版）,,0,0,,,,,,,,
1986-01-01,,-,,SEGA,レジェンド,九娯貿易,0,0,,,,,,,,
1986-01-01,,-,,SEGA,"戦略ゲーム ボピープ",コアランドテクノロジー,0,0,,,,,,,,
1986-01-01,,-,,SEGA,ブレイン,コアランドテクノロジー,0,0,,,,,,,,
1986-01-01,,-,,SEGA,ランページ（英語版）,バリーミッドウェイ,0,0,,,,,,,,
1986-01-01,,システム16,,SEGA,メジャーリーグ,,0,0,,,,,,,,
1986-01-01,,-,,SEGA,119,コアランドテクノロジー,0,0,,,,,,,,
1986-01-01,,-,,SEGA,どきどきペンギンランド（英語版）,,0,0,,,,,,,,
1986-01-01,,システムE,,SEGA,ハングオンJr.,,0,0,,,,,,,,
1986-03-01,,-,,SEGA,ラフレシア,コアランドテクノロジー,0,0,,,,,,,,
1986-03-01,,-,,SEGA,スーパースティングレイ,アルファ電子,0,0,,,,,,,,
1986-03-01,,システムE,,SEGA,スラップシューター,,0,0,,,,,,,,
1986-03-01,,システム16A,,SEGA,ファンタジーゾーン,,0,0,,石井洋児,片木秀一,石井洋児|近藤正樹,川口博史,,,
1986-04-01,,システム1,,SEGA,ワンダーボーイ,エスケープ,0,0,,,,,,,,
1986-04-01,,-,,SEGA,ロボレス2001,サンリツ,0,0,,,,,,,,
1986-04-01,,システム16A,,SEGA,カルテット/カルテット2,,0,0,,,,,,,,
1986-05-01,,システムE,,SEGA,アストロフラッシュ（英語版）,,0,0,,,,,,,,
1986-05-01,,システム16A、B,,SEGA,ダンプ松本,サンリツ,0,0,,,,,,,,
1986-05-01,,-,,SEGA,フラワー,クラール、アルファ電子,0,0,,,,,,,,
1986-06-01,,システム2,,SEGA,ウォーボール,,0,0,,,,,,,,
1986-07-01,,-,,SEGA,スペースポジション,太平技研,0,0,,,,,,,,
1986-07-01,,スペースハリアーボード,,SEGA,エンデューロレーサー,,0,0,,,,,,,,
1986-08-01,,システム2,,SEGA,ガルディア,コアランドテクノロジー,0,0,,,,,タイラー・ベイツ,ダン・アブネット|アンディ・ランニング|『ガーディアンズ・オブ・ザ・ギャラクシー』,,
1986-08-01,,-,,SEGA,カロリー君VSモグラニアン（英語版）,太平技研,0,0,,,,,,,,
1986-09-01,,アウトランボード,,SEGA,アウトラン,,0,0,,,三船敏(アーケード)|香川忠司(アーケード)|大江玲(アーケード)|中裕司(セガ・マークⅢ),鈴木裕(アーケード)|石井洋児(アーケード)|松浦稔(アーケード)|貞森康毅(セガ・マークⅢ),川口博史(アーケード)|上保徳彦(セガ・マークⅢ),,,
1986-09-01,,システム16A、B,,SEGA,アクションファイター,,0,0,,,,,,,,
1986-10-01,,-,,SEGA,ギガス,,0,0,,,,,,,,
1986-12-01,,システム16A、B,,SEGA,"アレックスキッド ザ・ロストスターズ（英語版）",,0,0,,,,,,,,
1986-12-01,,-,,SEGA,"ギガス MK-II",,0,0,,,,,,,,
1987-01-01,,-,,SEGA,ギャングスタータウン（英語版）,,0,0,,,,,,,,
1987-01-01,,-,,SEGA,グレートフットボール,,0,0,,,,,,,,
1987-01-01,,-,,SEGA,スケバン雀士竜子,ホワイトボード,0,0,,,,清水雅治(ANO清水),林克洋,,,
1987-01-01,,-,,SEGA,脱子ちゃん雀荘,,0,0,,,,,,,,
1987-01-01,,-,,SEGA,め組レスキュー,,0,0,,,,,,,,
1987-01-01,,システム16B,,SEGA,ダンクショット,,0,0,,,,,,,,
1987-01-01,,システムE,,SEGA,ピタゴラスの謎,ナスコ,0,0,,,,,,,,
1987-02-01,,システムE,,SEGA,ファンタジーゾーンII,,0,0,,,,,上保徳彦,,,
1987-03-01,,システム16A、B,,SEGA,タイムスキャナー,,0,0,,,,,,,,
1987-03-01,,-,,SEGA,パーフェクトビリヤード,日本システム,0,0,,,,,,,,
1987-03-01,,システム1（タイプB）、システム2,,SEGA,ブロックギャル,ビック東海,0,0,,,,,,,,
1987-04-01,,システム16A、B,,SEGA,エイリアンシンドローム,,0,0,,,,,中林亨,,,
1987-04-01,,システム16A、B,,SEGA,"SDI -Strategic Defense Initiative-",,0,0,,,,,林克洋,,,
1987-04-01,,アウトランボード,,SEGA,スーパーハングオン,,0,0,,浜垣博志,,,林克洋|並木晃一,,,
1987-05-01,,-,,SEGA,デンジャーゾーン,シネマトロニクス,0,0,,,,,ジョルジオ・モロダー,,ジョルジオ・モロダー,
1987-06-01,,-,,SEGA,コンバットホーク,サンリツ,0,0,,,,,,,,
1987-06-01,,システム2,,SEGA,時の戦士,,0,0,,,,,渡辺宙明,"上原正三 他","碓氷夕焼(テレビ朝日) 吉川進 折田至(東映)",
1987-06-01,,システム16B,,SEGA,バレット,,0,0,,,,,,,,
1987-07-01,,-,,SEGA,シューティングゾーン/シューティングゾーン2,,0,0,,,,,,,,
1987-07-01,,Xボード,,SEGA,アフターバーナー,,0,0,,,,,,,,
1987-07-01,,システムE,,SEGA,オパオパ,,0,0,,,,,,,,
1987-08-01,,システム2,,SEGA,"ワンダーボーイ モンスターランド",ウエストン,0,0,,,西澤龍一|石塚路志人,鈴子裕美|石塚理恵,坂本慎一,,西澤龍一,
1987-09-01,,システム16B,,SEGA,スーパーリーグ,,0,0,,,,,,,,
1987-09-01,,日本システムマザーボード,,SEGA,フリーキック,日本システム,0,0,,,,,,,,
1987-10-01,,Xボード,,SEGA,アフターバーナーII,,0,0,,鈴木裕|浜垣博志,三船敏,鈴木裕,川口博史,,中山隼雄,
1987-10-01,,システム16B,,SEGA,ヘビーウェイトチャンプ,,0,0,,,,,,,,
1987-11-01,,システム16A、B,,SEGA,"忍 -SHINOBI-",,0,0,,菅野豊,,,川上康広,,,
1987-12-01,,Xボード,,SEGA,サンダーブレード,,0,0,,,,,並木晃一,,,
1987-12-01,,システム16B,,SEGA,ソニックブーム,,0,0,,,,,,,,
1988-02-01,,-,,SEGA,エンゼルキッズ（英語版）,太平技研、EXAプランニング,0,0,,,,,,,,
1988-03-01,,日本システムマザーボード,,SEGA,カウンターラン,日本システム,0,0,,,,,,,,
1988-03-01,,システム24,,SEGA,ホットロッド,,0,0,,,,,,,,
1988-04-01,,システム16A、B,,SEGA,エースアタッカー,,0,0,,,,,,,,
1988-04-01,,Yボード,,SEGA,ギャラクシーフォース,,0,0,,,,,林克洋|並木晃一,,,
1988-06-01,,システム2,,SEGA,"UFO戦士 ようこちゃん",ビック東海,0,0,,,,,,,,
1988-06-01,,システム16B,,SEGA,獣王記,,0,0,,,穂苅健一(AC)|浅井敏典(MD)|松田達夫(MD)|百田浩司(MD),"内田誠(AC)|安原広和(AC)|NO NUKES(MD)|HAGA(AC)|梶本隆博(AC)|小玉理恵子(MD)|UDI(MD)",中林亨(AC)|長井和彦(MD),,,
1988-07-01,,Yボード,,SEGA,ギャラクシーフォースII,,0,0,,,,,林克洋|並木晃一,,,
1988-08-01,,Yボード,,SEGA,パワードリフト,,0,0,,,,鈴木裕,川口博史,,,
1988-08-01,,システム16A、B,,SEGA,パッシングショット,,0,0,,,,,,,,
1988-09-01,,システム16B,,SEGA,エキサイトリーグ,,0,0,,,,,,,,
1988-10-01,,システム24,,SEGA,スクランブルスピリッツ,,0,0,,,,,,,,
1988-11-01,,システム16A、B,,SEGA,"ワンダーボーイIII モンスター・レアー",ウエストン,0,0,,西澤龍一,星崎直樹,石塚理恵|鈴子裕美,坂本慎一,,,
1988-11-01,,システム24,,SEGA,ゲイングランド,,0,0,,,大岡良樹,マック・オースティン|ヤン・ワット|EIRO,高田陽|林克洋,,,
1988-12-01,,システム16A、B、システムE,PZL落ち物,SEGA,テトリス,,0,0,,,,,,,,
1988-12-01,,システム16B,,SEGA,ダイナマイトダックス（英語版）,,0,0,,,,,,,,
1989-01-01,,-,,SEGA,アストロウォリアー（英語版）,,0,0,,,,,,,,
1989-01-01,,システム16B,,SEGA,タフターフ（英語版）,サンソフト,0,0,,,,,,,,
1989-01-01,,Xボード,,SEGA,ラストサバイバー,,0,0,,,,,,,,
1989-02-01,,アウトランボード,,SEGA,ターボアウトラン,,0,0,,浜垣博志,,"三船敏[注釈 1]","川口博史|高木保浩[注釈 2]",,,
1989-02-01,,システム16B,,SEGA,レッスルウォー（英語版）,,0,0,,,,,,,,
1989-03-01,,システム24,,SEGA,クラックダウン,,0,0,,,,,川上泰広,,,
1989-04-01,,システム16B,,SEGA,ベイルート（英語版）,サンソフト,0,0,,,,,,,,
1989-05-01,,システム16B,,SEGA,ゴールデンアックス,,0,0,,,,内田誠,中林亨|高田陽,,,
1989-05-01,,Xボード,,SEGA,スーパーモナコGP,,0,0,,,,小口久雄,並木晃一,,,
1989-06-01,,システム24,,SEGA,ジャンボ尾崎のスーパーマスターズ（英語版）,,0,0,,,,,,,,
1989-07-01,,システム16B,,SEGA,フラッシュポイント,,0,0,,,,,,,,
1989-09-01,,-,,SEGA,DJボーイ（英語版）,金子製作所,0,0,,,,,,,,
1989-10-01,,システム16B,,SEGA,E-SWAT（英語版）,,0,0,,,,,,,,
1989-11-01,,システム18,,SEGA,シャドーダンサー（英語版）,,0,0,,,,,,,,
1989-12-01,,Xボード,,SEGA,ライン・オブ・ファイヤー（英語版）,,0,0,,,,,,,,
1990-01-01,,システム18、Cボード,,SEGA,ブロクシード,,0,0,,,,,,,,
1990-02-01,,システム16B,,SEGA,M.V.P.,,0,0,,,,,,,,
1990-03-01,,システム24,,SEGA,ラフレーサー（英語版）,,0,0,,,,,,,,
1990-03-01,,システム18,,SEGA,エイリアンストーム,,0,0,,,,,,,,
1990-03-01,,Xボード,,SEGA,レーシングヒーロー（英語版）,,0,0,,,,,,,,
1990-03-01,,Cボード,PZL落ち物,SEGA,コラムス,,0,0,,,,ジェイ・ギールセン,上保徳彦,,,
1990-05-01,,Yボード,,SEGA,G-LOC,,0,0,,,,,,,,
1990-06-01,,システム24,,SEGA,ボナンザブラザーズ,,0,0,,,,,並木晃一,,,
1990-08-01,,システム18,,SEGA,マイケル・ジャクソンズ・ムーンウォーカー,,0,0,,,,マイケル・ジャクソン,中林亨,,,
1990-09-01,,Cボード,PZL落ち物,SEGA,コラムスII（英語版）,,0,0,,,,,,,,
1990-10-01,,システム16B,,SEGA,オーライル（英語版）,ウエストン,0,0,,,,,,,,
1990-10-01,,Xボード,,SEGA,GPライダー（英語版）,,0,0,,,,,,,,
1990-10-01,,システム16B,,SEGA,琉球,サクセス,0,0,,,,,,,,
1990-12-01,,Cボード,,SEGA,サンダーフォースAC,テクノソフト,0,0,,,,,,,,
1990-12-01,,システム18,,SEGA,レーザーゴースト（英語版）,,0,0,,,,,,,,
1991-01-01,,Xボード,,SEGA,A.B.コップ（英語版）,エイコム,0,0,,,,,,,,
1991-02-01,,システム32,,SEGA,ラッドモビール,,0,0,,,藤乗勝巳,小口久雄,長井和彦,,,
1991-02-01,,システム24,,SEGA,"クイズ 宿題をわすれました!",,0,0,,,,,,,,
1991-04-01,,システム16B,,SEGA,コットン,サクセス,0,0,,,,,,,,
1991-05-01,,システム18,,SEGA,クラッチヒッター（英語版）,,0,0,,,,,,,,
1991-05-01,,システム24,,SEGA,ダイナミックC.C.,セガ（AM3研）,0,0,,,,,,,,
1991-06-01,,Yボード,,SEGA,ストライクファイター,セガ（AM2研）,0,0,,,,,,,,
1991-07-01,,システム32,,SEGA,ラッドラリー,,0,0,,,,,,,,
1991-07-01,,システム18,,SEGA,D.D.クルー（英語版）,セガ（AM3研）,0,0,,,,,,,,
1991-09-01,,システム32,,SEGA,"スパイダーマン ザ ビデオゲーム",,0,0,,,,,,,,
1991-09-01,,Yボード,,SEGA,レールチェイス,セガ（AM3研）,0,0,,,,,,,,
1991-10-01,,-,,SEGA,タイムトラベラー（英語版）,,0,0,,,,,,,,
1991-11-01,,システム32,,SEGA,F1エキゾーストノート（英語版）,セガ（AM2研）,0,0,,,,,,,,
1991-11-01,,-,,SEGA,スティールタロンズ（英語版）,アタリ,0,0,,,,,,,,
1991-12-01,,システム24,,SEGA,"クイズ 廊下に立ってなさい!",,0,0,,,,,,,,
1991-01-01,,システム16B,,SEGA,ライオットシティ（英語版）,ウエストン,0,0,,,,,,,,
1992-03-01,,システム32,,SEGA,アラビアンファイト,セガ（AM2研）,0,0,,,,,,,,
1992-04-01,,システム32,,SEGA,エアレスキュー（英語版）,セガ（AM1研）,0,0,,,,,,,,
1992-06-01,,システム18,,SEGA,ウォーリーをさがせ!,セガ（AM3研）,0,0,,,,,,,,
1992-07-01,,システムマルチ32,,SEGA,スタジアムクロス,セガ（AM1研）,0,0,,,,,,,,
1992-08-01,,モデル1,RCG,SEGA,バーチャレーシング,セガ（AM2研）,0,0,,鈴木裕,鈴木裕,名越稔洋,光吉猛修,,,
1992-09-01,,システム32,,SEGA,"ゴールデンアックス デスアダーの復讐",セガ（AM1研）,0,0,,,,内田誠,河村知之|竹内雅則,,,
1992-10-01,,C2ボード,PZL落ち物,SEGA,ぷよぷよ,コンパイル,0,0,,,,,,,,
1992-10-01,,システム18,,SEGA,デザートブレイカー,,0,0,,,,,,,,
1992-11-01,,システム32,,SEGA,ホロシアム（英語版）,セガ（AM1研）,0,0,,,,,,,,
1993-03-01,,システムマルチ32,,SEGA,タイトルファイト,セガ（AM3研）,0,0,,,,,,,,
1993-03-01,,システム32,,SEGA,ダークエッジ,セガ（AM3研）,0,0,,,,,ジョエル・マクニーリー|アマニ・K・スミス,,,
1993-05-01,,システム24,,SEGA,クイズめくるめくストーリー,,0,0,,,,,,,,
1993-05-01,,システムマルチ32,,SEGA,アウトランナーズ,セガ（AM1研）,0,0,,,,,中村隆之|光吉猛修|川口博史,,,
1993-06-01,,C2ボード,,SEGA,タントアール,セガ（AM1研）,0,0,,,,,,,,
1993-07-01,,システム32,,SEGA,バーニングライバル,セガ（AM2研）,0,0,,,,,,,,
1993-09-01,,システム32,,SEGA,F1スーパーラップ,セガ（AM2研）,0,0,,,,,,,,
1993-09-01,,システム32,,SEGA,エイリアン3・ザ・ガン,セガ（AM1研）,0,0,,,,,エリオット・ゴールデンサール,キャラクター創造|ダン・オバノン|ロナルド・シャセット,,
1993-10-01,,システム32,,SEGA,ソニック・ザ・ヘッジホッグ,セガ（AM3研）,0,0,,,,大島直人(オリジナルデザイン:クラシックソニック)|上川祐司(アドベンチャー以降:モダンソニック),,,,
1993-12-01,,モデル1,FTG,SEGA,バーチャファイター,セガ（AM2研）,0,0,,鈴木裕,池淵徹,石井精一,中村隆之,,鈴木裕,
1994-02-01,,システム32,,SEGA,ジュラシック・パーク（英語版）,セガ（AM3研）,0,0,,,,,,,,
1994-03-01,,C2ボード,,SEGA,ポトポト,セガ（AM3研）,0,0,,,,,,,,
1994-03-01,,システム32,,SEGA,"ドラゴンボールZ V.R.V.S",セガ（AM3研）,0,0,,,,,,,,
1994-03-01,,システムマルチ32,,SEGA,"ハードダンク 3on3",セガ（AM3研）,0,0,,,,,,,,
1994-03-01,,モデル2,RCG,SEGA,デイトナUSA,セガ（AM2研）,0,0,,,,,,,,
1994-04-01,,モデル1,,SEGA,"スターウォーズ (アーケードゲーム)（英語版）",セガ（AM3研）,0,0,,,,,,,,
1994-05-01,,C2ボード,PZL落ち物,SEGA,スタックコラムス,セガ（AM1研）,0,0,,,,,,,,
1994-06-01,,C2ボード,,SEGA,イチダントアール,セガ（AM1研）,0,0,,,,,,,,
1994-06-01,,モデル1,,SEGA,ウイングウォー,セガ（AM1研）,0,0,,,,,,,,
1994-07-01,,システム32,,SEGA,ザ・Jリーグ1994,セガ（AM1研）,0,0,,,,,,,,
1994-07-01,,ST-V,,SEGA,スポーツフィッシング,セガ（AM4研）,0,0,,,,,,,,
1994-07-01,,モデル2,,SEGA,デザートタンク,セガ（AM2研）,0,0,,,,,,,,
1994-08-01,,C2ボード,,SEGA,ずんずん教の野望,港技研、AM1研,0,0,,熊倉賢一,,大田正之,岩永敦子,,,
1994-09-01,,システム24,,SEGA,"クイズ ゴースト ハンター",セガ（AM1研）,0,0,,矢野義幸|影沼沢聖紀,,,,,"森川真行|森 章|王東順",
1994-09-01,,モデル2,,SEGA,バーチャコップ,セガ（AM2研）,0,0,,,,,,,,
1994-10-01,,C2ボード,PZL落ち物,SEGA,ぷよぷよ通,コンパイル,0,0,,,,,,,,
1994-10-01,,-,,SEGA,グランドクロス,エクセレントシステム,0,0,,,,,,,,
1994-11-01,,モデル2,FTG,SEGA,バーチャファイター2,セガ（AM2研）,0,0,,,,,,,,
1995-02-01,,モデル2,RCG,SEGA,セガラリーチャンピオンシップ,セガ（AM3研）,0,0,,佐々木建仁,山本宗平,佐々木建仁,光吉猛修,,水口哲也,
1995-02-01,,ST-V,,SEGA,ゴールデンアックス・ザ・デュエル（英語版）,セガ（AM1研）,0,0,,,,,,,,
1995-04-01,,H1ボード,,SEGA,クールライダーズ（英語版）,セガ（AM1研）,0,0,,,,,,,,
1995-04-01,,システム16B,,SEGA,登龍門,セガ（AM1研）,0,0,,,,,,,,
1995-04-01,,ST-V,,SEGA,ばくばくアニマル,セガ（AM3研）,0,0,,,,,,,,
1995-05-01,,モデル1,,SEGA,セガネットマーク,セガ（AM3研）,0,0,,,,,,,,
1995-05-01,,モデル2,,SEGA,バーチャストライカー,セガ（AM2研）,0,0,,,,,,,,
1995-06-01,,ST-V,FTG,SEGA,バーチャファイターリミックス,セガ（AM1研）,0,0,,鈴木裕,池淵徹,石井精一,中村隆之,,鈴木裕,
1995-06-01,,モデル2,,SEGA,レールチェイス2,セガ（AM3研）,0,0,,,,,,,,
1995-07-01,,モデル2,,SEGA,インディ500,セガ（AM1研）,0,0,,,,,,,,
1995-07-01,,ST-V,,SEGA,エジホン探偵事務所,セガ（AM1研）,0,0,,,,,,,,
1995-07-01,,ST-V,,SEGA,ファイナルアーチ（英語版）,セガ（AM1研）,0,0,,,,,,,,
1995-08-01,,ST-V,,SEGA,スポーツフィッシング2（英語版）,セガ（メカトロ研）,0,0,,,,,"ミュージックビデオ ""2 Become 1"" - YouTube",,リチャード・スタッナード|マット・ロウ,
1995-08-01,,モデル2,FTG,SEGA,バーチャファイター2.1,セガ（AM2研）,0,0,,,,,,,,
1995-09-01,,モデル2,,SEGA,バーチャコップ2,セガ（AM2研）,0,0,,,,,,,,
1995-10-01,,モデル2,,SEGA,スカイターゲット,セガ（AM1研）,0,0,,,,,,,,
1995-11-01,,ST-V,,SEGA,タタコット,セガ（AM1研）,0,0,,,,,,,,
1995-11-01,,モデル2,,SEGA,ファイティングバイパーズ,セガ（AM2研）,0,0,,,,,,,,
1995-11-01,,モデル2,,SEGA,マンクスTT,セガ（AM3研）,0,0,,,,,,,,
1995-11-01,,ST-V,,SEGA,サンドアール,セガ（AM1研）,0,0,,,,,,,,
1996-01-01,,モデル2,FTG-3D,SEGA,電脳戦機バーチャロン,セガ（AM3研）,0,0,,,,,,,,
1996-02-01,,ST-V,,SEGA,ファンキーヘッドボクサーズ（英語版）,セガ（AM3研）,0,0,,,,,,,,
1996-03-01,,ST-V,FTG,SEGA,バーチャファイターキッズ,セガ（AM2研）,0,0,,,,,,,,
1996-03-01,,ST-V,,SEGA,"ペブルビーチ ザ・グレートショット",T&Eソフト,0,0,,,,,,,,
1996-04-01,,モデル2,,SEGA,ガンブレードN.Y.,セガ（AM3研）,0,0,,,,,,,,
1996-05-01,,ST-V,,SEGA,デカスリート,セガ（AM3研）,0,0,,,,,,,,
1996-05-01,,モデル2,,SEGA,ソニック・ザ・ファイターズ,セガ（AM2研）,0,0,,,,,,,,
1996-06-01,,モデル2,,SEGA,"ラストブロンクス -東京番外地-",セガ（AM3研）,0,0,,,,,,,安部顕信,
1996-06-01,,ST-V,,SEGA,"カラオケクイズ イントロDonDon",サンソフト、サクセス,0,0,,,,,,,,
1996-07-01,,ST-V,,SEGA,ダイナマイト刑事,セガ（AM1研）,0,0,,,,,,,,
1996-08-01,,モデル2,野球,SEGA,ダイナマイトベースボール,セガ（AM1研）,0,0,,,,,,,,
1996-09-01,,モデル2,,SEGA,セガツーリングカーチャンピオンシップ,セガ（AM分室）,0,0,,,,,,,,
1996-09-01,,"モデル3 Step 1.0",FTG,SEGA,バーチャファイター3,セガ（AM2研）,0,0,,,,,,,,
1996-10-01,,モデル2,,SEGA,ウェーブランナー（英語版）,セガ（AM1研）,0,0,,,,,,,,
1996-11-01,,ST-V,,SEGA,マジカル頭脳パワー,セガ（AM1研）,0,0,,,,,,,渡辺弘|吉岡正敏,
1996-11-01,,"モデル3 Step1.5",,SEGA,スカッドレース,セガ（AM2研）,0,0,,,,,,,,
1996-11-01,,モデル2,,SEGA,"セガスキー スーパーG（英語版）",セガ（AM1研）,0,0,,,,,,,,
1996-12-01,,ST-V,PZL落ち物,SEGA,ぷよぷよSUN,コンパイル,0,0,,,,,,,,
1997-01-01,,ST-V,PZL落ち物,SEGA,コラムス'97,セガ（AM1研）,0,0,,,,,,,,
1997-02-01,,ST-V,,SEGA,紫炎龍,童,0,0,,,,,,,,
1997-03-01,,モデル2,,SEGA,ザ・ハウス・オブ・ザ・デッド,セガ（AM1研）,0,0,,,,,,,,
1997-04-01,,モデル2,野球,SEGA,ダイナマイトベースボール'97,セガ（AM1研）,0,0,,,,,,,,
1997-05-01,,モデル2,,SEGA,トップスケーター（英語版）,セガ（AM3研）,0,0,,,,,,,,
1997-06-01,,"モデル3 Step 1.5",,SEGA,バーチャストライカー2（英語版）,セガ（AM2研）,0,0,,,,,"ミュージックビデオ ""2 Become 1"" - YouTube",,リチャード・スタッナード|マット・ロウ,
1997-07-01,,"モデル3 Step 1.5",,SEGA,ロスト・ワールド/ジュラシック・パーク,セガ（AM3研）,0,0,,,,,ジョン・ウィリアムズ,"マイケル・クライトン|『ロスト・ワールド -ジュラシック・パーク2-』",,
1997-09-01,,"モデル3 Step 1.5",,SEGA,"スカッドレース プラス",セガ（AM2研）,0,0,,,,,,,,
1997-09-01,,モデル2,,SEGA,"セガ ウォータースキー（英語版）",セガ（AM1研）,0,0,,,,,,,,
1997-09-01,,"モデル3 Step 1.0",,SEGA,ル・マン24,セガ（AM3研）,0,0,,,,,,,,
1997-10-01,,"モデル3 Step 1.0",FTG,SEGA,バーチャファイター3tb,セガ（AM2研）,0,0,,,,,,,,
1997-10-01,,モデル2,,SEGA,モーターレイド,セガ（AM1研）,0,0,,,,,,,,
1997-11-01,,"モデル3 Step 1.0",,SEGA,ゲットバス（英語版）,,0,0,,,,,,,,
1997-11-01,,ST-V,,SEGA,ウィンターヒート,セガ（AM3研）,0,0,,,,,,,,
1997-11-01,,ST-V,PZL落ち物,SEGA,花組対戦コラムス,セガ（CS2研）,0,0,,,,,,,,
1997-11-01,,ST-V,,SEGA,"全日本プロレス フィーチャリングバーチャ",セガ（AM1研）,0,0,,,,,,,,
1997-12-01,,"モデル3 Step2.0",,SEGA,ハーレーダビッドソン&LAライダーズ（英語版）,,0,0,,,,,,,,
1997-12-01,,モデル2,,SEGA,ビハインド・エネミーラインズ,ロッキード・マーティン,0,0,,,,,,,,
1997-12-01,,ST-V,,SEGA,マルちゃんdeグー!!!,セガ（AM1研）、ウィルリンク,0,0,,,,,,大場つぐみ,,
1998-01-01,,"モデル3 Step 2.0",,SEGA,スキーチャンプ,セガ（AM1研）,0,0,,,,,,,,
1998-02-01,,"モデル3 Step 2.0",RCG,SEGA,セガラリー2,セガ（AM12研）,0,0,,,,,,,,
1998-02-01,,ST-V,,SEGA,"対戦タントアール サシっす!!",セガ（AM1研）,0,0,,,,,,,,
1998-03-01,,"モデル3 Step 2.0",,SEGA,ファイティングバイパーズ2（英語版）,セガ（AM2研）,0,0,,,,,,,,
1998-03-01,,"モデル3 Step 2.0",FTG-3D,SEGA,"電脳戦機バーチャロン オラトリオ・タングラム",セガ（AM3研）,0,0,,,,,,,,
1998-05-01,,"モデル3 Step 2.1",RCG,SEGA,"デイトナUSA2 BATTLE ON THE EDGE",セガ（AM2研）,0,0,,,,,,,,
1998-05-01,,"モデル3 Step 2.0",,SEGA,"バーチャストライカー2 バージョン98",セガ（AM11研）,0,0,,,,,,,,
1998-05-01,,ST-V,,SEGA,レイディアントシルバーガン,トレジャー,0,0,,,,井内ひろし,崎元仁,,,
1998-07-01,,モデル2,,SEGA,ダイナマイト刑事2,セガ（AM1研）,0,0,,,,,,,,
1998-09-01,,"モデル3 Step 2.1",,SEGA,オーシャンハンター,セガ（AM1研）,0,0,,,,,,,,
1998-09-01,,"モデル3 Step 2.1",,SEGA,スパイクアウト,セガ（AM11研）,0,0,,,,,,,,
1998-09-01,,-,,SEGA,つりぼり大会,,0,0,,,,,,,,
1998-10-01,,ST-V,,SEGA,ストレスバスターズ,,0,0,,,,,,,,
1998-11-01,,NAOMI,,SEGA,ザ・ハウス・オブ・ザ・デッド2,セガ（AM1研）,0,0,,,,,,,,
1998-11-01,,"モデル3 Step2.1",,SEGA,スターウォーズ・トリロジー・アーケード（英語版）,セガ（AM12研）,0,0,,,,,,,,
1998-11-01,,"モデル3 Step 2.1",,SEGA,ダートデビルズ,セガ（AM3研）,0,0,,,,,,,,
1998-12-01,,NAOMI,,SEGA,ダイナマイトベースボール'98,セガ（AM1研）,0,0,,,,,,,,
1998-12-01,,"モデル3 Step 2.1",RCG,SEGA,"デイトナUSA2 POWER EDITION",セガ（AM2研）,0,0,,,,,,,,
1998-12-01,,"モデル3 Step2.1",,SEGA,"バーチャストライカー2 バージョン99",セガ（AM11研）,0,0,,,,,,,,
1998-12-01,,"モデル3 Step 2.1",,SEGA,マジカル・トロッコ・アドベンチャー,セガ（AM3研）,0,0,,熊谷美恵,呉田武司,,松村誠一郎|小林千穂,,熊谷美恵,
1998-12-01,,"モデル3 Step 2.1",,SEGA,L.A.マシンガンズ,セガ（AM3研）,0,0,,,,,,,,
1999-01-01,,-,,SEGA,モグラッパー,,0,0,,,,,,,,
1999-01-01,,"モデル3 Step2.1",,SEGA,"スパイクアウト ファイナルエディション",セガ（AM11研）,0,0,,,,,,,,
1999-02-01,,NAOMI,,SEGA,クレイジータクシー,セガ（AM3研）,0,0,,,,,,,,
1999-03-01,,NAOMI,,SEGA,エアラインパイロッツ,セガ（AM1研）,0,0,,,,,,,,
1999-03-01,,NAOMI,,SEGA,ゾンビリベンジ,セガ（AM1研）,0,0,,,,,,,,
1999-04-01,,NAOMI,,SEGA,"ジャイアントグラム 全日本プロレス2",セガ（AM1研）,0,0,,,,,,,,
1999-04-01,,NAOMI,FTG-3D,SEGA,"電脳戦機バーチャロン オラトリオ・タングラム Ver.5.4",セガ（AM3研）,0,0,,,,,,,,
1999-06-01,,NAOMI,,SEGA,リングアウト4×4,セガ（メカトロ研）,0,0,,,,,,,,
1999-07-01,,SEGAHIKARU,,SEGA,"消防士 BRAVE FIRE FIGHTERS",セガ（ソフト1研）,0,0,,,,,,,,
1999-07-01,,NAOMI,,SEGA,F355チャレンジ,セガ（ソフト2研）,0,0,,鈴木裕,,,,,鈴木裕,
1999-07-01,,NAOMI,,SEGA,"バーチャストライカー2 バージョン2000",セガ（ソフト4研）,0,0,,,,,,,,
1999-08-01,,NAOMI,,SEGA,タッチ・デ・ウノー!,セガ（ソフト3研）,0,0,,,,,,,,
1999-09-01,,NAOMI,,SEGA,スーパーメジャーリーグ'99,セガ（ソフト1研）,0,0,,,,,井筒昭雄,宇田学|三浦駿斗(完全新作SP),東仲恵吾,
1999-09-01,,NAOMI,,SEGA,トイファイター,セガ（ソフト3研）、アンカー,0,0,,,,,,,,
1999-09-01,,NAOMI,,SEGA,ジャンボ!サファリ,セガ（ソフト3研）,0,0,,,,,,,,
1999-10-01,,"モデル3 Step 2.1",,SEGA,救急車,セガ（ソフト1研）,0,0,,,,,,,,
1999-10-01,,NAOMI,,SEGA,"DERBY OWNERS CLUB",セガ（ソフト3研）,0,0,,,,,,,,
1999-11-01,,NAOMI,野球,SEGA,ダイナマイトベースボール'99,セガ（ソフト1研）,0,0,,,,,,,,
1999-11-01,,NAOMI,,SEGA,アウトトリガー,セガ（ソフト2研）,0,0,,,,,,,,
1999-11-01,,NAOMI,PZL落ち物,SEGA,セガテトリス,セガ（ソフト1研）、ウィルリンク,0,0,,,,,,,,
1999-12-01,,NAOMI,,SEGA,エイティーン・ホイーラー,セガ（ソフト2研）,0,0,,,,,,,,
1999-12-01,,NAOMI,PZL落ち物,SEGA,"ぷよぷよDA! -featuring ELLENA System-",コンパイル,0,0,,,,,,,,
1999-12-01,,NAOMI,,SEGA,火星チャンネル,セガ（ソフト3研）,0,0,,,,,,,,
1999-12-01,,NAOMI,,SEGA,サンバDEアミーゴ,セガ（ソフト8研｛ソニックチーム｝）,0,0,,,,,,,,
1999-12-01,,NAOMI,,SEGA,パワースマッシュ,セガ（ソフト3研）,0,0,,,,,,,,
2000-01-01,,NAOMI,,SEGA,ザ・タイピング・オブ・ザ・デッド,セガ（ソフト6研）,0,0,,,,,,,,
2000-01-01,,NAOMI,,SEGA,バーチャNBA,セガ（ソフト4研）,0,0,,,,,,,,
2000-02-01,,NAOMI,,SEGA,タッタ・デ・ウノー!2,セガ（ソフト3研）,0,0,,,,,,,,
2000-03-01,,NAOMI,,SEGA,セガマリンフィッシング（英語版）,セガ（ソフト1研）,0,0,,,,,,,,
2000-05-01,,NAOMI,,SEGA,"クイズ ああっ女神さまっ ～闘う翼とともに～",セガ（ソフト1研）,0,0,,,,松原秀典|数井浩子|村田俊治,浜口史郎,横手美智子|富沢義彦,,
2000-06-01,,NAOMI,,SEGA,ダービーオーナーズクラブ2000,セガ（ソフト3研）,0,0,,,,,,,,
2000-06-01,,NAOMI,FTG-3D,SEGA,"電脳戦機バーチャロン オラトリオ・タングラム M.S.B.S. Ver.5.66",セガ（ソフト3研）,0,0,,,,,,,,
2000-07-01,,NAOMI,,SEGA,スラッシュアウト,アミューズメントヴィジョン,0,0,,,,,,,,
2000-08-01,,NAOMI,,SEGA,"ジャイアントグラム2000 全日本プロレス3～栄光の勇者達～","ワウ エンターテイメント",0,0,,,,,,,,
2000-08-01,,SEGAHIKARU,,SEGA,"スター・ウォーズ:レーサー アーケード（英語版）",セガ・ロッソ,0,0,,,,,,,,
2000-08-01,,NAOMI,,SEGA,東京バス案内,フォーティーファイブ,0,0,,,,,,,,
2000-09-01,,SEGAHIKARU,,SEGA,"ナスカー アーケード（英語版）",セガ・ロッソ,0,0,,,,,,,,
2000-10-01,,NAOMI,,SEGA,CRACKIN’DJ,ヒットメーカー,0,0,,,,,,,,
2000-10-01,,NAOMI,,SEGA,デスクリムゾンOX,エコールソフトウェア,0,0,,,,,,,,
2000-11-01,,NAOMI-GD,,SEGA,コンフィデンシャルミッション,ヒットメーカー,0,0,,,,,,,,
2000-11-01,,NAOMI-GD,,SEGA,シャカっとタンバリン!,セガ（メカトロ研、未来研）,0,0,,,,,,,,
2000-11-01,,NAOMI,,SEGA,セガ・ストライクファイター,"ワウ エンターテイメント",0,0,,,,,,,,
2000-12-01,,NAOMI,,SEGA,"サンバDEアミーゴ Ver.2000",ソニックチーム,0,0,,,,,,,,
2000-12-01,,NAOMI-GD,,SEGA,"SPORTS JAM","ワウ エンターテイメント",0,0,,,,,,,,
2000-12-01,,SEGAHIKARU,,SEGA,プラネットハリアーズ（英語版）,アミューズメントヴィジョン,0,0,,,,,,,,
2001-01-01,,NAOMI,,SEGA,F355チャレンジ2,"AM2 of CRI",0,0,,鈴木裕,,,,,鈴木裕,
2001-01-01,,NAOMI,,SEGA,コズミックスマッシュ（英語版）,セガ・ロッソ,0,0,,,,,,,,
2001-02-01,,SEGAHIKARU,,SEGA,"AIR TRIX",ヒットメーカー,0,0,,,,,,,,
2001-03-01,,システム246,,SEGA,ヴァンパイアナイト,"ワウ エンターテイメント",0,0,,,,,,,,
2001-04-01,,NAOMI-GD,,SEGA,"シャカっとタンバリン! もっとノリノリ 新曲追加!!",セガ（未来研、メカトロ研）,0,0,,,,,,,,
2001-04-01,,NAOMI2,,SEGA,バーチャストライカー3,アミューズメントヴィジョン,0,0,,,,,,,,
2001-05-01,,NAOMI-GD,,SEGA,モンキーボール,アミューズメントヴィジョン,0,0,,,,,,,,
2001-05-01,,NAOMI2,,SEGA,ワイルドライダーズ,"ワウ エンターテイメント",0,0,,,,,,,,
2001-06-01,,NAOMI-GD,,SEGA,ダイナミックゴルフ,"ワウ エンターテイメント",0,0,,,,,,,,
2001-06-01,,NAOMI-GD,,SEGA,"CRACKIN’DJ Part2",ヒットメーカー,0,0,,,,,,,,
2001-06-01,,NAOMI2,,SEGA,クラブカート,セガ（メカトロ研）,0,0,,,,,,,,
2001-06-01,,NAOMI-GD,,SEGA,スーパーメジャーリーグ（英語版）,"ワウ エンターテイメント",0,0,,,,,,,,
2001-07-01,,NAOMI-GD,,SEGA,スパイカーズバトル,アミューズメントヴィジョン,0,0,,,,,,,,
2001-07-01,,NAOMI2,,SEGA,ビーチスパイカーズ（英語版）,"AM2 of CRI",0,0,,,,,,,,
2001-08-01,,NAOMI2,,SEGA,ウェーブランナーGP,CRI,0,0,,,,,,,,
2001-08-01,,NAOMI2,FTG,SEGA,バーチャファイター4,SEGA-AM2,0,0,,,,,,,,
2001-10-01,,NAOMI-GD,,SEGA,犬のおさんぽ,"ワウ エンターテイメント",0,0,,,,,,,,
2001-10-01,,NAOMI-GD,,SEGA,エイリアンフロント,"ワウ エンターテイメント",0,0,,,,,,,,
2001-10-01,,NAOMI,,SEGA,ダービーオーナーズクラブII,ヒットメーカー,0,0,,,,,,,,
2001-10-01,,SEGAHIKARU,FTG-3D,SEGA,"電脳戦機バーチャロン フォース",ヒットメーカー,0,0,,,,,,,,
2001-10-01,,NAOMI-GD,,SEGA,パワースマッシュ2,ヒットメーカー,0,0,,,,,,,,
2001-11-01,,NAOMI-GD,,SEGA,"シャカっとタンバリン! 超PowerUpチュッ!",セガ（未来研、メカトロ研）,0,0,,,,,,,,
2001-12-01,,NAOMI-GD,,SEGA,Laキーボードュ,セガ・ロッソ,0,0,,,,,,,,
2001-12-01,,NAOMI-GD,,SEGA,"ルパン三世 THE SHOOTING","ワウ エンターテイメント",0,0,,,,,,,,
2001-12-01,,NAOMI-GD,,SEGA,斑鳩,トレジャー,0,0,,,,,,,,
2002-10-01,,TRIFORCE,,SEGA,バーチャストライカー2002,アミューズメントヴィジョン,0,0,,,,,,,,
2002-02-01,,-,,SEGA,ザ・キング・オブ・ルート66,SEGA-AM2,0,0,,,,,,,石野卓球,
2002-03-01,,NAOMI-GD,,SEGA,バーチャアスリート,ヒットメーカー,0,0,,,,,,,,
2002-03-01,,NAOMI2,,SEGA,"頭文字D Arcade Stage",セガロッソ,0,0,,,,,,,,
2002-05-01,,-,,SEGA,"ルパン三世 THE TYPING","ワウ エンターテイメント",0,0,,,,,,,,
2002-05-01,,NAOMI,,SEGA,ザ･メイズ･オブ･ザ･キングス,ヒットメーカー,0,0,,,,,,,,
2002-06-01,,NAOMI-GD,,SEGA,ムサピィのチョコマーカー,エコールソフトウェア,0,0,,,,,,,,
2002-06-01,,NAOMI2,,SEGA,"WORLD CLUB Champion Football SERIE A 2001-2002",ヒットメーカー,0,0,,,,,,,,
2002-07-01,,NAOMI2,,SEGA,ソウルサーファー,セガロッソ,0,0,,,,,マルコ・ベルトラミ,"『ソウル・サーファー サメに片腕を奪われた13歳』|ベサニー・ハミルトン|シェリル・バーク|リック・バンシュー",,
2002-07-01,,NAOMI,,SEGA,セガ四人打ち麻雀MJ,SEGA-AM2,0,0,,,,,,,,
2002-08-01,,NAOMI2,FTG,SEGA,"バーチャファイター4 エボリューション",SEGA-AM2,0,0,,,,,,,,
2002-12-01,,Chihiro,,SEGA,"ザ・ハウス・オブ・ザ・デッド III","ワウ エンターテイメント",0,0,,,,,,,,
2002-12-01,,NAOMI2,,SEGA,"頭文字D Arcade Stage Ver.2",セガロッソ,0,0,,,,,,,,
2003-01-01,,-,,SEGA,アウトラン2,SEGA-AM2,0,0,,大崎誠,,,,,鈴木裕,
2003-01-01,,TRIFORCE,,SEGA,"F-ZERO AX",アミューズメントヴィジョン,0,0,,,,,,,,
2003-01-01,,-,,SEGA,"セガ四人打ち麻雀MJ ネットワーク対戦Ver.",,0,0,,,,,,,,
2003-02-01,,-,,SEGA,甲虫王者ムシキング,セガ（未来研）,0,0,,,,,,,,
2003-03-01,,Chihiro,,SEGA,"クレイジータクシー ハイローラー",ヒットメーカー,0,0,,,,,,,,
2003-04-01,,-,,SEGA,バーチャコップ3（英語版）,SEGA-AM2,0,0,,,,,,,,
2003-07-01,,TRIFORCE,,SEGA,アヴァロンの鍵,ヒットメーカー,0,0,,,,,,,,
2003-09-01,,NAOMI2,,SEGA,"WORLD CLUB Champion Football SERIE A 2002-2003",ヒットメーカー,0,0,,,,,,,,
2003-10-01,,-,野球,SEGA,"激闘プロ野球 水島新司オールスターズVSプロ野球",セガワウ,0,0,,,,,,,,
2003-11-01,,NAOMI,PZL落ち物,SEGA,ぷよぷよフィーバー,,0,0,,湯田高志,,竹浪秀行(キャラクターデザイン),,,中裕司,
2004-01-01,,NAOMI2,,SEGA,"頭文字D ARCADE STAGE Ver.3",ヒットメーカー,0,0,,,,,,,,
2004-02-01,,Chihiro,,SEGA,セガネットワーク対戦麻雀MJ2,SEGA-AM2,0,0,,,,,,,,
2004-03-01,,Chihiro,,SEGA,オーリーキング（英語版）,アミューズメントヴィジョン,0,0,,,,,,,,
2004-03-01,,-,,SEGA,オシャレ魔女♥ラブandベリー,,0,0,,,,,,,,
2004-04-01,,TRIFORCE,,SEGA,"アヴァロンの鍵 Ver.1.20 新たなる召喚",ヒットメーカー,0,0,,,,,,,,
2004-07-01,,-,,SEGA,"アヴァロンの鍵 Ver.1.30 混沌の宴",,0,0,,,,,,,,
2004-07-01,,NAOMI2,FTG,SEGA,"バーチャファイター4 ファイナルチューンド",SEGA-AM2,0,0,,,,,,,,
2004-08-01,,Chihiro,,SEGA,"Quest of D",SEGA-AM2,0,0,,,,,,,,
2004-10-01,,TRIFORCE,,SEGA,バーチャストライカー4,,0,0,,,,,,,,
2004-11-01,,Chihiro,,SEGA,"セガ ゴルフクラブ ネットワークプロツアー",,0,0,,,,,,,,
2004-11-01,,Chihiro,,SEGA,"GHOST SQUAD",,0,0,,,,,,,,
2004-11-01,,-,,SEGA,"アヴァロンの鍵 弐 -秩序と戒律-",,0,0,,,,,,,,
2004-12-01,,-,,SEGA,"アウトラン2 スペシャルツアーズ",,0,0,,大崎誠,,,,,鈴木裕,
2005-01-01,,-,,SEGA,"アヴァロンの鍵 弐 -鍵聖戦-",,0,0,,,,,,,,
2005-01-01,,-,,SEGA,機動戦士ガンダム0079カードビルダー,,0,0,,,,,,,安田直矢(U.C.),
2005-01-01,,-,,SEGA,"Quest of D Ver.2.0 護符の継承者",,0,0,,,,,,,,
2005-04-01,,-,,SEGA,"THE KING OF FIGHTERS XI",SNKプレイモア,0,0,,,,,,,,
2005-01-01,,-,,SEGA,"サムライスピリッツ 天下一剣客伝",SNKプレイモア、悠紀エンタープライズ,0,0,,,,,,,,
2005-01-01,,-,,SEGA,ネオジオバトルコロシアム,SNKプレイモア,0,0,,,,,,,,
2005-01-01,,-,,SEGA,"MELTY BLOOD act cadenza",エコールソフトウェア,0,0,,,,武内崇,来兎,"奈須きのこ |acpi",,
2005-03-01,,Chihiro,,SEGA,三国志大戦,,0,0,,[初代]:大原徹|松永純|[2代]:山内伸也|新美雄太|大岩尚生,,,[初代]:水津奈々絵|澤田朋伯|塚越晋|金谷裕一|[2代]:塚越晋|Hiro|相馬琳太郎,,"[初代]:西山泰弘|[2代]:根本健太郎|渡辺剣人[注釈 1]|西山泰弘[注釈 2][注釈 3]",
2005-03-01,,-,,SEGA,"古代王者 恐竜キング",,0,0,,,,,,,,
2005-04-01,,-,,SEGA,免許の鉄人,,0,0,,,,,,,,
2005-07-01,,LINDBERGH,,SEGA,"ザ・ハウス・オブ・ザ・デッド 4",,0,0,,,,,,,,
2005-08-01,,NAOMI2,,SEGA,"WORLD CLUB Champion Football European Clubs 2004-2005",,0,0,,,,,,,,
2005-10-01,,-,,SEGA,"三国志大戦 乱世の群狼",,0,0,,[初代]:大原徹|松永純|[2代]:山内伸也|新美雄太|大岩尚生,,,[初代]:水津奈々絵|澤田朋伯|塚越晋|金谷裕一|[2代]:塚越晋|Hiro|相馬琳太郎,,"[初代]:西山泰弘|[2代]:根本健太郎|渡辺剣人[注釈 1]|西山泰弘[注釈 2][注釈 3]",
2005-11-01,,Chihiro,,SEGA,セガネットワーク対戦麻雀MJ3,,0,0,,,,,,,,
2005-12-01,,-,,SEGA,北斗の拳,アークシステムワークス,0,0,,,,,フランク・ワイルドホーン,高橋亜子,,
2005-12-01,,-,,SEGA,"甲虫王者ムシキング ポポの冒険編",,0,0,,,,,,,,
2006-01-01,,-,,SEGA,"Quest of D Ver.3.0 王国の守護者",,0,0,,,,,,,,
2006-04-01,,-,,SEGA,"バーチャストライカー4 Ver.2006",,0,0,,,,,,,,
2006-02-01,,-,,SEGA,メタルスラッグ6,SNKプレイモア,0,0,,,,,,,,
2006-04-01,,LINDBERGH,,SEGA,パワースマッシュ3,,0,0,,,,,,,,
2006-04-01,,-,,SEGA,"セガゴルフクラブ バージョン2006 ネクストツアーズ",,0,0,,,,,,,,
2006-05-01,,Chihiro,,SEGA,三国志大戦2,,0,0,,[初代]:大原徹|松永純|[2代]:山内伸也|新美雄太|大岩尚生,,,[初代]:水津奈々絵|澤田朋伯|塚越晋|金谷裕一|[2代]:塚越晋|Hiro|相馬琳太郎,,"[初代]:西山泰弘|[2代]:根本健太郎|渡辺剣人[注釈 1]|西山泰弘[注釈 2][注釈 3]",
2006-07-01,,-,,SEGA,"ザ・ハウス・オブ・ザ・デッド 4 スペシャル",,0,0,,,,,,,,
2006-07-01,,LINDBERGH,FTG,SEGA,バーチャファイター5,,0,0,,,,,,,,
2006-07-01,,NAOMI,,SEGA,"頭脳能力向上マシーン タッチでズノー",,0,0,,,,,,,,
2006-08-01,,NAOMI2,,SEGA,"WORLD CLUB Champion Football European Clubs 2005-2006",,0,0,,,,,,,,
2006-10-01,,LINDBERGH,,SEGA,"アフターバーナー クライマックス",,0,0,,,,,,,,
2006-12-01,,LINDBERGH,,SEGA,"Let's Go JUNGLE!",,0,0,,,,,,,,
2007-01-01,,-,,SEGA,シューティングラブ。2007,トライアングル・サービス,0,0,,,,,,,,
2007-01-01,,-,,SEGA,"三国志大戦2 若き獅子の鼓動",,0,0,,[初代]:大原徹|松永純|[2代]:山内伸也|新美雄太|大岩尚生,,,[初代]:水津奈々絵|澤田朋伯|塚越晋|金谷裕一|[2代]:塚越晋|Hiro|相馬琳太郎,,"[初代]:西山泰弘|[2代]:根本健太郎|渡辺剣人[注釈 1]|西山泰弘[注釈 2][注釈 3]",
2007-01-01,,-,,SEGA,"甲虫王者ムシキング 対戦バトラーズターミナル",,0,0,,,,,,,,
2007-02-01,,LINDBERGH,,SEGA,"頭文字D ARCADE STAGE 4",,0,0,,,,,,,,
2007-03-01,,Chihiro,,SEGA,"セガネットワーク対戦麻雀MJ3 EVOLUTION",,0,0,,,,,,,,
2007-03-01,,-,,SEGA,機動戦士ガンダム0083カードビルダー,,0,0,,,,,,,安田直矢(U.C.),
2007-04-01,,-,,SEGA,"ダイナマイト刑事EX 〜アジアンダイナマイト〜",,0,0,,,,,,,,
2007-04-01,,"LINDBERGH RED",,SEGA,2SPICY,,0,0,,,,,,,,
2007-04-01,,-,,SEGA,いっしょにワンワン,,0,0,,,,,,,,
2007-06-01,,-,,SEGA,昆虫DASH!!,,0,0,,,,,,,,
2007-07-01,,NAOMI,,SEGA,"ポカ☆スカ ゴースト!",,0,0,,,,,,,,
2007-07-01,,"LINDBERGH RED",,SEGA,"ネットワーク対戦クイズ Answer×Answer",,0,0,,,,,,,,
2007-07-01,,-,,SEGA,"マリン☆マリン ミナミハコフグと珊瑚礁の仲間達",,0,0,,,,,,,,
2007-09-01,,NAOMI,,SEGA,リズム天国,,0,0,,大澤和義,大澤和義,竹内高,つんく♂|米政美,,つんく♂|坂本賀勇,
2007-11-01,,-,,SEGA,"Quest of D The Battle Kingdom",,0,0,,,,,,,,
2007-11-01,,-,,SEGA,"Disney マジカルダンス オン ドリームステージ",,0,0,,,,,,,,
2007-12-01,,-,,SEGA,三国志大戦3,,0,0,,[初代]:大原徹|松永純|[2代]:山内伸也|新美雄太|大岩尚生,,,[初代]:水津奈々絵|澤田朋伯|塚越晋|金谷裕一|[2代]:塚越晋|Hiro|相馬琳太郎,,"[初代]:西山泰弘|[2代]:根本健太郎|渡辺剣人[注釈 1]|西山泰弘[注釈 2][注釈 3]",
2008-01-01,,-,,SEGA,"MELTY BLOOD Actress Again",エコールソフトウェア,0,0,,,,武内崇,来兎,"奈須きのこ |acpi",,
2008-02-01,,LINDBERGH,,SEGA,セガネットワーク対戦麻雀MJ4,,0,0,,,,,,,,
2008-02-01,,LINDBERGH,,SEGA,SEGA-RaceTV,,0,0,,,,,,,,
2008-03-01,,-,,SEGA,"古代王者 恐竜キング 激闘! ザンジャーク!!",,0,0,,,,,,,,
2008-03-01,,-,,SEGA,"ダービーオーナーズクラブ2008 feel the rush",,0,0,,,,,,,,
2008-03-01,,-,,SEGA,"頭文字D ARCADE STAGE 4改",,0,0,,,,,,,,
2008-04-01,,-,,SEGA,"いっしょにワンワン わいわいパピー",,0,0,,,,,,,,
2008-05-01,,-,,SEGA,いっしょにターボドライブ,,0,0,,,,,,,,
2008-09-01,,-,,SEGA,"三国志大戦3 蒼天の龍脈",,0,0,,[初代]:大原徹|松永純|[2代]:山内伸也|新美雄太|大岩尚生,,,[初代]:水津奈々絵|澤田朋伯|塚越晋|金谷裕一|[2代]:塚越晋|Hiro|相馬琳太郎,,"[初代]:西山泰弘|[2代]:根本健太郎|渡辺剣人[注釈 1]|西山泰弘[注釈 2][注釈 3]",
2008-09-01,,-,FTG,SEGA,"バーチャファイター5 R REVISION 1",,0,0,,,,,,,,
2008-09-01,,-,,SEGA,RAMBO,,0,0,,,,,,,,
2008-09-01,,LINDBERGH,,SEGA,"WORLD CLUB Champion Football Intercontinental Clubs 2006-2007",,0,0,,,,,,,,
2008-10-01,,-,,SEGA,"古代王者 恐竜キング 目覚めよ! 新たなる力!!",,0,0,,,,,,,,
2008-12-01,,"LINDBERGH RED",,SEGA,"ネットワーク対戦クイズ Answer×Answer2",,0,0,,,,,,,,
2008-12-01,,"LINDBERGH RED",,SEGA,"愛されるより愛シタイ ～THE HOUSE OF THE DEAD EX～",,0,0,,,,,,,,
2008-12-01,,-,,SEGA,"R-TUNED：Ultimate Street Racing",,0,0,,,,,,,,
2008-12-01,,-,FTG,SEGA,"バーチャファイター5 R VERSION A",,0,0,,,,,,,,
2009-02-01,,-,,SEGA,"ハーレーダビッドソン キング・オブ・ザ・ロード",,0,0,,,,,,,,
2009-02-01,,LINDBERGH,,SEGA,"頭文字D ARCADE STAGE 5",,0,0,,,,,,,,
2009-02-01,,-,,SEGA,"WORLD CLUB Champion Football Intercontinental Clubs 2007-2008",,0,0,,,,,,,,
2009-04-01,,-,,SEGA,HUMMER（英語版）,,0,0,,,,,,,,
2009-04-01,,-,,SEGA,最強最速バトルレーサー,,0,0,,,,,,,,
2009-05-01,,-,FTG,SEGA,"バーチャファイター5 R VERSION B",,0,0,,,,,,,,
2009-05-01,,-,,SEGA,"ダービーオーナーズクラブ2009 ride for the live",,0,0,,,,,,,,
2009-07-01,,-,,SEGA,"三国志大戦3 猛き鳳凰の天翔",,0,0,,[初代]:大原徹|松永純|[2代]:山内伸也|新美雄太|大岩尚生,,,[初代]:水津奈々絵|澤田朋伯|塚越晋|金谷裕一|[2代]:塚越晋|Hiro|相馬琳太郎,,"[初代]:西山泰弘|[2代]:根本健太郎|渡辺剣人[注釈 1]|西山泰弘[注釈 2][注釈 3]",
2009-07-01,,-,,SEGA,えほんのたまご,,0,0,,,,,,,,
2009-07-01,,システムSP,,SEGA,ぶろっくぴーぽー,,0,0,,,,,,,,
2009-09-01,,-,,SEGA,ちゃおまんがステーション,,0,0,,,,,,,,
2009-09-01,,RINGEDGE,,SEGA,ボーダーブレイク,,0,0,,,,,,,,
2009-09-01,,-,,SEGA,未来警察パトチェイサー,,0,0,,,,,,,,
2009-09-01,,-,,SEGA,未来警察バトルポリース,,0,0,,,,,,,,
2009-10-01,,-,,SEGA,"ジュエルペット 〜キラキラ魔法の宝石箱〜",,0,0,,,,,,,,
2009-11-01,,-,,SEGA,"WORLD CLUB Champion Football Intercontinental Clubs 2008-2009",,0,0,,,,,,,,
2009-11-01,,-,FTG,SEGA,"バーチャファイター5 R VERSION C",,0,0,,,,,,,,
2009-11-01,,-,,SEGA,歴史大戦ゲッテンカ,,0,0,,,,,,,,
2009-12-01,,システムSP,PZL落ち物,SEGA,テトリス・デカリス,,0,0,,,,,,,,
2009-12-01,,RINGEDGE,,SEGA,"シャイニング・フォース クロス",,0,0,,,,,,,,
2009-12-01,,RINGWIDE,,SEGA,"リルぷりっ ゆびぷるひめチェン!",,0,0,,,,,,,,
2010-01-01,,-,,SEGA,"えらべる あそべる タッチタッチトラベル",,0,0,,,,,,,,
2010-01-01,,-,,SEGA,"MELTY BLOOD Actress Again Current Code",エコールソフトウェア,0,0,,,,武内崇,来兎,"奈須きのこ |acpi",,
2010-03-01,,-,,SEGA,"セガネットワーク対戦麻雀MJ4 EVOLUTION",,0,0,,,,,,,,
2010-04-01,,-,,SEGA,いっしょにブンブン,,0,0,,,,,,,,
2010-04-01,,-,,SEGA,"ムシキングバトル 合虫ガッツ!!",,0,0,,,,,,,,
2010-06-01,,RINGEDGE,,SEGA,"初音ミク Project DIVA Arcade",,0,0,,,,,,,,
2010-06-01,,-,,SEGA,"三国志大戦3 WAR BEGINS",,0,0,,[初代]:大原徹|松永純|[2代]:山内伸也|新美雄太|大岩尚生,,,[初代]:水津奈々絵|澤田朋伯|塚越晋|金谷裕一|[2代]:塚越晋|Hiro|相馬琳太郎,,"[初代]:西山泰弘|[2代]:根本健太郎|渡辺剣人[注釈 1]|西山泰弘[注釈 2][注釈 3]",
2010-07-01,,-,FTG,SEGA,"バーチャファイター5 ファイナルショーダウン",,0,0,,,,,,,,
2010-07-01,,-,,SEGA,爆丸アーケードバトラーズ,,0,0,,,,長森佳容|宮脇謙史,根岸貴幸,井上光晴,,
2010-07-01,,"LINDBERGH RED",,SEGA,"ネットワーク対戦クイズ Answer×Answer Live!",,0,0,,,,,,,,
2010-07-01,,-,,SEGA,"トランスフォーマー アニメイテッド ザ・シューティング",,0,0,,,,,,,,
2010-07-01,,-,,SEGA,"そうぞうキッズ レッツゴーバス",,0,0,,,,,,,,
2010-07-01,,-,,SEGA,"トランスフォーマー アニメイテッド ザ・チェイス",,0,0,,,,,,,,
2010-10-01,,-,,SEGA,"ボーダーブレイク エアバースト",,0,0,,,,,,,,
2010-10-01,,-,FTG,SEGA,"バーチャファイター5 ファイナルショーダウン REVISION 1",,0,0,,,,,,,,
2010-11-01,,RINGEDGE,,SEGA,"シャイニング・フォース クロスレイド",,0,0,,,,,,,,
2010-11-01,,RINGEDGE,,SEGA,"戦国大戦 -1560 尾張の風雲児-",,0,0,,,,,,,,
2010-12-01,,-,,SEGA,"WORLD CLUB Champion Football Intercontinental Clubs 2009-2010",,0,0,,,,,,,,
2011-01-01,,-,,SEGA,"初音ミク Project DIVA Arcade Version A",,0,0,,,,,,,,
2011-02-01,,RINGEDGE,,SEGA,"頭文字D ARCADE STAGE 6 AA",,0,0,,,,,,,,
2011-04-01,,-,FTG,SEGA,"バーチャファイター5 ファイナルショーダウン VERSION A",,0,0,,,,,,,,
2011-07-01,,RINGEDGE,,SEGA,"Let’s GO ISLAND 3D",,0,0,,,,,福岡ユタカ,,,
2011-07-01,,-,,SEGA,"戦国大戦 -1570 魔王 上洛す-",,0,0,,松永純(Ver1.0)|大原徹|松永純(Ver1.2)|寺田康太(Ver3.2),,,花田啓太朗|塚越晋|穴山大輔|光吉猛修|磯崎剛,,西山泰弘,
2011-08-01,,-,,SEGA,"ネットワーク対戦クイズ Answer×Answer Live! ダブルアンサー",,0,0,,,,,,,,
2011-08-01,,RINGEDGE,,SEGA,セガネットワーク対戦麻雀MJ5,,0,0,,,,,,,,
2011-10-01,,-,,SEGA,トイレッツ,,0,0,,,,,,,,
2011-11-01,,-,,SEGA,"WORLD CLUB Champion Football Intercontinental Clubs 2010-2011",,0,0,,,,,,,,
2012-01-01,,-,,SEGA,"UNDER NIGHT IN-BIRTH",フランスパン、エコールソフトウェア,0,0,,,,,来兎,,,
2012-01-01,,-,,SEGA,"GUILTY GEAR XX Λ CORE PLUS R",アークシステムワークス,0,0,,,,,,,,
2012-01-01,,-,,SEGA,"ゲーセンラブ。 〜プラス ペンゴ!〜",トライアングル・サービス,0,0,,,,,,,,
2012-02-01,,-,,SEGA,"戦国大戦 -15XX 五畿七道の雄-",,0,0,,松永純(Ver1.0)|大原徹|松永純(Ver1.2)|寺田康太(Ver3.2),,,花田啓太朗|塚越晋|穴山大輔|光吉猛修|磯崎剛,,西山泰弘,
2012-03-01,,-,,SEGA,"シャイニング・フォース クロスエリュシオン",,0,0,,,,,,,,
2012-04-01,,RINGEWIDE,,SEGA,"OPERATION G.H.O.S.T.",アークシステムワークス,0,0,,,,,,,,
2012-06-01,,-,,SEGA,"SEGA CARD-GEN MLB 2012",,0,0,,,,,,,,
2012-07-01,,-,,SEGA,"そうぞうキッズ レッツゴーサファリ",,0,0,,,,,,,,
2012-07-01,,-,,SEGA,"初音ミク Project DIVA Arcade Version B",,0,0,,,,,,,,
2012-07-01,,RINGEDGE2,,SEGA,maimai,,0,0,,,,,,,,
2012-10-01,,-,,SEGA,"戦国大戦 -1582 日輪、本能寺より出ずる-",,0,0,,松永純(Ver1.0)|大原徹|松永純(Ver1.2)|寺田康太(Ver3.2),,,花田啓太朗|塚越晋|穴山大輔|光吉猛修|磯崎剛,,西山泰弘,
2012-10-01,,-,,SEGA,"ボーダーブレイク ユニオン",,0,0,,,,,,,,
2012-11-01,,RINGEDGE,,SEGA,"頭文字D ARCADE STAGE 7 AA X",,0,0,,,,,,,,
2012-11-01,,-,,SEGA,"WORLD CLUB Champion Football Intercontinental Clubs 2011-2012",,0,0,,,,,,,,
2012-12-01,,-,,SEGA,maimaiPLUS,,0,0,,,,,,,,
2013-01-01,,-,,SEGA,アンダーディフィートHD+,グレフ,0,0,,,,,"細江慎治|安井洋介(PS3| Xbox 360)",,,
2013-01-01,,-,,SEGA,"UNDER NIGHT IN-BIRTH Exe:Late",フランスパン、エコールソフトウェア,0,0,,,,,来兎,,,
2013-01-01,,-,,SEGA,カラドリウスAC,MOSS,0,0,,,,,,,,
2013-01-01,,-,,SEGA,"DEAD OR ALIVE 5 Ultimate: Arcade",コーエーテクモゲームス,0,0,,新堀洋平|片桐大智(セガ)|羽田隆之(セガ),,井内毅|他11名(ゲームデザイン)|佐竹雄紀(グラフィック)|岡本尚也(アニメーション)|金子浩久(キャラクター)|四方春彦(コスチューム)|藤田春介(背景)|渡辺貴光(エフェクト),細井誠,齋藤豊(兼アートディレクター),早矢仕洋介|柴田剛平(プロジェクトマネージャー),
2013-01-01,,-,,SEGA,"PHANTOM BREAKER ANOTHER CODE",デルタファクトリー,0,0,,,,鈴平ひろ(キャラクターデザイン),,,,
2013-01-01,,-,,SEGA,"セガネットワーク対戦麻雀MJ5 EVOLUTION",,0,0,,,,,,,,
2013-05-01,,-,,SEGA,"SEGA CARD-GEN MLB 2013",,0,0,,,,,,,,
2013-06-01,,-,,SEGA,"シャイニング・フォース クロスエクレシア",,0,0,,,,,,,,
2013-06-01,,-,,SEGA,"戦国大戦 -1590 葵 関八州に起つ-",,0,0,,松永純(Ver1.0)|大原徹|松永純(Ver1.2)|寺田康太(Ver3.2),,,花田啓太朗|塚越晋|穴山大輔|光吉猛修|磯崎剛,,西山泰弘,
2013-07-01,,RINGEDGE2,,SEGA,"CODE OF JOKER",,0,0,,,,,,,,
2013-07-01,,RINGEDGE2,,SEGA,"maimai GreeN",,0,0,,,,,,,,
2013-11-01,,RINGEDGE,,SEGA,"ぷよぷよ!!クエスト アーケード",,0,0,,,,,,,渡邉正勝,
2013-11-01,,-,,SEGA,ずかんのたまご,,0,0,,,,neco(原案)|桂憲一郎|形部一平(コフィンデザイン)|たけはらみのる|形部一平,中山真斗,MAGUS,,
2013-11-01,,Nu,,SEGA,"初音ミク Project DIVA Arcade Future Tone",,0,0,,,,,,,,
2013-12-01,,-,,SEGA,"WORLD CLUB Champion Football 2012-2013",,0,0,,,,,,,,
2013-12-01,,-,,SEGA,"CODE OF JOKER Ver.1.1 -アルカナの覚醒-",,0,0,,,,,,,,
2014-01-01,,-,,SEGA,"GUILTY GEAR Xrd -SIGN-",アークシステムワークス,0,0,,石渡太輔(総監督),,,,,,
2014-01-01,,-,,SEGA,恋姫†演武,"BaseSon、UNKNOWN GAMES",0,0,,,,,,,,
2014-01-01,,-,,SEGA,"ブレードアークス from シャイニング",スタジオ最前線,0,0,,,,,,,,
2014-01-01,,-,,SEGA,"MELTY BLOOD Actress Again Current Code APM",エコールソフトウェア,0,0,,,,武内崇,来兎,"奈須きのこ |acpi",,
2014-02-01,,-,,SEGA,"THE WORLD of THREE KINGDOMS",,0,0,,,,,,,,
2014-02-01,,-,,SEGA,"戦国大戦 -1477 破府、六十六州の欠片へ-",,0,0,,松永純(Ver1.0)|大原徹|松永純(Ver1.2)|寺田康太(Ver3.2),,,花田啓太朗|塚越晋|穴山大輔|光吉猛修|磯崎剛,,西山泰弘,
2014-02-01,,-,,SEGA,"maimai GreeN PLUS",,0,0,,,,,,,,
2014-03-01,,-,,SEGA,"電撃文庫 FIGHTING CLIMAX",フランスパン、エコールソフトウェア,0,0,,寺田貴治,,,,,野中竜太郎|亙重郎,
2014-04-01,,-,,SEGA,"ボーダーブレイク スクランブル",,0,0,,,,,,,,
2014-04-01,,-,,SEGA,"CODE OF JOKER Ver.1.2 Re:BIRTH",,0,0,,,,,,,,
2014-06-01,,-,,SEGA,"ヒーローバンク アーケード",,0,0,,,,米澤優,立山秋航,セガ,,
2014-06-01,,-,,SEGA,"遊育右脳教室 うのチャレ",,0,0,,,,,,,,
2014-07-01,,-,,SEGA,"劇場版 魔法少女まどか☆マギカ MAGICARD BATTLE",,0,0,,,,蒼樹うめ(原案)|岸田隆宏|谷口淳一郎|蒼樹うめ(原案)|岸田隆宏|谷口淳一郎|蒼樹うめ(原案)|谷口淳一郎,梶浦由記,虚淵玄,,
2014-07-01,,-,,SEGA,"初音ミク Project DIVA Arcade Future Tone Version A",,0,0,,,,,,,,
2014-07-01,,-,,SEGA,"セガネットワーク対戦麻雀MJ5 R EVOLUTION",,0,0,,,,,,,,
2014-07-01,,RINGEDGE,,SEGA,"頭文字D ARCADE STAGE 8 インフィニティ",,0,0,,,,,,,,
2014-08-01,,-,,SEGA,"シャイニング・フォース クロスエクレシア ゼニス",,0,0,,,,,,,,
2014-09-01,,-,,SEGA,"戦国大戦 -1600 関ヶ原 序の布石、葵打つ-",,0,0,,,,,,,,
2014-09-01,,RINGEDGE2,,SEGA,"maimai ORANGE",,0,0,,,,,,,,
2014-11-01,,-,,SEGA,"けいおん!! 放課後リズムセレクション",,0,0,,,,,,,,
2014-11-01,,-,,SEGA,"え〜でる すなば",,0,0,,,,,,,,
2014-11-01,,-,,SEGA,"WORLD CLUB Champion Football 2013-2014",,0,0,,,,,,,,
2014-11-01,,-,,SEGA,"CODE OF JOKER Ver.1.3 begiNNing",,0,0,,,,,,,,
2014-12-01,,"Nu SX",,SEGA,"占いコレクション トロッテ",,0,0,,,,,,,,
2015-01-01,,-,,SEGA,"UNDER NIGHT IN-BIRTH Exe:Late［st］",フランスパン、アークシステムワークス,0,0,,,,,来兎,,,
2015-01-01,,-,,SEGA,"GUILTY GEAR Xrd -REVELATOR-",アークシステムワークス,0,0,,石渡太輔(総監督),,,,,,
2015-01-01,,-,,SEGA,"電撃文庫 FIGHTING CLIMAX IGNITION",フランスパン、エコールソフトウェア,0,0,,寺田貴治,,,,,野中竜太郎|亙重郎,
2015-02-01,,Nu,,SEGA,"Wonderland Wars",,0,0,,,,,,,,
2015-03-01,,-,FTG,SEGA,"バーチャファイター5 ファイナルショーダウン VERSION B",,0,0,,,,,,,,
2015-03-01,,-,,SEGA,"maimai ORANGE PLUS",,0,0,,,,,,,,
2015-06-01,,-,,SEGA,"戦国大戦 -1615 大坂燃ゆ、世は夢の如く-",,0,0,,松永純(Ver1.0)|大原徹|松永純(Ver1.2)|寺田康太(Ver3.2),,,花田啓太朗|塚越晋|穴山大輔|光吉猛修|磯崎剛,,西山泰弘,
2015-07-01,,Nu,,SEGA,チュウニズム,,0,0,,,,,,,,
2015-07-01,,-,,SEGA,"え〜でる すなば プラス",,0,0,,,,,,,,
2015-07-01,,-,,SEGA,新甲虫王者ムシキング,,0,0,,,,,,,,
2015-07-01,,-,,SEGA,"CODE OF JOKER Ver.1.4 GroW=Win",,0,0,,,,,,,,
2015-11-01,,-,,SEGA,"ボーダーブレイク スクランブル 武",,0,0,,,,,,,,
2015-12-01,,-,,SEGA,"maimai PiNK",,0,0,,,,,,,,
2016-01-01,,-,,SEGA,"恋姫†演武 遼来来","BaseSon、UNKNOWN GAMES",0,0,,,,,,,,
2016-01-01,,-,,SEGA,"戦国大戦 1477-1615 日ノ本 一統への軍記",,0,0,,松永純(Ver1.0)|大原徹|松永純(Ver1.2)|寺田康太(Ver3.2),,,花田啓太朗|塚越晋|穴山大輔|光吉猛修|磯崎剛,,西山泰弘,
2016-01-01,,-,,SEGA,"WORLD CLUB Champion Football 2015-2016",,0,0,,,,,,,,
2016-02-01,,-,,SEGA,"初音ミク Project DIVA Arcade Future Tone Version B",,0,0,,,,,,,,
2016-02-01,,-,,SEGA,"チュウニズム プラス",,0,0,,,,,,,,
2016-02-01,,-,,SEGA,"マリオ&ソニック AT リオオリンピック アーケードゲーム",,0,0,,,,,,,,
2016-04-01,,-,,SEGA,艦これアーケード,,0,0,,田中謙介,,"しばふ|しずまよしのり|コニシ ほか",,,田中謙介,
2016-05-01,,-,,SEGA,"CODE OF JOKER S",,0,0,,,,,,,,
2016-06-01,,-,,SEGA,"ボーダーブレイク エックス",,0,0,,,,,,,,
2016-06-01,,-,,SEGA,"maimai PiNK PLUS",,0,0,,,,,,,,
2016-07-01,,-,,SEGA,らくがきカードバトル撃墜王,ココノヱ,0,0,,,,,,,,
2016-08-01,,-,,SEGA,"チュウニズム エアー",,0,0,,,,,,,,
2016-12-01,,Nu,,SEGA,"Wonderland Wars 運命の時刻盤",,0,0,,,,,,,,
2016-12-01,,-,,SEGA,三国志大戦（2代目）,,0,0,,,,,,,,
2016-12-01,,-,,SEGA,"maimai MURASAKi",,0,0,,,,,,,,
2017-01-01,,-,,SEGA,"GUILTY GEAR Xrd REV2",アークシステムワークス,0,0,,石渡太輔(総監督),,,,,,
2017-01-01,,-,,SEGA,"WORLD CLUB Champion Football 2016-2017",,0,0,,,,,,,,
2017-02-01,,-,,SEGA,"ピンポン ザウルスハンター",広州市雄翔動漫科技有限公司,0,0,,,,,,,,
2017-02-01,,-,,SEGA,"チュウニズム エアー プラス",,0,0,,,,,,,,
2017-02-01,,-,,SEGA,"ボーダーブレイク エックス ゼロ",,0,0,,,,,,,,
2017-03-01,,Nu2,,SEGA,"頭文字D ARCADE STAGE Zero",,0,0,,,,,,,,
2017-04-01,,-,,SEGA,"CODE OF JOKER EDGE",,0,0,,,,,,,,
2017-04-01,,-,,SEGA,"セガNET麻雀 MJ Arcade",,0,0,,,,,,,,
2017-06-01,,-,,SEGA,"maimai MURASAKi PLUS",,0,0,,,,,,,,
2017-08-01,,-,,SEGA,"チュウニズム スター",,0,0,,,,,,,,
2017-08-01,,-,,SEGA,"CODE OF JOKER ECHOES",,0,0,,,,,,,,
2017-09-01,,-,,SEGA,"ボーダーブレイク エックス ゼロ プラス",,0,0,,,,,,,,
2017-10-01,,-,,SEGA,"三国志大戦 天槍の共鳴",,0,0,,[初代]:大原徹|松永純|[2代]:山内伸也|新美雄太|大岩尚生,,,[初代]:水津奈々絵|澤田朋伯|塚越晋|金谷裕一|[2代]:塚越晋|Hiro|相馬琳太郎,,"[初代]:西山泰弘|[2代]:根本健太郎|渡辺剣人[注釈 1]|西山泰弘[注釈 2][注釈 3]",
2017-12-01,,Nu,,SEGA,"Wonderland Wars 醒し創聖の闘歌劇",,0,0,,,,,,,,
2017-12-01,,-,,SEGA,"CODE OF JOKER THE AGENTS",,0,0,,,,,,,,
2017-12-01,,-,,SEGA,"maimai MiLK",,0,0,,,,,,,,
2018-01-01,,-,,SEGA,"Blade Strangers",スタジオ最前線,0,0,,近藤敏信,,"西村キヌ|近藤敏信|湊亜美加(Minat's)|Etsuko|ヲサ田サム|Edmund Mcmillen",Ridiculon,,,
2018-01-01,,-,,SEGA,"WORLD CLUB Champion Football 2017-2018",,0,0,,,,,,,,
2018-02-01,,-,,SEGA,"SOUL REVERSE",,0,0,,,,,,,,
2018-03-01,,-,,SEGA,"チュウニズム スター プラス",,0,0,,,,,,,,
2018-03-01,,-,,SEGA,"SEGA World Drivers Championship",,0,0,,,,,,,,
2018-06-01,,-,,SEGA,"maimai MiLK PLUS",,0,0,,,,,,,,
2018-07-01,,-,,SEGA,"Fate/Grand Order Arcade",,0,0,,伊神公博,,"武内崇 ほか",,,吉野慎一,
2018-07-01,,-,,SEGA,オンゲキ,,0,0,,,,,,,,
2018-08-01,,-,,SEGA,"ソウルリバース 赤き盟約",,0,0,,,,,,,,
2018-08-01,,-,,SEGA,"三国志大戦 狼主の双剣",,0,0,,[初代]:大原徹|松永純|[2代]:山内伸也|新美雄太|大岩尚生,,,[初代]:水津奈々絵|澤田朋伯|塚越晋|金谷裕一|[2代]:塚越晋|Hiro|相馬琳太郎,,"[初代]:西山泰弘|[2代]:根本健太郎|渡辺剣人[注釈 1]|西山泰弘[注釈 2][注釈 3]",
2018-09-01,,-,,SEGA,"ハウス・オブ・ザ・デッド 〜スカーレット・ドーン〜",,0,0,,,,,,,,
2018-10-01,,-,,SEGA,"チュウニズム アマゾン",,0,0,,,,,,,,
2018-12-01,,Nu,,SEGA,"Wonderland Wars 七つ色の冒険譚",,0,0,,,,,,,,
2018-12-01,,-,,SEGA,"SEGA World Drivers Championship 2019",,0,0,,,,,,,,
2018-12-01,,-,,SEGA,"maimai FiNALE",,0,0,,,,,,,,
2019-02-01,,-,,SEGA,クロノレガリア,,0,0,,,,,,,,
2019-02-01,,-,,SEGA,"オンゲキ PLUS",,0,0,,,,,,,,
2019-03-01,,-,,SEGA,"WCCF FOOTISTA 2019",,0,0,,,,,,,,
2019-04-01,,-,,SEGA,"頭文字D ARCADE STAGE Zero Ver.2.0",,0,0,,,,"古瀬登(1st Stage)|佐藤正樹(2nd・5th・Final Stage)|加野晃(4th Stage)|横井秀章|佐藤正樹|佐藤和巳|羽田浩二",土橋安騎夫,関島眞頼,,
2019-04-01,,-,,SEGA,"チュウニズム アマゾン プラス",,0,0,,,,,,,,
2019-04-01,,-,,SEGA,"三国志大戦 伝承の煌弓",,0,0,,[初代]:大原徹|松永純|[2代]:山内伸也|新美雄太|大岩尚生,,,[初代]:水津奈々絵|澤田朋伯|塚越晋|金谷裕一|[2代]:塚越晋|Hiro|相馬琳太郎,,"[初代]:西山泰弘|[2代]:根本健太郎|渡辺剣人[注釈 1]|西山泰弘[注釈 2][注釈 3]",
2019-04-01,,"ALLS UX",PZL落ち物,SEGA,"ぷよぷよeスポーツ アーケード",,0,0,,,,,,,,
2019-04-01,,-,,SEGA,"BLAZBLUE CROSS TAG BATTLE",アークシステムワークス,0,0,,,,,,,,
2019-07-01,,-,,SEGA,"maimai でらっくす",,0,0,,,,,,,,
2019-07-01,,-,,SEGA,クロノレガリアEX,,0,0,,,,,,,,
2019-07-01,,-,,SEGA,"デッド オア アライブ6",コーエーテクモゲームス,0,0,,新堀洋平,,,,,新堀洋平,
2019-08-01,,-,,SEGA,"オンゲキ SUMMER",,0,0,,,,,,,,
2019-08-01,,-,,SEGA,タッピングスキルテスト,トライアングル・サービス,0,0,,,,,,,,
2019-09-01,,-,,SEGA,"けものフレンズ3 プラネットツアーズ",,0,0,,,,デジタル・メディア・ラボほか,立山秋航,,,
2019-10-01,,-,,SEGA,"チュウニズム クリスタル",,0,0,,,,,,,,
2019-12-01,,-,,SEGA,"Wonderland Wars -禍ツ大和ノ宿曜典",,0,0,,,,,,,,
2020-01-01,,-,,SEGA,"maimai でらっくす PLUS",,0,0,,,,,,,,
2020-01-01,,-,,SEGA,"マリオ&ソニック AT 東京2020オリンピック アーケードゲーム",,0,0,,平尾直裕,高橋満,平林隆夫|川瀬真理子|金沢大志,床井健一|大谷智哉|福山光晴|岡村諭志,,大橋宣哉,
2020-01-01,,-,,SEGA,"WCCF FOOTISTA 2020",,0,0,,,,,,,,
2020-02-01,,-,,SEGA,"オンゲキ SUMMER PLUS",,0,0,,,,,,,,
2020-03-01,,-,,SEGA,"三国志大戦 暁光、星屑を照らし",,0,0,,[初代]:大原徹|松永純|[2代]:山内伸也|新美雄太|大岩尚生,,,[初代]:水津奈々絵|澤田朋伯|塚越晋|金谷裕一|[2代]:塚越晋|Hiro|相馬琳太郎,,"[初代]:西山泰弘|[2代]:根本健太郎|渡辺剣人[注釈 1]|西山泰弘[注釈 2][注釈 3]",
2020-03-01,,-,,SEGA,オトシューDX,EZDAEMON,0,0,,,,,,,,
2020-04-01,,-,,SEGA,トランスフォーマー・シャドウズライジング,,0,0,,,,,,,,
2020-07-01,,-,,SEGA,"チュウニズム クリスタル プラス",,0,0,,,,,,,,
2020-07-01,,-,,SEGA,"ペンゴ! オンライン",トライアングル・サービス,0,0,,,,,,,,
2020-07-01,,-,,SEGA,ローリングガンナー,"Project Rolling Gunner",0,0,,,,,,,,
2020-09-01,,-,,SEGA,"maimai でらっくす Splash",,0,0,,,,,,,,
2020-09-01,,-,,SEGA,"グーニャファイター APM3 Edition",MUTAN,0,0,,,,,,,,
2020-09-01,,-,,SEGA,"海腹川背 Flesh! for AC",サクセス、スタジオ最前線,0,0,,"近藤敏信|Kozi Nakazima",,近藤敏信|湊亜美加-ミネイツ,本山淳弘|立川伸治|益子崇徳,,長友慎也,
2020-10-01,,-,,SEGA,"オンゲキ R.E.D.",,0,0,,,,,,,,
2020-12-01,,-,,SEGA,"WCCF FOOTISIA 2021",,0,0,,,,,,,,
2021-01-01,,-,,SEGA,"チュウニズム パラダイス",,0,0,,,,,,,,
2021-02-01,,-,,SEGA,"三国志大戦 決戦の空 虹扇の風",,0,0,,[初代]:大原徹|松永純|[2代]:山内伸也|新美雄太|大岩尚生,,,[初代]:水津奈々絵|澤田朋伯|塚越晋|金谷裕一|[2代]:塚越晋|Hiro|相馬琳太郎,,"[初代]:西山泰弘|[2代]:根本健太郎|渡辺剣人[注釈 1]|西山泰弘[注釈 2][注釈 3]",
2021-02-01,,-,,SEGA,"頭文字D THE ARCADE",,0,0,,,,,,,,
2021-03-01,,-,,SEGA,"maimai でらっくす Splash PLUS",,0,0,,,,,,,,
2021-03-01,,-,,SEGA,"オンゲキ R.E.D. PLUS",,0,0,,,,,,,,
2021-04-01,,-,,SEGA,"UNDER NIGHT IN-BIRTH Exe:Late［cl-r］",フランスパン、アークシステムワークス,0,0,,,,,来兎,,,
2021-05-01,,-,,SEGA,"チュウニズム パラダイス ロスト",,0,0,,,,,,,,
2021-06-01,,-,FTG,SEGA,"バーチャファイター eスポーツ",,0,0,,,,,,,,
2021-07-01,,-,,SEGA,戦刃アレスタ,エムツー,0,0,,,,,,,,
2021-07-01,,-,,SEGA,"GUILTY GEAR -STRIVE-",アークシステムワークス,0,0,,石渡太輔(ゼネラル),,"永野覧|坂村英彦|石渡太輔|石渡太輔(原案)|茶之原拓也|八森優香|Joseph Shin",高橋諒,重信康,,
2021-09-01,,-,,SEGA,"maimai でらっくす UNiVERSE",,0,0,,,,,,,,
2021-09-01,,-,,SEGA,コットンロックンロール,サクセス、スタジオ最前線,0,0,,,,,,,,
2021-10-01,,-,,SEGA,"オンゲキ bright",,0,0,,,,,,,,
2021-11-01,,-,,SEGA,"チュウニズム ニュー!!",,0,0,,,,,,,,
2021-11-01,,-,,SEGA,"ノスフェラトゥ リリノア",neon,0,0,,,T.NAKAMURA|東田弘樹|あんどうよしひろ|望月哲夫,末弥純,赤堀正直,,富士本淳,
2021-11-01,,-,,SEGA,かしおり,サクセス,0,0,,,,,,,,
2022-03-01,,-,,SEGA,"オンゲキ bright MEMORY",,0,0,,,,,,,,
2022-03-01,,-,,SEGA,"英傑大戦 三千世界の波動",,0,0,,吉田幸司|大原徹(Ver1.0)|吉田幸司|石川希人|大原徹(Ver1.5),,,永田泰之|三島順平|花田啓太朗,,根本健太郎(Ver1.0)|根本健太郎|西嶋一真(Ver1.5),
2022-03-01,,-,,SEGA,"maimai でらっくす UNiVERSE PLUS",,0,0,,,,,,,,
2022-03-01,,-,,SEGA,"頭文字D THE ARCADE SEASON 2",,0,0,,,,"古瀬登(1st Stage)|佐藤正樹(2nd・5th・Final Stage)|加野晃(4th Stage)|横井秀章|佐藤正樹|佐藤和巳|羽田浩二",土橋安騎夫,関島眞頼,,
2022-04-01,,-,,SEGA,"チュウニズム ニュー プラス!!",,0,0,,,,,,,,
2022-07-01,,-,,SEGA,ミルクちゃん,スタジオ最前線,0,0,,,,,,,,
2022-09-01,,-,,SEGA,"maimai でらっくす FESTiVAL",,0,0,,,,,,,,
2022-10-01,,-,,SEGA,"チュウニズム サン",,0,0,,,,,,,,
2022-12-01,,-,,SEGA,"英傑大戦 廻天の五芒星",,0,0,,吉田幸司|大原徹(Ver1.0)|吉田幸司|石川希人|大原徹(Ver1.5),,,永田泰之|三島順平|花田啓太朗,,根本健太郎(Ver1.0)|根本健太郎|西嶋一真(Ver1.5),
2023-03-01,,-,,SEGA,"上海IV 竜門飛躍",サンソフト、サクセス,0,0,,,,,,,,
2023-03-01,,-,,SEGA,"maimai でらっくす FESTiVAL PLUS",,0,0,,,,,,,,
2023-04-01,,-,,SEGA,"頭文字D THE ARCADE SEASON 3",,0,0,,,,"古瀬登(1st Stage)|佐藤正樹(2nd・5th・Final Stage)|加野晃(4th Stage)|横井秀章|佐藤正樹|佐藤和巳|羽田浩二",土橋安騎夫,関島眞頼,,
2023-05-01,,-,,SEGA,"チュウニズム サン プラス",,0,0,,,,,,,,
2023-09-01,,-,,SEGA,"maimai でらっくす BUDDiES",,0,0,,,,,,,,
2023-11-01,,-,,SEGA,"英傑大戦 六極の煌剣",,0,0,,吉田幸司|大原徹(Ver1.0)|吉田幸司|石川希人|大原徹(Ver1.5),,,永田泰之|三島順平|花田啓太朗,,根本健太郎(Ver1.0)|根本健太郎|西嶋一真(Ver1.5),
2023-11-01,,-,FTG,SEGA,"バーチャファイター3tb オンライン",,0,0,,,,,,,,
2023-12-01,,-,,SEGA,"チュウニズム ルミナス",,0,0,,,,,,,,
2024-03-01,,-,,SEGA,"maimai でらっくす BUDDiES PLUS",,0,0,,,,,,,,
2024-04-01,,-,,SEGA,"頭文字D THE ARCADE SEASON 4",,0,0,,,,"古瀬登(1st Stage)|佐藤正樹(2nd・5th・Final Stage)|加野晃(4th Stage)|横井秀章|佐藤正樹|佐藤和巳|羽田浩二",土橋安騎夫,関島眞頼,,
2024-06-01,,-,,SEGA,"チュウニズム ルミナス プラス",,0,0,,,,,,,,
2024-09-01,,-,,SEGA,"maimai でらっくす PRiSM",,0,0,,,,,,,,
2024-09-01,,-,,SEGA,"英傑大戦 二天双龍の闘い",,0,0,,吉田幸司|大原徹(Ver1.0)|吉田幸司|石川希人|大原徹(Ver1.5),,,永田泰之|三島順平|花田啓太朗,,根本健太郎(Ver1.0)|根本健太郎|西嶋一真(Ver1.5),
1976-01-01,,-,,KONAMI,"メイズ (Maze)",,0,0,,,,,,,,
1978-01-01,,-,,KONAMI,"スペースキング (Space King)",,0,0,,,,,,,,
1978-01-01,,-,,KONAMI,"スペースシップ (Space Ship)",,0,0,,,,,,,,
1978-01-01,,-,,KONAMI,"ブロックインベーダー (Block Invader)",,0,0,,,,,,,,
1978-01-01,,-,,KONAMI,"ブロックゲーム (Block Game)",,0,0,,,,,,,,
1979-01-01,,-,,KONAMI,スペースウォー,,0,0,,,,,,,,
1979-01-01,,-,,KONAMI,"スペースキング2 (Space King-2)",,0,0,,,,,,,,
1979-01-01,,-,,KONAMI,"スーパーデストロイヤー (Super Destroyer)",,0,0,,,,,,,,
1979-01-01,,-,,KONAMI,"リッチマン (RichMan)",,0,0,,,,,,安達奈緒子,増本淳|関口大輔,
1980-01-01,,-,,KONAMI,"ウルトラインベーダー (Ultra Invaders)",,0,0,,,,,,,,
1980-01-01,,-,,KONAMI,カミカゼ,,0,0,,,,,,,,
1981-01-01,,-,,KONAMI,600,,0,0,,,,,,,,
1981-01-01,,-,,KONAMI,アミダー,,0,0,,,,,,,,
1981-01-01,,-,,KONAMI,"ウルトラドーム (Ultra Dome)",,0,0,,,,,,,,
1981-01-01,,-,,KONAMI,ジ・エンド,,0,0,,,,,,,,
1981-01-01,,-,,KONAMI,ジャングラー,,0,0,,,,,,,,
1981-01-01,,-,,KONAMI,スーパーコブラ,,0,0,,,,,,,,
1981-01-01,,-,,KONAMI,スクランブル,,0,0,,,,,,,,
1981-01-01,,-,,KONAMI,"ストラテジーX (Strategy X)",,0,0,,,,,,,,
1981-01-01,,-,,KONAMI,"タクティシャン (Tactician)",,0,0,,,,,,,,
1981-01-01,,-,,KONAMI,"ビデオハスラー (Video Hustler)",,0,0,,,,,,,,
1981-01-01,,-,,KONAMI,フロッガー,,0,0,,,,,,,,
1982-01-01,,-,,KONAMI,ガッタンゴットン,,0,0,,,,,,,,
1982-01-01,,-,,KONAMI,タイムパイロット,,0,0,,,播真隆秀|有馬俊夫|大山秀樹,岡本吉起,井上正廣,,,
1982-01-01,,-,,KONAMI,ツタンカーム,,0,0,,,,,,,,
1982-01-01,,-,,KONAMI,プーヤン,,0,0,,藤原得郎,,藤原得郎,,,,
1983-01-01,,-,,KONAMI,"Qバート (Q*bert)",,0,0,,,ワーレン・デイビス,ワーレン・デイビス|ジェフリー・P・リー|テリー・ドゥーアーザフ,デヴィッド・ティール,,,
1983-01-01,,-,,KONAMI,ジャイラス,,0,0,,,有馬俊夫|大山秀樹,岡本吉起|岡本吉起,井上正廣,,,
1983-01-01,,-,,KONAMI,ジュノファースト,,0,0,,,,,,,,
1983-01-01,,-,,KONAMI,ハイパーオリンピック,,0,0,,,森下繁,,福武茂,,石原祥吉,
1983-01-01,,-,,KONAMI,メガゾーン,,0,0,,,,,,,,
1983-01-01,,-,,KONAMI,ロックンロープ,,0,0,,藤原得郎,,藤原得郎,,,森下繁,
1984-01-01,,-,,KONAMI,サーカスチャーリー,,0,0,,,,,,,,
1984-01-01,,-,,KONAMI,新入社員とおるくん,,0,0,,,,,,,,
1984-01-01,,-,,KONAMI,スーパーバスケットボール,,0,0,,,,,,,,
1984-01-01,,-,,KONAMI,タイムパイロット'84,,0,0,,,播真隆秀|有馬俊夫|大山秀樹,岡本吉起,井上正廣,,,
1984-01-01,,-,,KONAMI,ハイパーオリンピック'84,,0,0,,,町口浩康,,福武茂,,石原祥吉,
1984-01-01,,-,,KONAMI,バッドランズ,,0,0,,,,,,,,
1984-01-01,,-,,KONAMI,パンドラズパレス,,0,0,,,,,,,,
1984-01-01,,-,,KONAMI,ロードファイター,,0,0,,,,,佐々木嘉則,,,
1985-01-01,,-,,KONAMI,イー・アル・カンフー,,0,0,,,,,東野美紀,,,
1985-01-01,,-,,KONAMI,"ウィズクイズ (Wizz Quiz)",,0,0,,,,,,,,
1985-01-01,,-,,KONAMI,ギャラクティックウォーリアーズ,,0,0,,,,,,,,
1985-01-01,,-,SHT,KONAMI,グラディウス,,0,0,,,,,,,,
1985-01-01,,-,,KONAMI,グリーンベレー,,0,0,,,,,,,,
1985-01-01,,-,,KONAMI,コナミのピンポン,,0,0,,,"AC 井上正廣",,,,,
1985-01-01,,-,,KONAMI,"コナミRF2レッドファイター (RF-2)",,0,0,,,,,,,,
1985-01-01,,-,,KONAMI,ショーリンズロード,,0,0,,,,,,,,
1985-01-01,,-,,KONAMI,"スクーターシューター (Scooter Shooter)",,0,0,,,,,,,,
1985-01-01,,-,,KONAMI,ツインビー,,0,0,,,青山和浩,青山和浩,福武茂|佐々木嘉則,,廣下宏治,
1985-01-01,,-,,KONAMI,ファイナライザー,,0,0,,,,,,,,
1986-01-01,,-,,KONAMI,VS.グーニーズ,,0,0,,,,,,,,
1986-01-01,,-,,KONAMI,恋のホットロック,,0,0,,,,,,,,
1986-01-01,,-,SHT,KONAMI,沙羅曼蛇,,0,0,,,町口浩康|たけもとみつお|高取利明|みのわいくこ,町口浩康|櫻井潤|よしたかみき|ばんどういくこ,波多野よしあき(SE・プログラム)|東野美紀(作曲),,,
1986-01-01,,-,,KONAMI,特殊部隊ジャッカル,,0,0,,,辻本英之|岡崎博道,中村健吾,田坂真二,,廣下宏治,
1986-01-01,,-,,KONAMI,マンハッタン24分署,,0,0,,,,,,,,
1986-01-01,,-,,KONAMI,Mr.五右衛門,,0,0,,,,,,,,
1986-01-01,,-,,KONAMI,WECル・マン24,コアランドテクノロジー,0,0,,,,,,,,
1987-01-01,,-,,KONAMI,A-JAX,,0,0,,岡本覚,,中村健吾,古川元亮,,廣下宏治,
1987-01-01,,-,A-SHT,KONAMI,魂斗羅,,0,0,,廣下宏治,"岡本覚|辻本英之|KOICHI COBRA",中村健吾,村岡一樹,,,
1987-01-01,,-,,KONAMI,コンバットスクール,,0,0,,,,,,,,
1987-01-01,,-,,KONAMI,ザ・ハスラー,,0,0,,,,,,,,
1987-01-01,,-,,KONAMI,シティーボンバー,,0,0,,,,,小倉努,,,
1987-01-01,,-,,KONAMI,大列車強盗,,0,0,,,,,,,,
1987-01-01,,-,,KONAMI,"ダブルドリブル (Double Dribble)",,0,0,,,,,,,,
1987-01-01,,-,,KONAMI,ハイパークラッシュ,,0,0,,,,,,,,
1987-01-01,,-,,KONAMI,バトランティス,,0,0,,,,,,,,
1987-01-01,,-,,KONAMI,"ファストレーン (Fast Lane)",,0,0,,,,,,,,
1987-01-01,,-,,KONAMI,フラック・アタック,,0,0,,北上一三,上田英生,,Y.UNO|小倉努|鹿間英章,,,
1987-01-01,,-,,KONAMI,ブラックパンサー,コアランドテクノロジー,0,0,,,,,,,,
1987-01-01,,-,,KONAMI,"ブレイブオブスティール(Blades of Steel)",,0,0,,,,,,,,
1987-01-01,,-,,KONAMI,魔獣の王国,,0,0,,,"町口浩康|高取利明|筒井久一郎|Mitsuo Takemoto","櫻井潤|Miki Yoshikata",鹿間英章|松原健一,,,
1987-01-01,,-,,KONAMI,ライフフォース,,0,0,,,"町口浩康|MITSUO TAKEMOTO|高取利明|IKUKO MINOWA","櫻井潤|MIKI YOSHIKATA|IKUKO BANDO",波多野よしあき(プログラム)|東野美紀(作曲),,,
1987-01-01,,-,,KONAMI,ラビリンスランナー,,0,0,,,,,,,,
1988-01-01,,-,,KONAMI,悪魔城ドラキュラ,,0,0,,赤松仁司,岡出光弘,戸隠のりやす,山下絹代|寺島里恵,,永田昭彦,
1988-01-01,,-,,KONAMI,餓流禍,,0,0,,,,,,,,
1988-01-01,,-,SHT,KONAMI,"グラディウスII -GOFERの野望-",,0,0,,町口浩康,高取利明|筒井久一郎|T.HORIMOTO|鈴木彰|藤井龍夫,M.YOSHIKATA|芦田裕行|M.IWAMOTO|A.NONAMI|角和邦昭,コナミ矩形波倶楽部|田坂真二|古川元亮|深見誠一|松原健一,,,
1988-01-01,,-,,KONAMI,クレイジー・コップ,,0,0,,,,,,,,
1988-01-01,,-,,KONAMI,サンダークロス,,0,0,,,,,兼田潤一郎|深見誠一,,,
1988-01-01,,-,A-SHT,KONAMI,"スーパー魂斗羅 エイリアンの逆襲 (Super Contra)",,0,0,,辻本英之,,中村健吾,村岡一樹|古川元亮,辻本英之,廣下宏治,
1988-01-01,,-,,KONAMI,チェッカーフラグ,,0,0,,,,,,,,
1988-01-01,,-,,KONAMI,にゃんにゃんパニック,,0,0,,,,,田坂真二|松原健一|兼田潤一郎,,,
1988-01-01,,-,,KONAMI,"ハードパンチャー 血まみれの栄光",,0,0,,,,,,,,
1988-01-01,,-,,KONAMI,"ハイパースポーツスペシャル (Hyper Sports Specia)",,0,0,,,,,,,,
1988-01-01,,-,,KONAMI,ホットチェイス,,0,0,,,,,,,,
1988-01-01,,-,,KONAMI,リングの王者,,0,0,,,,,齋藤一郎,内田弘三,,
1989-01-01,,-,,KONAMI,エスピオナージ,,0,0,,,,,,,,
1989-01-01,,-,,KONAMI,"M.I.A. - Missing in Action",,0,0,,,,,,,,
1989-01-01,,-,,KONAMI,急降下爆撃隊,,0,0,,,,,ハーバート・ウィント,"カール・リッター フェリックス・リュッケンドルフ",,
1989-01-01,,-,,KONAMI,キューブリック,,0,0,,,,,,,,
1989-01-01,,-,,KONAMI,クォース,,0,0,,,"WADA 891006|石田和彦",井内洋|鮫島宗治|高野泰,半澤一雄,,,
1989-01-01,,-,,KONAMI,クライムファイターズ,,0,0,,,,,泉陸奥彦|松原健一,,,
1989-01-01,,-,SHT,KONAMI,"グラディウスIII -伝説から神話へ-",,0,0,,町口浩康,T.SHIMOMURA|伊藤好孝|小澤勝彦,三好威正|M.IGARASHI|R.ITOH|K.HATTORI|浅野裕治,コナミ矩形波倶楽部|兼田潤一郎|深見誠一|東野美紀|中村康三|泉陸奥彦,,,
1989-01-01,,-,,KONAMI,"T.M.N.T. 〜スーパー亀忍者〜",,0,0,,大山秀樹,鈴木弦,"MORIYAMA 25",泉陸奥彦|東野美紀,,,
1989-01-01,,-,,KONAMI,メインスタジアム,,0,0,,,,,,,,
1990-01-01,,-,,KONAMI,エイリアンズ,,0,0,,,,,"ミュージックビデオ エイリアンズ - YouTube 『3』 収録曲 グッデイ・グッバイ イカロスの末裔 アルカディア 車と女 悪玉 エイリアンズ Shurrasco ver.3 むすんでひらいて 君の胸に抱かれたい あの世で罰を受けるほど メスとコスメ サイレンの歌 千年紀末に降る雪は",,冨田恵一,
1990-01-01,,-,,KONAMI,"オーバードライブ (Over Drive)",,0,0,,,,,,,,
1990-01-01,,-,,KONAMI,サプライズアタック,,0,0,,,,,,,,
1990-01-01,,-,,KONAMI,トライゴン,,0,0,,,辻本英之|岡崎博道|北江格,角和邦昭|Y.NOGUCHI|稲福正美,松原健一|山根清彦,,,
1990-01-01,,-,,KONAMI,"パロディウスだ! 〜神話からお笑いへ〜",,0,0,,,徳田典,"GAKINCHO|TOUYOU SYOUTAROU|三好威正|MORY-WANDAYU|MIKACHAN",村岡一樹,,,
1990-01-01,,-,,KONAMI,パンクショット,,0,0,,,,,,,,
1990-01-01,,-,,KONAMI,ピットファイター,アタリ,0,0,,ゲイリー・スターク|マーク・ステファン・ピース,ゲイリー・スターク|ポール・クィン,ゲイリー・スターク|マーク・ステファン・ピース|ニコラス・スターン,ジョン・ポール,,ジェリー・モモダ,
1991-01-01,,-,,KONAMI,エスケープキッズ,,0,0,,,,,,,,
1991-01-01,,-,,KONAMI,クライムファイターズ2,,0,0,,,,,泉陸奥彦|松原健一,,,
1991-01-01,,-,,KONAMI,ゴルフィンググレイツ,,0,0,,,,,,,,
1991-01-01,,-,,KONAMI,ザ・シンプソンズ,,0,0,,,,,リチャード・ギブス(英語版)|アルフ・クラウセン(英語版)|ブリーディング・フィンガーズ・ミュージック(英語版),,,
1991-01-01,,-,,KONAMI,サンセットライダーズ,,0,0,,辻本英之,,,古川元亮,,,
1991-01-01,,-,,KONAMI,サンダークロスII,,0,0,,,,,,,,
1991-01-01,,-,,KONAMI,XEXEX（ゼクセクス）,,0,0,,高取利明,高取利明|藤井龍夫|和田哲也,町口浩康|角和邦昭|はなのちよこ,古川元亮|前沢秀憲|宮脇聡子|橋本綾子,,,
1991-01-01,,-,,KONAMI,"ティーンエイジ・ミュータント・ニンジャ・タートルズ - タートルズ イン タイム (Teenage Mutant Ninja Turtles: Turtles in Time)",,0,0,,,,,,,,
1991-01-01,,-,,KONAMI,出たな!!ツインビー,,0,0,,おおさわまさと,しもむらとおる,SHUZILOW.HA,前沢秀憲|山根ミチル|中島正恵,,,
1991-01-01,,-,,KONAMI,"ローラーゲーム (RollerGames)",,0,0,,,,,,,,
1992-01-01,,-,,KONAMI,アステリクス,,0,0,,,,,,,,
1992-01-01,,-,FTG,KONAMI,X-MEN,,0,0,,,,,,,,
1992-01-01,,-,,KONAMI,"G.I.ジョー リアルアメリカンヒーロー (G.I. Joe)",,0,0,,,,,,,,
1992-01-01,,-,,KONAMI,"バッキーオヘア (Bucky O'Hare)",,0,0,,,,,,,,
1992-01-01,,-,,KONAMI,ヘクシオン,,0,0,,,,,,,,
1992-01-01,,-,,KONAMI,Potrio,,0,0,,,,,,,,
1992-01-01,,-,,KONAMI,リーサルエンフォーサーズ,,0,0,,波多野よしあき,波多野よしあき,スティーヴ・ジョンソン,福井健一郎,,,
1992-01-01,,-,,KONAMI,"Wild West C.O.W.-Boys of Moo Mesa",,0,0,,,,,,,,
1993-01-01,,-,,KONAMI,"ガイアポリス 〜黄金鷹の剣〜",,0,0,,芦田裕行,TADASUKE|TOM|HIDE,"濱川修二郎(Shuzilow.HA)|佐藤直樹(Title・logo Design)",深見誠一|宮脇聡子|TECHNOuchi,TADASUKE,,
1993-01-01,,-,,KONAMI,究極戦隊ダダンダーン,,0,0,,,,,,,,
1993-01-01,,-,,KONAMI,クイズ学問ノススメ,,0,0,,,,,,,,
1993-01-01,,-,,KONAMI,スラムダンク,,0,0,,西沢信孝,,佐藤正樹,増田隆宣(第69話まで)|BMF(第70話以降),井上雄彦,,
1993-01-01,,-,,KONAMI,バイオレントストーム,,0,0,,,,,,,,
1993-01-01,,-,サッカー,KONAMI,プレミアサッカー,,0,0,,,,,,,,
1993-01-01,,-,,KONAMI,ポリネットウォーリアーズ,,0,0,,,,,,,,
1993-01-01,,-,,KONAMI,マーシャルチャンピオン,,0,0,,"HEINE KEN",,"HEINE KEN|赤坂嘉紀|SURUGANOKAMI MADAOW|ひじまみさと",仲野順也|すぎさわけいじ,,"KANON PACHELBEL",
1993-01-01,,-,,KONAMI,"ミスティックウォリアーズ 怒りの忍者",,0,0,,,,,,,,
1993-01-01,,-,,KONAMI,メタモルフィックフォース,,0,0,,,,,泉陸奥彦|江川麻理子,,,
1994-01-01,,-,,KONAMI,クイズドレミファグランプリ,,0,0,,,,,,,岡本覚,
1994-01-01,,-,,KONAMI,"極上パロディウス 〜過去の栄光を求めて〜",,0,0,,,徳田典|もりとめやすゆき,Shuzilow.HA|あさりよしとお,深見誠一|宮脇聡子|妹尾和浩,,,
1994-01-01,,-,,KONAMI,ゴルフィンググレイツ2,,0,0,,,,,,,,
1994-01-01,,-,サッカー,KONAMI,サッカースーパースターズ,,0,0,,,,,,,,
1994-01-01,,-,,KONAMI,対戦ぱずるだま,,0,0,,,,,,,,
1994-01-01,,-,,KONAMI,"ブレーン・バスターズ (Brain Busters)",,0,0,,,,,,,,
1994-01-01,,-,,KONAMI,レーシングフォース,,0,0,,,,,,,,
1994-01-01,,-,,KONAMI,"リーサルエンフォーサーズII ザ・ウエスタン (Lethal Enforcers II: Gun Fighters)",,0,0,,,,,,,,
1995-01-01,,-,,KONAMI,"ウルトラスポーツ (Ultra Sports)",,0,0,,,,,,,,
1995-01-01,,-,,KONAMI,"ウルトラホッケー (Ultra Hockey)",,0,0,,,,,,,,
1995-01-01,,-,,KONAMI,"クイズドレミファグランプリ2 新曲入荷だよ",,0,0,,,,,,,岡本覚,
1995-01-01,,-,,KONAMI,"Sure Shot Sheriff",,0,0,,,,,,,,
1995-01-01,,-,,KONAMI,"スピードキング NEO KOBE 2045",,0,0,,,,,,,,
1995-01-01,,-,,KONAMI,"ツインビーヤッホー! ふしぎの国で大あばれ!!",,0,0,,,,,,,,
1995-01-01,,-,,KONAMI,ときめきメモリアル対戦ぱずるだま,,0,0,,永田義明,,立石流牙|小倉雅史,"Metal Yuhki|村井聖夜|莊司朗|Sanoppi|中村地獄車",五十嵐孝司,桐田富和,
1995-01-01,,-,,KONAMI,ドラグーンマイト,,0,0,,,,,,,,
1995-01-01,,-,サッカー,KONAMI,"ファイブアサイドサッカー (Five a Side Soccer)",,0,0,,,,,,,,
1995-01-01,,-,サッカー,KONAMI,プレミアサッカー'95,,0,0,,,,,,,,
1995-01-01,,-,,KONAMI,ヘンリーエクスプローラーズ,,0,0,,,,,,,,
1995-01-01,,-,,KONAMI,"ホールインワン (Hole In One)",,0,0,,,,,,,,
1995-01-01,,-,,KONAMI,"ミッドナイトラン ロードファイター2",,0,0,,,,,佐々木嘉則,,,
1996-01-01,,-,サッカー,KONAMI,ヴァーサスネットサッカー,,0,0,,,,,,,,
1996-01-01,,-,,KONAMI,クイズドレミファグランプリ3,,0,0,,,,,,,岡本覚,
1996-01-01,,-,SHT,KONAMI,沙羅曼蛇2,,0,0,,Qchan,"Qchan|YAMAMOSO TYPE2|長谷川丈覚","SATONYAN|MASATO HIJIMA|SANSHI SDR|KAORI NISHIMURA|YAS|MOTOHISA ANDO","YOU TAKAMINE|前田尚紀",,TANGO,
1996-01-01,,-,,KONAMI,"GTI Club Rally Cote D'azur",,0,0,,,,,,,,
1996-01-01,,-,,KONAMI,ジェットウェーブ,,0,0,,,,,,,,
1996-01-01,,-,野球,KONAMI,実況パワフルプロ野球'96,,0,0,,,,,,,,
1996-01-01,,-,,KONAMI,進め!対戦ぱずるだま,,0,0,,,,,,,,
1996-01-01,,-,,KONAMI,スラムダンク2,,0,0,,,,,,,,
1996-01-01,,-,,KONAMI,セクシーパロディウス,,0,0,,,,,,,,
1996-01-01,,-,,KONAMI,だい好キッス,,0,0,,,,,,,,
1996-01-01,,-,,KONAMI,対戦とっかえだま,,0,0,,,,,,,,
1996-01-01,,-,,KONAMI,"ハイパーアスリート / ハイパーオリンピックインアトランタ",[32],0,0,,,,,,,,
1996-01-01,,-,,KONAMI,"Beat The Champ",,0,0,,,,,,,,
1996-01-01,,-,,KONAMI,"ビシバシチャンプ ミニゲーム選手権",,0,0,,,,,,,,
1996-01-01,,-,,KONAMI,ワインディングヒート,,0,0,,,,,,,,
1997-01-01,,-,,KONAMI,ウィニングスパイク,,0,0,,,,,,,,
1997-01-01,,-,,KONAMI,ウェディングラプソディ,,0,0,,,,,,,,
1997-01-01,,-,,KONAMI,オペレーションサンダーハリケーン,,0,0,,,,,,,,
1997-01-01,,-,野球,KONAMI,実況パワフルプロ野球EX,,0,0,,,,,,,,
1997-01-01,,-,,KONAMI,ソーラーアサルト,,0,0,,,,,,,,
1997-01-01,,-,,KONAMI,"ソーラーアサルト リバイズド",,0,0,,,,,,,,
1997-01-01,,-,,KONAMI,デッドアイ,,0,0,,,,,,,,
1997-01-01,,-,,KONAMI,トータルバイス,,0,0,,,,,,,,
1997-01-01,,-,,KONAMI,"ときめきメモリアル 〜おしえてYour heart〜",,0,0,,永田義明,,立石流牙|小倉雅史,"Metal Yuhki|村井聖夜|莊司朗|Sanoppi|中村地獄車",五十嵐孝司,桐田富和,
1997-01-01,,-,,KONAMI,"ときめきメモリアル 〜おしえてYour Heart〜 シールバージョン+",,0,0,,永田義明,,立石流牙|小倉雅史,"Metal Yuhki|村井聖夜|莊司朗|Sanoppi|中村地獄車",五十嵐孝司,桐田富和,
1997-01-01,,-,,KONAMI,とべ!ポリスターズ,,0,0,,,,,,,,
1997-01-01,,-,,KONAMI,バトルビジョン,,0,0,,,,,,,,
1997-01-01,,-,,KONAMI,ハングパイロット,,0,0,,,,,,,,
1997-01-01,,-,,KONAMI,beatmania,,0,0,,,,,,,,
1997-01-01,,-,,KONAMI,FIGHTING武術,,0,0,,,,,,,,
1997-01-01,,-,,KONAMI,"FIGHTING武術 2nd",,0,0,,,,,,,,
1997-01-01,,-,,KONAMI,"ラッシングヒーローズ (Rushing Heroes)",,0,0,,,,,,,,
1997-01-01,,-,,KONAMI,レーシングジャム,,0,0,,,,,,,,
1998-01-01,,-,,KONAMI,"エビルナイト (Evil Night)",,0,0,,,,,,,,
1998-01-01,,-,,KONAMI,コナミ80'sアーケードギャラリー,,0,0,,,,,,,,
1998-01-01,,-,野球,KONAMI,実況パワフルプロ野球'98EX,,0,0,,,,,,,,
1998-01-01,,-,,KONAMI,スーパービシバシチャンプ,,0,0,,,,,,,,
1998-01-01,,-,,KONAMI,"Skier's High",,0,0,,,,,,,,
1998-01-01,,-,,KONAMI,スリルドライブ,,0,0,,,,,,,,
1998-01-01,,-,,KONAMI,ダークホースレジェンド,,0,0,,,,,,,,
1998-01-01,,-,リズムゲーム,KONAMI,"Dance Dance Revolution",,0,0,,,,,,,,
1998-01-01,,-,リズムゲーム,KONAMI,"Dance Dance Revolution インターネットランキングVer. / Dance Dance Revolution 1.5",,0,0,,,,,,,,
1998-01-01,,-,,KONAMI,"テラバースト (Teraburst)",,0,0,,,,,,,,
1998-01-01,,-,,KONAMI,"NBA プレイ・バイ・プレイ",,0,0,,,,,,,,
1998-01-01,,-,,KONAMI,"ハイパーオリンピック イン ナガノ",,0,0,,,森下繁,,福武茂,,石原祥吉,
1998-01-01,,-,,KONAMI,バスアングラー,,0,0,,,,,,,,
1998-01-01,,-,,KONAMI,バスアングラー2,,0,0,,,,,,,,
1998-01-01,,-,,KONAMI,バトルトライスト,,0,0,,,,,,,,
1998-01-01,,-,,KONAMI,"Heat of Eleven '98",,0,0,,,,,,,,
1998-01-01,,-,,KONAMI,"beatmania 2ndMIX",,0,0,,,,,,,,
1998-01-01,,-,,KONAMI,"beatmania 3rdMIX",,0,0,,,,,,,,
1998-01-01,,-,,KONAMI,"pop'n music",,0,0,,,,,,,,
1998-01-01,,-,,KONAMI,レーシングジャム・チャプターII,,0,0,,,,,,,,
1999-01-01,,-,,KONAMI,ガチャガチャンプ,,0,0,,,,,,,,
1999-01-01,,-,,KONAMI,GUITARFREAKS,,0,0,,,,,,,,
1999-01-01,,-,,KONAMI,"GUITARFREAKS 2ndMIX",,0,0,,,,,,,,
1999-01-01,,-,,KONAMI,"GUITARFREAKS 2ndMIX Link version",,0,0,,,,,,,,
1999-01-01,,-,SHT,KONAMI,"グラディウスIV -復活-",,0,0,,芦田裕行,"KEN MIDORIKAWA","養老乃介|DAISUKE CHIBA|AYUMU HASEGAWA|NAOKI MORITA|芦田裕行|HIROMICHI IWASHITA",上高治己|渡辺篤紀,,町口浩康,
1999-01-01,,-,,KONAMI,サイレントスコープ,,0,0,,,,,,,,
1999-01-01,,-,,KONAMI,ステップチャンプ,,0,0,,,,,,,,
1999-01-01,,-,リズムゲーム,KONAMI,"Dance Dance Revolution 2ndMIX",,0,0,,,,,,,,
1999-01-01,,-,リズムゲーム,KONAMI,"Dance Dance Revolution 2ndMIX LINK Version",,0,0,,,,,,,,
1999-01-01,,-,リズムゲーム,KONAMI,"Dance Dance Revolution 2ndMIX CLUB Version",,0,0,,,,,,,,
1999-01-01,,-,リズムゲーム,KONAMI,"Dance Dance Revolution 2ndMIX CLUB Version 2",,0,0,,,,,,,,
1999-01-01,,-,リズムゲーム,KONAMI,"Dance Dance Revolution Solo BASSMIX",,0,0,,,,,,,,
1999-01-01,,-,リズムゲーム,KONAMI,"Dance Dance Revolution Solo 2000",,0,0,,,,,,,,
1999-01-01,,-,リズムゲーム,KONAMI,"Dance Dance Revolution Best of Cool Dancers",,0,0,,,,,,,,
1999-01-01,,-,リズムゲーム,KONAMI,"Dance Dance Revolution Karaoke Mix",,0,0,,,,,,,,
1999-01-01,,-,リズムゲーム,KONAMI,"Dance Dance Revolution 3rdMIX",,0,0,,,,,,,,
1999-01-01,,-,,KONAMI,"Dancing Stage featuring. DREAMS COME TRUE",,0,0,,,,,,,,
1999-01-01,,-,,KONAMI,"Dancing Stage featuring. TRUE KiSS DESTiNATiON",,0,0,,,,,,,,
1999-01-01,,-,,KONAMI,"Dancing Stage",,0,0,,,,,,,,
1999-01-01,,-,,KONAMI,"Dancing Stage EuroMIX",,0,0,,,,,,,,
1999-01-01,,-,,KONAMI,drummania,,0,0,,,,,,,,
1999-01-01,,-,,KONAMI,ハイパービシバシチャンプ,,0,0,,,,,,,,
1999-01-01,,-,,KONAMI,"beatmania complete MIX",,0,0,,,,,,,,
1999-01-01,,-,,KONAMI,"beatmania 4thMIX -the beat goes on-",,0,0,,,,,,,,
1999-01-01,,-,,KONAMI,"beatmania 5thMIX -Time to get down-",,0,0,,,,,,,,
1999-01-01,,-,,KONAMI,"beatmania IIDX",,0,0,,,,,,,,
1999-01-01,,-,,KONAMI,"beatmania IIDX substream",,0,0,,,,,,,,
1999-01-01,,-,,KONAMI,"beatmania IIDX club version 2",,0,0,,,,,,,,
1999-01-01,,-,,KONAMI,"beatmania IIDX 2nd style",,0,0,,,,,,,,
1999-01-01,,-,,KONAMI,"Fisherman's Bait - Marlin Challenge",,0,0,,,,,,,,
1999-01-01,,-,,KONAMI,"pop'n stage",,0,0,,,,,,,,
1999-01-01,,-,,KONAMI,"pop'n stage ex",,0,0,,,,,,,,
1999-01-01,,-,,KONAMI,"pop'n music 2",,0,0,,,,,,,,
1999-01-01,,-,,KONAMI,"pop'n music 3",,0,0,,,,,,,,
2000-01-01,,-,,KONAMI,アニメチャンプ,,0,0,,,,,,,,
2000-01-01,,-,,KONAMI,"イノセントスウィーパー サイレントスコープ2",,0,0,,,,,,,,
2000-01-01,,-,,KONAMI,KEYBOARDMANIA,,0,0,,,,,,,,
2000-01-01,,-,,KONAMI,"KEYBOARDMANIA 2ndMIX",,0,0,,,,,,,,
2000-01-01,,-,,KONAMI,緊急車両24時,,0,0,,,,,,,渡辺大樹|國玉譲治|川口伸之|髙野学(CP),
2000-01-01,,-,,KONAMI,"GUITARFREAKS 3rdMIX",,0,0,,,,,,,,
2000-01-01,,-,,KONAMI,"GUITARFREAKS 4thMIX",,0,0,,,,,,,,
2000-01-01,,-,,KONAMI,ザ・警察官,,0,0,,,,,,,,
2000-01-01,,-,,KONAMI,"サラリーマンチャンプ たたかうサラリーマン",,0,0,,,,,,,,
2000-01-01,,-,,KONAMI,"GTI Club コルソイタリアーノ",,0,0,,,,,,,,
2000-01-01,,-,,KONAMI,"Dancing Stage featuring. Disney's RAVE",,0,0,,,,,,,,
2000-01-01,,-,リズムゲーム,KONAMI,"Dance Dance Revolution Kids",,0,0,,,,,,,,
2000-01-01,,-,リズムゲーム,KONAMI,"Dance Dance Revolution 4thMIX",,0,0,,,,,,,,
2000-01-01,,-,リズムゲーム,KONAMI,"Dance Dance Revolution 4thMIX PLUS",,0,0,,,,,,,,
2000-01-01,,-,リズムゲーム,KONAMI,"Dance Maniax",,0,0,,,,,,,,
2000-01-01,,-,リズムゲーム,KONAMI,"Dance Maniax 2ndMIX",,0,0,,,,,,,,
2000-01-01,,-,,KONAMI,"drummania 2ndMIX",,0,0,,,,,,,,
2000-01-01,,-,,KONAMI,"drummania 3rdMIX",,0,0,,,,,,,,
2000-01-01,,-,,KONAMI,"パンチマニア 北斗の拳",,0,0,,,,,,,,
2000-01-01,,-,,KONAMI,"パンチマニア 北斗の拳2 激闘修羅の国編",,0,0,,,,,,,,
2000-01-01,,-,,KONAMI,ParaParaParadise,,0,0,,,,,,,,
2000-01-01,,-,,KONAMI,"ParaParaParadise V1.1",,0,0,,,,,,,,
2000-01-01,,-,,KONAMI,"ParaParaParadise 1stMIX PLUS",,0,0,,,,,,,,
2000-01-01,,-,,KONAMI,"beatmania complete MIX 2",,0,0,,,,,,,,
2000-01-01,,-,,KONAMI,"beatmania ClubMIX",,0,0,,,,,,,,
2000-01-01,,-,,KONAMI,"beatmania CORE REMIX",,0,0,,,,,,,,
2000-01-01,,-,,KONAMI,"beatmania featuring DREAMS COME TRUE - 先行稼働分のみを残して発売中止",,0,0,,,,,,,,
2000-01-01,,-,,KONAMI,"beatmania IIDX 3rd style",,0,0,,,,,,,,
2000-01-01,,-,,KONAMI,"beatmania IIDX 4th style",,0,0,,,,,,,,
2000-01-01,,-,,KONAMI,"beatmania III - FINALを除き、先行稼働分のみを残して発売中止",,0,0,,,,,,,,
2000-01-01,,-,,KONAMI,"beatmania III APPEND CORE REMIX - 先行稼働分のみを残して発売中止",,0,0,,,,,,,,
2000-01-01,,-,,KONAMI,"pop'n music 4",,0,0,,,,,,,,
2000-01-01,,-,,KONAMI,"pop'n music 5",,0,0,,,,,,,,
2000-01-01,,-,,KONAMI,"pop'n music ANIMELO",,0,0,,,,,,,,
2000-01-01,,-,,KONAMI,"pop'n music ANIMELO 2号",,0,0,,,,,,,,
2000-01-01,,-,,KONAMI,"pop'n music MICKEY TUNES",,0,0,,,,,,,,
2000-01-01,,-,,KONAMI,"pop'n music MICKEY TUNES!",,0,0,,,,,,,,
2000-01-01,,-,,KONAMI,"RAP FREAKS - ロケテストのみで発売中止",,0,0,,,,,,,,
2001-01-01,,-,,KONAMI,"KEYBOARDMANIA 3rdMIX",,0,0,,,,,,,,
2001-01-01,,-,,KONAMI,"GUITARFREAKS 5thMIX",,0,0,,,,,,,,
2001-01-01,,-,,KONAMI,"GUITARFREAKS 6thMIX",,0,0,,,,,,,,
2001-01-01,,-,,KONAMI,"ザ・警察官2 全国大追跡スペシャル",,0,0,,,,,,,,
2001-01-01,,-,,KONAMI,ジュラシック・パークIII,,0,0,,,,,ドン・デイヴィス,マイケル・クライトン,,
2001-01-01,,-,,KONAMI,スリルドライブ2,,0,0,,,,,,,,
2001-01-01,,-,,KONAMI,狙撃/SOGEKI,,0,0,,,,,,,,
2001-01-01,,-,リズムゲーム,KONAMI,"Dance Dance Revolution 5thMIX",,0,0,,,,,,,,
2001-01-01,,-,リズムゲーム,KONAMI,"DDRMAX -Dance Dance Revolution 6thMIX-",,0,0,,,,,,,,
2001-01-01,,-,リズムゲーム,KONAMI,"Dance Maniax 2ndMIX APPEND J☆PARADISE",,0,0,,,,,,,,
2001-01-01,,-,,KONAMI,"剣 -TSURUGI-",,0,0,,,,,,,,
2001-01-01,,-,,KONAMI,"drummania 4thMIX",,0,0,,,,,,,,
2001-01-01,,-,,KONAMI,"drummania 5thMIX",,0,0,,,,,,,,
2001-01-01,,-,,KONAMI,"ParaParaParadise 2ndMIX",,0,0,,,,,,,,
2001-01-01,,-,,KONAMI,"beatmania 6thMIX -THE UK UNDERGROUND MUSIC - 大半が先行稼動しかない",,0,0,,,,,,,,
2001-01-01,,-,,KONAMI,"beatmania IIDX 5th style",,0,0,,,,,,,,
2001-01-01,,-,,KONAMI,"beatmania IIDX 6th style",,0,0,,,,,,,,
2001-01-01,,-,,KONAMI,"beatmania III APPEND 6thMIX - 先行稼働分のみを残して発売中止",,0,0,,,,,,,,
2001-01-01,,-,,KONAMI,"ボクシングマニア あしたのジョー",,0,0,,,,,,,,
2001-01-01,,-,,KONAMI,"pop'n music 6",,0,0,,,,,,,,
2001-01-01,,-,,KONAMI,"pop'n music 7",,0,0,,,,,,,,
2001-01-01,,-,,KONAMI,"MAMBO A GO GO",,0,0,,,,,,,,
2002-01-01,,-,,KONAMI,エックストライアルレーシング,,0,0,,,,,,,,
2002-01-01,,-,,KONAMI,"GUITARFREAKS 7thMIX",,0,0,,,,,,,,
2002-01-01,,-,,KONAMI,"GUITARFREAKS 8thMIX（●）",,0,0,,,,,,,,
2002-01-01,,-,,KONAMI,"GUITARFREAKS 8thMIX power-up ver.（●）",,0,0,,,,,,,,
2002-01-01,,-,,KONAMI,"グレートビシバシチャンプ 〜ボタン叩きすぎ警報発令〜",,0,0,,,,,,,,
2002-01-01,,-,,KONAMI,出撃!戦国革命（●）,,0,0,,,,,,,,
2002-01-01,,-,,KONAMI,ナイススマッシュ!,,0,0,,,,,,,,
2002-01-01,,-,リズムゲーム,KONAMI,"DDRMAX2 -Dance Dance Revolution 7thMIX-",,0,0,,,,,,,,
2002-01-01,,-,リズムゲーム,KONAMI,"Dance Dance Revolution EXTREME",,0,0,,,,,,,,
2002-01-01,,-,,KONAMI,ドッグステーション,,0,0,,,,,,,,
2002-01-01,,-,,KONAMI,"drummania 6thMIX",,0,0,,,,,,,,
2002-01-01,,-,,KONAMI,"drummania 7thMIX（●）",,0,0,,,,,,,,
2002-01-01,,-,,KONAMI,"drummania 7thMIX power-up ver.（●）",,0,0,,,,,,,,
2002-01-01,,-,,KONAMI,"beatmania 7thMIX -keepin' evolution- - 先行稼働分のみを残して発売中止",,0,0,,,,,,,,
2002-01-01,,-,,KONAMI,"beatmania THE FINAL",,0,0,,,,,,,,
2002-01-01,,-,,KONAMI,"beatmania IIDX 7th style",,0,0,,,,,,,,
2002-01-01,,-,,KONAMI,"beatmania IIDX 8th style",,0,0,,,,,,,,
2002-01-01,,-,,KONAMI,"beatmania III APPEND 7thMIX - 先行稼働分のみを残して発売中止",,0,0,,,,,,,,
2002-01-01,,-,,KONAMI,"beatmania III THE FINAL",,0,0,,,,,,,,
2002-01-01,,-,,KONAMI,"pop'n music 8",,0,0,,,,,,,,
2002-01-01,,-,,KONAMI,"pop'n music 9（●）",,0,0,,,,,,,,
2002-01-01,,-,,KONAMI,マーシャルビート,,0,0,,,,,,,,
2002-01-01,,-,,KONAMI,麻雀格闘倶楽部（●）,,0,0,,,,,,,,
2002-01-01,,-,,KONAMI,"麻雀格闘倶楽部 全国オンライン対戦Ver.（●）",,0,0,,,,,,,,
2002-01-01,,-,,KONAMI,ワールドコンバット,,0,0,,,,,,,,
2002-01-01,,-,,KONAMI,"WORLD SOCCER Winning Eleven -Arcade Game Style-（●）",,0,0,,,,,,,,
2003-01-01,,-,,KONAMI,ee'MALL（●）,,0,0,,,,,,,,
2003-01-01,,-,,KONAMI,"ee'MALL 2nd avenue（●）",,0,0,,,,,,,,
2003-01-01,,-,,KONAMI,"GUITARFREAKS 9thMIX（●）",,0,0,,,,,,,,
2003-01-01,,-,,KONAMI,"GUITARFREAKS 10thMIX（●）",,0,0,,,,,,,,
2003-01-01,,-,,KONAMI,クイズマジックアカデミー（●）,,0,0,,,,,,,,
2003-01-01,,-,,KONAMI,"ドッグステーション・デラックス 〜イヌターネットはじめました!（●）",,0,0,,,,,,,,
2003-01-01,,-,,KONAMI,"drummania 8thMIX（●）",,0,0,,,,,,,,
2003-01-01,,-,,KONAMI,"drummania 9thMIX（●）",,0,0,,,,,,,,
2003-01-01,,-,,KONAMI,"beatmania IIDX 9th style",,0,0,,,,,,,,
2003-01-01,,-,,KONAMI,"pop'n music 10（●）",,0,0,,,,,,,,
2003-01-01,,-,,KONAMI,"麻雀格闘倶楽部2 日本プロ麻雀連盟Ver.（●）",,0,0,,,,,,,,
2003-01-01,,-,,KONAMI,"WORLD SOCCER Winning Eleven -Arcade Game Style 2003-（●）",,0,0,,,,,,,,
2003-01-01,,-,,KONAMI,2004年,,0,0,,,,,,,,
2003-01-01,,-,,KONAMI,"ウォートラン トルーパーズ（●）",,0,0,,,,,,,,
2003-01-01,,-,,KONAMI,"GUITARFREAKS 11thMIX（●）",,0,0,,,,,,,,
2003-01-01,,-,,KONAMI,クイズマジックアカデミー2（●）,,0,0,,,,,,,,
2003-01-01,,-,,KONAMI,セイギノヒーロー,,0,0,,,,,,,,
2003-01-01,,-,,KONAMI,"drummania 10thMIX（●）",,0,0,,,,,,,,
2003-01-01,,-,,KONAMI,"beatmania IIDX 10th style",,0,0,,,,,,,,
2003-01-01,,-,,KONAMI,"beatmania IIDX 11 IIDX RED",,0,0,,,,,,,,
2003-01-01,,-,,KONAMI,"pop'n music 11（●）",,0,0,,,,,,,,
2003-01-01,,-,,KONAMI,"pop'n music 12 いろは（●）",,0,0,,,,,,,,
2003-01-01,,-,,KONAMI,麻雀格闘倶楽部3（●）,,0,0,,,,,,,,
2003-01-01,,-,,KONAMI,"WRESTLE ARENA BATTLE CLIMAXX!（●）",,0,0,,,,,,,,
2005-01-01,,-,,KONAMI,"GuitarFreaks V（●）",,0,0,,,,,,,,
2005-01-01,,-,,KONAMI,"GuitarFreaks V2（●）",,0,0,,,,,,,,
2005-01-01,,-,,KONAMI,クイズマジックアカデミー3（●）,,0,0,,,,,,,,
2005-01-01,,-,,KONAMI,スリルドライブ3,,0,0,,,,,,,,
2005-01-01,,-,,KONAMI,DANCE86.4（ダンスやろーよ）,,0,0,,,,,,,,
2005-01-01,,-,,KONAMI,Toy'sMarch,,0,0,,,,,,,,
2005-01-01,,-,,KONAMI,Toy'sMarch2,,0,0,,,,,,,,
2005-01-01,,-,,KONAMI,"DrumMania V（●）",,0,0,,,,,,,,
2005-01-01,,-,,KONAMI,"DrumMania V2（●）",,0,0,,,,,,,,
2005-01-01,,-,,KONAMI,"beatmania IIDX 12 HAPPY SKY",,0,0,,,,,,,,
2005-01-01,,-,,KONAMI,"ビシバシチャンプオンライン 〜笑撃の全国対戦!?〜（●）",,0,0,,,,,,,,
2005-01-01,,-,,KONAMI,"BASEBALL HEROES（●）",,0,0,,,,,,,,
2005-01-01,,-,,KONAMI,"ペイントボールマニア - 数度のロケテストを経て未発売",,0,0,,,,,,,,
2005-01-01,,-,,KONAMI,"pop'n music 13 カーニバル（●）",,0,0,,,,,,,,
2005-01-01,,-,,KONAMI,麻雀格闘倶楽部4（●）,,0,0,,,,,,,,
2005-01-01,,-,,KONAMI,"WRESTLE ARENA BATTLE CLIMAXX! 2 プロレス頂上決戦（●）",,0,0,,,,,,,,
2006-01-01,,-,,KONAMI,"GuitarFreaks V3（●）",,0,0,,,,,,,,
2006-01-01,,-,,KONAMI,"スリルドライブ4 - ロケテストのみで発売中止",,0,0,,,,,,,,
2006-01-01,,-,リズムゲーム,KONAMI,"Dance Dance Revolution SuperNOVA（●）",,0,0,,,,,,,,
2006-01-01,,-,,KONAMI,投球王国ガシャーン（●）,,0,0,,,,,,,,
2006-01-01,,-,,KONAMI,"DrumMania V3（●）",,0,0,,,,,,,,
2006-01-01,,-,,KONAMI,"beatmania IIDX 13 DistorteD",,0,0,,,,,,,,
2006-01-01,,-,,KONAMI,"BASEBALL HEROES 2（●）",,0,0,,,,,,,,
2006-01-01,,-,,KONAMI,脳開発研究所クルクルラボ（●）,,0,0,,,,,,,,
2006-01-01,,-,,KONAMI,NOVAうさぎのゲームde留学!?（●）,,0,0,,,,,,,,
2006-01-01,,-,,KONAMI,"pop'n music 14 FEVER!（●）",,0,0,,,,,,,,
2006-01-01,,-,,KONAMI,麻雀格闘倶楽部5（●）,,0,0,,,,,,,,
2006-01-01,,-,,KONAMI,"WORLD SOCCER Winning Eleven 2006 ARCADE CHAMPIONSHIP（●）",,0,0,,,,,,,,
2007-01-01,,-,,KONAMI,オトメディウス（●）,,0,0,,,,,,,,
2007-01-01,,-,,KONAMI,"GuitarFreaks V4 Rock×Rock（●）",,0,0,,,,,,,,
2007-01-01,,-,,KONAMI,クイズマジックアカデミー4（●）,,0,0,,,,,,,,
2007-01-01,,-,,KONAMI,"SILENT HILL THE ARCADE（●）",,0,0,,,,,,,,
2007-01-01,,-,リズムゲーム,KONAMI,"Dance Dance Revolution SuperNOVA 2（●）",,0,0,,,,,,,,
2007-01-01,,-,,KONAMI,"DrumManiaV4 Rock×Rock（●）",,0,0,,,,,,,,
2007-01-01,,-,,KONAMI,"beatmania IIDX 14 GOLD",,0,0,,,,,,,,
2007-01-01,,-,,KONAMI,"beatmania IIDX 15 DJ TROOPERS",,0,0,,,,,,,,
2007-01-01,,-,,KONAMI,"BASEBALL HEROES 3（●）",,0,0,,,,,,,,
2007-01-01,,-,,KONAMI,"pop'n music 15 ADVENTURE（●）",,0,0,,,,,,,,
2007-01-01,,-,,KONAMI,麻雀格闘倶楽部6（●）,,0,0,,,,,,,,
2008-01-01,,-,,KONAMI,アクション刑事（●）,,0,0,,,,,,,,
2008-01-01,,-,,KONAMI,"GuitarFreaks V5 Rock to Infinity（●）",,0,0,,,,,,,,
2008-01-01,,-,,KONAMI,クイズマジックアカデミー5（●）,,0,0,,,,,,,,
2008-01-01,,-,,KONAMI,"GTIクラブ スーパーミニ・フェスタ!（●）",,0,0,,,,,,,,
2008-01-01,,-,リズムゲーム,KONAMI,"Dance Dance Revolution X（●）",,0,0,,,,,,,,
2008-01-01,,-,,KONAMI,"DrumMania V5 Rock to Infinity（●）",,0,0,,,,,,,,
2008-01-01,,-,,KONAMI,のびてけ!ビョンビョン大作戦（●）,,0,0,,,,,,,,
2008-01-01,,-,,KONAMI,"beatmania IIDX 16 EMPRESS",,0,0,,,,,,,,
2008-01-01,,-,,KONAMI,"BASEBALL HEROES 2008 制覇（●）",,0,0,,,,,,,,
2008-01-01,,-,,KONAMI,"ブレイブヒーローズ（●） - ロケテストのみ、未発売",,0,0,,,,,,,,
2008-01-01,,-,,KONAMI,HORSERIDERS（●）,,0,0,,,,,,,,
2008-01-01,,-,,KONAMI,"pop'n music 16 PARTY♪（●）",,0,0,,,,,,,,
2008-01-01,,-,,KONAMI,麻雀格闘倶楽部7（●）,,0,0,,,,,,,,
2008-01-01,,-,,KONAMI,"遊戯王ゼアル デュエルターミナル",,0,0,,,,,,,,
2008-01-01,,-,,KONAMI,jubeat（●）,,0,0,,,,,,,,
2008-01-01,,-,,KONAMI,"WORLD SOCCER Winning Eleven ARCADE CHAMPIONSHIP 2008（●）",,0,0,,,,,,,,
2009-01-01,,-,,KONAMI,"悪魔城ドラキュラ THE ARCADE（●）",,0,0,,,,,,,,
2009-01-01,,-,,KONAMI,"GuitarFreaks V6 BLAZING!!!!（●）",,0,0,,,,,,,,
2009-01-01,,-,,KONAMI,クイズマジックアカデミー6（●）,,0,0,,,,,,,,
2009-01-01,,-,,KONAMI,ザ★ビシバシ（●）,,0,0,,,,,,,,
2009-01-01,,-,,KONAMI,"投球王国ガシャーン おかわり（●）",,0,0,,,,,,,,
2009-01-01,,-,,KONAMI,"DrumMania V6 BLAZING!!!!（●）",,0,0,,,,,,,,
2009-01-01,,-,,KONAMI,"beatmania IIDX 17 SIRIUS",,0,0,,,,,,,,
2009-01-01,,-,,KONAMI,"BASEBALL HEROES 2009 覇者（●）",,0,0,,,,,,,,
2009-01-01,,-,,KONAMI,HORSERIDERS2（●）,,0,0,,,,,,,,
2009-01-01,,-,,KONAMI,"pop'n music 17 THE MOVIE（●）",,0,0,,,,,,,,
2009-01-01,,-,,KONAMI,"麻雀格闘倶楽部 我龍転生（●）",,0,0,,,,,,,,
2009-01-01,,-,,KONAMI,モーキャップスポーツ（●）,,0,0,,,,,,,,
2009-01-01,,-,,KONAMI,"jubeat ripples（●）",,0,0,,,,,,,,
2010-01-01,,-,,KONAMI,オンガクパラダイス（●）,,0,0,,,,,,,,
2010-01-01,,-,,KONAMI,"GuitarFreaks XG（●）",,0,0,,,,,,,,
2010-01-01,,-,,KONAMI,"GuitarFreaks V7（●）",,0,0,,,,,,,,
2010-01-01,,-,,KONAMI,クイズマジックアカデミー7（●）,,0,0,,,,,,,,
2010-01-01,,-,リズムゲーム,KONAMI,"Dance Dance Revolution X2（●）",,0,0,,,,,,,,
2010-01-01,,-,,KONAMI,"DJMAX TECHNIKA",PENTAVISION,0,0,,,,,,,,
2010-01-01,,-,,KONAMI,天下一将棋会（●）,,0,0,,,,,,,,
2010-01-01,,-,,KONAMI,"DrumMania XG（●）",,0,0,,,,,,,,
2010-01-01,,-,,KONAMI,"DrumMania V7（●）",,0,0,,,,,,,,
2010-01-01,,-,,KONAMI,"beatmania IIDX 18 Resort Anthem",,0,0,,,,,,,,
2010-01-01,,-,,KONAMI,"BASEBALL HEROES 2010 WINNER（●）",,0,0,,,,,,,,
2010-01-01,,-,,KONAMI,"pop'n music 18 せんごく列伝（●）",,0,0,,,,,,,,
2010-01-01,,-,,KONAMI,"pop'n music 19 TUNE STREET（●）",,0,0,,,,,,,,
2010-01-01,,-,,KONAMI,"麻雀格闘倶楽部 ultimate version（●）",,0,0,,,,,,,,
2010-01-01,,-,,KONAMI,"METAL GEAR ARCADE（●）",,0,0,,,,,,,,
2010-01-01,,-,,KONAMI,"遊戯王ゼアル デュエルターミナル NEXT",,0,0,,,,高橋和希(原案)|高谷浩利(メインキャラクター)|原田大基|大輪充,"Conisch|蓑部雄崇|福田康文(第10話 -)|森脇正敏|中村和宏(第124話 -)",吉田伸,,
2010-01-01,,-,,KONAMI,"jubeat knit（●）",,0,0,,,,,,,,
2010-01-01,,-,,KONAMI,"REFLEC BEAT（●）",,0,0,,,,,,,,
2010-01-01,,-,,KONAMI,ロードファイターズ（●）,,0,0,,,,,,,,
2010-01-01,,-,,KONAMI,"WORLD SOCCER Winning Eleven ARCADE CHAMPIONSHIP 2010（●）",,0,0,,,,,,,,
2011-01-01,,-,,KONAMI,"GuitarFreaks XG2 Groove to Live（●）",,0,0,,,,,,,,
2011-01-01,,-,,KONAMI,"GuitarFreaks V8（●）",,0,0,,,,,,,,
2011-01-01,,-,,KONAMI,クイズマジックアカデミー8（●）,,0,0,,,,,,,,
2011-01-01,,-,,KONAMI,スティールクロニクル（●）,,0,0,,,,,,,,
2011-01-01,,-,リズムゲーム,KONAMI,"Dance Dance Revolution X3 VS 2ndMIX（●）",,0,0,,,,,,,,
2011-01-01,,-,,KONAMI,"DrumMania XG2 Groove to Live（●）",,0,0,,,,,,,,
2011-01-01,,-,,KONAMI,"DrumMania V8（●）",,0,0,,,,,,,,
2011-01-01,,-,,KONAMI,"日本将棋連盟公認 天下一将棋会2（●）",,0,0,,,,,,,,
2011-01-01,,-,,KONAMI,"HELLO! POP'N MUSIC（●）",,0,0,,,,,,,,
2011-01-01,,-,,KONAMI,"beatmania IIDX 19 Lincle",,0,0,,,,,,,,
2011-01-01,,-,,KONAMI,"BASEBALL HEROES 2011 SHINE STAR（●）",,0,0,,,,,,,,
2011-01-01,,-,,KONAMI,ぼくのでんしゃ,,0,0,,,,,,,,
2011-01-01,,-,,KONAMI,"pop'n music 20 fantasia（●）",,0,0,,,,,,,,
2011-01-01,,-,,KONAMI,"麻雀格闘倶楽部 ultimate version 〜絆の章〜（●）",,0,0,,,,,,,,
2011-01-01,,-,,KONAMI,"jubeat copious（●）",,0,0,,,,,,,,
2011-01-01,,-,,KONAMI,"ラブプラス アーケード カラフル Clip（●）",,0,0,,,,,あり,,,
2011-01-01,,-,,KONAMI,"REFLEC BEAT limelight（●）",,0,0,,,,,,,,
2011-01-01,,-,,KONAMI,"WORLD SOCCER Winning Eleven ARCADE CHAMPIONSHIP 2012（●）",,0,0,,,,,,,,
2012-01-01,,-,,KONAMI,"GuitarFreaks XG3（●）",,0,0,,,,,,,,
2012-01-01,,-,,KONAMI,"クイズマジックアカデミー 賢者の扉（●）",,0,0,,,,,,,,
2012-01-01,,-,,KONAMI,"GOD STONE（●）- ロケテストのみ、未発売",,0,0,,,,,,,,
2012-01-01,,-,,KONAMI,"SOUND VOLTEX BOOTH（●）",,0,0,,,,,,,,
2012-01-01,,-,,KONAMI,"スティールクロニクル Be（●）",,0,0,,,,,,,,
2012-01-01,,-,リズムゲーム,KONAMI,"Dance Evolution ARCADE（●）",,0,0,,,,,,,,
2012-01-01,,-,,KONAMI,"DJMAX TECHNIKA2",PENTAVISION,0,0,,,,,,,,
2012-01-01,,-,,KONAMI,"DrumMania XG3（●）",,0,0,,,,,,,,
2012-01-01,,-,,KONAMI,"beatmania IIDX 20 tricoro",,0,0,,,,,,,,
2012-01-01,,-,,KONAMI,"BASEBALL HEROES 2012（●）",,0,0,,,,,,,,
2012-01-01,,-,,KONAMI,"pop'n music Sunny Park（●）",,0,0,,,,,,,,
2012-01-01,,-,,KONAMI,"麻雀格闘倶楽部 NEXT（●）",,0,0,,,,,,,,
2012-01-01,,-,,KONAMI,"モンスター烈伝 オレカバトル（●）",,0,0,,,,大森真美,コナミデジタルエンタテインメント,コナミデジタルエンタテインメント,,
2012-01-01,,-,,KONAMI,"jubeat saucer（●）",,0,0,,,,,,,,
2012-01-01,,-,,KONAMI,"REFLEC BEAT colette（●）",,0,0,,,,,,,,
2013-01-01,,-,,KONAMI,"GITADORA GuitarFreaks（●）",,0,0,,,,,,,,
2013-01-01,,-,,KONAMI,"GITADORA DrumMania（●）",,0,0,,,,,,,,
2013-01-01,,-,,KONAMI,"クイズマジックアカデミー 賢者の扉 Season2（●）",,0,0,,,,,,,,
2013-01-01,,-,,KONAMI,"SOUND VOLTEX II -infinite infection-（●）",,0,0,,,,,,,,
2013-01-01,,-,,KONAMI,"スティールクロニクル Be XROSS ARMS（●）",,0,0,,,,,,,,
2013-01-01,,-,,KONAMI,"スティールクロニクル ヴィクトルーパーズ（●）",,0,0,,,,,,,,
2013-01-01,,-,リズムゲーム,KONAMI,"Dance Dance Revolution（●）",,0,0,,,,,,,,
2013-01-01,,-,,KONAMI,ドラゴンコレクション（●）,,0,0,,,,吉原達矢,"大橋恵 / 都田和志|Keiko",コナミデジタルエンタテインメント,,
2013-01-01,,-,,KONAMI,"beatmania IIDX 21 SPADA",,0,0,,,,,,,,
2013-01-01,,-,,KONAMI,"BASEBALL HEROES 2013（●）",,0,0,,,,,,,,
2013-01-01,,-,,KONAMI,"麻雀格闘倶楽部 頂の陣（●）",,0,0,,,,,,,,
2013-01-01,,-,,KONAMI,ミライダガッキ（●）,,0,0,,,,,,,,
2013-01-01,,-,,KONAMI,"ミライダガッキ Ver.2（●）",,0,0,,,,,,,,
2013-01-01,,-,,KONAMI,"WORLD SOCCER Winning Eleven ARCADE CHAMPIONSHIP 2014（●）",,0,0,,,,,,,,
2014-01-01,,-,,KONAMI,アルティメットストライカー,,0,0,,,,,,,,
2014-01-01,,-,,KONAMI,"GITADORA OverDrive GuitarFreaks（●）",,0,0,,,,,,,,
2014-01-01,,-,,KONAMI,"GITADORA OverDrive DrumMania（●）",,0,0,,,,,,,,
2014-01-01,,-,,KONAMI,"クイズマジックアカデミー 天の学舎（●）",,0,0,,,,,,,,
2014-01-01,,-,,KONAMI,"SILENT SCOPE BONE-EATER（●）",,0,0,,,,,,,,
2014-01-01,,-,,KONAMI,"SOUND VOLTEX III GRAVITY WARS（●）",,0,0,,,,,,,,
2014-01-01,,-,野球,KONAMI,真剣勝負!プロ野球ドリームスタジアム,,0,0,,,,,,,,
2014-01-01,,-,,KONAMI,SCOTTO,,0,0,,,,,,,,
2014-01-01,,-,,KONAMI,"スティールクロニクル ガーネッシュ（●）- ロケテストのみ、未発売",,0,0,,,,,,,,
2014-01-01,,-,,KONAMI,BeatStream（●）,,0,0,,,,,,,,
2014-01-01,,-,,KONAMI,"beatmania IIDX 22 PENDUAL（●）",,0,0,,,,,,,,
2014-01-01,,-,,KONAMI,"BASEBALL HEROES 2014（●）",,0,0,,,,,,,,
2014-01-01,,-,,KONAMI,"pop'n music ラピストリア（●）",,0,0,,,,,,,,
2014-01-01,,-,,KONAMI,"麻雀格闘倶楽部 彩の華（●）",,0,0,,,,,,,,
2014-01-01,,-,,KONAMI,"jubeat saucer fulfill（●）",,0,0,,,,,,,,
2014-01-01,,-,,KONAMI,"REFLEC BEAT groovin'!!（●）",,0,0,,,,,,,,
2014-01-01,,-,,KONAMI,"REFLEC BEAT groovin'!! Upper（●）",,0,0,,,,,,,Mr.Children,
2015-01-01,,-,,KONAMI,オトカ♥ドール,,0,0,,,,,,,,
2015-01-01,,-,,KONAMI,"GITADORA Tri-Boost GuitarFreaks",,0,0,,,,,,,,
2015-01-01,,-,,KONAMI,"GITADORA Tri-Boost DrumMania",,0,0,,,,,,,,
2015-01-01,,-,,KONAMI,"クイズマジックアカデミー 暁の鐘",,0,0,,,,,,,,
2015-01-01,,-,,KONAMI,"ディズニー ツムツム",,0,0,,,,,,,,
2015-01-01,,-,,KONAMI,"BeatStream アニムトライヴ",,0,0,,,,,,,,
2015-01-01,,-,,KONAMI,"beatmania IIDX 23 copula（●）",,0,0,,,,,,,,
2015-01-01,,-,,KONAMI,"pop'n music éclale（●）",,0,0,,,,,,,,
2015-01-01,,-,,KONAMI,MÚSECA,,0,0,,,,,,,,
2015-01-01,,-,,KONAMI,"モンスターストライク MULTI BURST",,0,0,,,,,,,,
2015-01-01,,-,,KONAMI,"jubeat prop",,0,0,,,,,,,,
2015-01-01,,-,,KONAMI,"REFLEC BEAT VOLZZA（●）",,0,0,,,,,,,,
2016-01-01,,-,,KONAMI,おといろは,,0,0,,,,,,,,
2016-01-01,,-,,KONAMI,"GITADORA Tri-Boost Re:EVOLVE GuitarFreaks（●）",,0,0,,,,,,,,
2016-01-01,,-,,KONAMI,"GITADORA Tri-Boost Re:EVOLVE DrumMania（●）",,0,0,,,,,,,,
2016-01-01,,-,,KONAMI,"クイズマジックアカデミー トーキョーグリモワール",,0,0,,,,,,,,
2016-01-01,,-,,KONAMI,"SOUND VOLTEX IV HEAVENLY HAVEN（●）",,0,0,,,,,,,,
2016-01-01,,-,野球,KONAMI,"実況パワフルプロ野球 BALL☆SPARK",,0,0,,,,,,,,
2016-01-01,,-,リズムゲーム,KONAMI,"Dance Dance Revolution A",,0,0,,,,,,,,
2016-01-01,,-,,KONAMI,"beatmania IIDX 24 SINOBUZ",,0,0,,,,,,,,
2016-01-01,,-,,KONAMI,"pop'n music うさぎと猫と少年の夢",,0,0,,,,,,,,
2016-01-01,,-,,KONAMI,"麻雀格闘倶楽部 ZERO（●）",,0,0,,,,,,,,
2016-01-01,,-,,KONAMI,"MÚSECA 1+1/2（●）",,0,0,,,,,,,,
2016-01-01,,-,,KONAMI,"jubeat Qubell",,0,0,,,,,,,,
2016-01-01,,-,,KONAMI,"REFLEC BEAT VOLZZA 2（●）",,0,0,,,,,,,,
2016-01-01,,-,,KONAMI,"REFLEC BEAT 悠久のリフレシア（●）",,0,0,,,,,,,Mr.Children,
2017-01-01,,-,,KONAMI,"GITADORA Matixx GuitarFreaks（●）",,0,0,,,,,,,,
2017-01-01,,-,,KONAMI,"GITADORA Matixx DrumMania（●）",,0,0,,,,,,,,
2017-01-01,,-,,KONAMI,"クイズマジックアカデミー THE WORLD EVOLVE",,0,0,,,,,,,,
2017-01-01,,-,,KONAMI,ノスタルジア,,0,0,,,,,,,,
2017-01-01,,-,,KONAMI,"ノスタルジア FORTE（●）",,0,0,,,,,,,,
2017-01-01,,-,,KONAMI,"beatmania IIDX 25 CANNON BALLERS",,0,0,,,,,,,,
2017-01-01,,-,,KONAMI,"麻雀格闘倶楽部 豪華絢爛（●）",,0,0,,,,,,,,
2017-01-01,,-,,KONAMI,"jubeat clan（●）",,0,0,,,,,,,,
2018-01-01,,-,,KONAMI,"GITADORA EXCHAIN GuitarFreaks（●）",,0,0,,,,,,,,
2018-01-01,,-,,KONAMI,"GITADORA EXCHAIN DrumMania（●）",,0,0,,,,,,,,
2018-01-01,,-,,KONAMI,"クイズマジックアカデミー MAXIVCORD",,0,0,,,,,,,,
2018-01-01,,-,リズムゲーム,KONAMI,"DANCERUSH STARDOM",,0,0,,,,,,,,
2018-01-01,,-,,KONAMI,"ノスタルジア Op.2（●）",,0,0,,,,,,,,
2018-01-01,,-,,KONAMI,"beatmania IIDX 26 Rootage（●）",,0,0,,,,,,,,
2018-01-01,,-,,KONAMI,ビシバシCHANNEL,,0,0,,,,,,,,
2018-01-01,,-,,KONAMI,"BASEBALL COLLECTION（●）",,0,0,,,,,,,,
2018-01-01,,-,,KONAMI,"pop'n music peace（●）",,0,0,,,,,,,,
2018-01-01,,-,,KONAMI,ボンバーガール,,0,0,,,,,,,,
2018-01-01,,-,,KONAMI,"麻雀格闘倶楽部 GRAND MASTER（●）",,0,0,,,,,,,,
2018-01-01,,-,,KONAMI,"jubeat festo（●）",,0,0,,,,,,,,
2019-01-01,,-,,KONAMI,"GITADORA NEX+AGE GuiterFreaks（●）",,0,0,,,,,,,,
2019-01-01,,-,,KONAMI,"GITADORA NEX+AGE DrumMania（●）",,0,0,,,,,,,,
2019-01-01,,-,,KONAMI,"クイズマジックアカデミー 軌跡の交叉 -Xross Voyage-",,0,0,,,,,,,,
2019-01-01,,-,,KONAMI,"SOUND VOLTEX VIVID WAVE（●）",,0,0,,,,,,,,
2019-01-01,,-,リズムゲーム,KONAMI,"Dance Dance Revolution A20",,0,0,,,,,,,,
2019-01-01,,-,,KONAMI,"ノスタルジア Op.3（●）",,0,0,,,,,,,,
2019-01-01,,-,,KONAMI,"beatmania IIDX 27 HEROIC VERSE",,0,0,,,,,,,,
2019-01-01,,-,,KONAMI,"BASEBALL COLLECTION SEASON 2019（●）",,0,0,,,,,,,,
2020-01-01,,-,,KONAMI,"クイズマジックアカデミー 輝望の刻（●）",,0,0,,,,,,,,
2020-01-01,,-,リズムゲーム,KONAMI,"Dance Dance Revolution A20 PLUS（●）",,0,0,,,,,,,,
2020-01-01,,-,,KONAMI,"beatmania IIDX 28 BISTROVER（●）",,0,0,,,,,,,,
2020-01-01,,-,,KONAMI,"武装神姫アーマードプリンセス バトルコンダクター（●）",,0,0,,,,,,,,
2020-01-01,,-,,KONAMI,"BASEBALL COLLECTION SEASON 2020（●）",,0,0,,,,,,,,
2020-01-01,,-,,KONAMI,"pop'n music 解明リドルズ（●）",,0,0,,,,,,,,
2020-01-01,,-,,KONAMI,"麻雀格闘倶楽部 疾風（●）",,0,0,,,,,,,,
2021-01-01,,-,,KONAMI,"GITADORA HIGH-VOLTAGE GuiterFreaks（●）",,0,0,,,,,,,,
2021-01-01,,-,,KONAMI,"GITADORA HIGH-VOLTAGE DrumMania（●）",,0,0,,,,,,,,
2021-01-01,,-,,KONAMI,"クイズマジックアカデミー 夢幻の鏡界（●）",,0,0,,,,,,,,
2021-01-01,,-,,KONAMI,"SOUND VOLTEX EXCEED GEAR（●）",,0,0,,,,,,,,
2021-01-01,,-,,KONAMI,"beatmania IIDX 29 CastHour（●）",,0,0,,,,,,,,
2021-01-01,,-,,KONAMI,"BASEBALL COLLECTION SEASON 2021（●）",,0,0,,,,,,,,
2022-01-01,,-,,KONAMI,"GITADORA FUZZ-UP GuiterFreaks（●）",,0,0,,,,,,,,
2022-01-01,,-,,KONAMI,"GITADORA FUZZ-UP DrumMania（●）",,0,0,,,,,,,,
2022-01-01,,-,,KONAMI,"QuizKnock STADIUM",,0,0,,,,,,,,
2022-01-01,,-,リズムゲーム,KONAMI,"DANCE aROUND",,0,0,,,,,,,,
2022-01-01,,-,リズムゲーム,KONAMI,"Dance Dance Revolution A3（●）",,0,0,,,,,,,,
2022-01-01,,-,,KONAMI,チェイスチェイスジョーカーズ（●）,,0,0,,,,,,,,
2022-01-01,,-,,KONAMI,"beatmania IIDX 30 RESIDENT（●）",,0,0,,,,,,,,
2022-01-01,,-,,KONAMI,"BASEBALL COLLECTION SEASON 2022（●）",,0,0,,,,,,,,
2022-01-01,,-,,KONAMI,"pop'n music UniLab（●）",,0,0,,,,,,,,
2022-01-01,,-,,KONAMI,"ボンバーガール レインボー（●）",,0,0,,,,,,,,
2022-01-01,,-,,KONAMI,"麻雀格闘倶楽部 Extreme（●）",,0,0,,,,,,,,
2022-01-01,,-,,KONAMI,"jubeat Ave.（●）",,0,0,,,,,,,,
2023-01-01,,-,,KONAMI,"クイズマジックアカデミー 黄金の道標（●）",,0,0,,,,,,,,
2023-01-01,,-,,KONAMI,"beatmania IIDX 31 EPOLIS",,0,0,,,,,,,,
2023-01-01,,-,,KONAMI,麻雀ファイトガール,,0,0,,,,,,,,
2023-01-01,,-,,KONAMI,"jubeat beyond the Ave.（●）",,0,0,,,,,,,,
2024-01-01,,-,,KONAMI,"GITADORA GALAXY WAVE GuiterFreaks（●）",,0,0,,,,,,,,
2024-01-01,,-,,KONAMI,"GITADORA GALAXY WAVE DrumMania（●）",,0,0,,,,,,,,
2024-01-01,,-,リズムゲーム,KONAMI,"Dance Dance Revolution WORLD",,0,0,,,,,,,,
2024-01-01,,-,,KONAMI,"beatmania IIDX 32 Pinky Crush",,0,0,,,,,,,,
2024-01-01,,-,,KONAMI,"pop'n music Jam&Fizz",,0,0,,,,,,,,
2024-01-01,,-,,KONAMI,ポラリスコード,,0,0,,,,,,,,
1984-05-01,,-,,CAPCOM,バルガス,,0,0,,,,,,,,
1984-07-01,,-,,CAPCOM,ソンソン,,0,0,,,藤中博和,岡本吉起,河本圭代|森安也子,,,
1984-09-17,,-,,CAPCOM,ひげ丸,,0,0,,,有馬俊夫,藤原得郎,河本圭代|森安也子,,,
1984-12-01,,-,,CAPCOM,1942,,0,0,,,,,,,,
1985-02-01,,-,,CAPCOM,エグゼドエグゼス,,0,0,,,青木隆,岡本吉起,河本圭代,,,
1985-05-01,,-,,CAPCOM,"戦場の狼CommandoSpace Invasion",,0,0,,,,,,,,
1985-09-01,,-,,CAPCOM,"魔界村Ghosts'n Goblins",,0,0,,,,,,,,
1985-11-01,,-,,CAPCOM,ガンスモーク,,0,0,,,青木隆,岡本吉起|岡本吉起|船水紀孝|倉本幸代,森安也子,,,
1985-12-01,,-,,CAPCOM,セクションZ,,0,0,,,有馬俊夫,西山隆志,河本圭代,,,
1986-04-01,,-,,CAPCOM,闘いの挽歌Trojan,,0,0,,,,,,,,
1986-09-01,,-,,CAPCOM,"ラッシュ&クラッシュThe Speed Rumbler",,0,0,,,,,,,,
1986-11-01,,-,,CAPCOM,"アレスの翼Legendary Wings",,0,0,,,,,,,,
1986-12-01,,-,,CAPCOM,サイドアーム,,0,0,,,,,,,,
1987-02-01,,-,,CAPCOM,必殺無頼拳Avengers,,0,0,,,,,,,,
1987-03-01,,-,,CAPCOM,"トップシークレットBionic Commando",,0,0,,,,,,,,
1987-06-01,,-,SHT-TOP,CAPCOM,"1943 ミッドウェイ海戦",,0,0,,,BLBON,船水紀孝|岡本吉起|城戸美樹|河本憲孝,山鹿久美,,岡本吉起,
1987-08-20,,-,FTG,CAPCOM,ストリートファイター,,0,0,,,,,,,,
1987-09-01,,-,,CAPCOM,"ブラックドラゴンBlack Tiger",,0,0,,,,,,,,
1987-11-01,,-,,CAPCOM,"虎への道Tiger Road",,0,0,,,,,,,,
1988-04-01,,-,,CAPCOM,F1ドリーム,,0,0,,,,,松前真奈美,,,
1988-06-01,,-,SHT-TOP,CAPCOM,"1943改 ミッドウェイ海戦",,0,0,,,BLBON,"船水紀孝|DECHIKUN|佐藤直子|MIKI CHAN|河本憲孝|AHO NO SAKATA",坂口義弘|民谷淳子|松前真奈美|藤田晴美,,岡本吉起,
1988-07-01,,CPシステム1,,CAPCOM,"ロストワールドForgotten Worlds",,0,0,,,,,,,,
1988-12-14,,CPシステム1,ACT-SIDE,CAPCOM,"大魔界村Ghouls'n Ghosts",,0,0,,,,,,,,
1988-01-01,,-,,CAPCOM,カプコンボウリング,"Incredible Technologies",0,0,,,,,,,,
1988-07-01,,-,,CAPCOM,"ラストデュエルLast Duel",,0,0,,,,,,,,
1989-12-01,,-,,CAPCOM,"マッドギアLED Storm",,0,0,,,,,,,,
1989-03-07,,CPシステム1,ACT-SIDE,CAPCOM,ストライダー飛竜Strider,,0,0,,,,,,,,
1989-03-01,,-,,CAPCOM,ドカベン,,0,0,,,,近藤英輔|小華和ためお,菊池俊輔,,,
1989-04-19,,CPシステム1,ACT-SIDE,CAPCOM,"天地を喰らうDynasty Wars",,0,0,,,,,,,,
1989-06-01,,CPシステム1,,CAPCOM,WILLOW,,0,0,,,,,,,,
1989-08-15,,-,,CAPCOM,ドカベン2,,0,0,,,,近藤英輔|小華和ためお,菊池俊輔,,,
1989-08-01,,CPシステム1,野球,CAPCOM,"CAPCOMベースボール 助っ人外人大暴れ!",,0,0,,,,,,,,
1989-10-15,,-,,CAPCOM,"ポンピングワールドPangBuster Bros.",,0,0,,,,,,,,
1989-11-01,,-,ACT-SIDE,CAPCOM,ファイナルファイト,ミッチェル,0,0,,,金子清巳|上山真一|Tomiyan|Yokoyan,西谷亮|安田朗,藤田晴美|藤田靖明|松前真奈美|坂口由洋|下村陽子|高岡宏光|民谷淳子,,岡本吉起,
1989-11-01,,-,,CAPCOM,"アドベンチャークイズ カプコンワールド",,0,0,,,,,,,,
1990-11-20,,-,,CAPCOM,マッドドッグマックリー,,0,0,,,,,,,,
1990-02-01,,CPシステム1,,CAPCOM,"1941 Counter Attack",,0,0,,岡本吉起,MAKKOW|BABEL-2|新留義博,船水紀孝|REKITE|あきまん,高岡宏光,,,
1990-03-26,,-,,CAPCOM,"アドベンチャークイズ2 ハテナ?の大冒険",,0,0,,,やまのうちかずまさ|山脇和男|N.KOJIMA,C.KANEMITSU|さくらいまさお|木佐貫久司|木嶋美紀|鵜飼敏|小林美保|Y.KATAYAMA,坂口由洋|後藤真奈美|民谷淳子|G.MORITA|下村陽子|高岡宏光,,,
1990-04-04,,CPシステム1,,CAPCOM,戦場の狼IIMERCS,,0,0,,,,,,,,
1990-06-28,,CPシステム1,,CAPCOM,"チキチキボーイズMega Twins",,0,0,,,,,,,,
1990-07-30,,CPシステム1,,CAPCOM,マジックソード,,0,0,,,江川陽一|綱崎裕三|岡田成司|Y.ORONISHI,大西嘉美|貞本友思|岡本吉起|栗原明美|きたやまけいこ|E.NISHIHARA|貞本友思,後藤真奈美,,,
1990-10-01,,CPシステム1,,CAPCOM,U.S.NAVY,,0,0,,船水紀孝,,新谷さゆり|坂下眞司|倉谷栄治,松前真奈美,,岡本吉起,
1990-11-01,,-,,CAPCOM,スーパーパン,,0,0,,,,宮本茂,近藤浩治,,竹田玄洋,
1990-12-01,,CPシステム1,,CAPCOM,ニモ,,0,0,,,,,,,,
1991-01-01,,-,,CAPCOM,クイズ殿様の野望,,0,0,,,松嶋延幸|中井一仁,"飯島哲也|C.KANEMITSU|M.OKAZAKI|KITASAN|MARILYN HIGUCHI",松前真奈美|GIPS.PAPA,,岡本吉起,
1991-03-07,,-,FTG,CAPCOM,ストリートファイターII,,0,0,,西谷亮,,西谷亮(NIN)|安田朗(AKIMAN),下村陽子|阿部功,,岡本吉起,
1991-04-01,,-,,CAPCOM,あした天気になあれ,,0,0,,,,,,,,
1991-05-01,,-,,CAPCOM,ATAXX（英語版）,,0,0,,,,,,,,
1991-05-01,,-,,CAPCOM,"クイズ三國志 知略の覇者",,0,0,,,松嶋延幸|中井一仁,飯島哲也|C.KANEMITSU,阿部功|BULL|GIPS.PAPA,,岡本吉起,
1991-09-04,,CPシステム1,,CAPCOM,ザ・キングオブドラゴンズ,,0,0,,,,,下村陽子|里村由紀|西垣俊,,,
1991-07-01,,CPシステム1,,CAPCOM,ワンダー3,,0,0,,久原鉄秀|SAISAI,"SAIKO YUKI|CKY",,泉谷雅樹,,岡本吉起,
1991-11-01,,CPシステム1,ACT-SIDE,CAPCOM,キャプテンコマンドー,,0,0,,,江川陽一|横山顕広|上野智弘|吉住延也,安田朗|大野純一|栗原明美|おうじよしあき|中村会里,泉谷雅樹,,,
1991-11-01,,-,,CAPCOM,ブロックブロック,,0,0,,,,,,,,
1992-01-30,,CPシステム1,ACT-SIDE,CAPCOM,"ナイツ オブ ザ ラウンド",,0,0,,,綱崎裕三,,阿部功,,,
1992-04-01,,-,FTG,CAPCOM,ストリートファイターII',,0,0,,西谷亮,,西谷亮(NIN)|安田朗(AKIMAN),下村陽子|阿部功,,岡本吉起,
1992-07-01,,-,,CAPCOM,VARTH,,0,0,,".mw-parser-output .plainlist--only-child>ol|.mw-parser-output .plainlist--only-child>ul{line-height:inherit;list-style:none none;margin:0;padding-left:0}.mw-parser-output .plainlist--only-child>ol li|.mw-parser-output .plainlist--only-child>ul li{margin-bottom:0}岡本吉起船水紀孝西谷亮",,,泉谷雅樹下村陽子梶野俊夫,,岡本吉起,
1992-09-01,,-,,CAPCOM,"アドベンチャークイズ カプコンワールド2",,0,0,,,,,,,,
1992-11-01,,-,ACT-SIDE,CAPCOM,"天地を喰らうII 赤壁の戦い",,0,0,,,新留義博,船水紀孝|福本容子|京谷有紀|竹尾圭代|西尾仁志|はやしたかし|陰山みずほ|山本祐介|倉谷栄治|あきまん,泉谷雅樹|梶野俊夫,,,
1992-12-17,,-,FTG,CAPCOM,"ストリートファイターII' TURBO",,0,0,,,,安田朗(AKIMAN),下村陽子|阿部功,,岡本吉起,
1993-04-01,,-,,CAPCOM,"キャディラックス 恐竜新世紀",,0,0,,,,,,,,
1993-10-01,,CPシステム2,FTG,CAPCOM,"スーパーストリートファイターII -The New Challengers",,0,0,,西谷亮,,西谷亮(NIN)|安田朗(AKIMAN),下村陽子|阿部功,,岡本吉起,
1993-05-26,,-,ACT-SIDE,CAPCOM,パニッシャー,,0,0,,,,,,,,
1993-07-01,,-,,CAPCOM,マッスルボマー,,0,0,,,松嶋延幸,"佐渡敬|原哲夫(キャラクターデザイン)[注 1]",泉谷雅樹|梶野俊夫|西垣俊|水月陵|大内伸弘,,,
1993-12-01,,-,,CAPCOM,"マッスルボマーDuo -HEAT UP WARRIORS-",,0,0,,,,,,,,
1994-01-01,,CPシステム2,,CAPCOM,"ダンジョンズ&ドラゴンズ タワーオブドゥーム",,0,0,,,,,,,,
1994-03-01,,CPシステム2,FTG,CAPCOM,"スーパーストリートファイターII X -Grand Master Challenge-",,0,0,,西谷亮,,西谷亮(NIN)|安田朗(AKIMAN),下村陽子|阿部功,,岡本吉起,
1994-05-01,,CPシステム2,ACT-SIDE,CAPCOM,エイリアンVSプレデター,,0,0,,,,,,,,
1994-06-01,,-,,CAPCOM,"アルティメット エコロジー",,0,0,,,,,,,,
1994-07-01,,CPシステム2,FTG,CAPCOM,"ヴァンパイア The Night Warriors",,0,0,,,,,,,,
1994-09-01,,-,,CAPCOM,クイズ&ドラゴンズ,,0,0,,,,,,,,
1994-09-01,,CPシステム2,,CAPCOM,スーパーマッスルボマー,,0,0,,,,,,,,
1994-10-01,,CPシステム2,,CAPCOM,"パワード ギア",,0,0,,岡本吉起,,SENSEI(メカイラスト)|西村キヌ(キャラクターイラスト),岩井隆之,,,
1994-12-01,,CPシステム2,,CAPCOM,"エックス・メン チルドレン オブ ジ アトム",,0,0,,西谷亮,,西谷亮(NIN)|船水紀孝(POO),,,,
1994-01-01,,-,,CAPCOM,ぷにっきぃず,コンパイル,0,0,,,,,,,,
1995-03-01,,CPシステム2,FTG,CAPCOM,"ヴァンパイアハンター Darkstalkers' Revenge",,0,0,,,,,,,,
1995-04-01,,CPシステム2,,CAPCOM,サイバーボッツ,,0,0,,,,,,,,
1995-05-01,,-,,CAPCOM,"クイズ殿様の野望2 全国版",,0,0,,,松嶋延幸|中井一仁,"飯島哲也|C.KANEMITSU|M.OKAZAKI|KITASAN|MARILYN HIGUCHI",松前真奈美|GIPS.PAPA,,岡本吉起,
1995-05-01,,-,FTG,CAPCOM,"ストリートファイター ザ・ムービー",,0,0,,,,,,,,
1995-06-01,,-,,CAPCOM,"パン! 3",,0,0,,,,錦織敦史|錦織敦史(オリジナル)|コヤマシゲト|すしお|坂本勝,"☆Taku Takahashi|TeddyLoid|m-flo|他",GAINAX,,
1995-06-01,,CPシステム2,FTG,CAPCOM,ストリートファイターZERO,,0,0,,,,,,,,
1995-10-01,,-,,CAPCOM,ロックマン・ザ・パワーバトル,,0,0,,,,,,,,
1995-11-01,,-,FTG,CAPCOM,闘神伝2,,0,0,,,,,,,,
1995-11-01,,CPシステム2,FTG,CAPCOM,マーヴル・スーパーヒーローズ,,0,0,,,,,,,,
1996-01-01,,CPシステム2,,CAPCOM,"19XX -THE WAR AGAINST DESTINY-",,0,0,,,,尾畑心一朗,西垣俊|鈴木達郎,,,
1996-02-01,,CPシステム2,,CAPCOM,"ダンジョンズ&ドラゴンズ シャドーオーバーミスタラ",,0,0,,,,,,,,
1996-03-01,,CPシステム2,FTG,CAPCOM,ストリートファイターZERO2,,0,0,,,,,,,,
1996-06-01,,CPシステム2,,CAPCOM,スーパーパズルファイターIIX,,0,0,,,,,,,,
1996-07-01,,-,,CAPCOM,ロックマン2・ザ・パワーファイターズ,,0,0,,,廣門輝明|木村嘉宏|山村勇一,大小原宏治|坂下眞司|山下さとる|宮本慎弥|白浜恒紀|中田優希,岩井由紀|甲田雅人|奥河英樹|角田裕子|鈴木達朗|西垣俊|山本節生,,船水紀孝(ZP)|大西よしみ,
1996-07-01,,-,FTG,CAPCOM,スターグラディエーター,,0,0,,伊津野英昭|佐々木栄一郎|池田陽一郎,香川雄一,,"阿部功|竹原裕子|MICHIO SAKURAI",,岡本吉起|船水紀孝|青木克巳,
1996-08-01,,-,FTG,CAPCOM,"ストリートファイターZERO2 ALPHA",,0,0,,,,,,,,
1996-09-01,,CPシステム2,FTG,CAPCOM,"X-MEN VS. STREET FIGHTER",,0,0,,,大井新吾|MOTSU|GIU|廣瀬紀生|TORA&YUME&?&HIDE,冨田篤,岩井由紀|竹原裕子,,飯島哲也,
1996-09-01,,CPシステム2,,CAPCOM,"クイズなないろDREAMS 虹色町の奇跡",,0,0,,,,,,,,
1996-10-01,,CPシステム3,,CAPCOM,ウォーザード,,0,0,,,浦郷勉,中江竜也|あきまん,岩井隆之,,船水紀孝|佐渡敬,
1996-12-01,,-,FTG,CAPCOM,ストリートファイターEX,アリカ,0,0,,,,,,,,
1997-02-28,,CPシステム3,FTG,CAPCOM,"ストリートファイターIII -NEW GENERATION-",,0,0,,,,,,,,
1997-03-01,,-,FTG,CAPCOM,"ストリートファイターEX plus",アリカ,0,0,,,,,,,,
1997-03-01,,CPシステム2,FTG,CAPCOM,"マーヴル・スーパーヒーローズ VS. ストリートファイター",,0,0,,,MOTSU|廣瀬紀生|川瀬学|葛野誠|山村勇一,冨田篤|中野正弘|松本裕司,岩井由紀|竹原裕子,,片岡謙治,
1997-04-01,,CPシステム2,,CAPCOM,バトルサーキット,,0,0,,,,,,,,
1997-05-01,,CPシステム2,FTG,CAPCOM,"ヴァンパイアセイヴァー The Lord of Vampire",,0,0,,,,,,,,
1997-08-01,,CPシステム2,,CAPCOM,カプコンスポーツクラブ,,0,0,,,,,,,,
1997-09-01,,CPシステム2,,CAPCOM,ポケットファイター,,0,0,,,"KNIGHT RIDER GIU",江口勝博,伊勢聡,,岡本吉起|船水紀孝|佐渡敬,
1997-12-01,,-,,CAPCOM,"私立ジャスティス学園 LEGION OF HEROES",,0,0,,,,,,,,
1997-12-01,,CPシステム3,FTG,CAPCOM,"ストリートファイターIII 2nd IMPACT -GIANT ATTACK-",,0,0,,,,,,,,
1998-01-01,,-,,CAPCOM,"スターグラディエイター2 ナイトメア オブ ビルシュタイン",,0,0,,伊津野英昭|佐々木栄一郎|池田陽一郎,香川雄一,,"阿部功|竹原裕子|MICHIO SAKURAI",,岡本吉起|船水紀孝|青木克巳,
1998-02-01,,CPシステム2,FTG,CAPCOM,"MARVEL VS. CAPCOM CLASH OF SUPER HEROES",,0,0,,,MOTSU|廣瀬紀生|川瀬学|山村勇一|葛野誠|廣門輝明,冨田篤|松本裕司|中野正弘,竹原裕子|甲田雅人,,片岡謙治,
1998-05-01,,-,FTG,CAPCOM,ストリートファイターEX2,アリカ,0,0,,,,,,,,
1998-07-01,,CPシステム2,FTG,CAPCOM,ストリートファイターZERO3,,0,0,,,,,,,,
1998-08-01,,-,PZL落ち物,CAPCOM,"テトリス ザ・グランドマスター",アリカ,0,0,,三原一郎,,,,,,
1998-09-01,,PS基板,,CAPCOM,超鋼戦紀キカイオー,,0,0,,,,河森正治(スタジオぬえ)|宮武一貴(スタジオぬえ),,,,
1998-11-19,,ALECK64,PZL落ち物,CAPCOM,マジカルテトリスチャレンジfeaturingミッキー,,0,0,,藤林秀麿,,藤林秀麿,甲田雅人,,,
1998-12-17,,-,,CAPCOM,ジョジョの奇妙な冒険,,0,0,,,,,,,,
1999-02-01,,NAOMI,,CAPCOM,パワーストーン,,0,0,,,,,,,,
1999-03-10,,CPシステム2,,CAPCOM,ギガウイング,タクミコーポレーション,0,0,,,,,,,,
1999-05-01,,-,FTG,CAPCOM,"ストリートファイターIII 3rd STRIKE -Fight for the Future-",,0,0,,,,,,,,
1999-07-01,,PS基板,FTG,CAPCOM,"ストリートファイターEX2 PLUS",アリカ,0,0,,,,,,,,
1999-09-01,,-,,CAPCOM,"ファイナルファイト リベンジ",,0,0,,,,飯島哲也,,,,
1999-09-28,,CPシステム3,,CAPCOM,"ジョジョの奇妙な冒険 未来への遺産",,0,0,,,,尾畑心一朗,竹原裕子|山本節生,,岡本吉起|船水紀孝|中嶋浩二,
1999-12-24,,PS基板,ACT-SIDE,CAPCOM,ストライダー飛竜2,,0,0,,,,冨田篤|福田芳文|中野正弘|NUKI,山本節生|米田悦子,,岡本吉起|船水紀孝,
2000-01-27,,NAOMI,,CAPCOM,"スポーン イン ザ デーモンズ ハンド",,0,0,,,,,,,,
2000-02-01,,-,,CAPCOM,グレート魔法大作戦,"ライジング / エイティング",0,0,,,,,,,,
2000-03-01,,-,FTG,CAPCOM,"MARVEL VS. CAPCOM 2 NEW AGE OF HEROES",,0,0,,,,中江竜也|江口勝博|小嶋慎太郎|鈴木良太|尾畑心一朗|石澤英敏,柴田徹也|高野充彦,,須藤克洋,
2000-04-01,,-,,CAPCOM,パワーストーン2,,0,0,,,,,,,,
2000-06-01,,-,,CAPCOM,マーズマトリックス,タクミコーポレーション,0,0,,,,,,,,
2000-08-01,,-,,CAPCOM,"CAPCOM VS. SNK MILLENNIUM FIGHT 2000",,0,0,,,,伊津野英昭|一瀬泰範|村田治生|大沼友紀|鈴木良太|石澤英敏|谷口岳史|小嶋慎太郎,伊瀬聡,,須藤克洋,
2000-09-01,,-,,CAPCOM,"1944 THE LOOP MASTER","ライジング / エイティング",0,0,,,,,,,,
2000-10-01,,-,,CAPCOM,ガンスパイク,共同開発：彩京,0,0,,中村晋介,,,泉谷雅樹|こばやしとしや|熊倉歌織|佐藤研介,,岡本吉起|三並達也,
2000-11-01,,-,,CAPCOM,マイティ・パン,ミッチェル,0,0,,,,,,,,
2000-12-01,,NAOMI,,CAPCOM,"燃えろ! ジャスティス学園",,0,0,,,,,,,,
2001-03-01,,-,,CAPCOM,"機動戦士ガンダム 連邦vs.ジオン",,0,0,,,,,,,,
2001-03-01,,-,FTG,CAPCOM,ストリートファイターZERO3↑,,0,0,,,,,,,,
2001-04-01,,-,,CAPCOM,プロギアの嵐,ケイブ,0,0,,井上淳哉,池田恒基,井上淳哉,菊池幸範,,高野健一(ケイブ)|三並達也(カプコン),
2001-05-01,,-,,CAPCOM,"CAPCOM VS. SNK MILLENNIUM FIGHT 2000 PRO",,0,0,,,,,,,,
2001-01-01,,-,,CAPCOM,怒首領蜂II,IGS,0,0,,,,,,,,
2001-07-01,,-,,CAPCOM,"ガンサバイバー2 バイオハザード CODE:Veronica",,0,0,,,,,,,,
2001-08-01,,-,,CAPCOM,"CAPCOM VS. SNK 2 MILLIONAIRE FIGHTING 2001",,0,0,,伊津野英昭,,石澤英敏|谷口岳史|鈴木良太|荒木光昭|小浜智|小嶋慎太郎,伊瀬聡,,須藤克洋,
2001-09-01,,-,,CAPCOM,"機動戦士ガンダム 連邦vs.ジオンDX",,0,0,,,,,,,,
2001-09-01,,-,,CAPCOM,"ヘビーメタル ジオマトリックス（英語版）",,0,0,,,,,,,,
2002-01-01,,-,,CAPCOM,雀國志・覇王の采牌,,0,0,,,,,,,,
2002-02-01,,-,,CAPCOM,銃武者羅,ミッチェル,0,0,,,,,,,,
2003-09-01,,-,,CAPCOM,"機動戦士Ζガンダム エゥーゴvs.ティターンズ",,0,0,,,,,,,,
2003-11-01,,-,,CAPCOM,"PRIDE GP 2003",,0,0,,,,,,,,
2004-01-01,,-,FTG,CAPCOM,"ハイパーストリートファイターII アニバーサリーエディション",,0,0,,,,,,,,
2004-08-01,,-,,CAPCOM,"機動戦士Ζガンダム エゥーゴvs.ティターンズDX",,0,0,,,,,,,,
2004-10-01,,-,,CAPCOM,"CAPCOM FIGHTING Jam",,0,0,,石澤英敏,,石澤英敏|MATSUKUNI@YUKI.COM|児玉真佑,伊瀬聡,,稲船敬二|小野義徳|西本ひとみ|石澤英敏|伊津野賢二,
2005-07-01,,-,,CAPCOM,"機動戦士ガンダムSEED 連合vs.Z.A.F.T.",,0,0,,,,,,,,
2006-03-01,,-,,CAPCOM,"ロックマンエグゼ バトルチップスタジアム",,0,0,,,,,,,,
2006-06-01,,-,,CAPCOM,"機動戦士ガンダムSEED DESTINY 連合vs.Z.A.F.T.II",,0,0,,,,,,,,
2006-09-01,,-,,CAPCOM,"ワンタメ ミュージックチャンネル",共同開発：タカラトミー,0,0,,,,,,,,
2008-03-01,,-,,CAPCOM,"機動戦士ガンダム ガンダムVS.ガンダム",,0,0,,,,,,,,
2008-04-01,,-,,CAPCOM,"戦国BASARA X",アークシステムワークス,0,0,,,,,,,,
2008-07-18,,-,FTG,CAPCOM,ストリートファイターIV,共同開発：ディンプス,0,0,,,,,,,,
2008-11-01,,-,,CAPCOM,"タツノコ VS. CAPCOM CROSS GENERATION OF HEROES",エイティング,0,0,,,,,,,新妻良太,
2008-12-01,,-,,CAPCOM,"Fate/unlimited codes",エイティング,0,0,,,,,,,,
2009-03-01,,-,,CAPCOM,"機動戦士ガンダム ガンダムVS.ガンダムNEXT",,0,0,,,,,,,,
2010-12-01,,-,FTG,CAPCOM,"スーパーストリートファイターIV アーケードエディション",,0,0,,,,,,,,
2013-09-01,,-,,CAPCOM,"モンハン日記 プリプリプーギーレース",,0,0,,,,,竹ノ内裕治,,北林達也,
2014-04-01,,-,FTG,CAPCOM,ウルトラストリートファイターIV,,0,0,,,,,,,,
2014-10-01,,-,FTG,CAPCOM,ハイパーストリートファイターII,,0,0,,,,,,,,
2014-11-06,,-,FTG,CAPCOM,"ストリートファイターIII 3rd STRIKE",,0,0,,,,,,,,
2014-12-01,,-,,CAPCOM,"ヴァンパイア セイヴァー",,0,0,,,,,,,,
2014-12-01,,-,FTG,CAPCOM,ストリートファイターZERO3,,0,0,,,,,,,,
2015-06-01,,-,,CAPCOM,"ルイージマンション アーケード",,0,0,,,,,,,,
2015-06-01,,-,,CAPCOM,"モンスターハンター スピリッツ",共同開発：マーベラス,0,0,,船水紀孝|藤岡要,,,,,田中剛|伊津野賢二|須藤克洋,
2015-07-01,,-,,CAPCOM,"crossbeats REV.",,0,0,,,,,,,,
2016-03-01,,-,,CAPCOM,"モンスターハンター スピリッツ 狩魂",共同開発：マーベラス,0,0,,船水紀孝|藤岡要,,,,,田中剛|伊津野賢二|須藤克洋,
2016-04-01,,-,,CAPCOM,"crossbeats REV. SUNRISE",,0,0,,,,,,,,
2016-11-17,,-,,CAPCOM,"モンスターハンター スピリッツ2 トリプルソウル",共同開発：マーベラス,0,0,,船水紀孝|藤岡要,,,,,田中剛|伊津野賢二|須藤克洋,
2019-03-14,,-,FTG,CAPCOM,"ストリートファイターV タイプアーケード",,0,0,,西山隆志,こいけひろし|すがはらのぶやす,"松本裕司(プランナー)|CRUSHER ICHI|DABADA ATSUSHI|BONSOIR YUKO|OGAN MIYUKI|BRAVO OYU|INNOCENT SAICHO",坂口由洋,,,
2023-12-14,,-,FTG,CAPCOM,"ストリートファイター6 タイプアーケード",,0,0,,西山隆志,こいけひろし|すがはらのぶやす,"松本裕司(プランナー)|CRUSHER ICHI|DABADA ATSUSHI|BONSOIR YUKO|OGAN MIYUKI|BRAVO OYU|INNOCENT SAICHO",坂口由洋,,,
1978-01-01,,-,,NAMCO,ジービー,,0,0,,,石村繁一,岩谷徹,,,,
1979-01-01,,-,,NAMCO,SOS,,0,0,,,,,,,,
1979-01-01,,-,,NAMCO,ギャラクシアン,,0,0,,,田城幸一,澤野和則(企画)|石村繁一(基板設計)|山下正|中馬義明|小野浩,石村繁一|安江正樹|甲斐敏夫,,,
1979-01-01,,-,,NAMCO,キューティQ,,0,0,,,石村繁一,岩谷徹,,,,
1979-01-01,,-,,NAMCO,ボムビー,,0,0,,,石村繁一,岩谷徹,,,,
1980-01-01,,-,,NAMCO,海底宝探し,共同開発：K.K.特機,0,0,,,,吉岡一栄,,,,
1980-01-01,,-,,NAMCO,キング&バルーン,,0,0,,,深谷正一,澤野和則|横山茂,徳江晶彦,,,
1980-01-01,,-,,NAMCO,タンクバタリアン,,0,0,,,平岡一邦,岡本進一郎|小野浩,,,,
1980-01-01,,-,,NAMCO,"ナバロン (Navarone)",,0,0,,,,,,,,
1980-01-01,,-,,NAMCO,パックマン,,0,0,,,舟木茂雄,岩谷徹|山下正,石村繁一|甲斐敏夫,,,
1980-01-01,,-,,NAMCO,ラリーX,,0,0,,,黒須一雄,澤野和則|伊藤博仁|山下正,甲斐敏夫|大野木宜幸,,,
1981-01-01,,-,,NAMCO,ギャラガ,,0,0,,,小川徹,横山茂,大野木宜幸,,,
1981-01-01,,-,,NAMCO,ニューラリーX,,0,0,,,黒須一雄,澤野和則|伊藤博仁|山下正,甲斐敏夫|大野木宜幸,,,
1981-01-01,,-,,NAMCO,ボスコニアン,,0,0,,,黒須一雄,佐藤誠市|横山茂|澤野和則|小野浩,大野木宜幸,,,
1981-01-01,,-,,NAMCO,ワープ&ワープ,,0,0,,,深谷正一|大森田不可止,小野浩,慶野由利子|小沢純子|大野木宜幸,,,
1982-01-01,,-,,NAMCO,スーパーパックマン,,0,0,,,深谷正一,小野浩,慶野由利子,,,
1982-01-01,,-,,NAMCO,ディグダグ,,0,0,,,さかいとしお|深谷正一,池上まさとし,慶野由利子,,,
1982-01-01,,-,,NAMCO,ポールポジション,,0,0,,,,,,,,
1983-01-01,,-,SHT-TOP,NAMCO,ゼビウス,,0,0,,,遠藤雅伸|深谷正一|小島伸一,遠藤雅伸|池上正寿|佐藤誠市|岡本進一郎|遠山茂樹|遠藤雅伸|小野浩|山下正,慶野由利子,,,
1983-01-01,,-,,NAMCO,パック&パル,,0,0,,,,,慶野由利子,,,
1983-01-01,,-,,NAMCO,フォゾン,,0,0,,,,,慶野由利子,,,
1983-01-01,,-,,NAMCO,ポールポジションII,,0,0,,,田城幸一,沢野和則|岡本進一郎,大野木宜幸,,,
1983-01-01,,-,,NAMCO,マッピー,,0,0,,,大野木宜幸|黒須一雄,佐藤英治(企画)|佐藤茂(基板設計)|小野浩(ドットデザイン),大野木宜幸,,,
1983-01-01,,-,,NAMCO,リブルラブル,,0,0,,,黒須一雄,岩谷徹|佐藤誠市,大野木宜幸|小沢純子,,岩谷徹,
1984-01-01,,-,,NAMCO,ギャプラス,,0,0,,岡本進一郎,,中谷始|小野浩|篠崎雄一郎,小沢純子,,,
1984-01-01,,-,,NAMCO,グロブダー,,0,0,,,松浦公政,遠藤雅伸|篠崎雄一郎,慶野由利子,,遠藤雅伸,
1984-01-01,,-,SHT-TOP,NAMCO,スーパーゼビウス,,0,0,,,遠藤雅伸|深谷正一|小島伸一,遠藤雅伸|池上正寿|佐藤誠市|岡本進一郎|遠山茂樹|遠藤雅伸|小野浩|山下正,慶野由利子,,,
1984-01-01,,-,,NAMCO,ドルアーガの塔,,0,0,,,内藤智,遠藤雅伸|篠崎雄一郎,小沢純子,,,
1984-01-01,,-,,NAMCO,パックランド,,0,0,,,岸本好弘,佐藤誠市|根來司|小野浩,慶野由利子,,,
1985-01-01,,-,,NAMCO,スカイキッド,,0,0,,,弓達公雄,永島洋武,小沢純子,,,
1985-01-01,,-,,NAMCO,ディグダグII,,0,0,,,,,慶野由利子|小沢純子,,,
1985-01-01,,-,,NAMCO,ドラゴンバスター,,0,0,,,是枝ひろき,佐藤英治,慶野由利子,,,
1985-01-01,,-,,NAMCO,バラデューク,,0,0,,,岸本好弘,高橋由紀夫,慶野由利子|中潟憲雄,,,
1985-01-01,,-,,NAMCO,Vs.スターラスター,,0,0,,,,,,,宮崎鉄平|金佐智絵|鈴木浩史|工藤江美子|桐谷太一|三浦淳(CP),
1985-01-01,,-,,NAMCO,Vs.バトルシティー,,0,0,,,,,,,宮崎鉄平|金佐智絵|鈴木浩史|工藤江美子|桐谷太一|三浦淳(CP),
1985-01-01,,-,,NAMCO,メトロクロス,,0,0,,,田中京太,岡本達郎|小野浩|粕川由紀|北原聡,大野木宜幸,,,
1985-01-01,,-,,NAMCO,モトス,,0,0,,,松浦公政,岡田隆夫,中潟憲雄,,,
1986-01-01,,-,,NAMCO,アサシン,,0,0,,,,,,,,
1986-01-01,,-,,NAMCO,イシターの復活,,0,0,,,内藤智,遠藤雅伸|篠崎雄一郎,小沢純子,遠藤雅伸,,
1986-01-01,,-,ACT,NAMCO,源平討魔伝,,0,0,,,大久保良一,阿部信彦|高橋由鬼夫|穴田悟,中潟憲雄,高橋由鬼夫|大久保良一|中潟憲雄,,
1986-01-01,,-,,NAMCO,サンダーセプター,,0,0,,,,,,,,
1986-01-01,,-,,NAMCO,スカイキッドDX,,0,0,,,弓達公雄,永島洋武,小沢純子,,,
1986-01-01,,-,,NAMCO,3DサンダーセプターII,,0,0,,,,,,,,
1986-01-01,,-,,NAMCO,トイポップ,,0,0,,,岸本好弘,兵藤岳史|HIE|冨士宏,小沢純子,,,
1986-01-01,,-,,NAMCO,Vs.スーパースカイキッド,,0,0,,,,,,,宮崎鉄平|金佐智絵|鈴木浩史|工藤江美子|桐谷太一|三浦淳(CP),
1986-01-01,,-,SHT-TOP,NAMCO,Vs.スーパーゼビウス,,0,0,,,,,,,宮崎鉄平|金佐智絵|鈴木浩史|工藤江美子|桐谷太一|三浦淳(CP),
1986-01-01,,-,,NAMCO,Vs.バベルの塔,,0,0,,,,,,関根アユミ,,
1986-01-01,,-,野球,NAMCO,Vs.プロ野球ファミリースタジアム（■）,,0,0,,,,,,,,
1986-01-01,,-,,NAMCO,Vs.ワルキューレの冒険（■）,,0,0,,,,,,,,
1986-01-01,,-,,NAMCO,ホッピングマッピー,,0,0,,,,,大野木宜幸,,,
1986-01-01,,-,,NAMCO,ローリングサンダー,,0,0,,,,,,,,
1987-01-01,,-,,NAMCO,ギャラガ'88,,0,0,,,,,川田宏行,,,
1987-01-01,,-,,NAMCO,"クエスター (Quester)（★）",,0,0,,,,,細江慎治,,岩谷徹,
1987-01-01,,-,,NAMCO,"クエスター スペシャルエディション",,0,0,,,,,細江慎治,,岩谷徹,
1987-01-01,,-,SHT-TOP,NAMCO,ドラゴンスピリット,,0,0,,"YOKO BOSS",田中京太,"OJISAN TRIO PLUS 1|石川達也|MACCHAN|ARAKAWA DA!",細江慎治,,,
1987-01-01,,-,,NAMCO,パックマニア,,0,0,,,,,慶野由利子|小沢純子|戸室仁人,,岩谷徹,
1987-01-01,,-,,NAMCO,ファイナルラップ,,0,0,,,,,細江慎治,,,
1987-01-01,,-,,NAMCO,Vs.ファミリーテニス,,0,0,,,,,,,,
1987-01-01,,-,,NAMCO,Vs.ファミリーボクシング,,0,0,,,,,,,,
1987-01-01,,-,野球,NAMCO,Vs.プロ野球ファミリースタジアム'87,,0,0,,,,,,,,
1987-01-01,,-,,NAMCO,ブレイザー,,0,0,,,,,,,,
1987-01-01,,-,ACT-SIDE,NAMCO,妖怪道中記,,0,0,,,デビル中村,水野一実|ナナチャン大石|木元昌洋|小森谷勇一郎|サラバジャ南|ホルスタイン安斎|カータン榊原,川田宏行,,,
1987-01-01,,-,,NAMCO,ワンダーモモ,,0,0,,,弓達公雄,,弓達公雄,,,
1988-01-01,,-,,NAMCO,アサルト,,0,0,,,,たけしまひろゆき|大河原邦男|阿部信彦,細江慎治|野口和雄,たけしまひろゆき,澤野和則|浅田安彦,
1988-01-01,,-,,NAMCO,アサルトプラス,,0,0,,,,たけしまひろゆき|大河原邦男|阿部信彦,細江慎治|野口和雄,たけしまひろゆき,澤野和則|浅田安彦,
1988-01-01,,-,SHT,NAMCO,オーダイン,,0,0,,すなどりねこさん|ウォンウォン,スローロ田中,大石益也|小森谷勇一郎|安斎じゅんこ|インドリ中村,細江慎治,,中村雅哉,
1988-01-01,,-,ACT-SIDE,NAMCO,スプラッターハウス,,0,0,,横山茂,PSQGL,石田正則,田島勝朗|川元義徳,,水野一実,
1988-01-01,,-,,NAMCO,超絶倫人ベラボーマン,,0,0,,中潟憲雄,大久保良一,吉羽孝雄,中潟憲雄,,,
1988-01-01,,-,,NAMCO,"爆突機銃艇 バラデュークII",,0,0,,,,,中潟憲雄|大久保高嶺,,,
1988-01-01,,-,,NAMCO,Vs.カイの冒険（■）,,0,0,,,,,,,,
1988-01-01,,-,,NAMCO,Vs.スーパーチャイニーズ,,0,0,,,,,,,,
1988-01-01,,-,,NAMCO,フェイスオフ,,0,0,,,,,,,,
1988-01-01,,-,,NAMCO,"プロテニス ワールドコート",,0,0,,,,,慶野由利子,,,
1988-01-01,,-,野球,NAMCO,Vs.プロ野球ファミリースタジアム'88,,0,0,,,,,,,,
1988-01-01,,-,野球,NAMCO,プロ野球ワールドスタジアム,,0,0,,,天内潤,,川元義徳,,,
1988-01-01,,-,,NAMCO,"未来忍者 慶雲機忍外伝",,0,0,,,,,中潟憲雄,,,
1988-01-01,,-,,NAMCO,メタルホーク,,0,0,,,湯原敦,中谷始|石川達也|菊池秀行,細江慎治|野口和雄,,沢野和則,
1988-01-01,,-,,NAMCO,メルヘンメイズ,,0,0,,,山口雅司,中村伸武|竹矢吉孝|竹矢吉孝|MY|POP,川瀬知香,,,
1989-01-01,,-,,NAMCO,ウイニングラン,,0,0,,,,,,,,
1989-01-01,,-,,NAMCO,ウイニングラン鈴鹿グランプリ,,0,0,,,,,,,,
1989-01-01,,-,,NAMCO,"ダートフォックス (Dirt Fox)",,0,0,,,,,,,,
1989-01-01,,-,,NAMCO,デンジャラスシード,,0,0,,H.SHIMA,A.SAM|S.SHIMIZU,S.SHIMIZU|篠崎雄一郎|篠崎雄一郎|佐々木茂雄|福岡充,奈雲美徳,,,
1989-01-01,,-,,NAMCO,バーニングフォース,,0,0,,,,,川元義徳,,,
1989-01-01,,-,,NAMCO,ファイネストアワー,,0,0,,岡本進一郎|二階堂和行,二階堂和行,Y.TESHIMA|木下次男|柳原孝安|佐々木茂雄,田島勝朗,,横山茂,
1989-01-01,,-,SHT-TOP,NAMCO,フェリオス,,0,0,,,,,川元義徳,,,
1989-01-01,,-,,NAMCO,"フォートラックス (Four Trax)",,0,0,,,,,,,,
1989-01-01,,-,,NAMCO,ブラストオフ,,0,0,,,黒須一雄,佐藤誠市|横山茂|澤野和則|小野浩,大野木宜幸,,,
1989-01-01,,-,野球,NAMCO,プロ野球ワールドスタジアム'89開幕版,,0,0,,,,,,,,
1989-01-01,,-,,NAMCO,ロンパーズ,,0,0,,,八木幸彦,篠崎雄一郎|金澤尚子|木村正則|安斎じゅんこ,高柳佳恵|慶野由利子|野口和雄,,乗松聡,
1989-01-01,,-,,NAMCO,ワルキューレの伝説,,0,0,,"WAN WAN(岡本進一郎)|もっとでたかった コアクマン(大川さゆり)","WAN WAN|ぐりずりぃ やまだ",冨士宏,川田宏行,,,
1990-01-01,,-,,NAMCO,ギャラクシアン3,,0,0,,,,,,,,
1990-01-01,,-,,NAMCO,球界道中記,,0,0,,,,,川田宏行,,,
1990-01-01,,-,,NAMCO,ゴーリーゴースト,,0,0,,,,,,,,
1990-01-01,,-,,NAMCO,倉庫番DX,,0,0,,,,,,,,
1990-01-01,,-,,NAMCO,ドラゴンセイバー（★）,,0,0,,,"""ALL OR NOT""NISHIMAKI|""SHIOHIGALER""ITO","根来司|O!SUGI|石川達也|KIM 045|H.MIYSIMA|SHIGEMARU|MA.HA.HO|TEJIMA|NAKAMURA|WAGATUMA|YOSINAMI|YANAGIHARA",細江慎治,石川達也,"ASINAGA BUCHO|YOKO BOSS",
1990-01-01,,-,,NAMCO,パズルクラブ(未発表),,0,0,,,,,,,,
1990-01-01,,-,,NAMCO,ピストル大名の冒険,,0,0,,,,,桜井誠一|細江慎治|高柳佳恵,,,
1990-01-01,,-,,NAMCO,ファイナルラップ2,,0,0,,,,,細江慎治,,,
1990-01-01,,-,野球,NAMCO,プロ野球ワールドスタジアム'90激闘版,,0,0,,,,,,,,
1990-01-01,,-,,NAMCO,マーベルランド,,0,0,,CHITOSE,田中京太,ときた洸一,石井悦夫,CHITOSE,岡本進一郎|K.MATSUOKA,
1991-01-01,,-,,NAMCO,ウィニングラン'91,,0,0,,,,,,,,
1991-01-01,,-,,NAMCO,SUPERワールドスタジアム,,0,0,,,,,,,,
1991-01-01,,-,,NAMCO,スターブレード（★）,,0,0,,中谷始,松浦則政|斉藤仁人|大森靖,柳川渉,細江慎治,,澤野和則|山田昌紀,
1991-01-01,,-,,NAMCO,スティールガンナー,,0,0,,岩崎吾朗,中村勝男|大森靖,菊地秀行|水野一実,高柳佳恵,,澤野和則|田城幸一,
1991-01-01,,-,,NAMCO,タンクフォース（★）,,0,0,,,,,相原隆行,,,
1991-01-01,,-,,NAMCO,ソルバルウ（★）,,0,0,,,本多良行,,川田宏行,,真鍋正|田城幸一,
1991-01-01,,-,,NAMCO,ドライバーズアイ,,0,0,,,,,川田宏行,,,
1991-01-01,,-,,NAMCO,ローリングサンダー2（★）,,0,0,,,,,小沢純子,,,
1992-01-01,,-,,NAMCO,エクスバニア,,0,0,,,田中信洋,杉山嘉浩,荒川美恵,,,
1992-01-01,,-,,NAMCO,F/A,,0,0,,,,木元昌洋,細江慎治|相原隆行,,,
1992-01-01,,-,,NAMCO,コズモギャング・ザ・パズル（★）,,0,0,,見城こうじ,,,荒川美恵,,,
1992-01-01,,-,,NAMCO,コズモギャング・ザ・ビデオ（★）,,0,0,,,伊藤なおき,見城こうじ|いからしたつや,荒川美恵,,,
1992-01-01,,-,,NAMCO,SUPERワールドスタジアム'92,,0,0,,,,,,,,
1992-01-01,,-,,NAMCO,"SUPERワールドスタジアム'92 激闘版",,0,0,,,,,,,,
1992-01-01,,-,,NAMCO,スズカエイトアワーズ,,0,0,,,,,,,,
1992-01-01,,-,,NAMCO,スティールガンナー2,,0,0,,岩崎吾朗,中村勝男|大森靖,菊地秀行|水野一実,高柳佳恵,,澤野和則|田城幸一,
1992-01-01,,-,,NAMCO,爆裂クイズ魔Q大冒険,,0,0,,,,,,,,
1992-01-01,,-,,NAMCO,"バブルトラブル -ゴーリーゴースト2-",,0,0,,,,,,,,
1992-01-01,,-,,NAMCO,ファイナルラップ3,,0,0,,,,,細江慎治,,,
1993-01-01,,-,,NAMCO,エアーコンバット,,0,0,,,,,,,,
1993-01-01,,-,,NAMCO,エメラルディア（★）,,0,0,,,二村忍,見城こうじ,,,,
1993-01-01,,-,野球,NAMCO,"グレートスラッガーズ NEWワールドスタジアム",,0,0,,,,,相原隆行|石川隆之,,,
1993-01-01,,-,,NAMCO,サイバースレッド（★）,,0,0,,,,,,,,
1993-01-01,,-,,NAMCO,スーパーワールドコート,,0,0,,,,,慶野由利子,,,
1993-01-01,,-,,NAMCO,"SUPERワールドスタジアム'93 激闘版",,0,0,,,,,,,,
1993-01-01,,-,,NAMCO,スズカエイトアワーズ2,,0,0,,,,,,,,
1993-01-01,,-,,NAMCO,ナックルヘッズ（★）,,0,0,,,柳原孝安|山田正紀,杉山嘉浩|阿部将道|菊池秀行|福岡充|光永浩司,相原隆行,,,
1993-01-01,,-,,NAMCO,ニューマンアスレチックス（★）,,0,0,,,,石川達也,佐野信義,,,
1993-01-01,,-,,NAMCO,熱闘!激闘!クイズ島,,0,0,,,,,,,,
1993-01-01,,-,,NAMCO,"余命検索サービス X-DAY",,0,0,,,,,,,,
1993-01-01,,-,,NAMCO,ラッキー&ワイルド,,0,0,,,,,,,,
1993-01-01,,-,RCG,NAMCO,リッジレーサー,,0,0,,横山茂,柿沢高弘,佐々木建仁,細江慎治|佐宗綾子|佐野信義,,,
1994-01-01,,-,,NAMCO,アタックオブザゾルギア,,0,0,,,,,,,,
1994-01-01,,-,,NAMCO,エースドライバー,,0,0,,,,,川田宏行,,,
1994-01-01,,-,,NAMCO,ガンバレット,,0,0,,,,,,,,
1994-01-01,,-,野球,NAMCO,グレートスラッガーズ'94,,0,0,,,,,相原隆行|石川隆之,,,
1994-01-01,,-,,NAMCO,サイバーコマンド,,0,0,,,,,,,,
1994-01-01,,-,サッカー,NAMCO,"Jリーグサッカー Vシュート",,0,0,,,,,,,,
1994-01-01,,-,,NAMCO,ティンクルピット,,0,0,,見城こうじ,,,,,,
1994-01-01,,-,FTG,NAMCO,鉄拳,,0,0,,,,,,,,
1994-01-01,,-,,NAMCO,ネビュラスレイ,,0,0,,,斉藤仁人|大塚卓|播磨肇,木元昌洋|伊藤秀昭,福澤正洋|石川隆之,,,
1994-01-01,,-,,NAMCO,ファイナルラップR,,0,0,,,,,細江慎治,,,
1994-01-01,,-,RCG,NAMCO,リッジレーサー2,,0,0,,,,,細江慎治|佐宗綾子|佐野信義|相原隆行,,,
1995-01-01,,-,,NAMCO,アウトフォクシーズ,,0,0,,,,,,,,
1995-01-01,,-,,NAMCO,アルペンレーサー,,0,0,,,,,,,,
1995-01-01,,-,,NAMCO,エアーコンバット22,,0,0,,,,,,,,
1995-01-01,,-,,NAMCO,"恋愛寿命+肉体寿命 X-DAY2",,0,0,,,,,,,,
1995-01-01,,-,,NAMCO,サイバーサイクルズ,,0,0,,,,,,,,
1995-01-01,,-,,NAMCO,SUPERワールドスタジアム'95,,0,0,,,,,,,,
1995-01-01,,-,,NAMCO,ダートダッシュ,,0,0,,,,,細江慎治・佐野電磁(佐野信義)・佐宗綾子・J99(相原隆行)・おやつ大臣(みすみゆり)・さ男(佐々木宏人),,,
1995-01-01,,-,FTG,NAMCO,鉄拳2,,0,0,,,,石井精一,,,,
1995-01-01,,-,,NAMCO,ナムコクラシックコレクションVol.1,,0,0,,,,,,,,
1995-01-01,,-,RCG,NAMCO,レイブレーサー,,0,0,,,,,細江慎治|佐宗綾子|佐野信義|相原隆行,,,
1995-01-01,,-,,NAMCO,マッハブレイカーズ,,0,0,,,,,,,,
1996-01-01,,-,,NAMCO,アクアジェット,,0,0,,,,,,,,
1996-01-01,,-,,NAMCO,アルペンサーファー,,0,0,,,,,,,,
1996-01-01,,-,,NAMCO,アルペンレーサー2,,0,0,,,,,,,,
1996-01-01,,-,,NAMCO,"エースドライバー ビクトリーラップ",,0,0,,,,,川田宏行,,,
1996-01-01,,-,,NAMCO,人類全能化計画・技脳体,,0,0,,,,,,,,
1996-01-01,,-,,NAMCO,"子育てクイズ マイエンジェル",MOSS,0,0,,,,,,,,
1996-01-01,,-,,NAMCO,SUPERワールドスタジアム'96,,0,0,,,,,,,,
1996-01-01,,-,,NAMCO,ゼビウス3D/G,,0,0,,見城こうじ,,,細江慎治|佐宗綾子|佐々木宏人|佐野信義,,,
1996-01-01,,-,FTG,NAMCO,ソウルエッジ,,0,0,,,,,,,,
1996-01-01,,-,,NAMCO,タイムクライシス,,0,0,,,,,,,,
1996-01-01,,-,,NAMCO,ダンシングアイ,,0,0,,,,,,,,
1996-01-01,,-,,NAMCO,ダンクマニア,,0,0,,,,,,,,
1996-01-01,,-,,NAMCO,トーキョーウォーズ,,0,0,,,,,,,,
1996-01-01,,-,,NAMCO,ナムコクラシックコレクションVol.2,,0,0,,,,,,,,
1996-01-01,,-,,NAMCO,プライムゴールEX,,0,0,,,,,,,,
1996-01-01,,-,,NAMCO,プロップサイクル,,0,0,,,,,,,,
1996-01-01,,-,,NAMCO,ポケットレーサー,,0,0,,,,,,,,
1997-01-01,,-,,NAMCO,アブノーマルチェック,,0,0,,,,,,,,
1997-01-01,,-,,NAMCO,アルマジロレーシング,,0,0,,,,,,,,
1997-01-01,,-,,NAMCO,"子育てクイズ マイエンジェル2",MOSS,0,0,,,,,,,,
1997-01-01,,-,,NAMCO,"新日本プロレスリング闘魂烈伝3 アーケードエディション",,0,0,,,,,,,,
1997-01-01,,-,,NAMCO,SUPERワールドスタジアム'97,,0,0,,,,,,,,
1997-01-01,,-,,NAMCO,スタアオーディション,,0,0,,,,,,,,
1997-01-01,,-,,NAMCO,スタースイープ,,0,0,,,,,,,,
1997-01-01,,-,FTG,NAMCO,鉄拳3,アクセラ,0,0,,,,,,,,
1997-01-01,,-,,NAMCO,ファイナルハロン,,0,0,,,,,,,,
1997-01-01,,-,,NAMCO,モトクロスゴー!,,0,0,,,,,,,,
1997-01-01,,-,,NAMCO,ラピッドリバー,,0,0,,,,,,,,
1997-01-01,,-,,NAMCO,リベログランデ,,0,0,,,,,,,,
1998-01-01,,-,,NAMCO,エアガイツ,ドリームファクトリー,0,0,,,,,,,,
1998-01-01,,-,,NAMCO,ガンバァール,,0,0,,,,,,,,
1998-01-01,,-,,NAMCO,ガンメンウォーズ,,0,0,,,,,,,,
1998-01-01,,-,,NAMCO,"子育てクイズ マイエンジェル3 マイリトルペット",MOSS,0,0,,,,,,,,
1998-01-01,,-,,NAMCO,"ダービークイズ マイドリームホース",MOSS,0,0,,,,,,,,
1998-01-01,,-,,NAMCO,SUPERワールドスタジアム'98,,0,0,,,,,マイケル・ジアッキーノ,J・J・エイブラムス,,
1998-01-01,,-,FTG,NAMCO,ソウルキャリバー,,0,0,,,,,,,,
1998-01-01,,-,,NAMCO,タイムクライシス2,,0,0,,,,,,,,
1998-01-01,,-,,NAMCO,ダウンヒルバイカーズ,,0,0,,,,,,,,
1998-01-01,,-,,NAMCO,テクノドライブ,,0,0,,,,,,,,
1998-01-01,,-,,NAMCO,てんこもりシューティング,,0,0,,,,,,,,
1998-01-01,,-,,NAMCO,パニックパーク,,0,0,,,,,,,,
1998-01-01,,-,,NAMCO,ハンマーチャンプ,,0,0,,,,,,,,
1996-01-01,,-,,NAMCO,ファイティングレイヤー,アリカ,0,0,,,,,,,,
1996-01-01,,-,,NAMCO,ファイナルハロン2,,0,0,,,,,,,,
1996-01-01,,-,,NAMCO,ファミリーボウル,,0,0,,,,,,,,
1996-01-01,,-,,NAMCO,レースオン!,,0,0,,,,,,,,
1999-01-01,,-,,NAMCO,アングラーキング,,0,0,,,,,,,,
1999-01-01,,-,,NAMCO,ウンジャマ・ラミーNOW!,,0,0,,支倉朋洋(SCEI),"前田晃紀|John Belmonte|高橋由紀|石山暁文|野村規","松浦雅也(ゲームデザイン)|ロドニー・アラン・グリーンブラット(ビジュアルデザイン)|ロドニー・アラン・グリーンブラット|季里|堂阪一弘|岩見理恵|日野弥恵|田中辰徳|御船幸恵|光本武史|仙波千晶|入澤道|西原輝|Max Weintraub","松浦雅也|MC RYU|河越重義|鈴木禎久|山崎淳|渡辺良|須貝直人 Sound Production…大森政人|大西英人 Sound Assistant…渋谷裕介|松谷直樹 Dance…Haruki Horie|Junko Kusabuka",伊藤ガビン,松浦雅也,
1999-01-01,,-,,NAMCO,オーバキューン,ライジング,0,0,,,,,,,,
1999-01-01,,-,,NAMCO,開運クイズ・幸福の旅人,MOSS,0,0,,,,,,,,
1999-01-01,,-,,NAMCO,ギタージャム,,0,0,,,,,,,,
1999-01-01,,-,,NAMCO,クイック&クラッシュ,,0,0,,,,,椎名豪,,藪下達久,
1999-01-01,,-,,NAMCO,クエストフォーフェイム,,0,0,,,,,,,,
1999-01-01,,-,,NAMCO,クライシスゾーン,,0,0,,,,,,,,
1999-01-01,,-,,NAMCO,"新日本プロレスリング闘魂烈伝4 アーケードエディション",,0,0,,,,,,,,
1999-01-01,,-,,NAMCO,SUPERワールドスタジアム1999,,0,0,,,,,,,,
1999-01-01,,-,FTG,NAMCO,鉄拳タッグトーナメント,,0,0,,,,,,,,
1999-01-01,,-,,NAMCO,バランストライ,,0,0,,,,,,,,
1999-01-01,,-,,NAMCO,500GP,,0,0,,,,,,,,
1996-01-01,,-,,NAMCO,ミスタードリラー,,0,0,,,,,,,,
1996-01-01,,-,,NAMCO,ミリオンヒッツ,,0,0,,,,,,,瓜生健|前田直敬|吉田一浩|黒岩敏一|本橋武夫|藤井淳(CP),
2000-01-01,,-,,NAMCO,アクアラッシュ,,0,0,,,,,,,,
2000-01-01,,-,,NAMCO,カートデュエル,,0,0,,,,,,,,
2000-01-01,,-,,NAMCO,ガンバリィーナ,,0,0,,,,,,,,
2000-01-01,,-,,NAMCO,恋のパラパラ大作戦,,0,0,,,,,,,,
2000-01-01,,-,,NAMCO,ゴルゴ13,エイティング／ライジング,0,0,,,,竹内一義|杉野昭夫|内田裕,芳野藤丸,田子明弘,,
2000-01-01,,-,,NAMCO,"ゴルゴ13 奇跡の弾道",エイティング／ライジング,0,0,,,,竹内一義|杉野昭夫|内田裕,芳野藤丸,田子明弘,,
2000-01-01,,-,,NAMCO,SUPERワールドスタジアム2000,,0,0,,,,,,,,
2000-01-01,,-,,NAMCO,テクノヴェルク,,0,0,,,,,,,,
2000-01-01,,-,,NAMCO,トラック狂走曲,,0,0,,,,,,,,
2000-01-01,,-,,NAMCO,ニンジャアサルト,,0,0,,,,,,,,
2000-01-01,,-,,NAMCO,ミスタードリラー2,,0,0,,,,,,,,
2000-01-01,,-,RCG,NAMCO,"リッジレーサーV アーケードバトル",,0,0,,,,,,,,
2000-01-01,,-,,NAMCO,ワールドキックス,,0,0,,,,HugoVazz,,,,
2001-01-01,,-,,NAMCO,ヴァンパイアナイト,"ワウ エンターテイメント",0,0,,,,,,,,
2001-01-01,,-,,NAMCO,GAHAHA・一発堂,メトロ,0,0,,,,,,,,
2001-01-01,,-,,NAMCO,"ガンサバイバー2 バイオハザード CODE:Veronica",カプコン,0,0,,,,,,,,
2001-01-01,,-,,NAMCO,"機動戦士ガンダム 連邦vs.ジオン",カプコン,0,0,,,,,,,,
2001-01-01,,-,,NAMCO,"機動戦士ガンダム 連邦vs.ジオンDX",,0,0,,,,,,,,
2001-01-01,,-,,NAMCO,"ことばのパズル もじぴったん",,0,0,,,,,,,,
2001-01-01,,-,,NAMCO,"ゴルゴ13 銃声の鎮魂歌",,0,0,,,,竹内一義|杉野昭夫|内田裕,芳野藤丸,田子明弘,,
2001-01-01,,-,野球,NAMCO,スーパーワールドスタジアム2001,,0,0,,,,,,,,
2001-01-01,,-,リズムゲーム,NAMCO,太鼓の達人,,0,0,,,,,,,,
2001-01-01,,-,リズムゲーム,NAMCO,太鼓の達人2,,0,0,,,,,,,,
2001-01-01,,-,FTG,NAMCO,鉄拳4,,0,0,,,,,,,,
2001-01-01,,-,,NAMCO,フォトバトール,,0,0,,,,,,,,
2001-01-01,,-,,NAMCO,ミスタードリラーグレート,,0,0,,,,,,,,
2001-01-01,,-,RCG,NAMCO,湾岸ミッドナイト,,0,0,,,,香川久|横井秀章,梅堀淳,岸間信明,,
2002-01-01,,-,,NAMCO,"宇宙大作戦チョコベーダー CONTACTEE",,0,0,,,,,,,,
2002-01-01,,-,リズムゲーム,NAMCO,太鼓の達人3,,0,0,,,,,,,,
2002-01-01,,-,リズムゲーム,NAMCO,太鼓の達人4,,0,0,,,,,,,,
2002-01-01,,-,,NAMCO,"つっこみ養成ギプス ナイス★ツッコミ",メトロ,0,0,,,,,,,,
2002-01-01,,-,,NAMCO,スタートリゴン,,0,0,,,,,,,,
2002-01-01,,-,FTG,NAMCO,ソウルキャリバーII,,0,0,,,,,,,,
2002-01-01,,-,野球,NAMCO,熱チュー!プロ野球2002,,0,0,,,,,,,,
2002-01-01,,-,,NAMCO,パニクルパネクル,,0,0,,,,,,,,
2002-01-01,,-,,NAMCO,魔斬,,0,0,,,,,,,,
2002-01-01,,-,RCG,NAMCO,湾岸ミッドナイトR,,0,0,,,,,,,,
2003-01-01,,-,,NAMCO,"機動戦士Ζガンダム エゥーゴvs.ティターンズ",カプコン,0,0,,,,,,,,
2003-01-01,,-,,NAMCO,青春クイズカラフルハイスクール,エイティング,0,0,,,,,,,,
2003-01-01,,-,リズムゲーム,NAMCO,太鼓の達人5,,0,0,,,,,,,,
2003-01-01,,-,,NAMCO,タイムクライシス3,,0,0,,,,,,,,
2003-01-01,,-,,NAMCO,ドラゴンクロニクル,,0,0,,,,,,,,
2004-01-01,,-,,NAMCO,"機動戦士Ζガンダム エゥーゴvs.ティターンズDX",カプコン,0,0,,,,,,,,
2004-01-01,,-,リズムゲーム,NAMCO,太鼓の達人6,,0,0,,,,,,,,
2004-01-01,,-,FTG,NAMCO,鉄拳5（●）,,0,0,,,,石井精一,,,,
2004-01-01,,-,,NAMCO,"ドラゴンクロニクルオンライン 〜天空大決戦〜（●）",,0,0,,,,,,,,
2004-01-01,,-,RCG,NAMCO,"湾岸ミッドナイト MAXIMUM TUNE",,0,0,,,,,,,,
2005-01-01,,-,,NAMCO,"THE IDOLM@STER（●）",,0,0,,,,,,,,
2005-01-01,,-,,NAMCO,カウンターストライクネオ（●）,,0,0,,,,,,,,
2005-01-01,,-,,NAMCO,"機動戦士ガンダムSEED 連合vs.Z.A.F.T.",カプコン、バンプレストレーベル,0,0,,,,,,,,
2005-01-01,,-,,NAMCO,"機動戦士ガンダム0079カードビルダー（●） - バンプレストレーベル",,0,0,,,,,,,安田直矢(U.C.),
2005-01-01,,-,,NAMCO,コブラ・ザ・アーケード,,0,0,,,,,,,,
2005-01-01,,-,,NAMCO,超ドラゴンボールZ,クラフト&マイスター,0,0,,,,,,,,
2005-01-01,,-,リズムゲーム,NAMCO,太鼓の達人7,,0,0,,,,,,,,
2005-01-01,,-,FTG,NAMCO,"鉄拳5 DARK RESURRECTION（●）",,0,0,,,,,,,,
2005-01-01,,-,RCG,NAMCO,"マリオカート アーケードグランプリ",,0,0,,,,,,,,
2005-01-01,,-,RCG,NAMCO,"湾岸ミッドナイト MAXIMUM TUNE 2",,0,0,,,,,,,,
2006-01-01,,-,,NAMCO,"機動戦士ガンダムSEED DESTINY 連合vs.Z.A.F.T.II",カプコン、バンプレストレーベル,0,0,,,,,,,,
2006-01-01,,-,,NAMCO,"機動戦士ガンダム スピリッツオブジオン 〜修羅の双星〜 - バンプレストレーベル",,0,0,,,,安彦良和|大河原邦男,渡辺岳夫|松山祐士,星山博之|松崎健一|荒木芳久|山本優|富野喜幸,,
2006-01-01,,-,,NAMCO,"機動戦士ガンダム 戦場の絆 REV.1（●）- バンプレストレーベル",,0,0,,,,安彦良和|大河原邦男,渡辺岳夫|松山祐士,星山博之|松崎健一|荒木芳久|山本優|富野喜幸,,
2006-01-01,,-,,NAMCO,"キン肉マン マッスルグランプリ",アキ,0,0,,,,,,,,
2006-01-01,,-,,NAMCO,"クイズ機動戦士ガンダム 問・戦士",クラフト&マイスター,0,0,,,,,,,,
2006-01-01,,-,,NAMCO,"THE BATTLE OF 幽☆遊☆白書 〜死闘!暗黒武術会〜",ディンプス、バンプレストレーベル,0,0,,,,,,,,
2006-01-01,,-,FTG,NAMCO,"ソウルキャリバーIII ARCADE EDITION",,0,0,,,,,,,,
2006-01-01,,-,リズムゲーム,NAMCO,太鼓の達人8,,0,0,,,,,,,,
2006-01-01,,-,リズムゲーム,NAMCO,太鼓の達人9,,0,0,,,,,,,,
2006-01-01,,-,,NAMCO,タイムクライシス4,,0,0,,,,,,,,
2006-01-01,,-,,NAMCO,"ドルアーガオンライン THE STORY OF AON（●）",,0,0,,,,,,,,
2006-01-01,,-,,NAMCO,みんなで鍛える全脳トレーニング（●）,,0,0,,,,,,,,
2007-01-01,,-,,NAMCO,"機動戦士ガンダム スピリッツオブジオン 〜戦士の記憶〜 - バンプレストレーベル",,0,0,,,,安彦良和|大河原邦男,渡辺岳夫|松山祐士,星山博之|松崎健一|荒木芳久|山本優|富野喜幸,,
2007-01-01,,-,,NAMCO,"機動戦士ガンダム0083カードビルダー（●） - バンプレストレーベル",,0,0,,,,,,,安田直矢(U.C.),
2007-01-01,,-,,NAMCO,"機動戦士ガンダム0083カードビルダー 両雄激突（●） - バンプレストレーベル",,0,0,,,,,,,安田直矢(U.C.),
2007-01-01,,-,,NAMCO,"キン肉マン マッスルグランプリ2",アキ,0,0,,,,,,,,
2007-01-01,,-,リズムゲーム,NAMCO,太鼓の達人10,,0,0,,,,,,,,
2007-01-01,,-,FTG,NAMCO,鉄拳6（●）,,0,0,,,,石井精一,,,,
2007-01-01,,-,RCG,NAMCO,"マリオカート アーケードグランプリ2",,0,0,,,,,,,,
2007-01-01,,-,,NAMCO,ロックン・ボウロラマ,,0,0,,,,,,,,
2007-01-01,,-,RCG,NAMCO,"湾岸ミッドナイト MAXIMUM TUNE 3",,0,0,,,,,,,,
2008-01-01,,-,,NAMCO,"機動戦士ガンダム ガンダムVS.ガンダム - バンプレストレーベル",,0,0,,,,安彦良和|大河原邦男,渡辺岳夫|松山祐士,星山博之|松崎健一|荒木芳久|山本優|富野喜幸,,
2008-01-01,,-,,NAMCO,"機動戦士ガンダム 戦場の絆 REV.2（●）",,0,0,,,,安彦良和|大河原邦男,渡辺岳夫|松山祐士,星山博之|松崎健一|荒木芳久|山本優|富野喜幸,,
2008-01-01,,-,リズムゲーム,NAMCO,太鼓の達人11,,0,0,,,,,,,,
2008-01-01,,-,リズムゲーム,NAMCO,太鼓の達人12,,0,0,,,,,,,,
2008-01-01,,-,FTG,NAMCO,"鉄拳6 BLOODLINE REBELLION（●）",,0,0,,,,,,,,
2008-01-01,,-,RCG,NAMCO,"湾岸ミッドナイト MAXIMUM TUNE 3 DX",,0,0,,,,,,,,
2009-01-01,,-,,NAMCO,"機動戦士ガンダム ガンダムVS.ガンダム NEXT - バンプレストレーベル",,0,0,,,,安彦良和|大河原邦男,渡辺岳夫|松山祐士,星山博之|松崎健一|荒木芳久|山本優|富野喜幸,,
2009-01-01,,-,リズムゲーム,NAMCO,"太鼓の達人12 ド～ン!と増量版",,0,0,,,,,,,,
2009-01-01,,-,リズムゲーム,NAMCO,太鼓の達人13,,0,0,,,,,,,,
2009-01-01,,-,,NAMCO,TANK!TANK!TANK!（●）,,0,0,,,,,,,,
2009-01-01,,-,,NAMCO,弐輪-NIRIN-,,0,0,,,,,,,,
2009-01-01,,-,,NAMCO,レイジングストーム,,0,0,,,,,,,,
2010-01-01,,-,,NAMCO,"機動戦士ガンダム エクストリームバーサス（●）",,0,0,,,,,,,,
2010-01-01,,-,,NAMCO,"ターミネーター サルベーション","RAW THRILLS",0,0,,,,,,,,
2010-01-01,,-,リズムゲーム,NAMCO,太鼓の達人14,,0,0,,,,,,,,
2010-01-01,,-,,NAMCO,デッドストームパイレーツ（●）,,0,0,,,,,,,,
2010-01-01,,-,RCG,NAMCO,"湾岸ミッドナイト MAXIMUM TUNE 3 DX PLUS",,0,0,,,,,,,,
2011-01-01,,-,,NAMCO,"機動戦士ガンダム 戦場の絆 REV.3（●）",,0,0,,,,安彦良和|大河原邦男,渡辺岳夫|松山祐士,星山博之|松崎健一|荒木芳久|山本優|富野喜幸,,
2011-01-01,,-,リズムゲーム,NAMCO,太鼓の達人（●）,,0,0,,,,,,,,
2011-01-01,,-,FTG,NAMCO,鉄拳タッグトーナメント2（●）,,0,0,,,,,,,,
2011-01-01,,-,,NAMCO,"ドラゴンボール ZENKAIバトルロイヤル（●）",,0,0,,,,,,,,
2011-01-01,,-,,NAMCO,"パックマン バトルロイヤル",,0,0,,,,,,,,
2011-01-01,,-,,NAMCO,マキシマムヒート,,0,0,,,,,,,,
2011-01-01,,-,RCG,NAMCO,"湾岸ミッドナイト MAXIMUM TUNE 4（●）",,0,0,,,,,,,,
2012-01-01,,-,,NAMCO,"機動戦士ガンダム エクストリームバーサス フルブースト（●）",,0,0,,,,,,,,
2012-01-01,,-,,NAMCO,"ダークエスケープ 3D",,0,0,,,,,,,,
2012-01-01,,-,リズムゲーム,NAMCO,"太鼓の達人 KATSU-DON（●）",,0,0,,,,,,,,
2012-01-01,,-,FTG,NAMCO,鉄拳タッグトーナメント2アンリミテッド（●）,,0,0,,,,,,,,
2012-01-01,,-,,NAMCO,"ドラゴンボール ZENKAIバトルロイヤル 超サイヤ人覚醒（●）",,0,0,,,,,,,,
2013-01-01,,-,リズムゲーム,NAMCO,"太鼓の達人 ソライロVer.（●）",,0,0,,,,,,,,
2013-01-01,,-,リズムゲーム,NAMCO,"太鼓の達人 モモイロVer.（●）",,0,0,,,,,,,,
2013-01-01,,-,,NAMCO,マッハストーム,,0,0,,,,,,,,
2013-01-01,,-,RCG,NAMCO,"マリオカート アーケードグランプリDX（●）",,0,0,,,,,,,,
2013-01-01,,-,,NAMCO,友情装着!ブットバースト,,0,0,,,,,,,,
2014-01-01,,-,,NAMCO,"機動戦士ガンダム エクストリームバーサス マキシブースト（●）",,0,0,,,,,,,,
2014-01-01,,-,,NAMCO,スーパーアルペンレーサー,,0,0,,,,,,,,
2014-01-01,,-,,NAMCO,"セーラーゾンビ AKB48 アーケード・エディション",ネクスエンタテインメント,0,0,,,,,,渡部亮平|犬童一心,祖父江里奈|西口典子,
2014-01-01,,-,リズムゲーム,NAMCO,"太鼓の達人 キミドリVer.（●）",,0,0,,,,,,,,
2014-01-01,,-,,NAMCO,"デッドストームパイレーツ Special Edition",,0,0,,,,,,,,
2014-01-01,,-,,NAMCO,ロストランドアドベンチャー（●）,,0,0,,,,,,,,
2014-01-01,,-,RCG,NAMCO,"湾岸ミッドナイト MAXIMUM TUNE 5（●）",,0,0,,,,,,,,
2015-01-01,,-,,NAMCO,"ジュラシック・パーク アーケード","RAW THRILLS",0,0,,,,,,"『Jurassic Park Adventures: Survivor』(2001年) 『Jurassic Park Adventures: Prey』(2001年) 『Jurassic Park Adventures: Flyers』(2002)",,
2015-01-01,,-,,NAMCO,シンクロニカ,,0,0,,,,,,,,
2015-01-01,,-,,NAMCO,"スター・ウォーズ: バトルポッド",,0,0,,,,,ケヴィン・カイナー(英語版),ジョージ・ルーカス|『スター・ウォーズ』,ジョシュ・ライムス,
2015-01-01,,-,リズムゲーム,NAMCO,"太鼓の達人 ムラサキVer.（●）",,0,0,,,,,,,,
2015-01-01,,-,リズムゲーム,NAMCO,"太鼓の達人 ホワイトVer.（●）",,0,0,,,,,,,,
2015-01-01,,-,,NAMCO,タイムクライシス5,,0,0,,,,,,,,
2015-01-01,,-,FTG,NAMCO,鉄拳7（●）,,0,0,,,,,,,,
2015-01-01,,-,,NAMCO,"ドラゴンボール ゼンカイバトル（●）",,0,0,,,,,,,,
2015-01-01,,-,,NAMCO,ポケモンメガゲット!,,0,0,,,,,,,,
2015-01-01,,-,,NAMCO,"ポッ拳 POKKÉN TOURNAMENT（●） - 共同制作：ポケモン",,0,0,,,,,,,,
2015-01-01,,-,RCG,NAMCO,"湾岸ミッドナイト MAXIMUM TUNE 5 DX",,0,0,,,,,,,,
2016-01-01,,-,,NAMCO,ガンバレットX,,0,0,,,,,,,,
2016-01-01,,-,,NAMCO,"機動戦士ガンダム エクストリームバーサス マキシブースト ON",,0,0,,,,,,,,
2016-01-01,,-,,NAMCO,"機動戦士ガンダム 戦場の絆 REV.4（●）",,0,0,,,,安彦良和|大河原邦男,渡辺岳夫|松山祐士,星山博之|松崎健一|荒木芳久|山本優|富野喜幸,,
2016-01-01,,-,,NAMCO,"機動戦士ガンダム U.C.カードビルダー",フロム・ソフトウェア,0,0,,,,安彦良和|大河原邦男,渡辺岳夫|松山祐士,星山博之|松崎健一|荒木芳久|山本優|富野喜幸,,
2016-01-01,,-,,NAMCO,"スター・ウォーズ: バトルポッド フラットスクリーン・エディション",,0,0,,,,,ケヴィン・カイナー(英語版),ジョージ・ルーカス|『スター・ウォーズ』,ジョシュ・ライムス,
2016-01-01,,-,リズムゲーム,NAMCO,"太鼓の達人 レッドVer.（●）",,0,0,,,,,,,,
2016-01-01,,-,,NAMCO,超釣りスピリッツ,,0,0,,,,,,,,
2016-01-01,,-,FTG,NAMCO,"鉄拳7 FATED RETRIBUTION",,0,0,,,,,,,,
2016-01-01,,-,,NAMCO,"湾岸ミッドナイト MAXIMUM TUNE 5 DX PLUS",,0,0,,,,,,,,
2017-01-01,,-,,NAMCO,"THE WALKING DEAD","RAW THRILLS",0,0,,,,,,,,
2017-01-01,,-,リズムゲーム,NAMCO,"太鼓の達人 イエローVer.（●）",,0,0,,,,,,,,
2018-01-01,,-,,NAMCO,"機動戦士ガンダム エクストリームバーサス2（●）",,0,0,,,,,,,,
2018-01-01,,-,,NAMCO,"シュータウェイ プロ",,0,0,,,,,,,,
2018-01-01,,-,リズムゲーム,NAMCO,"太鼓の達人 ブルーVer.（●）",,0,0,,,,,,,,
2018-01-01,,-,,NAMCO,"湾岸ミッドナイト MAXIMUM TUNE 6",,0,0,,,,,,,,
2019-01-01,,-,,NAMCO,"ジョジョの奇妙な冒険 ラストサバイバー",,0,0,,,,,,,,
2019-01-01,,-,,NAMCO,"ソードアート・オンライン アーケード ディープ・エクスプローラー",,0,0,,,,,,,,
2019-01-01,,-,リズムゲーム,NAMCO,"太鼓の達人 グリーンVer.（●）",,0,0,,,,,,,,
2019-01-01,,-,FTG,NAMCO,"鉄拳7 FATED RETRIBUTION ROUND2",,0,0,,,,,,,,
2020-01-01,,-,リズムゲーム,NAMCO,"太鼓の達人 ニジイロVer.（●）",,0,0,,,,,,,,
2020-01-01,,-,,NAMCO,ポーカースタジアム,,0,0,,,,,,,,
2020-01-01,,-,,NAMCO,"湾岸ミッドナイト MAXIMUM TUNE 6R（●）",,0,0,,,,,,,,
2021-01-01,,-,,NAMCO,"機動戦士ガンダム エクストリームバーサス2 クロスブースト",,0,0,,,,,,,,
2021-01-01,,-,,NAMCO,"機動戦士ガンダム 戦場の絆II",バイキング,0,0,,,,,,,,
2021-01-01,,-,,NAMCO,"湾岸ミッドナイト MAXIMUM TUNE 6RR（●）",,0,0,,,,,,,,
2023-01-01,,-,,NAMCO,"機動戦士ガンダム エクストリームバーサス2 オーバーブースト",,0,0,,,,,,,,
2023-01-01,,-,,NAMCO,釣りスピちゃお!,,0,0,,,,,,,,
2024-01-01,,-,,NAMCO,"湾岸ミッドナイト MAXIMUM TUNE 6RR PLUS",,0,0,,,,,,,,
1973-01-01,,-,,TAITO,"アストロレース (Astro Race)",,0,0,,,,,,,,
1973-01-01,,-,,TAITO,エレポン,,0,0,,,,堀たえ子|桝田浩史,梶浦由記,東まゆみ,,
1973-01-01,,-,サッカー,TAITO,サッカー,,0,0,,,,,,,,
1973-01-01,,-,,TAITO,デビスカップ,,0,0,,,,,,,,
1973-01-01,,-,,TAITO,プロホッケー,,0,0,,,,,,,,
1974-01-01,,-,,TAITO,アタックUFO,,0,0,,,,小松原一男|荒木伸吾,菊池俊輔,永井豪とダイナミック企画,,
1974-01-01,,-,,TAITO,スピードレース,,0,0,,,,西角友宏,,,,
1974-01-01,,-,,TAITO,"T.T ボールパーク",,0,0,,,,,,,,
1974-01-01,,-,,TAITO,"バスケットボール (Basketball)",,0,0,,,,,,,,
1974-01-01,,-,,TAITO,"ボールパーク (Ball Park)",,0,0,,,,,,,,
1975-01-01,,-,,TAITO,"アンチエアクラフト (Anti-Aircraft)",,0,0,,,,,,,,
1975-01-01,,-,,TAITO,ウエスタンガン,,0,0,,,,,,,,
1975-01-01,,-,,TAITO,スピードレースDX,,0,0,,,,,,,,
1975-01-01,,-,,TAITO,"タヒチアン (Tahitian)",,0,0,,,,,,,,
1975-01-01,,-,,TAITO,"デッドヒート (Dead Heat)",,0,0,,,,,,,,
1976-01-01,,-,,TAITO,"アタック (Attack)",,0,0,,,,,,,,
1976-01-01,,-,,TAITO,"アベンジャー (Avenger)",,0,0,,,,,,,,
1976-01-01,,-,,TAITO,インターセプター,,0,0,,,,,,,,
1976-01-01,,-,,TAITO,クラッシングレース,,0,0,,,,,,,,
1976-01-01,,-,,TAITO,"クリーンスイープ (Clean Sweep)",,0,0,,,,,,,,
1976-01-01,,-,,TAITO,"シーウルフ (Sea Wolf)",ミッドウェイ社,0,0,,,,,,,,
1976-01-01,,-,,TAITO,スピードレースツイン,,0,0,,,,,,,,
1976-01-01,,-,,TAITO,"バリケード (Barricade)",グレムリン・インダストリー社,0,0,,,,,,,,
1977-01-01,,-,,TAITO,"ウォールブレイク (Wall Break)",,0,0,,,,,,,,
1977-01-01,,-,,TAITO,"ガンマン (Gunman)",,0,0,,,,,,,,
1977-01-01,,-,,TAITO,"クリーンスイープII (Clean Sweep II)",,0,0,,,,,,,,
1977-01-01,,-,,TAITO,クロスファイアー,,0,0,,,,,,,,
1977-01-01,,-,,TAITO,サーカス,"エキシディ (Exidy) 社",0,0,,,,,,,,
1977-01-01,,-,サッカー,TAITO,"サッカーDX (Soccer DX)",,0,0,,,,,,,,
1977-01-01,,-,,TAITO,"サファリ (Safari)",,0,0,,,,,,,,
1977-01-01,,-,,TAITO,サブハンター,,0,0,,,,,,,,
1977-01-01,,-,,TAITO,"シスコ400 (Cisco 400)",,0,0,,,,,,,,
1977-01-01,,-,,TAITO,スーパーハイウェイ,,0,0,,,,,,,,
1977-01-01,,-,,TAITO,"TTバリアー (Barrier)",,0,0,,,,,,,,
1977-01-01,,-,,TAITO,TTブロック,,0,0,,,,,,,,
1977-01-01,,-,サッカー,TAITO,"テーブルサッカー (Table Football)",,0,0,,,,,,,,
1977-01-01,,-,,TAITO,"デザートガン (Desert Gun)",ミッドウェイ社,0,0,,,,,,,,
1977-01-01,,-,,TAITO,"テニス (Tennis)",,0,0,,,,,,,,
1977-01-01,,-,,TAITO,ハッスル,,0,0,,,,,,,,
1977-01-01,,-,,TAITO,バリケードII,,0,0,,,,,,,,
1977-01-01,,-,,TAITO,フィスコ400,,0,0,,,,,,,,
1977-01-01,,-,,TAITO,"フライングフォートレス (Fying Fortress)",,0,0,,,,,,,,
1977-01-01,,-,,TAITO,"フライングフォートレスII (Fying Fortress II)",,0,0,,,,,,,,
1977-01-01,,-,,TAITO,"ボンブスアウェイ (Bombs Away)","Meadows Games社",0,0,,,,,,,,
1977-01-01,,-,,TAITO,"ミサイルＸ (Missaile-X)",,0,0,,,,,,,,
1977-01-01,,-,,TAITO,"メドウズレーン (Meadows Lane)","Meadows Games社",0,0,,,,,,,,
1977-01-01,,-,,TAITO,"ロードチャンピオン (Road Champion)",日本販売,0,0,,,,,,,,
1977-01-01,,-,,TAITO,"ロボットボウル (Robot Ball)","エキシディ (Exidy) 社",0,0,,,,,,,,
1978-01-01,,-,,TAITO,アクロバット,,0,0,,,,,,,,
1978-01-01,,-,,TAITO,ウォールアクロバット,,0,0,,,,,,,,
1978-01-01,,-,,TAITO,ウォールブロック,,0,0,,,,,,,,
1978-01-01,,-,,TAITO,スペースインベーダー,,0,0,,,西角友宏,西角友宏,亀井道行,,,
1978-01-01,,-,,TAITO,スペースインベーダー・カラー,,0,0,,,西角友宏,西角友宏,亀井道行,,,
1978-01-01,,-,,TAITO,スペースウォーズ,,0,0,,,,,,,,
1978-01-01,,-,,TAITO,"シーウルフ II (Sea Wolf II)",ミッドウェイ社,0,0,,,,,,,,
1978-01-01,,-,,TAITO,ジプシージャグラー,,0,0,,,,,,,,
1978-01-01,,-,,TAITO,"シャッフルボード (Shuffleboard)",ミッドウェイ社,0,0,,,,,,,,
1978-01-01,,-,,TAITO,スーパースピードレースV,,0,0,,,,,,,,
1978-01-01,,-,,TAITO,スーパーブロック,,0,0,,,,,,,,
1978-01-01,,-,,TAITO,"スペースワイプアウト (Space Wipeout)",,0,0,,,,,,,,
1978-01-01,,-,,TAITO,"T.T アクロバット",,0,0,,,,,,,,
1978-01-01,,-,,TAITO,"T.T スペースインベーダー",,0,0,,,,,,,,
1978-01-01,,-,,TAITO,"T.T トップボウラー",,0,0,,,,,,,,
1978-01-01,,-,,TAITO,"T.T トランポリン",,0,0,,,,,,,,
1978-01-01,,-,,TAITO,"テーブルバリヤー (Barrier)",,0,0,,,,,,,栗林誠一郎,
1978-01-01,,-,,TAITO,"トップボウラー (Top Bowler)",,0,0,,,,,,,,
1978-01-01,,-,,TAITO,トランポリン,,0,0,,,,,,,,
1978-01-01,,-,,TAITO,ブルーシャーク,,0,0,,,,,,,,
1979-01-01,,-,,TAITO,"イントルーダー (Intrude)",,0,0,,,,,,,,
1979-01-01,,-,,TAITO,ギャラクシアン,,0,0,,,田城幸一,澤野和則(企画)|石村繁一(基板設計)|山下正|中馬義明|小野浩,石村繁一|安江正樹|甲斐敏夫,,,
1979-01-01,,-,,TAITO,"ギャラクシーレスキュー (Galaxy Rescue)",,0,0,,,,,坂部剛,"ハヤシナオキ 根元歳三 小柳啓伍 林壮太郎 足木淳一郎 植竹須美男 内田直之 継田淳","村山和之 大石淳子(テレビ東京) 嵯峨隼人",
1979-01-01,,-,,TAITO,スーパースピードレース,,0,0,,,,,,,,
1979-01-01,,-,,TAITO,"スターファイアー (Star_Fire)","エキシディ (Exidy)",0,0,,,,,,,,
1979-01-01,,-,,TAITO,"ストレートフラッシュ (Straight Flush)",,0,0,,,,,,,,
1979-01-01,,-,,TAITO,スペースインベーダーパートII,,0,0,,,,,,,,
1979-01-01,,-,,TAITO,スペースチェイサー,,0,0,,,,,,,,
1979-01-01,,-,,TAITO,ズンズンブロック,,0,0,,,,,,,,
1979-01-01,,-,,TAITO,"T.T ギャラクシーウォーズ",,0,0,,,,,,,,
1979-01-01,,-,,TAITO,"T.T ストレートフラッシュ",,0,0,,,,,,,,
1979-01-01,,-,,TAITO,"T.T スペースインベーダーパートII",,0,0,,,,,,,,
1979-01-01,,-,,TAITO,"T.T スペースチェイサー",,0,0,,,,,,,,
1979-01-01,,-,,TAITO,"T.T ズンズンブロック",,0,0,,,,,,,,
1979-01-01,,-,,TAITO,"T.T フィールドゴール",,0,0,,,,,,,,
1979-01-01,,-,,TAITO,"T.T ボールパークII (Ball Park II)",,0,0,,,,,,,,
1979-01-01,,-,,TAITO,"T.T ルナレスキュー",,0,0,,,,,,,,
1979-01-01,,-,,TAITO,フィールドゴール,,0,0,,,,,,,,
1979-01-01,,-,,TAITO,"ブロックC (Block-C)",,0,0,,,,,,,,
1979-01-01,,-,,TAITO,レーザーウォーズ,シネマトロニクス社,0,0,,,,,,,,
1980-01-01,,-,,TAITO,アステロイド,,0,0,,,,,,,,
1980-01-01,,-,,TAITO,"アストロクラフト (Astro Craft)",,0,0,,,,,,,,
1980-01-01,,-,,TAITO,"アストロゾーン (Astro Zone)",,0,0,,,,,,,,
1980-01-01,,-,,TAITO,"インディアンバトル (Indian Battle)",,0,0,,,,,,,,
1980-01-01,,-,,TAITO,ウエスタンガンパートII,,0,0,,,,,,,,
1980-01-01,,-,,TAITO,クレイジーバルーン,,0,0,,,,,,,,
1980-01-01,,-,,TAITO,"サファリラリー (Safari Rally)",,0,0,,,,,,,,
1980-01-01,,-,,TAITO,"シーハンター (Sea Hunter)",,0,0,,,,,,,,
1980-01-01,,-,,TAITO,"スーパースピードレース GP-V",,0,0,,,,,,,,
1980-01-01,,-,,TAITO,"スチールワーカー (Steel Worker)",,0,0,,,,,,,,
1980-01-01,,-,,TAITO,"ストラットボックス (Stratovox)",,0,0,,,,,,,,
1980-01-01,,-,,TAITO,"スピードレース CL-5",,0,0,,,,西角友宏,,,,
1980-01-01,,-,,TAITO,"スペースサイクロン (Space Cyclone)",,0,0,,,,,,,,
1980-01-01,,-,,TAITO,"スペースレーザー (Space Laser)",,0,0,,,,,,,,
1980-01-01,,-,,TAITO,"T.T クレイジーバルーン",,0,0,,,,,,,,
1980-01-01,,-,,TAITO,"T.T スチールワーカー",,0,0,,,,,,,,
1980-01-01,,-,,TAITO,"T.T バルーンボンバー",,0,0,,,,,,,,
1980-01-01,,-,,TAITO,"T.T ポラリス",,0,0,,,,,,,,
1980-01-01,,-,,TAITO,"T.T ミサイルコマンド",アタリ,0,0,,,,,,,,
1980-01-01,,-,,TAITO,"T.T ルパン三世",,0,0,,,,,,,,
1980-01-01,,-,,TAITO,"トライアタッカー (Tri-Attacker)",,0,0,,,,,,,,
1980-01-01,,-,,TAITO,バルーンボンバー,,0,0,,,,西角友宏,今村善雄,,,
1980-01-01,,-,,TAITO,フェニックス,,0,0,,,,,,,,
1980-01-01,,-,,TAITO,ブラックビートルズ,TDS／ミンツ,0,0,,,,,,,,
1980-01-01,,-,,TAITO,ポラリス,,0,0,,,,,,,,
1980-01-01,,-,,TAITO,"ムーンランダー (Moon Lander)",,0,0,,,,,,,,
1980-01-01,,-,,TAITO,ルナレスキュー,,0,0,,,,,,,,
1980-01-01,,-,,TAITO,ルパン三世,,0,0,,,,,,,,
1980-01-01,,-,,TAITO,"ワープ1 (Warp-1)",,0,0,,,,,,,,
1981-01-01,,-,,TAITO,QIX（クイックス）,,0,0,,,,ランディ・ファイファー|サンディ・ファイファー,,,,
1981-01-01,,-,,TAITO,グランドチャンピオン,,0,0,,,,,,,,
1981-01-01,,-,,TAITO,"コロニー7 (Colony 7)",,0,0,,,,,,,,
1981-01-01,,-,,TAITO,ジャンピューター,サンリツ／アルファ電子,0,0,,,,深津栄次,,,,
1981-01-01,,-,,TAITO,"スペースクルーザー (Space Cruiser)",,0,0,,,,,,,,
1981-01-01,,-,,TAITO,"スペースシーカー (Space Seeker)",,0,0,,,,,,,,
1981-01-01,,-,,TAITO,"T.T QIX",,0,0,,,,,,,,
1981-01-01,,-,,TAITO,"T.T スペースクルーザー",,0,0,,,,,,,,
1981-01-01,,-,,TAITO,"T.T スペースシーカー",,0,0,,,,,,,,
1981-01-01,,-,,TAITO,"T.T フィッター",,0,0,,,,,,,,
1981-01-01,,-,,TAITO,"T.T フロッグ&スパイダー",,0,0,,,,,,,,
1981-01-01,,-,,TAITO,"T.T マージャン",,0,0,,,,,,,,
1981-01-01,,-,,TAITO,"T.T マージャン II",,0,0,,,,,,,,
1981-01-01,,-,,TAITO,"T.T マージャンＱ",,0,0,,,,,,,,
1981-01-01,,-,,TAITO,"ドリブリング (Dribbling)",,0,0,,,,,,,,
1981-01-01,,-,,TAITO,フィッター,,0,0,,,,,,,,
1981-01-01,,-,,TAITO,"フロッグ&スパイダー (Frog & Spiders)",,0,0,,,,,,,,
1981-01-01,,-,,TAITO,"マリンデート (Marine Date)",,0,0,,,,,,,,
1981-01-01,,-,,TAITO,"ロッククライマー (Rock Climber)",,0,0,,,,,,,,
1982-01-01,,-,,TAITO,アルペンスキー,,0,0,,,,,,,,
1982-01-01,,-,,TAITO,"エレクトリックヨーヨー (The Electric Yo-Yo)",,0,0,,,,,,,,
1982-01-01,,-,,TAITO,"Qix II - トーナメント",,0,0,,,,ランディ・ファイファー|サンディ・ファイファー,,,,
1982-01-01,,-,,TAITO,"ザ・ピット (The Pit)",,0,0,,,,,,,神津梓,
1982-01-01,,-,,TAITO,"サンシャインエッグ (Sunshine Egg)",,0,0,,,,,,,,
1982-01-01,,-,,TAITO,"ジャングルキング (Jungle King)",,0,0,,,,,今村善雄,,,
1982-01-01,,-,,TAITO,"ジャングルボーイ (Jungle Boy)",,0,0,,,,,,,,
1982-01-01,,-,,TAITO,"ジョリージョガー (Jolly Jogger)",,0,0,,,,,,,,
1982-01-01,,-,,TAITO,"スーパーマウス (Super Mouse)",,0,0,,,,,,,,
1982-01-01,,-,,TAITO,"ストライクボーリング (Strike Bowling)",,0,0,,,,,,,,
1982-01-01,,-,,TAITO,タイムトンネル,,0,0,,,,,,,,
1982-01-01,,-,,TAITO,"T.T ポートマン",,0,0,,,,,,,,
1982-01-01,,-,,TAITO,"トンブリング (T Bring)",,0,0,,,,,,,,
1982-01-01,,-,,TAITO,"バッグマン (Bagman)","valadon automation社",0,0,,,,,,,,
1982-01-01,,-,,TAITO,"バーディーキング (Birdie King)",,0,0,,,,安食圭,中川幸太郎|穴沢弘慶,黒田洋介,,
1982-01-01,,-,,TAITO,"ビッグコンバット (Big Combat)",,0,0,,,,,,,,
1982-01-01,,-,,TAITO,フライボーイ,カネコ,0,0,,,,,,,,
1982-01-01,,-,,TAITO,フロントライン,,0,0,,,,,,,,
1982-01-01,,-,,TAITO,"ポートマン (Port Man / Dock Man)",,0,0,,,,,,,,
1982-01-01,,-,,TAITO,"リアクター (Reactor)","ゴッドリーブ (Gottlieb) 社",0,0,,,,,,,,
1982-01-01,,-,,TAITO,ワイルドウエスタン,,0,0,,,,,今村善雄,,,
1983-01-01,,-,,TAITO,アメリカ横断ウルトラクイズ,,0,0,,,,,,,"高橋靖二(第12回 - 第16回)|篠崎安雄(第12回・第13回)|城朋子(“今世紀最後”)|※全てCP",
1983-01-01,,-,,TAITO,"インテレピッド (Intrepid)","Nova Games",0,0,,,,,,,,
1983-01-01,,-,,TAITO,"ウォータースキー (Water Ski)",,0,0,,,,,,,,
1983-01-01,,-,,TAITO,エレベーターアクション,,0,0,,,,,今村善雄,,,
1983-01-01,,-,,TAITO,"カンキックキッド (Can Kick Kid)",,0,0,,,,,,,,
1983-01-01,,-,,TAITO,"ジャンプコースター (Jump Coaster)",カネコ,0,0,,,,,,,,
1983-01-01,,-,,TAITO,女子バレーボール,,0,0,,,,,,,,
1983-01-01,,-,,TAITO,"ズーキーパー (Zoo Keeper) - 海外のみの販売",,0,0,,,,,,,,
1983-01-01,,-,,TAITO,"スーパーライダー (Super Rider)",,0,0,,,,,,,,
1983-01-01,,-,,TAITO,"スパイエージェント (Spy Agent)",,0,0,,,,,,,,
1983-01-01,,-,,TAITO,"ティンスター (The Tin Star)",,0,0,,,,,,,,
1983-01-01,,-,,TAITO,"ニブラー (Nibbler) - Rock-Ola社からのライセンス生産",,0,0,,,,,,,,
1983-01-01,,-,,TAITO,"バーディーキングII (Birdie King 2)",,0,0,,,,,,,,
1983-01-01,,-,,TAITO,"ハイウェイレース (High Way Race)",,0,0,,,,,,,,
1983-01-01,,-,,TAITO,バイオアタック,,0,0,,,,,,,,
1983-01-01,,-,,TAITO,ファイティングローラー,カネコ,0,0,,,,,,,,
1983-01-01,,-,,TAITO,"ボギー'83 (Bogey '83)",カネコ,0,0,,,,,,,,
1983-01-01,,-,,TAITO,レーザーグランプリ,,0,0,,,,,,,,
1984-01-01,,-,,TAITO,"アウターゾーン (Outer Zone)",,0,0,,,,,,,,
1984-01-01,,-,,TAITO,"アスリート (Athlete)",,0,0,,,,,,,,
1984-01-01,,-,,TAITO,ウォールクラッシュ,ミッドコイン,0,0,,,,,,,,
1984-01-01,,-,,TAITO,キックスタート・ホイールキング,,0,0,,,,,,,,
1984-01-01,,-,,TAITO,"CLIFF HANGAR",スターン・エレクトロニクス,0,0,,,,,,,,
1984-01-01,,-,,TAITO,グレートソードマン,セタ,0,0,,,,,,,,
1984-01-01,,-,,TAITO,コスモスサーキット,,0,0,,,,,,,,
1984-01-01,,-,,TAITO,"サイクルマー坊 (Cycle Mahbou)",,0,0,,,,,,,,
1984-01-01,,-,,TAITO,THE運動会,,0,0,,,藤末一郎,,小倉久佳,,,
1984-01-01,,-,,TAITO,シーファイターポセイドン,,0,0,,,,,,,,
1984-01-01,,-,,TAITO,ジャイロダイン,クラックス,0,0,,,,,弓削雅稔,,,
1984-01-01,,-,,TAITO,"セアフリー (Seafly)",,0,0,,,,,,,,
1984-01-01,,-,,TAITO,"チャイニーズヒーロー (Chinese Hero)",タイヨーシステム,0,0,,,,,,,,
1984-01-01,,-,,TAITO,ちゃっくんぽっぷ,,0,0,,,,,今村善雄,,,
1984-01-01,,-,,TAITO,ドライバーズライセンス,,0,0,,,,,,,,
1984-01-01,,-,,TAITO,忍者ハヤテ,,0,0,,,,,,,,
1984-01-01,,-,,TAITO,"バーディーキングIII (Birdie King 3)",,0,0,,,,,,,,
1984-01-01,,-,,TAITO,バギーチャレンジ,,0,0,,,,,小倉久佳,,,
1984-01-01,,-,,TAITO,"ビクトリアスナイン (Victorious Nine)",,0,0,,,,,,,,
1984-01-01,,-,,TAITO,ピット&ラン,,0,0,,,,,,,,
1984-01-01,,-,,TAITO,"ファイアーバトル (Fire Battle)",,0,0,,,,,,,,
1984-01-01,,-,,TAITO,"フィールドディ (Field Day)",,0,0,,,,,,,,
1984-01-01,,-,,TAITO,40-0,,0,0,,,,,,,,
1984-01-01,,-,,TAITO,べんべろべえ,,0,0,,,,,小倉久佳,,,
1984-01-01,,-,,TAITO,M・A・C・H3,マイルスター,0,0,,,,,,,,
1984-01-01,,-,,TAITO,"リングファイター (Ring Fighter)",カネコ,0,0,,,,,,,,
1984-01-01,,-,,TAITO,"ルンバランバ (Rumba Lumber)",,0,0,,,,,,,,
1985-01-01,,-,,TAITO,ウィズ,セイブ開発,0,0,,,,,,,,
1985-01-01,,-,,TAITO,宇宙戦艦ヤマト,,0,0,,,,岡迫亘弘|松本零士|スタジオぬえ,宮川泰,藤川桂介|田村丸|山本暎一,,
1985-01-01,,-,,TAITO,"エキサイティングアワー (Exciting Hour)",テクノスジャパン,0,0,,富山徳之,富山徳之|西村成孝,緒方孝治|向井久美子,,,,
1985-01-01,,-,,TAITO,女三四郎,,0,0,,,,,,,,
1985-01-01,,-,,TAITO,影の伝説,,0,0,,,,,小倉久佳,,,
1985-01-01,,-,野球,TAITO,"草野球 (Sandlot Baseball)",,0,0,,,,,,,,
1985-01-01,,-,,TAITO,"決死の探検サバイバル ゆけゆけ!山口君 (Go Go Mr. Yamaguchi - Jungle Survival)",カネコ,0,0,,,,,,,,
1985-01-01,,-,,TAITO,"侍日本一 (Samurai Nihon-ichi)",カネコ,0,0,,,,,,,,
1985-01-01,,-,,TAITO,スーパースピードレースJr.,,0,0,,,,,,,,
1985-01-01,,-,,TAITO,"スーパーデッドヒート (Super Dead Heat)",,0,0,,,,,,,,
1985-01-01,,-,,TAITO,スカイデストロイヤー,,0,0,,,,,,,,
1985-01-01,,-,,TAITO,タイガーヘリ,東亜プラン,0,0,,,,,上村建也,,,
1985-01-01,,-,,TAITO,タイムギャル,,0,0,,,くりやまたかし,藤原英裕|今沢哲男|我妻宏,今村善雄,,,
1985-01-01,,-,,TAITO,ナックルジョー,セイブ開発,0,0,,,,,,,,
1985-01-01,,-,,TAITO,"N.Y.キャプター (N.Y. Captor)",,0,0,,,,,,,,
1985-01-01,,-,,TAITO,"ヌンチャクン (Nun chackun)",カネコ,0,0,,,,,,,,
1985-01-01,,-,,TAITO,"バイゴーン (Bygone)",,0,0,,,,,,,,
1985-01-01,,-,,TAITO,"北派少林 飛龍の拳",カルチャーブレーン,0,0,,,,,,,,
1985-01-01,,-,,TAITO,"ピンポンキング (Ping-Pong King)",セタ／カネコ,0,0,,,,,,,,
1985-01-01,,-,,TAITO,フェアリーランドストーリー,,0,0,,緒方正樹|波多野幹夫,,辻野浩司|西村年幸|きたがわてつお,Y.TSUCHIDA|君島正,石田一朋,,
1985-01-01,,-,,TAITO,メタルソルジャーアイザックII,,0,0,,,,,,,,
1985-01-01,,-,,TAITO,リアル麻雀牌牌,アルバ／ビスコ,0,0,,,,,,,,
1985-01-01,,-,,TAITO,"リターン オブ ザ インベーダー",UPL,0,0,,,中隈章,,小倉久佳,,,
1985-01-01,,-,,TAITO,"レイダース5 (Raiders5)",UPL,0,0,,,,,ジョン・ウィリアムズ,ローレンス・カスダン,,
1985-01-01,,-,,TAITO,"レディーマスター (Lady Master - Lady Master of Kung Fu)",カネコ,0,0,,,,,,,,
1985-01-01,,-,,TAITO,ワイバーンF-0,,0,0,,,,,,,,
1986-01-01,,-,,TAITO,アルカノイド,,0,0,,,,,,,,
1986-01-01,,-,,TAITO,S.R.D.ミッション,九娯貿易／ウッドプレイス,0,0,,,,,,,,
1986-01-01,,-,,TAITO,"エンパイア シティ:1931",セイブ開発,0,0,,,,,,,濱田均,
1986-01-01,,-,,TAITO,黄金の城,セタ,0,0,,,,,,,,
1986-01-01,,-,,TAITO,奇々怪界,,0,0,,波多野幹夫,石田一朋|佐々木大輔,薮崎久也|西村年幸|三方一哉,小倉久佳(ZUNTATA),,,
1986-01-01,,-,,TAITO,"キック アンド ラン",,0,0,,,石指武,,,,,
1986-01-01,,-,,TAITO,ゲットスター,東亜プラン,0,0,,,上村建也,,弓削雅稔,,,
1986-01-01,,-,,TAITO,ザインドスリーナ,テクノスジャパン,0,0,,,,,,,,
1986-01-01,,-,,TAITO,スクランブルフォーメーション,,0,0,,,,佐藤浩昭,,,,
1986-01-01,,-,,TAITO,スラップファイト,東亜プラン,0,0,,,,,弓削雅稔,,,
1986-01-01,,-,,TAITO,"大怪獣の逆襲 (Daikaijū no Gyakushū)",テクノスジャパン,0,0,,,,,,,,
1986-01-01,,-,,TAITO,"ダークミスト (The Lost Castle In Darkmist)",セイブ開発,0,0,,,,,,,,
1986-01-01,,-,SHT,TAITO,ダライアス,,0,0,,河野敏男,長谷川健|くりやまたかし|とみおかひであき|菅原徹|笹谷ひでのり|橋本英樹,河野敏男|藤田朗|三方一哉|きたがわてつろう|わきたよしひろ|鎗田準次|石川幸生|五十嵐恒三|栗城源也|讃岐平|おがわみつる,たなかやすひこ|小倉久佳|八木下直人|なかむらつかさ|高橋英吉|高木正彦,,河野敏男,
1986-01-01,,-,,TAITO,バイオレントシューティング,,0,0,,,,,,,,
1986-01-01,,-,,TAITO,ハレーズコメット,,0,0,,,,三辻富貴朗,小倉久佳,,,
1986-01-01,,-,,TAITO,"バトルレーンVol.5 (Battle Lane! Vol. 5)",テクノスジャパン,0,0,,,,,,,,
1986-01-01,,-,,TAITO,"パニックロード (Panic Road)",セイブ開発,0,0,,,,,,,,
1986-01-01,,-,,TAITO,バブルボブル,,0,0,,,藤末一郎|NISHIYORI,三辻富貴朗,君島正,,,
1986-01-01,,-,,TAITO,プレビリアン,カネコ,0,0,,,,,,,,
1986-01-01,,-,,TAITO,"ビッグイベントゴルフ (Big Event Golf)",,0,0,,,,,,,,
1986-01-01,,-,,TAITO,"ミッション660 (Mission 660)",,0,0,,,,,,,,
1986-01-01,,-,,TAITO,"陸海空 最前線",,0,0,,,,,小倉久佳,,,
1987-01-01,,-,,TAITO,"アルカノイド リベンジ オブ Doh",,0,0,,,,,,,,
1987-01-01,,-,,TAITO,イグジーザス,,0,0,,,吉川勉|村田武司,,,,,
1987-01-01,,-,,TAITO,"エクスターミネーション (Extermination)",,0,0,,,,,,,,
1987-01-01,,-,,TAITO,オペレーションウルフ,,0,0,,,,,,,,
1987-01-01,,-,SHT-TOP,TAITO,究極タイガー,東亜プラン,0,0,,,弓削雅稔|上村建也,,弓削雅稔|上村建也,,,
1987-01-01,,-,,TAITO,"クロスシューター (Cross Shooter)",セイブ開発,0,0,,,,,,,,
1987-01-01,,-,,TAITO,スーパークイックス,カネコ,0,0,,,,,,,,
1987-01-01,,-,,TAITO,特殊部隊UAG,,0,0,,,,,長谷川健|四元久|鈴木隆志,,富士本淳,
1987-01-01,,-,,TAITO,ニンジャウォーリアーズ,,0,0,,緒方正樹,永田喜久|岩崎雄二|わたべよしゆき|緒方正樹|佐々木大輔,辻野浩司|石川幸生,小倉久佳,辻野浩司,末角要次郎,
1987-01-01,,-,SHT-TOP,TAITO,飛翔鮫,東亜プラン,0,0,,,上村建也|弓削雅稔,高野健一|岩渕孝悦,上村建也|弓削雅稔,,,
1987-01-01,,-,,TAITO,フルスロットル,,0,0,,,,,,,,
1987-01-01,,-,,TAITO,"ホットスマッシュ (Hot Smash)",カネコ,0,0,,,,,,,,
1987-01-01,,-,,TAITO,ミッドナイトランディング,,0,0,,,,,,,,
1987-01-01,,-,,TAITO,ラスタンサーガ,,0,0,,小林よしのり,小林よしのり|とみたかひであき|たかはしとおる|かざまひでお,西村年幸|西村年幸|讃岐平|河上聖治|栗城源也,八木下直人|高木正彦,,小林よしのり,
1987-01-01,,-,,TAITO,レインボーアイランド,,0,0,,,藤末一郎|みきこうじ|おくのこうじ,三辻富貴朗|三辻富貴朗|讃岐平,相澤静夫|小倉久佳,三辻富貴朗,,
1987-01-01,,-,,TAITO,ワードナの森,東亜プラン,0,0,,,和田悦拓,,太田理,,,
1988-01-01,,-,,TAITO,オペレーションサンダーボルト,,0,0,,,ささきだいすけ|大槻朗|駒洋三|中村辰男|征矢野伸二,鎗田準次|酒匂弘幸|鎗田準次|わきたよしひこ|いしのみのり|讃岐平|加藤久和,相澤静夫,,緒方正樹,
1988-01-01,,-,,TAITO,火激,カネコ,0,0,,金子浩,おいかわかずゆき|さいぐさひろゆき|なりたのぶゆき|かとうたけお,金子浩,あいずせいいち,,,
1988-01-01,,-,,TAITO,歌舞伎Z,カネコ,0,0,,,,,,,,
1988-01-01,,-,,TAITO,"ギャングハンター (Gang Hunter)",セイブ開発,0,0,,,,,,,,
1988-01-01,,-,,TAITO,功里金団（くりきんとん）,,0,0,,,,,,,,
1988-01-01,,-,,TAITO,ゴーフォーザゴールド,,0,0,,,,,,,,
1988-01-01,,-,,TAITO,コンチネンタルサーカス,,0,0,,,,,,,,
1988-01-01,,-,,TAITO,サイバリオン,,0,0,,,藤末一郎|石井岳,三辻富貴朗|三辻富貴朗|讃岐平|藤田允|栗城源也|利光直子|永井寛保,渡部恭久(AC)|松尾早人(SFC),,,
1988-01-01,,-,,TAITO,地獄めぐり,,0,0,,ささべやすまさ|藤原英裕,"CRAZY-YOSHIKAWA|CREAMY TETSU",海道賢仁|鎗田準次|ながいひろやす,ピンチパンチ,,,
1988-01-01,,-,,TAITO,"スーパーマン (Superman)",,0,0,,,,,,,,
1988-01-01,,-,,TAITO,ダッシュ野郎,東亜プラン,0,0,,,和田悦拓,,太田理,,,
1988-01-01,,-,SHT-TOP,TAITO,TATSUJIN,東亜プラン,0,0,,,弓削雅稔,荻原直樹|清水由美子,弓削雅稔,,弓削雅稔,
1988-01-01,,-,,TAITO,チェイスH.Q.,,0,0,,,,酒匂弘幸,浅野孝已,,,
1988-01-01,,-,,TAITO,中華大仙,ホット・ビィ,0,0,,,,阿部幸雄|藤原英裕,,,,
1988-01-01,,-,,TAITO,ツインイーグル,セタ,0,0,,,,K.SATO|玖村麻子|かさじまみゆき|たけだみつひろ,"四元久|鈴木隆之|Conrad T. Kozawa",,富士本淳,
1988-01-01,,-,,TAITO,Dr.トッペル探検隊,カネコ,0,0,,,五十嵐すぐる|かとうたけお|おいかわかずゆき|さいぐさひろゆき,辻野浩司|辻野浩司|西村年幸,小倉久佳|相澤静夫|H.MATSUBARA|H.MAEKAWA,,タイトー,
1988-01-01,,-,,TAITO,トップランディング,,0,0,,,,,,,,
1988-01-01,,-,,TAITO,ニュージーランドストーリー,,0,0,,,,,小倉久佳|山田靖子|渡部恭久,,,
1988-01-01,,-,,TAITO,プランプポップ,,0,0,,永田善久,永田善久|岩崎雄二|緒方正樹,"辻野浩司|NAOKO YOSHIDA|菊池正美|三方一哉",小倉久佳,,,
1988-01-01,,-,,TAITO,ヘビーユニット,カネコ,0,0,,金子浩,いがらしすぐる|Y.YAMAUCHI|かとうたけお,まつおかけいすけ|たじまとくひさ|いちかわひでふみ|ふなつあやこ|おきもととしこ|A.YAZAKI,渡辺達也|あいずせいいち,,,
1988-01-01,,-,,TAITO,ラスタンサーガ2,,0,0,,小林よしのり,小林よしのり|とみたかひであき|たかはしとおる|かざまひでお,西村年幸|西村年幸|讃岐平|河上聖治|栗城源也,八木下直人|高木正彦,,小林よしのり,
1988-01-01,,-,,TAITO,レイメイズ,,0,0,,,,,高木正彦,,,
1988-01-01,,-,,TAITO,"レインボーアイランド エキストラ・バージョン",,0,0,,,藤末一郎|みきこうじ|おくのこうじ,三辻富貴朗|三辻富貴朗|讃岐平,相澤静夫|小倉久佳,三辻富貴朗,,
1989-01-01,,-,,TAITO,飛鳥&飛鳥,ビスコ,0,0,,,,,,,,
1989-01-01,,-,,TAITO,インセクターX,ホットビィ,0,0,,,,,,,,
1989-01-01,,-,,TAITO,ヴォルフィード,,0,0,,,こばやしよしのり|つかのとしあき|おきよういち,三辻富貴朗|三辻富貴朗|讃岐平|栗城源也,小倉久佳,,,
1989-01-01,,-,,TAITO,"S.C.I. - Special Criminal Investigation",,0,0,,,"George K-5|菊池優一|David Uematsu|さこかずのり",酒匂弘幸|堀内文雄|西川英治|山田たかし|おおまえこうじ|河本憲孝|川岸誠治|伏屋一勝|GOMACHAN|もりもとみなこ|五十嵐恒三|仙波隆綱|篠田徹也|小川貴之,ZUNTATA|浅野孝已(ゴダイゴ),,,
1989-01-01,,-,,TAITO,エンフォース,,0,0,,,,,,,,
1989-01-01,,-,,TAITO,カダッシュ,,0,0,,辻野浩司,堀崇真,辻野浩司|辻野浩司|仙波隆綱|加藤久和|五十嵐恒三|岩田吉弘|篠田徹也|小川貴之|今枝賢一,西賢二,,はせがわけいすけ,
1989-01-01,,-,,TAITO,キャメルトライ,,0,0,,,,海道賢仁,PINCH-PUNCH,,海道賢仁,
1989-01-01,,-,,TAITO,クライムシティ,,0,0,,,,,渡部恭久,,,
1989-01-01,,-,SHT-TOP,TAITO,大旋風,東亜プラン,0,0,,,,,太田理,,,
1989-01-01,,-,SHT,TAITO,ダライアスII,,0,0,,藤原英裕,大槻朗|中村辰男|廿楽昌志|征矢野伸二,藤原英裕|仙波隆綱|菊池正美|仙波隆綱|加藤久和,小倉久佳,,藤原英裕,
1989-01-01,,-,,TAITO,チャンピオンレスラー,,0,0,,村田武司,"村田武司|TSUI KATO|CREAMY TETSU|堀本隆久",海道賢仁|前川浩之|海道賢仁|いしのみのり|藤田允|山田たかし|河本憲孝|はざまけんじ|川岸誠治|伏屋一勝|もりもとみなこ,大縫一行|きたむらひでひと,,,
1989-01-01,,-,,TAITO,ドンドコドン,,0,0,,,石田一朋|木下昌也,河上聖治|石川幸生|阿部幸雄|いしのみのり|沼田和博|五十嵐恒三|しのだてつや|V.A.P,高木正彦|山田靖子,,河上聖治|松本俊明|酒匂弘幸,
1989-01-01,,-,,TAITO,ナイトストライカー,,0,0,,海道賢仁,菅原徹|橋本英樹|つかのとしあき|津森康男|きたばやしたかし,関口忍|のむらあきお,高木正彦,,菅原徹,
1989-01-01,,-,,TAITO,バイオレンスファイト,,0,0,,,石指武|井上ゆみ,さかもとゆきひこ|はざまけんじ|伏屋一勝|山田たかし|河本憲孝|川岸誠治|おおまえこうじ|光岡玲子|もりもとみなこ,高木正彦|山田靖子|渡部恭久|チームZUNTATA,,,
1989-01-01,,-,,TAITO,バトルシャーク,,0,0,,,,,,,,
1989-01-01,,-,,TAITO,パズニック,アニメーション20,0,0,,,,,,,,
1989-01-01,,-,,TAITO,ファイティングホーク,,0,0,,,,河上聖治,西賢二(ピンチパンチ),,,
1989-01-01,,-,,TAITO,ファイナルブロー,,0,0,,,藤末一郎|木下昌也|大野木雄一|いしわたたかゆき,石川幸生|沼田和博|野村明生,"ZUNTATA SOUND TEAM",,,
1989-01-01,,-,,TAITO,フリップル,,0,0,,,,,古川典裕,,,
1989-01-01,,-,SHT,TAITO,ヘルファイヤー,東亜プラン,0,0,,,,,上村建也,,,
1989-01-01,,-,,TAITO,マスターオブウェポン,,0,0,,島本享司,島本享司|村田武司|阿部哲士|近藤勝裕,石川幸生,小倉久佳|渡部恭久,,島本享司,
1989-01-01,,-,,TAITO,メイズオブフロット,ビスコ,0,0,,,,,,,,
1989-01-01,,-,,TAITO,メガブラスト,,0,0,,,,,福森秀敏,,,
1989-01-01,,-,,TAITO,"ランボーIII (Rambo III)",,0,0,,,,,,,,
1989-01-01,,-,,TAITO,"WGP - Real Racing Feeling",,0,0,,酒匂弘幸,,酒匂弘幸,相澤静夫,,,
1990-01-01,,-,,TAITO,嗚呼栄光の甲子園,,0,0,,,,,,,,
1990-01-01,,-,,TAITO,アクアジャック,,0,0,,,,,,,,
1990-01-01,,-,,TAITO,あしたのジョー,Wave,0,0,,竹内啓雄|大賀俊二|西久保瑞穂,,,荒木一郎,高森朝雄,,
1990-01-01,,-,,TAITO,"阿修羅ブラスター (Ashura Blaster)",ビスコ,0,0,,,,,,,,
1990-01-01,,-,,TAITO,エアインフェルノ,,0,0,,,,,,,,
1990-01-01,,-,,TAITO,ガンフロンティア,,0,0,,,,,,,,
1990-01-01,,-,,TAITO,クイズH.Q.,,0,0,,,,,,,,
1990-01-01,,-,,TAITO,苦胃頭捕物帳,,0,0,,,,,,,,
1990-01-01,,-,,TAITO,サンダーフォックス,,0,0,,,,前川浩之|河本憲孝|西川禎一|もりもとみなこ|はざまけんじ|おまえこうじ|やまだたかし|川岸誠治,海野和子,,,
1990-01-01,,-,,TAITO,スペースガン,,0,0,,,,,,,,
1990-01-01,,-,,TAITO,ソニックブラストマン,,0,0,,,,,,,,
1990-01-01,,-,,TAITO,ダイナマイトリーグ,,0,0,,,,,,,,
1990-01-01,,-,,TAITO,ニンジャキッズ,,0,0,,石指武,石指武,前川浩之|ポキール山田|まつもとじゅんじ,いまおかしろう|殿村裕誠|古川典裕|ピンチパンチ,,,
1990-01-01,,-,サッカー,TAITO,ハットトリックヒーロー,,0,0,,,中村辰男|岩崎雄二|征矢野伸二|ながはらくさご|つねきよこうじ|黒沢孝,こぼりたけし|こぼりたけし|関本努|平松信宏|PEACOCK,小倉久佳|渡部恭久,,,
1990-01-01,,-,,TAITO,"パラメデス (Palamedes)",ホットビィ,0,0,,,,,,,,
1990-01-01,,-,,TAITO,"マジェスティックトゥエルブ スペースインベーダー パートIV",,0,0,,藤末一郎,"橋本秀樹|渋谷康洋|TAKASHI KITABAYASHI|NORIHITO TANIYAMA|MASAHIRO SHIMAZAKI|TAKAYUKI SHINMA","溝部久美|RINTARO DOI|仙波隆綱|菊池正美|TOMOHIRO OHNO|TSUYOSHI SATO|TAKAYUKI MIYAZAWA","渡部恭久|海野和子|古川典裕|SHIRO IMAOKA",,,
1990-01-01,,-,,TAITO,ミズバク大冒険,,0,0,,平松信宏|松本俊明,石田一朋|ながはらくさご|つねきよこうじ|黒沢孝,平松信宏|平松信宏|鯨井洋代|岩田吉弘|PEACOCK|V.A.P,海野和子|小倉久佳,,,
1990-01-01,,-,,TAITO,ミニベーダーズ,,0,0,,,,,,,,
1990-01-01,,-,,TAITO,ルナーク,,0,0,,"HIDE CHAN","菅原徹|MUSCLE SATO|八木正樹|安河内寿男|田中宏幸|こうやまゆういち",藪崎久也|菊地康彦|五十嵐恒三|藤原英裕|仙波隆綱|加藤久和|藪崎久也,渡部恭久,,藤原英裕,
1991-01-01,,-,,TAITO,ヒット・ジ・アイス,,0,0,,,,,,,,
1991-01-01,,-,,TAITO,アクロバットミッション,UPL,0,0,,,新井利男,金子むつお|神菊かおる|青山きんや|金子むつお|富沢みのる,長島義夫|西川ひろし,,,
1991-01-01,,-,,TAITO,"クイズクエスト 姫と勇者の物語",,0,0,,,,,,,,
1991-01-01,,-,,TAITO,"ターミネーター2 - ミッドウェイ社からのライセンス販売",,0,0,,,,,ブラッド・フィーデル,ジェームズ・キャメロン|ウィリアム・ウィッシャー,,
1991-01-01,,-,,TAITO,D3BOS,,0,0,,,,,,,,
1991-01-01,,-,,TAITO,バイオレンスファイトII,,0,0,,,,,,,,
1991-01-01,,-,,TAITO,パワーホイールズ,,0,0,,,,,,,,
1991-01-01,,-,,TAITO,プリルラ,,0,0,,,,加藤久和,海野和子,,藤原英裕,
1991-01-01,,-,,TAITO,麻雀クエスト,,0,0,,,,,,,,
1991-01-01,,-,,TAITO,メタルブラック,,0,0,,仙波隆綱,堀崇真|黒木尚也|瀬口隆士,仙波隆綱|堀崇真|黒木尚也|瀬口隆士|溝部久美|渡部恭久|沢木純,渡部恭久,,仙波隆綱,
1991-01-01,,-,,TAITO,ゆうゆのクイズでGO!GO!,,0,0,,藤田司,渋谷康洋|川元和彦,越中登|木下昌也|沼田和博|森田雅子,河本圭代,,,
1991-01-01,,-,,TAITO,レーシングビート,,0,0,,,,,,,,
1991-01-01,,-,,TAITO,"WGP2 - Real Racing Feeling",,0,0,,酒匂弘幸,,酒匂弘幸,相澤静夫,,,
1992-01-01,,-,,TAITO,アラビアンマジック,,0,0,,,,,,,,
1992-01-01,,-,,TAITO,ウォリアーブレード,,0,0,,海道賢仁,,海道賢仁|藤田允|菊池正美|石井英貴|加藤正博|五十嵐恒三,高木正彦,,,
1992-01-01,,-,,TAITO,ガンバスター,,0,0,,,,,,,,
1992-01-01,,-,,TAITO,ギャラクティックストーム,,0,0,,,,齋藤晃|大島司,小倉久佳,,清水久雄,
1992-01-01,,-,,TAITO,クイズ地球防衛軍,,0,0,,,,,,,,
1992-01-01,,-,,TAITO,グランドエフェクト,,0,0,,,,,,,,
1992-01-01,,-,,TAITO,グリッドシーカー,,0,0,,,那谷隆弘|金子尚史|林俊幸,大島司|水上良昭|金子尚史,中山上等兵|八木下直人,,加藤敏明,
1992-01-01,,-,,TAITO,コマンドウォー,,0,0,,,,,,,,
1992-01-01,,-,,TAITO,サイレントドラゴン,イーストテクノロジー,0,0,,,,,,,,
1992-01-01,,-,,TAITO,スーパーグランドエフェクト,,0,0,,,,,,,,
1992-01-01,,-,,TAITO,ダイノレックス,,0,0,,,,,,,,
1992-01-01,,-,,TAITO,デッドコネクション,,0,0,,,,,,,,
1992-01-01,,-,,TAITO,ドギューン!!,東亜プラン,0,0,,,上村建也,井上淳哉(OPデモのみ),上村建也,,,
1992-01-01,,-,,TAITO,バルーンブラザーズ,イーストテクノロジー,0,0,,,,,,,,
1992-01-01,,-,,TAITO,"フィグゼイト -地獄の英雄伝説-",東亜プラン,0,0,,,,,,,,
1992-01-01,,-,,TAITO,ライディングファイト,,0,0,,,,,,,,
1992-01-01,,-,,TAITO,リングレイジ,,0,0,,,,,,,,
1993-01-01,,-,,TAITO,ヴァーテクサー,,0,0,,,,,,,,
1993-01-01,,-,,TAITO,ヴイ・ファイヴ,,0,0,,高野健一,岩倉聖治|池田恒基,直良有祐|山口幹雄,弓削雅稔,,,
1993-01-01,,-,,TAITO,カチャット,,0,0,,,,,,,,
1993-01-01,,-,,TAITO,クイズクレヨンしんちゃん,,0,0,,,,,,,,
1993-01-01,,-,,TAITO,クイズ人生劇場,,0,0,,,,,,,,
1993-01-01,,-,,TAITO,"クレヨンしんちゃん オラと遊ぼ",,0,0,,,,,,,,
1993-01-01,,-,,TAITO,サイバーステラ,,0,0,,,,,,,,
1993-01-01,,-,,TAITO,ザ・ファーストファンキーファイター,イーストテクノロジー,0,0,,,,,,,,
1993-01-01,,-,,TAITO,スーパーチェイスクリミナルターミネーション,,0,0,,平松信宏|河上聖治,大槻明|青木洋,磯部孝幸|山下智久,渡部恭久,,,
1993-01-01,,-,,TAITO,トップランキングスターズ,,0,0,,,,,,,,
1993-01-01,,-,SHT-TOP,TAITO,BATSUGUN,東亜プラン,0,0,,,池田恒基,井上淳哉,坂井義達,,,
1993-01-01,,-,サッカー,TAITO,ハットトリックヒーロー'93,,0,0,,,,,,,,
1993-01-01,,-,FTG,TAITO,モータルコンバット,ミッドウェイ社,0,0,,,,エド・ブーン|ジョン・トビアス,ダン・フォーデン,,,
1993-01-01,,-,,TAITO,龍神,イーストテクノロジー,0,0,,,,,,,,
1993-01-01,,-,,TAITO,ワイワイアニマルランドJr.,,0,0,,,,,,,,
1994-01-01,,-,,TAITO,"アンダーファイアー (Under Fire)",,0,0,,,,,ジェリー・ゴールドスミス,クレイトン・フローマン|ロン・シェルトン,,
1994-01-01,,-,,TAITO,オペレーションウルフ3,イーストテクノロジー,0,0,,,ひらのかつひこ|こみやさとる|きむらとしひろ,岡島英号|たむらまさる|おおくらさおり|たなはらなつこ|わたやなおあき,つだひろし,,,
1994-01-01,,-,,TAITO,カイザーナックル,,0,0,,,アオキヒロシ|宇佐美公介|土屋久美|中村辰男|大山功,溝辺久美|神村武|坂本勇二|神村武,渡部恭久,,,
1994-01-01,,-,,TAITO,"クイズ世界はSHOW by ショーバイ!!",,0,0,,,,,,,小松原登|小杉善信|吉田真,
1994-01-01,,-,,TAITO,"クイズシアター 3つの物語",,0,0,,,,,,,,
1994-01-01,,-,,TAITO,スペースインベーダーDX,,0,0,,,西角友宏,西角友宏,亀井道行,,,
1994-01-01,,-,,TAITO,スラップショット,イーストテクノロジー,0,0,,,,,エルマー・バーンスタイン,ナンシー・ダウド(英語版),,
1994-01-01,,-,SHT,TAITO,ダライアス外伝,,0,0,,,倉林晶|長山裕|大村直人|原田秀孝,加藤久和|倉林晶|菊池正美|長山裕|大村直人|原田秀孝|土居林太郎|金岡勝美|小倉久佳|石川勝久|加藤久和|菊池正美|松村謙太郎,小倉久佳|石川勝久,,藤原英裕,
1994-01-01,,-,,TAITO,チェイスボンバーズ,,0,0,,,,,,,,
1994-01-01,,-,PZL/TBL,TAITO,パズルボブル,,0,0,,,津森康男,中久木成一|木下一洋|木下一洋|こまいりょうた|神谷美和,海野和子|山田靖子,,,
1994-01-01,,-,サッカー,TAITO,ハットトリックヒーロー'94,,0,0,,,,,,,,
1994-01-01,,-,サッカー,TAITO,ハットトリックヒーロー'95,,0,0,,,,,,,,
1994-01-01,,-,,TAITO,バブルシンフォニー,,0,0,,,,,,,,
1994-01-01,,-,FTG,TAITO,モータルコンバットII,ミッドウェイ社,0,0,,,,エド・ブーン|ジョン・トビアス,ダン・フォーデン,,,
1994-01-01,,-,,TAITO,ライトブリンガー,,0,0,,,,河本憲孝,古川典裕,,,
1994-01-01,,-,,TAITO,リカルホーン,,0,0,,,,,,,,
1994-01-01,,-,,TAITO,"リボリューションX (Revolution_X)",ミッドウェイ社,0,0,,,,,,,,
1994-01-01,,-,,TAITO,レイフォース,,0,0,,阿部幸雄|中村辰男,中村辰男|征矢野伸二|谷口晃|樫野正雄|大山功,中村辰男|阿部幸雄|山下智久|加藤秀幸|山下智久|磯部孝幸|杉谷伸二郎|鯨井洋代|野口泰弘,河本圭代,,阿部幸雄,
1995-01-01,,-,,TAITO,アウトバースト4D,,0,0,,,,,,,,
1995-01-01,,-,,TAITO,あっかんべぇだぁ〜,,0,0,,,,,,,,
1995-01-01,,-,,TAITO,"エレベーターアクション リターンズ",,0,0,,,,,今村善雄,,,
1995-01-01,,-,SHT-TOP,TAITO,究極タイガーII,タクミコーポレーション,0,0,,,,,,,,
1995-01-01,,-,SHT-TOP,TAITO,逆鱗弾,,0,0,,,,香川友信,海野和子,,,
1995-01-01,,-,,TAITO,ついんくいっくす,,0,0,,,,ランディ・ファイファー|サンディ・ファイファー,,,,
1995-01-01,,-,,TAITO,デンジャラスカーブス,,0,0,,,,,,,,
1995-01-01,,-,,TAITO,パズルdeポン!,ビスコ,0,0,,,,,,,,
1995-01-01,,-,PZL/TBL,TAITO,パズルボブル2,,0,0,,,丸山尋司|野口順一郎,中久木成一|木下一洋,中山上等兵,,,
1995-01-01,,-,PZL/TBL,TAITO,パズルボブル2X,,0,0,,,丸山尋司|野口順一郎,中久木成一|木下一洋,中山上等兵,,,
1995-01-01,,-,,TAITO,森口博子のクイズでヒューヒュー,,0,0,,,,,,,,
1996-01-01,,-,,TAITO,クレオパトラフォーチュン,,0,0,,,,香川友信,中澤秀一郎|高萩英樹,,,
1996-01-01,,-,,TAITO,サイキックフォース,,0,0,,,青木洋,神村武|青木洋|坂本勇二,高萩英樹,青木洋(原案),神村武,
1996-01-01,,-,,TAITO,サイキックフォースEX,,0,0,,,,,,,,
1996-01-01,,-,,TAITO,サイドバイサイド,,0,0,,,,,,,,
1996-01-01,,-,,TAITO,スーパーフットボールチャンプ,,0,0,,,,,,,,
1996-01-01,,-,PZL/TBL,TAITO,パズルボブル3,,0,0,,,,,,,,
1996-01-01,,-,,TAITO,バブルメモリーズ,,0,0,,,,藤渡尊浩,山田靖子,,,
1996-01-01,,-,,TAITO,ファイターズインパクト,,0,0,,黒木仲章(AC版)|竹島栄治(PS版),,新貝田鉄也郎,渡部恭久,,,
1996-01-01,,-,,TAITO,"まじかるで〜と ドキドキ告白大作戦",,0,0,,,,,,,,
1996-01-01,,-,,TAITO,ランディングギア,,0,0,,,,,,,,
1996-01-01,,-,,TAITO,レイストーム,,0,0,,阿部幸雄|中村辰男|山下智久,,,河本圭代,,阿部幸雄,
1997-01-01,,-,,TAITO,アルカノイドリターンズ,,0,0,,,,,,,,
1997-01-01,,-,,TAITO,きらめきスターロード♪イントロ倶楽部♪,,0,0,,,,,,,,
1997-01-01,,-,,TAITO,"サイドバイサイド2 エボルツィオーネ",,0,0,,,,,,,,
1997-01-01,,-,SHT,TAITO,Gダライアス,,0,0,,阿部直光|大坂誠|大槻朗|藤田允,"大槻朗|林伸幸|藤田勝幸|藤本貴文|HIROHISA MATSUMURA|丸山博幸|HIKARU TANIGUCHI|林康高|小野俊介|竹田雅一|春日はるみ|HIROTAKA FUKAKAWA|加藤浩司|小塚均","藤田允|川石徹|森田健一|長谷川浩司|福井敏博|早瀬亮介|ATSUSHI HORIMIZU|後田達也|BAW BAW",小倉久佳|瓜田幸治,,阿部直光,
1997-01-01,,-,SHT,TAITO,GダライアスVer.2,,0,0,,,,,,,HΛL,
1997-01-01,,-,,TAITO,電車でGO!,,0,0,,,,,,,,
1997-01-01,,-,,TAITO,"電車でGO! EX",,0,0,,,,,,,,
1997-01-01,,-,,TAITO,パズルdeポン!R!,,0,0,,,,,,,,
1997-01-01,,-,,TAITO,ファイターズインパクトA,,0,0,,黒木仲章(AC版)|竹島栄治(PS版),,新貝田鉄也郎,渡部恭久,,,
1997-01-01,,-,,TAITO,プチカラット,,0,0,,藤渡尊浩,金子道明|粕谷智昭|南雲泰人,谷口敦|藤渡尊浩|前田千穂|二宮健|福崎真理|金子陽子|藤本一弘|ディスティーノブ|渡部恭久|香宗我部恭信,渡部恭久,,谷口敦,
1997-01-01,,-,,TAITO,ぽっぷんぽっぷ,,0,0,,西角友宏,渡辺訓章|佐々木信也|むろふしけんいち|南雲泰人|粕谷智昭,西角友宏|飛坐賢一|はるたあつし,神尾憲一,,永田喜久|大島司,
1997-01-01,,-,,TAITO,"まじかるで〜と 卒業告白大作戦",,0,0,,,,,,,,
1998-01-01,,-,,TAITO,オペレーションタイガー,,0,0,,,,,,,,
1998-01-01,,-,,TAITO,カオスヒート,,0,0,,,,,,,,
1998-01-01,,-,,TAITO,サイキックフォース2012,,0,0,,,青木洋,神村武|青木洋|坂本勇二,高萩英樹,青木洋(原案),神村武,
1998-01-01,,-,,TAITO,電車でGO!2高速編,,0,0,,,,,,,,
1998-01-01,,-,,TAITO,"電車でGO!2高速編 3000番台",,0,0,,,,,,,,
1998-01-01,,-,PZL/TBL,TAITO,パズルボブル4,,0,0,,,,,,,,
1998-01-01,,-,,TAITO,ランドメーカー,,0,0,,,,,,,,
1998-01-01,,-,,TAITO,レイクライシス,,0,0,,,,,,,,
1999-01-01,,-,,TAITO,RCでGO!,,0,0,,,,,,,,
1999-01-01,,-,PZL/TBL,TAITO,スーパーパズルボブル,,0,0,,,,,,,,
1999-01-01,,-,,TAITO,バトルギア,,0,0,,,,,,,,
1999-01-01,,-,,TAITO,パワーショベルに乗ろう!!,,0,0,,,,,,,,
1999-01-01,,-,,TAITO,フリップメイズ,MOSS,0,0,,,,,,,,
1999-01-01,,-,,TAITO,ランディングハイジャパン,,0,0,,,,,,,,
2000-01-01,,-,,TAITO,バトルギア2,,0,0,,,,,,,,
2000-01-01,,-,,TAITO,サイヴァリア,サクセス,0,0,,,,,,,,
2000-01-01,,-,,TAITO,"サイヴァリア リビジョン",サクセス,0,0,,,,,,,,
2000-01-01,,-,,TAITO,電車でGO!3通勤編,,0,0,,,,,,,,
2000-01-01,,-,,TAITO,"電車でGO! 旅情編（がんばれ運転士!!）",,0,0,,,,,,,,
2001-01-01,,-,,TAITO,式神の城,アルファ・システム,0,0,,須田直樹,,,,,,
2001-01-01,,-,,TAITO,スタントタイフーン,,0,0,,,,,,,,
2001-01-01,,-,,TAITO,ナイトレイド,タクミコーポレーション,0,0,,,,,,,,
2001-01-01,,-,,TAITO,"ハードパンチャー はじめの一歩",,0,0,,,,,,,,
2002-01-01,,-,PZL/TBL,TAITO,あずまんが大王パズルボブル,MOSS,0,0,,,,,,,,
2002-01-01,,-,,TAITO,クレオパトラフォーチュン+,アルトロン,0,0,,,,香川友信,中澤秀一郎|高萩英樹,,,
2002-01-01,,-,,TAITO,"ハードパンチャー はじめの一歩2 王者への挑戦",,0,0,,,,,,,,
2002-01-01,,-,,TAITO,バトルギア3,,0,0,,,,,,,,
2002-01-01,,-,,TAITO,ライジンピンポン,,0,0,,,,,,,,
2003-01-01,,-,,TAITO,"兎 -野性の闘牌- 山城麻雀編",童,0,0,,,,,,,,
2003-01-01,,-,,TAITO,"クイズケータイQモード ～MailもChatも恋しTel",アメディオ,0,0,,,,,,,,
2003-01-01,,-,,TAITO,ころん,サイバーフロント,0,0,,,,,,,,
2003-01-01,,-,,TAITO,サイヴァリア2,スコーネック,0,0,,,,,,,,
2003-01-01,,-,,TAITO,式神の城II,アルファ・システム,0,0,,須田直樹,,,,,,
2003-01-01,,NESYS,,TAITO,"バトルギア3 Tuned（●）",,0,0,,,,,,,,
2003-01-01,,-,,TAITO,ポチッとにゃ～,アイキ,0,0,,,,,,,,
2003-01-01,,-,,TAITO,"スペースインベーダー アニバーサリー",,0,0,,,西角友宏,西角友宏,亀井道行,,,
2004-01-01,,-,,TAITO,"翼神 GIGAWING GENERATIONS",タクミコーポレーション,0,0,,,,,,,,
2004-01-01,,-,,TAITO,カオスブレイカー,イオリス,0,0,,,,,,,,
2004-01-01,,-,,TAITO,"ZOO KEEPER",サクセス,0,0,,,,,,,,
2004-01-01,,NESYS,,TAITO,ゾイドインフィニティ（●）,,0,0,,,,,,,,
2005-01-01,,NESYS,,TAITO,"兎 -野性の闘牌- ONLINE（●）",童,0,0,,,,,,,,
2005-01-01,,-,,TAITO,スピカ★アドベンチャー,,0,0,,,,,,,,
2005-01-01,,NESYS,,TAITO,ゾイドインフィニティEX（●）,,0,0,,,,,,,,
2005-01-01,,-,,TAITO,ゾイドカードコロシアム,,0,0,,,,,,,,
2005-01-01,,-,,TAITO,ターゲットフォース,"RAW THRILLS",0,0,,,,,,,,
2005-01-01,,-,,TAITO,"ダイノキングバトル -CARD GAME-",,0,0,,,,,,,,
2005-01-01,,-,PZL落ち物,TAITO,テトリス・ザ・グランドマスター3,アリカ,0,0,,,,,,,,
2005-01-01,,NESYS,,TAITO,バトルギア4（●）,,0,0,,,,,,,,
2005-01-01,,NESYS,野球,TAITO,"ハリキリオンライン プロ野球（●）",,0,0,,,,,,,,
2005-01-01,,-,,TAITO,"ファスト アンド フューリアス","RAW THRILLS",0,0,,,,,,,,
2005-01-01,,-,,TAITO,HOMURA,スコーネック,0,0,,,,,,,,
2005-01-01,,-,,TAITO,雷電III,MOSS,0,0,,星野仁,,,佐藤豪|坂本由佳|武満祐司,,駒澤敏亘,
2006-01-01,,NESYS,,TAITO,"兎 -野性の闘牌- ONLINE DDの血統（●）",童,0,0,,,,,,,,
2006-01-01,,-,,TAITO,"キラキラ♥アイドル リカちゃん",,0,0,,,,,,,,
2006-01-01,,-,,TAITO,式神の城III,アルファ・システム,0,0,,須田直樹,,,,,,
2006-01-01,,NESYS,,TAITO,"ゾイドインフィニティEX PLUS（●）",,0,0,,,,,,,,
2006-01-01,,NESYS,,TAITO,"ハーフライフ2 サバイバー（●）",,0,0,,,,,,,,
2006-01-01,,NESYS,,TAITO,"バトルギア4 Tuned（●）",,0,0,,,,,,,,
2007-01-01,,NESYS,,TAITO,"アクエリアンエイジ オルタナティブ（●）",,0,0,,,,,,,,
2007-01-01,,-,,TAITO,チェイスH.Q.2,,0,0,,,,酒匂弘幸,浅野孝已,,,
2007-01-01,,-,,TAITO,"ドラゴンクエスト モンスターバトルロード",ロケットスタジオ／スクウェア・エニックス,0,0,,吉田直樹,,,,,市村龍太郎,
2007-01-01,,NESYS,,TAITO,"ハーフライフ2 サバイバー 弐（●）",,0,0,,,,,,,,
2007-01-01,,-,,TAITO,バトルファンタジア,アークシステムワークス,0,0,,,,,,,,
2008-01-01,,-,,TAITO,"D1GP ARCADE",,0,0,,,,,,,,
2008-01-01,,-,,TAITO,"ドラゴンクエスト モンスターバトルロードII",ロケットスタジオ／スクウェア・エニックス,0,0,,吉田直樹,,,,,市村龍太郎,
2008-01-01,,NESYS,,TAITO,悠久の車輪（●）,スクウェア・エニックス,0,0,,,,,,,,
2008-01-01,,NESYS,,TAITO,"LORD of VERMILION（●）",シンクガレージ／スクウェア・エニックス,0,0,,I|II:上原利之|Re:2:横山賢介|しんでぃ,,,I:植松伸夫|II:崎元仁(ベイシスケイプ),七月鏡一|河崎淳|上原利之,柴貴正|門井信樹,
2009-01-01,,NESYS,,TAITO,"エレベーターアクション デスパレード",,0,0,,,,,今村善雄,,,
2009-01-01,,-,,TAITO,サイバーダイバー（●）,,0,0,,,,,,,,
2009-01-01,,-,,TAITO,セニョールニッポン!,,0,0,,,,,,,,
2009-01-01,,-,,TAITO,"ホーンテッド ミュージアム",,0,0,,,,,,,,
2009-01-01,,-,,TAITO,ホッピングロード,,0,0,,,,,,,,
2009-01-01,,-,,TAITO,ミュージックガンガン!,,0,0,,,,,,,,
2009-01-01,,NESYS,,TAITO,"LORD of VERMILION II（●）",シンクガレージ／スクウェア・エニックス,0,0,,浅尾祥正,,,III:植松伸夫|Tachytelic|Re:3:細江慎治,七月鏡一|浅尾祥正,丹沢悠一,
2010-01-01,,-,,TAITO,ガイアアタックフォー,,0,0,,,,,,,,
2010-01-01,,-,,TAITO,"KOF SKY STAGE",MOSS／SNKプレイモア,0,0,,,,,,,,
2010-01-01,,-,,TAITO,"THE KING OF FIGHTERS XIII",SNKプレイモア,0,0,,秦泉寺章夫,,,,,久木野雅昭,
2010-01-01,,NESYS,SHT,TAITO,"ダライアスバースト アナザークロニクル（●）",ピラミッド,0,0,,,,,,,,
2010-01-01,,-,,TAITO,超・ちゃぶ台返し!,,0,0,,,,,,,,
2010-01-01,,-,,TAITO,超・ちゃぶ台返し!その2,,0,0,,,,,,,,
2010-01-01,,-,,TAITO,"ドラゴンクエスト モンスターバトルロードIIレジェンド ",ロケットスタジオ／スクウェア・エニックス,0,0,,,,,,,,
2010-01-01,,NESiCA,,TAITO,"BLAZBLUE CONTINUUM SHIFT II（○）",アークシステムワークス,0,0,,,,森利道|下谷智之,"Arte Refact",ラスプーチン矢野,森利道,
2010-01-01,,-,,TAITO,"ホッピングロード キッズ",,0,0,,,,,,,,
2010-01-01,,-,,TAITO,"ミュージックガンガン! 曲がいっぱい☆超増加版!",,0,0,,,,,,,,
2011-01-01,,NESiCA,,TAITO,AQUAPAZZA（○）,エクサム／アクアプラス,0,0,,,,,,,,
2011-01-01,,NESiCA,,TAITO,exception（○）,i-saint／サクセス,0,0,,,,,,,,
2011-01-01,,-,,TAITO,キックスルーレーサーズ,,0,0,,,,,,,,
2011-01-01,,NESiCA,,TAITO,"THE KING OF FIGHTERS '98 ULTIMATE MATCH FINAL EDITION for NESiCAxLive（○）",SNKプレイモア,0,0,,,,,,,,
2011-01-01,,NESiCA,,TAITO,"THE KING OF FIGHTERS 2002 UNLIMITED MATCH for NESiCAxLive（○）",SNKプレイモア,0,0,,,,,,,,
2011-01-01,,NESiCA,,TAITO,サムライスピリッツ閃（○）,SNKプレイモア,0,0,,,,,,,,
2011-01-01,,NESiCA,,TAITO,スピカ☆アドベンチャー（○）,,0,0,,,,,,,,
2011-01-01,,NESiCA,,TAITO,"SPACE INVADERS for NESiCAxLive（○）",,0,0,,,,,,,,
2011-01-01,,NESiCA,,TAITO,星霜鋼機ストラニア（○）,グレフ,0,0,,,,,,,,
2011-01-01,,NESiCA,,TAITO,"旋光の輪舞DUO for NESiCAxLive（○）",グレフ,0,0,,,,,,,,
2011-01-01,,-,,TAITO,ソニックブラストヒーローズ,,0,0,,,,,,,,
2011-01-01,,NESYS,SHT,TAITO,"ダライアスバースト アナザークロニクルEX（●）",ピラミッド,0,0,,,,,,,,
2011-01-01,,-,,TAITO,"超・ちゃぶ台返し! 巨人の星 ド根性編",,0,0,,,,,,,,
2011-01-01,,-,,TAITO,"デモンブライド アディショナルゲイン（○）",エクサム,0,0,,,,,,,,
2011-01-01,,-,,TAITO,ドラゴンダンス（○）,サクセス,0,0,,,,,,,,
2011-01-01,,-,,TAITO,"バトルファンタジア（○） ",アークシステムワークス,0,0,,,,,,,,
2011-01-01,,-,,TAITO,"ホーンテッドミュージアムII ようこそ幻影遊園地へ",,0,0,,,,,,,,
2011-01-01,,-,,TAITO,ミュージックガンガン!2,,0,0,,,,,,,,
2011-01-01,,NESYS,,TAITO,"LORD of VERMILION Re:2（●）",シンクガレージ／スクウェア・エニックス,0,0,,浅尾祥正,,,III:植松伸夫|Tachytelic|Re:3:細江慎治,七月鏡一|浅尾祥正,丹沢悠一,
2012-01-01,,NESiCA,,TAITO,"赤い刀 真 for NESiCAxLive（○）",ケイブ,0,0,,,,,,,,
2012-01-01,,NESiCA,,TAITO,アルカナハート2（○）,エクサム,0,0,,,,,,,,
2012-01-01,,NESiCA,,TAITO,エヌアイン完全世界（○）,"SUBTLE STYLE／るつぼゲームワークス",0,0,,,,,福澤正洋,,,
2012-01-01,,-,,TAITO,"カードで連結! 電車でGO!",,0,0,,,,,,,,
2012-01-01,,NESiCA,,TAITO,"CHAOS BREAKER for NESiCAxLive（○）",,0,0,,,,,,,,
2012-01-01,,NESiCA,,TAITO,"ガンスリンガー ストラトス（○）",バイキング／スクウェア・エニックス,0,0,,,,横田晋一,小林哲也,海法紀光|小太刀右京|森瀬繚|三輪清宗,,
2012-01-01,,-,,TAITO,激投伝説ブロックキング,,0,0,,,,,,,,
2012-01-01,,NESiCA,,TAITO,"豪血寺一族 先祖供養（○）",アトラス,0,0,,,,,,,,
2012-01-01,,NESiCA,,TAITO,サイキックフォース2012（○）,,0,0,,,青木洋,神村武|青木洋|坂本勇二,高萩英樹,青木洋(原案),神村武,
2012-01-01,,NESiCA,,TAITO,"THE RUMBLE FISH 2 for NESiCAxLive（○）",：ディンプス,0,0,,,,,,,,
2012-01-01,,NESiCA,,TAITO,"すっごい!アルカナハート2 〜転校生 あかねとなずな〜（○）",エクサム,0,0,,,,,,,,
2012-01-01,,-,,TAITO,"ソニックブラストヒーローズ ダッシュ",,0,0,,,,,,,,
2012-01-01,,NESiCA,,TAITO,"DARK AWAKE for NESiCAxLive（○）",レコム,0,0,,宮崎英高,,,桜庭統,,宮崎英高,
2012-01-01,,NESiCA,,TAITO,"超速変形ジャイロゼッター（○） ",ロケットスタジオ／スクウェア・エニックス,0,0,,,,,,,,
2012-01-01,,NESiCA,,TAITO,"トラブル☆ウィッチーズAC 〜アマルガムの娘たち〜 for NESiCAxLive（○）",冒険企画局,0,0,,,,,,,,
2012-01-01,,NESiCA,PZL/TBL,TAITO,パズルボブル（○）,,0,0,,,丸山尋司|野口順一郎,中久木成一|木下一洋,中山上等兵,,,
2012-01-01,,NESiCA,,TAITO,"BLAZBLUE CHORONOPHANTASMA（○）",アークシステムワークス,0,0,,,,森利道|下谷智之,"Arte Refact",ラスプーチン矢野,森利道,
2012-01-01,,NESiCA,,TAITO,"ペルソナ4 ジ・アルティメット イン マヨナカアリーナ（○）",アトラス／アークシステムワークス,0,0,,和田和久|福本征士,,副島成記,目黒将司|喜多條敦志,小林鉄兵,橋野桂|森利道,
2012-01-01,,NESiCA,,TAITO,HOMURA（○）,スコーネック,0,0,,,,,,,,
2012-01-01,,NESiCA,,TAITO,マジカルビート（○）,,0,0,,,,,,,,
2012-01-01,,NESiCA,,TAITO,雷電III（○）,MOSS,0,0,,星野仁,,,佐藤豪|坂本由佳|武満祐司,,駒澤敏亘,
2012-01-01,,NESiCA,,TAITO,"雷電IV for NESiCAxLive（○）",MOSS,0,0,,,,,,,,
2013-01-01,,NESiCA,,TAITO,"アルカナハート3 LOVE MAX!!!!!（○）",エクサム,0,0,,,,,,,,
2013-01-01,,NESiCA,,TAITO,"斑鳩 for NESiCAxLive（○）",トレジャー,0,0,,,,,,,,
2013-01-01,,NESiCA,,TAITO,"CHAOS CODE -New Sign of Catastrophe-（○）",FKDigital／アークシステムワークス,0,0,,,,,,,,
2013-01-01,,NESiCA,,TAITO,"Crimzon Clover for NESiCAxLive（○）",冒険企画局,0,0,,,,,,,,
2013-01-01,,NESiCA,,TAITO,グルーヴコースター（○）,,0,0,,,,,,,,
2013-01-01,,NESiCA,,TAITO,"THE KING OF FIGHTERS XIII CLIMAX for NESiCAxLive（○）",SNKプレイモア,0,0,,,,,,,,
2013-01-01,,NESiCA,,TAITO,"Do Not Fall（○）","XPEC Entertainment",0,0,,,,,,,,
2013-01-01,,NESiCA,,TAITO,とってもE麻雀（○）,アークシステムワークス,0,0,,,,,,,,
2013-01-01,,NESiCA,,TAITO,"ペルソナ4 ジ・アルティマックス ウルトラスープレックスホールド（○）",アトラス／アークシステムワークス,0,0,,和田和久|福本征士,,副島成記,目黒将司|喜多條敦志,小林鉄兵,橋野桂|森利道,
2013-01-01,,NESiCA,,TAITO,"LORD of VERMILION III（○）",モバイル&ゲームスタジオ／スクウェア・エニックス,0,0,,浅尾祥正,,,III:植松伸夫|Tachytelic|Re:3:細江慎治,七月鏡一|浅尾祥正,丹沢悠一,
2014-01-01,,NESiCA,,TAITO,"アルカナハート3 LOVE MAX SIX STARS!!!!!!（○）",エクサム,0,0,,,,,,,,
2014-01-01,,NESiCA,,TAITO,"ヴァンパイア セイヴァー（○） ",カプコン,0,0,,,,,,,,
2014-01-01,,NESiCA,FTG,TAITO,ウルトラストリートファイターIV（○）,カプコン,0,0,,,,,,,,
2014-01-01,,NESiCA,,TAITO,牌(えもの)は逃さないッ、メンタンピン・ドラドララッ!（○）,ホビボックス,0,0,,,,,,,,
2014-01-01,,NESiCA,,TAITO,エレベーターアクション（○）,,0,0,,,,,今村善雄,,,
2014-01-01,,NESiCA,,TAITO,"ガンスリンガー ストラトス2（○）",バイキング／スクウェア・エニックス,0,0,,,,横田晋一,小林哲也,海法紀光|小太刀右京|森瀬繚|三輪清宗,,
2014-01-01,,NESiCA,,TAITO,"グルーヴコースター EX（○）",,0,0,,,,,,,,
2014-01-01,,NESiCA,FTG,TAITO,"ストリートファイターIII 3rd STRIKE（○）",カプコン,0,0,,,,,,,,
2014-01-01,,NESiCA,FTG,TAITO,ストリートファイターZERO3（○）,カプコン,0,0,,,,,,,,
2014-01-01,,NESiCA,FTG,TAITO,ハイパーストリートファイターII（○）,カプコン,0,0,,,,,,,,
2014-01-01,,NESiCA,,TAITO,"パズドラ バトルトーナメント -ラズール王国とマドロミドラゴン-（○）",ガンホー・オンライン・エンターテイメント／スクウェア・エニックス,0,0,,,,,,,,
2014-01-01,,NESiCA,,TAITO,"パズドラ バトルトーナメント -チャンピオンズ オブ ラズール-（○）",ガンホー・オンライン・エンターテイメント／スクウェア・エニックス,0,0,,,,,伊藤賢治,,森下一喜|山本大介,
2014-01-01,,NESiCA,,TAITO,ラスタンサーガ（○）,,0,0,,小林よしのり,小林よしのり|とみたかひであき|たかはしとおる|かざまひでお,西村年幸|西村年幸|讃岐平|河上聖治|栗城源也,八木下直人|高木正彦,,小林よしのり,
2014-01-01,,-,,TAITO,"LEFT 4 DEAD -生存者たち-",,0,0,,,,,,,,
2015-01-01,,NESiCA,,TAITO,"グルーヴコースター 2 ヘヴンリーフェスティバル（○）",,0,0,,,,,,,,
2015-01-01,,NESiCA,,TAITO,"Skullgirls 2nd Encore（○）",M2,0,0,,,,,山根ミチル,,,
2015-01-01,,-,,TAITO,"スクール オブ ラグナロク",ディンプス／スクウェア・エニックス,0,0,,,,,,,,
2015-01-01,,NESiCA,,TAITO,"スクール オブ ラグナロク Re:Boot（○）",,0,0,,,,,,,,
2015-01-01,,-,,TAITO,"ディシディア ファイナルファンタジー",コーエーテクモゲームス／スクウェア・エニックス,0,0,,荒川健|塩川洋介,池田隆児,野村哲也|野村哲也|大館隆幸,石元丈晴|関戸剛|鈴木光人,酒見治徳|渡辺大祐,北瀬佳範|野村哲也,
2015-01-01,,-,,TAITO,"ニトロプラス ブラスターズ -ヒロインズ インフィニット デュエル-",ニトロプラス／エクサム,0,0,,,,,,,,
2015-01-01,,NESiCA,,TAITO,"BLAZBLUE CENTRALFICTION（○）",,0,0,,,,森利道|下谷智之,"Arte Refact",ラスプーチン矢野,森利道,
2015-01-01,,-,,TAITO,"ヤタガラス Attack on Cataclysm",ヤタガラス,0,0,,,,,,,,
2015-01-01,,-,,TAITO,"LORD of VERMILION Re:3",モバイル&ゲームスタジオ／スクウェア・エニックス,0,0,,浅尾祥正,,,III:植松伸夫|Tachytelic|Re:3:細江慎治,七月鏡一|浅尾祥正,丹沢悠一,
2016-01-01,,-,,TAITO,"ガンスリンガー ストラトス3",バイキング／スクウェア・エニックス,0,0,,,,横田晋一,小林哲也,海法紀光|小太刀右京|森瀬繚|三輪清宗,,
2016-01-01,,-,,TAITO,"グルーヴコースター 3 リンクフィーバー",,0,0,,,,,,,,
2016-01-01,,-,,TAITO,"シアトリズム ファイナルファンタジー オールスターカーニバル",インディーズゼロ／スクウェア・エニックス,0,0,,,,モンスターオクトパス,祖堅正慶,,間一朗,
2016-01-01,,-,,TAITO,"ドラゴンクエスト モンスターバトルスキャナー",マーベラス／スクウェア・エニックス,0,0,,,,,,,,
2016-01-01,,-,,TAITO,マジシャンズデッド,バイキング,0,0,,尾畑心一朗,,あきまん|コヤマシゲト|浅井真紀|島崎麻里|ワダアルコ,甲田雅人|下村陽子,,,
2016-01-01,,-,,TAITO,"ラブライブ! スクールアイドルフェスティバル ～after school ACTIVITY～",ブシロード／スクウェア・エニックス,0,0,,,,,,,,
2017-01-01,,NESiCA,,TAITO,"ガンスリンガー ストラトスΣ（○）",バイキング／スクウェア・エニックス,0,0,,,,横田晋一,小林哲也,海法紀光|小太刀右京|森瀬繚|三輪清宗,,
2017-01-01,,NESiCA,,TAITO,"グルーヴコースター 3EX ドリームパーティー（○）",,0,0,,,,,,,,
2017-01-01,,NESiCA,,TAITO,"THE KING OF FIGHTERS XIV Arcade Ver.（○）",SNK,0,0,,,,,,,,
2017-01-01,,-,,TAITO,"戦え!ドラゴンクエスト スキャンバトラーズ",マーベラス／スクウェア・エニックス,0,0,,,,,,,,
2017-01-01,,-,,TAITO,電車でGO!!,,0,0,,,,,,,,
2017-01-01,,NESiCA,,TAITO,"フィギュアヘッズ エース（○）",ゲームスタジオ／スクウェア・エニックス,0,0,,,,,,,柴貴正,
2017-01-01,,-,,TAITO,"マジシャンズデッド NEXT ブレイジング",バイキング,0,0,,尾畑心一朗,,あきまん|コヤマシゲト|浅井真紀|島崎麻里|ワダアルコ,甲田雅人|下村陽子,,,
2017-01-01,,-,,TAITO,"ミリオンアーサー アルカナブラッド",エクサム／スクウェア・エニックス,0,0,,,,,,,,
2017-01-01,,-,,TAITO,"LORD of VERMILION IV",ゲームスタジオ／スクウェア・エニックス,0,0,,浅尾祥正,,,岩崎琢,浅尾祥正,平田重之,
2018-01-01,,NESiCA,,TAITO,"SNKヒロインズ Tag Team Frenzy AC（○）",SNK,0,0,,,,,,,,
2018-01-01,,NESiCA,,TAITO,"グルーヴコースター 4 スターライトロード（○）",,0,0,,,,,,,,
2018-01-01,,-,,TAITO,"SPACE INVADERS FRENZY ","RAW THRILLS",0,0,,,,,,,,
2018-01-01,,NESiCA,,TAITO,ファイティングEXレイヤー（○）,アリカ,0,0,,,,,,,,
2018-01-01,,-,,TAITO,星と翼のパラドクス,バイキング／スクウェア・エニックス,0,0,,,,貞本義行,井筒昭雄,加藤陽一,門井信樹|小形尚弘|丹沢悠一,
2019-01-01,,-,,TAITO,"おまつりクエスト ヒッパレQ",,0,0,,,,,,,,
2019-01-01,,NESiCA,,TAITO,"グルーヴコースター 4EX インフィニティ ハイウェイ（○）",,0,0,,,,,,,,
2019-01-01,,NESiCA,,TAITO,"SAMURAI SPIRITS（○）",SNK,0,0,,黒木信幸,,,,,小田泰之,
2019-01-01,,-,FTG,TAITO,"ストリートファイターV タイプアーケード",カプコン,0,0,,西山隆志,こいけひろし|すがはらのぶやす,"松本裕司(プランナー)|CRUSHER ICHI|DABADA ATSUSHI|BONSOIR YUKO|OGAN MIYUKI|BRAVO OYU|INNOCENT SAICHO",坂口由洋,,,
2019-01-01,,-,,TAITO,でんしゃでゴー!!キッズ,,0,0,,,,,,,,
2019-01-01,,-,,TAITO,"BLAZBLUE CROSS TAG BATTLE",アークシステムワークス,0,0,,,,,,,,
2020-01-01,,-,,TAITO,ガンアリーナCE,,0,0,,,,,,,,
2020-01-01,,NESiCA,,TAITO,"グルーヴコースター 4MAX ダイヤモンドギャラクシー（○）",,0,0,,,,,,,,
2020-01-01,,-,,TAITO,"SPACE INVADERS COUNTERATTACK",unis,0,0,,,,,,,,
2020-01-01,,NESiCA,,TAITO,"中毒パズル レベルスVS（○）",flow,0,0,,,,,,,,
2020-01-01,,-,,TAITO,わくわく♪ハンバーガー,,0,0,,,,,,,,
2021-01-01,,-,,TAITO,テトテ×コネクト,,0,0,,,,,,,,
2022-01-01,,NESiCA,,TAITO,"OMEN OF SORROW（○）","AOne Games",0,0,,,,,ジェリー・ゴールドスミス,デヴィッド・セルツァー,,
2022-01-01,,NESiCA,,TAITO,"MUSIC DIVER（○）",,0,0,,,,,,,,
2023-01-01,,NESiCA,,TAITO,"エヌアイン完全世界 Anastasis（○）","SUBTLE STYLE／るつぼゲームワークス",0,0,,,,,福澤正洋,,,
2023-01-01,,-,FTG,TAITO,"ストリートファイター6 タイプアーケード",カプコン,0,0,,西山隆志,こいけひろし|すがはらのぶやす,"松本裕司(プランナー)|CRUSHER ICHI|DABADA ATSUSHI|BONSOIR YUKO|OGAN MIYUKI|BRAVO OYU|INNOCENT SAICHO",坂口由洋,,,
2024-01-01,,-,,TAITO,"ヤタガラス Enter The EastWard",ヤタガラス,0,0,,,,,,,,
1980-03-01,,-,,IREM,スカイシューター,,0,0,,,,,,,,
1980-04-01,,-,,IREM,いたずらエンゼル,,0,0,,,,,,,,
1980-05-01,,-,,IREM,グリーンベレー,,0,0,,,,,,,,
1980-07-01,,-,,IREM,アンドロメダSS,,0,0,,,,,,,,
1980-10-01,,-,,IREM,"銀河帝国の逆襲Uni Wars",,0,0,,,,,,,,
1980-10-01,,-,,IREM,パンサー,,0,0,,,,,,,,
1981-10-01,,-,,IREM,デモンアイX,,0,0,,,,,,,,
1982-01-01,,-,,IREM,パンチングキッドOli-Boo-Chu,,0,0,,,,,,,,
1983-09-01,,-,,IREM,トロピカルエンジェル,,0,0,,,,,,,,
1984-12-01,,-,,IREM,アイレムM62システム,,0,0,,,,,,,,
1984-03-01,,-,,IREM,"VS 10ヤードファイト",,0,0,,,,,,,,
1984-10-01,,アイレムM62システム,,IREM,ザ・バトルロード,,0,0,,,,,,,,
1985-01-01,,アイレムM62システム,,IREM,"ロードランナー バンゲリング帝国の逆襲",,0,0,,,,ダグラス・E・スミス,,,,
1985-09-01,,アイレムM62システム,,IREM,ロットロット,,0,0,,,,,,,,
1985-11-01,,アイレムM62システム,,IREM,"ロードランナー 魔神の復活",,0,0,,,,ダグラス・E・スミス,,,,
1986-01-01,,アイレムM62システム,,IREM,スペランカー,,0,0,,,,ティム・マーティン,,,,
1986-06-01,,アイレムM62システム,,IREM,"妖獣伝Heroic Bird",,0,0,,,,,,,,
1986-09-01,,アイレムM62システム,,IREM,"スペランカーII 23の鍵",,0,0,,,,,,,,
1986-10-01,,アイレムM62システム,,IREM,"ロードランナー 帝国からの脱出",,0,0,,,,ダグラス・E・スミス,,,,
1986-12-01,,アイレムM62システム,,IREM,快傑ヤンチャ丸,,0,0,,,,,,,,
1987-07-01,,アイレムM72システム,SHT,IREM,R-TYPE,,0,0,,,SUM|MISACHIN,ABIKO|AKIO|YOSHIGE,石崎正人,,,
1987-12-01,,アイレムM72システム,,IREM,ミスターヘリの大冒険,,0,0,,,,,石田雅彦,,,
1988-03-01,,-,ACT-SIDE,IREM,ビジランテ,,0,0,,,,,石崎正人,,,
1988-06-01,,-,,IREM,迷宮島,,0,0,,,にしけんじ|松本茂一,北浩也,石田雅彦,,,
1988-08-01,,アイレムM72システム,ACT-SIDE,IREM,最後の忍道,,0,0,,,,,石田雅彦,,,
1988-10-01,,アイレムM72システム,,IREM,イメージファイト,,0,0,,,,,石田雅彦,,,
1988-06-01,,-,,IREM,"迷宮島Kickle Cubele",,0,0,,,,,,,,
1989-01-01,,-,,IREM,四川省,タムテックス,0,0,,,,,,,,
1989-04-01,,アイレムM72システム,,IREM,レジェンド・オブ・ヒーロー・トンマ,,0,0,,,,,,,,
1989-07-01,,アイレムM72システム,,IREM,ドラゴンブリード,,0,0,,,,,石田雅彦,,,
1989-09-01,,アイレムM72システム,,IREM,Xマルチプライ,,0,0,,,,,石田雅彦,,,
1989-11-01,,アイレムM82システム,SHT,IREM,"R-TYPE II",,0,0,,,,AKIO|TARACHAN,石田雅彦,,,
1990-03-01,,アイレムM82システム,,IREM,メジャータイトル,,0,0,,,,,,,,
1990-06-01,,アイレムM72システム,,IREM,アイレム・エア・デュエル,,0,0,,,,,,,,
1990-07-01,,アイレムM72システム,,IREM,大工の源さん,,0,0,,,,,,,,
1990-12-01,,-,,IREM,パウンド・フォー・パウンド,,0,0,,,,,,,,
1991-02-01,,アイレムM84システム,,IREM,剣豪,,0,0,,,,,,,,
1991-03-01,,アイレムM90システム,,IREM,覇沙夢,,0,0,,,,,,,,
1991-06-01,,アイレムM92システム,,IREM,ガンフォース,,0,0,,,,,木村浩,,,
1991-07-01,,アイレムM92システム,,IREM,クロス・ブレイズ,,0,0,,,,,,,,
1991-09-01,,アイレムM90システム,,IREM,"ボンバーマン - ハドソンからライセンスを受け開発。",,0,0,,,,水野祥司,,,,
1991-10-01,,アイレムM72システム,,IREM,GALLOP,,0,0,,,,,,,,
1991-12-01,,アイレムM92システム,,IREM,サンダーブラスター,,0,0,,,,,,,,
1992-05-01,,アイレムM92システム,,IREM,魔法警備隊ガンホーキ,,0,0,,,,,,,,
1992-06-01,,-,,IREM,ボンバーマンワールド,,0,0,,,,,,,,
1992-07-01,,アイレムM92システム,,IREM,アンダーカバーコップス,,0,0,,,,,冷牟田卓志,,,
1992-10-01,,アイレムM92システム,,IREM,メジャータイトル２,,0,0,,,,,,,,
1992-11-01,,アイレムM92システム,SHT,IREM,"R-TYPE LEO",,0,0,,,,,,,,
1992-12-01,,アイレムM97システム,,IREM,"クイズF-1 ワンツーフィニッシュ",,0,0,,,,,,,,
1993-02-01,,アイレムM92システム,,IREM,フック,,0,0,,,,,,,,
1993-04-01,,アイレムM92システム,,IREM,海底大戦争,,0,0,,,,,菊池俊輔,大津皓一,,
1993-01-01,,-,,IREM,四川省Ⅱ,タムテックス,0,0,,,,,,,,
1993-09-01,,アイレムM97システム,,IREM,ぐっすんおよよ,,0,0,,,,,冷牟田卓志,,,
1993-09-01,,アイレムM92システム,ACT,IREM,"野球格闘リーグマン - ベルトスクロールアクション",,0,0,,,,,,,,
1993-12-01,,アイレムM92システム,,IREM,パーフェクト・ソルジャーズ,,0,0,,,,,,,,
1994-02-01,,アイレムM92システム,,IREM,ファイアーバレル,タムテックス,0,0,,,,,,,,
1994-07-01,,アイレムM92システム,,IREM,ジオストーム,,0,0,,,,,,,,
1994-09-01,,アイレムM107システム,サッカー,IREM,ドリームサッカー'94,,0,0,,,,,,,,
1990-04-26,,MVS,,SNK,NAM-1975,SNK,0,0,,,,,おさかようこ,,川崎英吉,
1990-04-26,,MVS,野球,SNK,ベースボールスターズプロフェッショナル,SNK,0,0,,,,,,,,
1990-04-26,,MVS,,SNK,マジシャンロード,アルファ電子,0,0,,,,,,,,
1990-04-26,,MVS,,SNK,"麻雀狂列伝 -西日本編-",SNK,0,0,,,,,,,,
1990-05-23,,MVS,,SNK,トッププレイヤーズゴルフ,SNK,0,0,,,,,,,,
1990-07-24,,MVS,,SNK,ニンジャコンバット,アルファ電子,0,0,,,,,,,,
1990-07-24,,MVS,,SNK,ライディングヒーロー,SNK,0,0,,,,,,,,
1990-10-08,,MVS,,SNK,ザ・スーパースパイ,SNK,0,0,,,,,,,,
1990-11-07,,MVS,,SNK,サイバーリップ,SNK,0,0,,,,,,"武上純希 大橋志吉 ごうどかずひこ 田哲平 戸田博史","堀越徹 石川清司 鳥海満 田久保正之 小林哲也",
1990-11-20,,MVS,,SNK,ジョイジョイキッド,SNK,0,0,,,,,,,,
1990-12-10,,MVS,,SNK,リーグボウリング,SNK,0,0,,,,,,,,
1991-01-25,,MVS,,SNK,ゴーストパイロット,SNK,0,0,,,,,,,,
1991-02-12,,MVS,,SNK,戦国伝承,SNK,0,0,,,,,山手安生|清水敏夫,,,
1991-02-25,,MVS,,SNK,キング・オブ・ザ・モンスターズ,SNK,0,0,,,,,田中敬一|西田和弘,,,
1991-03-14,,MVS,,SNK,ラギ,アルファ電子,0,0,,,,,,,,
1991-03-25,,MVS,,SNK,"ASO II 〜ラストガーディアン〜",SNK,0,0,,,,,,,,
1991-05-20,,MVS,,SNK,バーニングファイト,SNK,0,0,,,,安部直人,山田泰正,,川崎英吉,
1991-07-01,,MVS,,SNK,"みなさんのおかげさまです! 大スゴロク大会",モノリス,0,0,,,,,,,,
1991-07-25,,MVS,,SNK,クロスソード,アルファ電子,0,0,,,深津栄次|千葉真木夫|鴨田秀男|白澤輝昭,牛沢朗|戸田裕幸,渡辺夕香,,牛沢朗,
1991-08-30,,MVS,,SNK,あしたのジョー伝説,ウェイブ,0,0,,,,,,,,
1991-08-30,,MVS,,SNK,"クイズ大捜査線 〜THE LAST COUNT DOWN〜",SNK,0,0,,,,,,,,
1991-09-20,,MVS,野球,SNK,2020年スーパーベースボール,SNK,0,0,,,,,,,,
1991-10-30,,MVS,,SNK,ロボアーミー,SNK,0,0,,,,,,,,
1991-11-08,,MVS,,SNK,"スラッシュラリー[注釈 5]",アルファ電子,0,0,,,,,,,,
1991-11-20,,MVS,,SNK,8マン,SNK,0,0,,,,桑田次郎,萩原哲晶,平井和正|加納一朗|桂真佐喜|豊田有恒|半村良|大貫哲義,,
1991-11-25,,MVS,FTG,SNK,"餓狼伝説 〜宿命の闘い〜",SNK,0,0,,,,,,,,
1991-12-20,,MVS,,SNK,バカ殿様麻雀漫遊記,モノリス,0,0,,,,,,,,
1992-01-31,,MVS,,SNK,フットボールフレンジー,SNK,0,0,,,,,,,,
1992-02-14,,MVS,サッカー,SNK,サッカーブロール,SNK,0,0,,,,,,,,
1992-02-14,,MVS,サッカー,SNK,得点王,SNK,0,0,,,,,,,,
1992-03-16,,MVS,,SNK,ミューテイション・ネイション,SNK,0,0,,,,,,,,
1992-03-23,,MVS,,SNK,ラストリゾート,SNK,0,0,,,,児玉光生,,,,
1992-04-15,,MVS,野球,SNK,ベースボールスターズ2,SNK,0,0,,,,,,,,
1992-04-24,,MVS,,SNK,"クイズ迷探偵ネオ&ジオ -クイズ大捜査線パート2-",SNK,0,0,,,,,,,,
1992-04-30,,MVS,,SNK,ニンジャコマンドー,アルファ電子,0,0,,,,,,,,
1992-05-25,,MVS,,SNK,"キング・オブ・ザ・モンスターズ2 〜THE NEXT THING〜",SNK,0,0,,,,,田中敬一|清水敏夫|北村芳彦,,,
1992-06-15,,MVS,,SNK,アンドロデュノス,ビスコ,0,0,,,,,,,,
1992-07-28,,MVS,FTG,SNK,ワールドヒーローズ,アルファ電子,0,0,,,,,,,,
1992-09-24,,MVS,FTG,SNK,龍虎の拳,SNK,0,0,,,,,,,,
1992-11-20,,MVS,SHT,SNK,ビューポイント,サミー工業,0,0,,,,,,,,
1992-12-10,,MVS,FTG,SNK,"餓狼伝説2 〜新たなる闘い〜",SNK,0,0,,,,塚本高史|白井影二,清水敏夫|おさかようこ|北村芳彦|幡谷正彦,,川崎英吉,
1993-02-18,,MVS,,SNK,戦国伝承2,SNK,0,0,,,,,,,,
1993-03-25,,MVS,,SNK,ファイヤースープレックス,SNK,0,0,,,,,,,,
1993-04-26,,MVS,FTG,SNK,ワールドヒーローズ2,ADK,0,0,,,,,,,,
1993-07-07,,MVS,FTG,SNK,"SAMURAI SPIRITS",SNK,0,0,,,,新谷憲司|まきのえりな|田中まさみ|山口景泉,山手安生|幡谷正彦,,冨田聖司|福井智章,
1993-09-16,,MVS,FTG,SNK,餓狼伝説スペシャル,SNK,0,0,,,,塚本高史,清水敏夫|山田泰正|北村芳彦,,川崎英吉,
1993-12-16,,MVS,,SNK,ミラクルアドベンチャー,データイースト,0,0,,,,,クリストファー・ティン,クリスチャン・フォード|ロジャー・ソファー,,
1994-02-03,,MVS,FTG,SNK,龍虎の拳2,SNK,0,0,,,,,,,,
1994-02-17,,MVS,,SNK,フライングパワーディスク,データイースト,0,0,,,,,,,,
1994-03-17,,MVS,,SNK,ファイターズヒストリーダイナマイト,データイースト,0,0,,,,,,,,
1994-04-19,,MVS,サッカー,SNK,得点王2,SNK,0,0,,,,,,,,
1994-04-26,,MVS,FTG,SNK,"ワールドヒーローズ2 JET",ADK,0,0,,,,,,,,
1994-05-18,,MVS,,SNK,"トップハンター ～ロディー&キャシー～",SNK,0,0,,,,,,,,
1994-05-25,,MVS,,SNK,ぐるりん,フェイス,0,0,,,,,,,,
1994-06-28,,MVS,,SNK,ファイトフィーバー,ビッコム,0,0,,"キム・ジェフン[注 2](朝: 김재훈)","キム・ヒョンジョン(朝: 김현종)|キム・ヨンソン(朝: 김용선)|チェ・チルソク(朝: 최칠석)",,"キム・ジェヨン(朝: 김재영)",,"キム・カッファン(朝: 김갑환)|イ・ヘグォン[注 1](朝: 이해권)|キム・ウンジェ(朝: 김웅재)|イー・ジョンシク(朝: 이종식)",
1994-06-29,,MVS,,SNK,"雀神伝説 〜クエスト・オブ・ジャンマスター〜",エイコム,0,0,,,,,,,,
1994-07-18,,MVS,,SNK,ソニックウィングス2,ビデオシステム,0,0,,,,"中村晋介|.mw-parser-output ruby.large{font-size:250%}.mw-parser-output ruby.large>rt|.mw-parser-output ruby.large>rtc{font-size:.3em}.mw-parser-output ruby>rt|.mw-parser-output ruby>rtc{font-feature-settings:""ruby""1}.mw-parser-output ruby.yomigana>rt{font-feature-settings:""ruby""0}六鹿(ナントカ)文彦|横山浩子",耕三寺巡(AC)|板村直樹(SFC),,,
1994-07-26,,MVS,,SNK,痛快GANGAN行進曲,ADK,0,0,,,,,,,,
1994-08-25,,MVS,FTG,SNK,ザ・キング・オブ・ファイターズ'94,SNK,0,0,,,,,,,,
1994-09-13,,MVS,,SNK,作戦名ラグナロク,NMK,0,0,,,,,並木学,,,
1994-10-19,,MVS,,SNK,パワースパイクスII,ビデオシステム,0,0,,,,,,,,
1994-10-28,,MVS,FTG,SNK,"真SAMURAI SPIRITS 覇王丸地獄変",SNK,0,0,,,,,,,,
1994-12-08,,MVS,,SNK,ダンクドリーム,データイースト,0,0,,,,,,,,
1994-12-21,,MVS,PZL/TBL,SNK,パズルボブル,タイトー,0,0,,,津森康男,中久木成一|木下一洋|木下一洋|こまいりょうた|神谷美和,海野和子|山田靖子,,,
1995-01-18,,MVS,,SNK,"ボンバーマン ぱにっくボンバー",エイティング,0,0,,日比進,竹内久徳,竹内久徳|横山祥|横山祥|田口真之|藤波勝,須合真樹|竹間淳,,豊嶋真人,
1995-01-24,,MVS,,SNK,"ギャラクシーファイト ユニバーサル・ウォーリアーズ",サンソフト,0,0,,植田祐一,植田祐一|いなばしげたか,喜多綱毅|小山英二|國末竜一|合谷武|福田大輔,洗川真人|佐々木隆行,,,
1995-02-01,,MVS,,SNK,"クイズ キング・オブ・ファイターズ",ザウルス,0,0,,,,,,,,
1995-03-03,,MVS,,SNK,ダブルドラゴン,テクノスジャパン,0,0,,,,,,,,
1995-03-07,,MVS,サッカー,SNK,"得点王3 〜栄光への挑戦〜",SNK,0,0,,,,,,,,
1995-03-27,,MVS,FTG,SNK,"餓狼伝説3 〜遥かなる闘い〜",SNK,0,0,,,,,,,,
1995-04-25,,MVS,,SNK,風雲黙示録,SNK,0,0,,,,安部直人,,,,
1995-05-25,,MVS,FTG,SNK,ワールドヒーローズパーフェクト,ADK,0,0,,,,,,,,
1995-06-20,,MVS,FTG,SNK,"天外魔境 真伝",ハドソン,0,0,,木村修,,辻野寅次郎,末村謙之輔|西沢正明|南部栄作,,猪狩寛,
1995-07-25,,MVS,FTG,SNK,ザ・キング・オブ・ファイターズ'95,SNK,0,0,,,,,,,,
1995-08-28,,MVS,,SNK,パルスター,エイコム,0,0,,,,,,,,
1995-09-01,,MVS,,SNK,GOAL！GOAL！GOAL！,ビスコ,0,0,,,,,,,,
1995-09-18,,MVS,,SNK,超人学園ゴウカイザー,テクノスジャパン,0,0,,,,"大張正己(Studio G-1)|大張正己",伊藤善之,浅井健吾,,
1995-09-27,,MVS,,SNK,ステークスウィナー,ザウルス,0,0,,,竹内久徳(有限会社エーエムファクトリー),尾鼻直人(有限会社イレブン),須合真樹(Witch),,,
1995-09-28,,MVS,,SNK,将棋の達人,ADK,0,0,,,,,,,,
1995-10-12,,MVS,,SNK,ソニックウィングス3,ビデオシステム,0,0,,,,"中村晋介|.mw-parser-output ruby.large{font-size:250%}.mw-parser-output ruby.large>rt|.mw-parser-output ruby.large>rtc{font-size:.3em}.mw-parser-output ruby>rt|.mw-parser-output ruby>rtc{font-feature-settings:""ruby""1}.mw-parser-output ruby.yomigana>rt{font-feature-settings:""ruby""0}六鹿(ナントカ)文彦|横山浩子",耕三寺巡(AC)|板村直樹(SFC),,,
1995-11-15,,MVS,FTG,SNK,"サムライスピリッツ 斬紅郎無双剣",SNK,0,0,,,,,,,,
1995-11-27,,MVS,,SNK,"ちびまる子ちゃん まる子デラックスクイズ",タカラ,0,0,,"シリーズ監督:|石崎すすむ(第1期第1話 - 第34話)|棚橋一徳(第1期第35話-第116話)",,"重国勇二(第1期第1話 - 第113話)|河内日出夫(第1期第114話 - 第142話)|船越英之(第2期)|中原久文(第2期第1話 - 第132話[注 3])","中村暢之|川原伸司(第2期第1話 - 74話)",富永淳一|田嶋久子|髙橋幹子|石山優子|熊谷那美|平岡秀章|鈴谷梨乃|松島恵利子|加賀未恵|田中孝晃,,
1995-11-28,,MVS,,SNK,パズルdeポン!,ビスコ,0,0,,,,,,,,
1995-12-21,,MVS,FTG,SNK,リアルバウト餓狼伝説,SNK,0,0,,,,,,,,
1996-01-01,,MVS,,SNK,くにおの熱血闘球伝説,テクノスジャパン,0,0,,,,白戸政男,,,,
1996-01-01,,MVS,サッカー,SNK,テクモワールドサッカー'96,テクモ,0,0,,,,,,,,
1996-01-29,,MVS,,SNK,ビッグトーナメントゴルフ,ナスカ,0,0,,,,,,,,
1996-03-12,,MVS,FTG,SNK,"ART OF FIGHTING 龍虎の拳 外伝",SNK,0,0,,,,,,,,
1996-03-21,,MVS,,SNK,マジカルドロップ2,データイースト,0,0,,,,,,,,
1996-03-26,,MVS,,SNK,NEOドリフトアウト,ビスコ,0,0,,,,,,,,
1996-04-19,,MVS,A-SHT,SNK,メタルスラッグ,ナスカ,0,0,,,,,,,,
1996-04-26,,MVS,,SNK,オーバートップ,ADK,0,0,,,,,,,,
1996-05-27,,MVS,,SNK,"NINJA MASTER'S〜覇王忍法帖〜",ADK,0,0,,,,,,,,
1996-06-13,,MVS,,SNK,神凰拳,ザウルス,0,0,,,,,,,,
1996-07-19,,MVS,,SNK,"フットサル 〜5 ON 5 MINI SOCCER〜",ザウルス,0,0,,,,,,,,
1996-07-30,,MVS,FTG,SNK,ザ・キング・オブ・ファイターズ'96,SNK,0,0,,,,,,,,
1996-09-20,,MVS,,SNK,風雲スーパータッグバトル,SNK,0,0,,,,,,,,
1996-09-24,,MVS,,SNK,ステークスウィナー2,ザウルス,0,0,,,,,,,,
1996-10-16,,MVS,サッカー,SNK,"得点王 炎のリベロ",SNK,0,0,,,,,,,,
1996-10-25,,MVS,FTG,SNK,"サムライスピリッツ 天草降臨",SNK,0,0,,,,,,,,
1996-11-21,,MVS,,SNK,わくわく7,サンソフト,0,0,,植田祐一,植田祐一,,,,,
1996-11-25,,MVS,,SNK,ティンクルスタースプライツ,ADK,0,0,,,,,,,,
1996-12-17,,MVS,,SNK,ブレイカーズ,ビスコ,0,0,,,,,,,,
1997-01-01,,MVS,,SNK,ガッポリン,ビデオシステム,0,0,,,,,,,,
1997-01-01,,MVS,,SNK,パズルdeポン!R,ビスコ,0,0,,,,,,,,
1997-01-17,,MVS,,SNK,マネーアイドルエクスチェンジャー,フェイス,0,0,,,PIGGY,STARMAN|石田敦子,末村謙之輔|富樫則彦,,浅井健吾,
1997-01-28,,MVS,FTG,SNK,リアルバウト餓狼伝説スペシャル,SNK,0,0,,,,,,,,
1997-04-25,,MVS,,SNK,マジカルドロップ3,データイースト,0,0,,,,,,,,
1997-05-01,,MVS,,SNK,ネオ・ボンバーマン,ハドソン,0,0,,"EDDY CHIU",,水野祥司|吉見直人,ナウプロダクション,,木村修|猪狩寛,
1997-06-26,,MVS,,SNK,ネオMr.Do!,ビスコ,0,0,,,,上田和敏,,,,
1997-07-28,,MVS,FTG,SNK,ザ・キング・オブ・ファイターズ'97,SNK,0,0,,,,,,,,
1997-08-25,,MVS,,SNK,"ウッチャンナンチャンの炎のチャレンジャー ウルトラ電流イライラ棒",ザウルス,0,0,,"藤川克平(チーフD)|長尾真|飯山直樹|奥田隆英|松本能幸 ほか",,,,,"平城隆司(演出兼務)|吉川昌克|本居幸治(NCV) ほか",
1997-11-11,,MVS,,SNK,ショックトルーパーズ,ザウルス,0,0,,岡原靖,宍戸敬|高崎陽介|佐藤大吉,,幡谷正彦|加瀬正紀,,田中信之,
1997-12-05,,MVS,FTG,SNK,"幕末浪漫 月華の剣士",SNK,0,0,,,,,,,,
1998-01-19,,MVS,,SNK,ブレイジングスター,夢工房,0,0,,,,,,,,
1998-03-20,,MVS,FTG,SNK,"リアルバウト餓狼伝説2 〜THE NEWCOMERS〜",SNK,0,0,,,,,,,,
1998-04-02,,MVS,A-SHT,SNK,メタルスラッグ2,SNK,0,0,,,,,,,,
1998-05-01,,MVS,サッカー,SNK,"ネオジオカップ'98 〜THE ROAD TO THE VICTORY〜",SNK,0,0,,,,,,,,
1998-07-03,,MVS,,SNK,ブレイカーズ・リベンジ,ビスコ,0,0,,,,,,,,
1998-07-23,,MVS,FTG,SNK,"ザ・キング・オブ・ファイターズ'98 〜DREAM MATCH NEVER ENDS〜",SNK,0,0,,,,,,,,
1998-11-06,,MVS,,SNK,"ショックトルーパーズ セカンドスカッド",ザウルス,0,0,,岡原靖,宍戸敬|高崎陽介|佐藤大吉,,幡谷正彦|加瀬正紀,,田中信之,
1998-11-25,,MVS,FTG,SNK,"幕末浪漫第二幕 月華の剣士 〜月に咲く華、散りゆく花〜",SNK,0,0,,,,,,,,
1998-12-08,,MVS,,SNK,フリップショット,ビスコ,0,0,,,,,,,,
1999-01-01,,MVS,PZL/TBL,SNK,パズルボブル2,タイトー,0,0,,,丸山尋司|野口順一郎,中久木成一|木下一洋,中山上等兵,,,
1999-01-01,,MVS,,SNK,武蔵巌流記,ビスコ,0,0,,,,,,,,
1999-05-27,,MVS,,SNK,キャプテン・トマディ,ビスコ,0,0,,,,,,,,
1999-05-27,,MVS,A-SHT,SNK,メタルスラッグX,SNK,0,0,,,,,,,,
1999-07-22,,MVS,FTG,SNK,"ザ・キング・オブ・ファイターズ'99 〜Millennium Battle〜",SNK,0,0,,,,,,,,
1999-09-27,,MVS,,SNK,"プレヒストリックアイル2 原始島",夢工房,0,0,,,,,,,,
1999-11-26,,MVS,FTG,SNK,"餓狼 MARK OF THE WOLVES",SNK,0,0,,,,,,,,
1999-12-24,,MVS,,SNK,"ストライカーズ1945 PLUS",彩京,0,0,,,,,,,,
2000-01-01,,MVS,,SNK,バンビード,ビスコ,0,0,,,,,菅野祐悟,岡田惠和,,
2000-06-01,,MVS,A-SHT,SNK,メタルスラッグ3,SNK,0,0,,,,,,,,
2000-07-26,,MVS,FTG,SNK,ザ・キング・オブ・ファイターズ2000,SNK,0,0,,,,,,,,
2001-01-01,,MVS,,SNK,"Jockey Grand Prix",ブレッツァソフト,0,0,,,,,,,,
2001-01-01,,MVS,,SNK,V-LINER,ブレッツァソフト,0,0,,,,,,,,
2001-01-27,,MVS,,SNK,ナイトメア・イン・ザ・ダーク,イレブン/ガバキング,0,0,,"Akihito Uto","Hisanori Takeuchi|(AM Factory)","Hisanori Takeuchi|(AM Factory)|Hiroshi Yokoyama|(Eleven)|Hiroshi Yokoyama|(Eleven)|Masayuki Taguchi|(Eleven)|Tsuyoshi Yoneyama|(Eleven)|Takefumi Watanabe|(Eleven)",Kim,,,
2001-07-18,,MVS,,SNK,戦国伝承2001,ノイズファクトリー,0,0,,,,,田中敬一,,,
2001-09-01,,MVS,,SNK,ズパパ!,SNK,0,0,,,,,,,,
2001-11-15,,MVS,FTG,SNK,ザ・キング・オブ・ファイターズ2001,イオリス/サン・アミューズメント,0,0,,,,,,,,
2002-03-27,,MVS,A-SHT,SNK,メタルスラッグ4,メガ・エンタープライズ/プレイモア,0,0,,,,,,,,
2002-06-06,,MVS,,SNK,レイジ・オブ・ザ・ドラゴンズ,エヴォガエンターテイメント/プレイモア,0,0,,,,,,,,
2002-10-10,,MVS,FTG,SNK,"ザ・キング・オブ・ファイターズ2002 〜CHALLENGE TO ULTIMATE BATTLE〜",イオリス/プレイモア,0,0,,,,,,,,
2003-03-21,,MVS,FTG,SNK,"新・豪血寺一族 闘婚-Matrimelee-",プレイモア,0,0,,,,,,,,
2003-07-24,,MVS,,SNK,"SNK VS. CAPCOM SVC CHAOS",プレイモア,0,0,,,,,,,,
2003-10-10,,MVS,FTG,SNK,サムライスピリッツ零,悠紀エンタープライズ,0,0,,,,,,,,
2003-11-13,,MVS,A-SHT,SNK,メタルスラッグ5,SNKプレイモア,0,0,,,,,,,,
2003-12-12,,MVS,FTG,SNK,ザ・キング・オブ・ファイターズ2003,SNKネオジオ,0,0,,,,,,,,
2003-12-24,,MVS,,SNK,ポチッとにゃ〜,アイキ/タイトー,0,0,,,,,,,,
2004-04-22,,MVS,FTG,SNK,サムライスピリッツ零スペシャル,悠紀エンタープライズ,0,0,,,,,,,,
1986-07-01,,-,,SNK,アテナ,SNK,0,0,,,,,,,,
1987-02-01,,-,,SNK,バミューダトライアングル,SNK,0,0,,,,,,,,
1987-03-01,,-,,SNK,サイコソルジャー,SNK,0,0,,,,,川崎英吉|馬飼野康二,,,
1988-11-01,,-,,SNK,タッチダウンフィーバーII,SNK,0,0,,,,,,,,
1987-12-01,,-,,SNK,ゲバラ,,0,0,,,,,,,,
1988-03-01,,-,,SNK,ファイティングゴルフ,SNK,0,0,,,,,,,,
1988-05-01,,-,,SNK,ファイティングサッカー,SNK,0,0,,,,,,,,
1988-06-01,,-,,SNK,航空騎兵物語,,0,0,,,,,,,,
1988-06-01,,-,,SNK,リートレビノのファイティングゴルフ（英語版）,SNK,0,0,,,,,,,,
1988-11-01,,-,,SNK,"脱獄 -Prisoners of War-",SNK,0,0,,,西田和弘,前田義久|藤原秀樹|かまだおさむ,田中敬一|おさかようこ|西田和弘,,ごとうあきら,
1988-10-01,,-,,SNK,カントリークラブ,SNK,0,0,,,,,,,,
1989-03-01,,-,,SNK,怒III,,0,0,,,,かまだおさむ,幡谷希久子|田中敬一,,,
1989-03-01,,-,,SNK,メカナイズドアタック,SNK,0,0,,,,,,,,
1989-05-01,,-,,SNK,原始島,,0,0,,,,,,,,
1989-07-01,,-,,SNK,ストリートスマート,SNK,0,0,,,,,,,,
1989-11-01,,-,,SNK,ビーストバスターズ,SNK,0,0,,,,,,,,
1989-12-01,,-,,SNK,SAR,SNK,0,0,,,,,,,,
1986-10-01,,-,,SNK,怒号層圏,"SNK/Trade West",0,0,,,,,田中敬一|亜蘭里,,,
1988-01-01,,-,,SNK,パドルマニア,SNK,0,0,,,,,,,,
1989-10-01,,-,,SNK,ネクストスペース,SNK/PIC,0,0,,,,,,,,
1983-12-01,,-,,SNK,"Nova 2001",UPL,0,0,,,,西澤龍一,西澤龍一,,,
1983-06-01,,-,,JALECO,カメレオン,,0,0,,,,,,,,
1983-10-01,,-,,JALECO,クイズタイムアタック,,0,0,,,,,,,,
1983-12-01,,-,,JALECO,D-DAY,,0,0,,,,,,,,
1984-03-01,,-,,JALECO,パラレルターン,,0,0,,,,,,,,
1984-07-01,,-,,JALECO,フォーメーションZ,,0,0,,,,,渥美徳弘,,,
1984-08-01,,-,,JALECO,ピンボ,,0,0,,,,,,,,
1985-05-01,,-,,JALECO,フィールドコンバット,,0,0,,,,,,,,
1985-07-01,,-,,JALECO,シティコネクション,,0,0,,,,,,,,
1986-01-01,,-,,JALECO,アーガス,日本マイコン開発,0,0,,,中里民雄,,坂本慎一,,,
1986-08-01,,-,,JALECO,モモコ120%,,0,0,,,,,,,,
1986-11-01,,-,,JALECO,バルトリック,日本マイコン開発,0,0,,,,,,,,
1987-01-01,,-,,JALECO,サイキック5,日本マイコン開発,0,0,,,,,坂本慎一,,,
1987-03-01,,-,,JALECO,エクセライザー,,0,0,,,,,,,,
1987-07-01,,-,,JALECO,銀河任侠伝,,0,0,,,,きんちゃん68000|ANO清水,川元義徳,,,
1987-12-01,,-,,JALECO,ぶたさん,日本マイコン開発,0,0,,,,,,,,
1988-04-01,,-,,JALECO,燃えろ！プロ野球・ホームラン競争,,0,0,,,おおたのぶかず,田中哲次,村田幸史|林音人,,関雅行,
1988-05-01,,-,,JALECO,P-47,日本マイコン開発,0,0,,,,,,,,
1988-06-01,,-,,JALECO,キックオフ,,0,0,,,,,,,,
1988-07-01,,-,,JALECO,魔魁伝説,日本マイコン開発,0,0,,,,,"岡村静良|Tecchan K.",,,
1988-08-01,,-,,JALECO,武田信玄,,0,0,,,,,,,,
1988-09-01,,-,,JALECO,"伊賀忍術伝 五神の書",,0,0,,,,森谷忠明|衛藤浩二|森谷忠明,多和田吏,,,
1989-02-01,,-,,JALECO,天聖龍（セイントドラゴン）,日本マイコン開発,0,0,,,,,,,,
1989-09-01,,-,,JALECO,破兆,,0,0,,,,,,,,
1989-05-01,,-,,JALECO,プラスアルファ,,0,0,,,,,,,,
1989-07-01,,-,,JALECO,実力！プロ野球,,0,0,,,,,,,,
1989-09-01,,-,,JALECO,ビッグラン,Bitbox,0,0,,,,,高芝泰彦,,,
1989-12-01,,-,,JALECO,ザ・ロード・オブ・キング,,0,0,,竹森得泰,きんじょうさとる,竹森得泰|西村年幸|西村年幸|すごうともこ,横山清,,竹森得泰,
1983-10-01,,-,,JALECO,エクセリオン,,0,0,,,,,,,,
1984-10-01,,-,,セイブ開発,功夫大君,セイブ開発,0,0,,,,,,,,
1983-09-01,,-,,セイブ開発,スティンガー,セイブ開発/シグマ,0,0,,,,,,,,
1984-02-01,,-,,セイブ開発,赤ずきん,セイブ開発/シグマ,0,0,,,,,,,,
1984-02-01,,-,,セイブ開発,サイオン,セイブ開発/シグマ,0,0,,,,,,,,
1982-10-01,,-,,セイブ開発,ポンポコ,セイブ開発/シグマ,0,0,,,,,,カン・スンフン|チョン・ウンギョン,,
1985-01-01,,-,,セイブ開発,ウィズ,セイブ開発/タイトー,0,0,,,,,,,,
1985-06-01,,-,,セイブ開発,ショットライダー,セイブ開発/タイトー,0,0,,,,,,,,
1986-04-01,,-,,セイブ開発,ナックルジョー,セイブ開発/タイトー,0,0,,,,,,,,
1986-06-01,,-,,セイブ開発,"エンパイア シティ:1931",セイブ開発/タイトー,0,0,,,,,,,濱田均,
1986-12-01,,-,,セイブ開発,パニックロード,セイブ開発/タイトー,0,0,,,,,,,,
1987-08-01,,-,,セイブ開発,クロスシューター,セイブ開発/タイトー,0,0,,,,,,,,
1987-01-01,,-,,セイブ開発,ダークミスト,セイブ開発/タイトー,0,0,,,,,,,,
1989-07-01,,-,,セイブ開発,リードアングル,セイブ開発/タイトー,0,0,,,,,,,,
1989-09-01,,-,,セイブ開発,ダイナマイトデューク,セイブ開発/タイトー,0,0,,,,,,,,
1980-07-01,,-,,DATAEAST,マッドライダー,,0,0,,,,,金指英樹,,,
1983-06-01,,-,,DATAEAST,幻魔大戦,,0,0,,,,,,平井和正,,
1984-02-01,,-,,DATAEAST,サンダーストーム,,0,0,,岸本良久,熊谷慎太郎,岸本良久,TAO,,,
1984-02-01,,-,,DATAEAST,ザビガ,,0,0,,,,,フェニックス,"トーマス・カリナン(英語版)|『The Beguiled』",,
1984-04-01,,-,,DATAEAST,ジェネシス,,0,0,,,,,,,,
1984-08-01,,-,,DATAEAST,イエローキャブ,,0,0,,,,,,,,
1984-09-01,,-,,DATAEAST,"対戦空手道 青春美少女編",,0,0,,,,,,,,
1984-10-01,,-,,DATAEAST,B-WINGS,,0,0,,,佐久間晶,,,,,
1984-12-01,,-,,DATAEAST,リバレーション,,0,0,,,,,,,,
1985-04-01,,-,,DATAEAST,"プロ野球入団テスト トライアウト",,0,0,,,,,,,,
1985-06-01,,-,,DATAEAST,チャンバラ,,0,0,,,,,,,,
1985-07-01,,-,,DATAEAST,シュートアウト（英語版）,,0,0,,,,,,,,
1985-08-01,,-,,DATAEAST,ロードブラスター,,0,0,,岸本良久,熊谷慎太郎,高山秀樹|稲野義信,,,,
1985-09-01,,-,,DATAEAST,撃墜王,,0,0,,,,,,,,
1985-10-01,,-,,DATAEAST,メタルクラッシュ,,0,0,,,,,,,,
1985-11-01,,-,,DATAEAST,"コンペティションゴルフ 決勝ラウンド",,0,0,,,,小堺能夫|石口十,"Starving Trancer(第1期)|DAITA|篠田大介(第2期)",黒田洋介,,
1986-01-01,,-,,DATAEAST,ウエスタンエクスプレス,,0,0,,,,,,,,
1986-02-01,,-,,DATAEAST,強行突破,,0,0,,,,,,,,
1986-03-01,,-,,DATAEAST,ダーウィン4078,,0,0,,,,古川とも,,,,
1986-06-01,,-,,DATAEAST,サイドポケット,,0,0,,,,,,,,
1986-10-01,,-,,DATAEAST,のぼらんか,コアランドテクノロジー,0,0,,,,,,,,
1986-10-01,,-,,DATAEAST,ラストミッション,,0,0,,,,,ギヨーム・ルーセル,リュック・ベッソン|アディ・ハサック,,
1986-11-01,,-,,DATAEAST,ブレイウッド,,0,0,,,,,,,,
1987-01-01,,-,,DATAEAST,カルノフ,,0,0,,,,,,,,
1987-02-01,,-,,DATAEAST,魔境戦士,,0,0,,,,,,,,
1987-04-01,,-,,DATAEAST,臥竜列伝,,0,0,,,,,,,,
1987-05-01,,-,,DATAEAST,迷宮ハンターG（英語版）,,0,0,,,,,,,,
1987-06-01,,-,,DATAEAST,キャプテンシルバー,,0,0,,,,,,,,
1987-08-01,,-,,DATAEAST,サイコニクス・オスカー,,0,0,,,,,,,,
1987-10-01,,-,,DATAEAST,SRD（スーパーリアルダーウィン）,,0,0,,,,,,,,
1987-10-01,,-,,DATAEAST,ワンダープラネット,,0,0,,,,,,,,
1987-12-01,,-,,DATAEAST,ヘビーバレル,,0,0,,,,,,,,
1988-01-01,,-,,DATAEAST,"チェルノブ -戦う人間発電所-",,0,0,,,井上隆明|秋山宗一|HAGA,"野老雅典|J.S|MIX MAN|RITSU.T",原あづさ|吉田博昭|木内達也|TENNO,,,
1988-04-01,,-,,DATAEAST,ドラゴンニンジャ（英語版）,,0,0,,,,,,,,
1988-06-01,,-,,DATAEAST,バーディトライ,,0,0,,,,,,,,
1988-07-01,,-,,DATAEAST,スタジアムヒーロー,,0,0,,,,,,,,
1988-09-01,,-,,DATAEAST,コブラコマンド,,0,0,,,,,,,,
1989-01-01,,-,,DATAEAST,ロボコップ,,0,0,,,,,ベイジル・ポールドゥリス,エドワード・ニューマイヤー|マイケル・マイナー,,
1989-02-01,,-,,DATAEAST,"ならず者戦闘部隊 ブラッディウルフ",,0,0,,,井上隆明|秋山宗一,"本田善明|野田伸二|野老雅典|小泉隆秀|MIX MAN|DOT MAN",原あずさ|吉田博昭|木内達也|こまつひとみ|せがわしゅうじ,,,
1989-03-01,,-,,DATAEAST,ファイティングファンタジー,,0,0,,,,,,,,
1989-05-01,,-,,DATAEAST,アクトフェンサー,,0,0,,,,,,,,
1989-07-01,,-,,DATAEAST,シークレットエージェント,,0,0,,,,,,,,
1989-10-01,,-,,DATAEAST,ミッドナイトレジスタンス,,0,0,,,にしむらゆういち|はなだなおや|おおともゆうじ|TAC.H,秋林浩司|安達智生|皆川一巳|大西富士美|海宝吉成,原あづさ|吉田博昭|木内達也|こまつひとみ,,,
1980-04-01,,-,,DATAEAST,トマホーク777,,0,0,,,,,,,,
1983-06-01,,-,,DATAEAST,スクランブルエッグ,,0,0,,,,,,,,
1980-01-01,,-,,テクノン工業,ドラキュラハンター,,0,0,,,,,,,,
1980-01-01,,-,,ユニバーサル,コスミックエイリアン,,0,0,,,,,,,,
1980-04-01,,-,,ユニバーサル,戦国の自衛隊,,0,0,,,,,羽田健太郎,半村良,,
1980-06-01,,-,,ユニバーサル,チーキーマウス,,0,0,,,,,,,,
1980-08-01,,-,,ユニバーサル,マジカルスポット,,0,0,,,,,,,,
1980-11-01,,-,,ユニバーサル,ゼロアワー,,0,0,,,,,,,,
1980-12-01,,-,,ユニバーサル,スペースパニック,,0,0,,,,,,,,
1980-01-01,,-,,ユニバーサル,デビルゾーン,,0,0,,,,,クレイグ・セイファン,クリストファー・クロウ|ジェフリー・ブルーム,,
1980-01-01,,-,,ユニバーサル,ミスターガンマン,,0,0,,,,,,,,
1981-07-01,,-,,ユニバーサル,コスミックアベンジャー,,0,0,,,,,,,,
1981-10-01,,-,,ユニバーサル,レディバグ,,0,0,,,,,,,,
1981-10-01,,-,,ユニバーサル,スナップジャック,,0,0,,,,,,,,
1982-10-01,,-,,ユニバーサル,"Mr. Do!",,0,0,,,,上田和敏,,,,
1983-09-01,,-,,ユニバーサル,スペースレイダー,,0,0,,,,,,,,
1983-10-01,,-,,ユニバーサル,"Mr.DO VS UNICORN",,0,0,,,,上田和敏,,,,
1984-05-01,,-,,ユニバーサル,ジャンピング・ジャック,,0,0,,,,,"ミュージックビデオ 「Jumpin' Jack Flash(With Makeup)」 - YouTube| 「Jumpin' Jack Flash(No Makeup)」 - YouTube",,ジミー・ミラー,
1984-03-01,,-,,ユニバーサル,"Mr.Do's WILD RIDE",,0,0,,,,,,,,
1984-07-01,,-,,ユニバーサル,ドラゴンズレア,シネマトロニクス,0,0,,,マイケル・クナウアー|ヴィンス・リー,リック・ダイアー|ビクター・ペンマン|マーティ・フォールガー|ダーリーン・ウォディントン|ドン・ブルース,クリストファー・ストーン,,,
1984-07-01,,-,,ユニバーサル,スペースエース,シネマトロニクス,0,0,,,,,,,,
1984-11-01,,-,,ユニバーサル,スーパードンキホーテ,,0,0,,,,,,,,
1984-01-01,,-,,ユニバーサル,キックライダー,,0,0,,,,,,,,
1986-10-01,,-,,ユニバーサル,アメリカンサッカー,,0,0,,,,,,,,
1987-03-01,,-,,ユニバーサル,"DO! Run Run",,0,0,,,,,,,,
1980-06-01,,-,,新日本企画,アトムスマッシャー,,0,0,,,,,,,,
1980-10-01,,-,,新日本企画,サスケvsコマンダー,,0,0,,,,,,,,
1982-03-01,,-,,新日本企画,パイオニアバルーン,,0,0,,,,,,,,
1982-08-01,,-,,新日本企画,ラッソ,,0,0,,,,,,,,
1983-04-01,,-,,新日本企画,麻雀教室,,0,0,,,,,,,,
1983-09-01,,-,,新日本企画,タングラムQ,,0,0,,,,,,,,
1983-10-01,,-,,新日本企画,マービンズメイズ,,0,0,,,,,,,,
1984-03-01,,-,,新日本企画,ヴァンガード2,,0,0,,,,,,,百武健之(T・ZONE)|二瓶茂人(創通),
1984-03-01,,-,,新日本企画,マッドクラッシャー,,0,0,,,,,,,,
1984-11-01,,-,,新日本企画,グラディエイター,,0,0,,,,,ハンス・ジマー|クラウス・バデルト|リサ・ジェラルド,デヴィッド・フランゾーニ|ジョン・ローガン|ウィリアム・ニコルソン,,
1984-11-01,,-,,新日本企画,ジャンピングクロス,,0,0,,,,,,,,
1984-11-01,,-,,新日本企画,メインイベント,,0,0,,,,,マイケル・メルヴォイン,ゲイル・ペアレント|アンドリュー・スミス,,
1985-03-01,,-,,新日本企画,ハル21,,0,0,,,,,,,,
1985-03-01,,-,,新日本企画,キャンバスクロッキー,,0,0,,,,,,,,
1981-04-01,,-,,新日本企画,ヴァンガード,,0,0,,,,,,,,
1981-10-01,,-,,新日本企画,スーパータンク,"Video Games",0,0,,,,,,,,
1985-07-01,,-,,新日本企画,T・A・N・K,,0,0,,,,,,,,
1983-01-01,,-,,新日本企画,ジョイフルロード,,0,0,,,,,,,,
1981-10-01,,-,,新日本企画,ファンタジー,,0,0,,,,,,,,
1986-02-01,,-,,新日本企画,怒,,0,0,,,,,,,,
1981-04-01,,-,,新日本企画,サターンオブサタン,,0,0,,,,,,,,
1985-11-01,,-,,新日本企画,ASO,,0,0,,,,,,,,
1983-10-01,,-,,辰巳電子工業,TX-1,,0,0,,,,,,,,
1989-12-01,,-,,東亜プラン,鮫!鮫!鮫!,,0,0,,弓削雅稔,弓削雅稔,岩渕孝悦|中岡慎太郎,弓削雅稔,,,
1985-04-01,,-,,東亜プラン,パフォーマン,,0,0,,,弓削雅稔,,弓削雅稔,,,
1989-10-01,,-,,東亜プラン,ゼロウイング,,0,0,,,,,上村建也|富沢敏明|弓削雅稔,,,
1980-06-01,,-,,NICHIBUTSU,ムーンクレスタ,,0,0,,,藤原茂樹,藤原茂樹,,,,
1980-09-01,,-,,NICHIBUTSU,スーパームーンクレスタ,,0,0,,,,,,,,
1980-10-01,,-,,NICHIBUTSU,ムーンクエーサー,,0,0,,,,,,,,
1980-10-01,,-,,NICHIBUTSU,ムーントレック,,0,0,,,,,,,,
1980-10-01,,-,,NICHIBUTSU,ムーンパルサー,,0,0,,,,,,,,
1980-11-01,,-,,NICHIBUTSU,クレイジー・クライマー,ジョルダン,0,0,,,,藤原茂樹,,,,
1981-06-01,,-,,NICHIBUTSU,ムーンシャトル,,0,0,,,,,,,,
1981-09-01,,-,,NICHIBUTSU,フリスキー・トム,,0,0,,,,佐藤俊和|小田恭司|本田光雄,,,,
1982-10-01,,-,,NICHIBUTSU,ラジカルラジアル,ロジテック,0,0,,,,,,,,
1982-12-01,,-,,NICHIBUTSU,ワイピング,,0,0,,,,,,,,
1983-07-01,,-,,NICHIBUTSU,SF-X,,0,0,,"[AC] 阿迦手観屋夢之助",,,,,,
1983-10-01,,-,,NICHIBUTSU,ダチョラー,,0,0,,,,,,,,
1983-12-01,,-,,NICHIBUTSU,キックボーイ,,0,0,,,,,,,,
1984-01-01,,-,,NICHIBUTSU,チューブパニック,,0,0,,H.KITABATA,K.YAMADA,高木一郎|藤原茂樹,高木一郎|山田良一,,,
1984-03-01,,-,,NICHIBUTSU,ダイナミックスキー,タイヨーシステム,0,0,,,,,,,,
1984-04-01,,-,,NICHIBUTSU,セクターゾーン,,0,0,,山下要介,,山下要介,,,,
1984-11-01,,-,,NICHIBUTSU,悪戯天使,アリス,0,0,,,,,,,,
1984-01-01,,-,,NICHIBUTSU,ローラージャマー,,0,0,,H.YAMAMOTO,O.TOMIYAMA,藤原茂樹,山田良一|高木一郎,,,
1985-03-01,,-,,NICHIBUTSU,マグマックス,,0,0,,藤原茂樹,,藤原茂樹,山田良一,,,
1985-09-01,,-,,NICHIBUTSU,"COP 01",,0,0,,,,,吉田健志,,,
1985-10-01,,-,,NICHIBUTSU,テラクレスタ,,0,0,,,,藤原茂樹,吉田健志,,,
1985-12-01,,-,,NICHIBUTSU,"コスモポリス ギャリバン",,0,0,,藤原茂樹,つちいえとしお,藤原茂樹|なかがわきょうこ,吉田健志,,,
1986-03-01,,-,,NICHIBUTSU,マイティガイ,,0,0,,,,,吉田健志|山田良一,,,
1986-06-01,,-,,NICHIBUTSU,聖戦士アマテラス,,0,0,,永田,,永田,吉田健志,,,
1986-10-01,,-,,NICHIBUTSU,妖魔忍法帖,,0,0,,,,,,,,
1986-10-01,,-,,NICHIBUTSU,"UFOロボ ダンガー",,0,0,,,,,,,,
1987-04-01,,-,,NICHIBUTSU,キッドのホレホレ大作戦,,0,0,,藤原茂樹,,藤原茂樹,吉田健志|船場洋志,,,
1987-05-01,,-,,NICHIBUTSU,超時迷宮レジオン,,0,0,,,,,吉田健志,,,
1987-10-01,,-,,NICHIBUTSU,テラフォース,,0,0,,,"K.YAMADA|SHINYA OKUDA","藤原茂樹|TAKANORI TANAKA|安田由紀",吉田昇,,,
1987-12-01,,-,,NICHIBUTSU,子連れ狼,,0,0,,,,,,小池一夫,,
1988-10-01,,-,,NICHIBUTSU,クレイジー・クライマー2,,0,0,,,,,,,,
1989-07-01,,-,,NICHIBUTSU,戦え!ビッグファイター,,0,0,,,,,,,,
1988-08-01,,-,,NICHIBUTSU,アームドF,,0,0,,たなかたかのり,とみやまおさむ|ふじわらさとし,こばやしともあき|筒井久弥|くぼたしんじ,吉田健志,,,
1980-07-01,,-,,NINTENDO,スペースファイアバード,,0,0,,竹田玄洋,,竹田玄洋|宮本茂,田中宏和,,山内博|横井軍平,
1980-09-01,,-,,NINTENDO,ヘリファイア（英語版）,,0,0,,,,,,,,
1980-12-01,,-,,NINTENDO,レーダースコープ（英語版）,,0,0,,,,,,,,
1981-08-01,,-,,NINTENDO,スカイスキッパー,,0,0,,,,竹田玄洋|宮本茂,,,竹田玄洋,
1981-08-01,,-,,NINTENDO,ドンキーコング,,0,0,,宮本茂,"駒野目裕久|飯沼実|西田充裕|村田泰裕(AC) |中郷俊彦(FC)",宮本茂,兼岡行男,,山内溥|横井軍平(AC)|上村雅之(FC),
1982-08-02,,-,,NINTENDO,ドンキーコングJR.,,0,0,,,緒方旗生(AC)|中郷俊彦(FC),宮本茂|宮本茂|坂本賀勇,兼岡行男,,横井軍平|岡田智(AC)|上村雅之(FC)|山内溥,
1982-08-02,,-,,NINTENDO,ポパイ,,0,0,,,,,,,,
1983-06-01,,-,,NINTENDO,マリオブラザーズ,,0,0,,,,宮本茂,兼岡行男,,山内溥|横井軍平,
1983-10-21,,-,,NINTENDO,ドンキーコング3,,0,0,,,,宮本茂|宮本茂|坂本賀勇,田中宏和,,山内博|横井軍平|岡田智,
1984-02-01,,-,,NINTENDO,パンチアウト!!,,0,0,,,,宮本茂,,,竹田玄洋,
1984-10-22,,-,,NINTENDO,スーパーパンチアウト!!,,0,0,,,,宮本茂,近藤浩治,,竹田玄洋,
1982-05-01,,-,,NINTENDO,ジャックと豆の木,,0,0,,,,,,,,
1982-01-01,,-,,NINTENDO,プロビリヤード,,0,0,,,,,,,,
1990-04-01,,-,SHT-TOP,セイブ開発,雷電,セイブ開発/テクモ,0,0,,,,,,,,
1992-05-01,,-,,セイブ開発,セイブカップサッカー,セイブ開発/テクモ,0,0,,,,,,,,
1995-10-01,,SPIシステム,,セイブ開発,戦球,,0,0,,,,,,,,
1997-12-01,,SPIシステム,,セイブ開発,"ライデンファイターズ2 -Operation Hell Dive-",セイブ開発/日本システム,0,0,,,,,佐藤豪,,濱田均|S.MORI,
1993-05-01,,-,,セイブ開発,ゼロチーム,セイブ開発/日本システム,0,0,,瀬川ただし,川口哲也|せきもりかずき|かさいよりたか,駒澤敏亘|まつざわまさお|いいじままさる,山中礼一|佐藤豪,,濱田均,
1993-11-01,,-,SHT-TOP,セイブ開発,"雷電 II",セイブ開発/日本システム,0,0,,,,,佐藤豪,,,
1994-07-01,,-,SHT-TOP,セイブ開発,"雷電 DX",セイブ開発/日本システム,0,0,,,,,佐藤豪,,,
1995-05-01,,SPIシステム,,セイブ開発,バイパーフェイズ1,セイブ開発/日本システム,0,0,,,,,佐藤豪,,,
1996-11-01,,SPIシステム,,セイブ開発,ライデンファイターズ,セイブ開発/日本システム,0,0,,,,,佐藤豪,,濱田均|S.MORI,
1990-02-01,,-,,DATAEAST,空牙,,0,0,,,MIN|MYA|HAL|HMD,小林ひろのり|T.A|大西富士美|小泉隆秀|青山きんや|NABESIMA|長尾園美|榎本和美|社本千佳|かわむらまこと|INOPITA|松田淳,"吉田博昭|原あずさ|木内達也|FUSE|小松ひとみ|JOE KAMINKOW",,,
1990-03-01,,-,,DATAEAST,クルードバスター,,0,0,,,井上隆明|秋山宗一,大谷明|皆川一巳|長尾園美|海宝吉成|栗原映子|大江真徳|野田伸二|北原智江|藤原仁美|社本千佳|榎本和美,原あづさ|吉田博昭|木内達也,,堀田巌,
1990-04-01,,-,,DATAEAST,トリオ・ザ・パンチ,,0,0,,,,伊井俊一,吉田博昭,,,
1990-04-01,,-,,DATAEAST,バルダーダッシュ,,0,0,,,ピーター・リエパ|クリストファー・グレー,ピーター・リエパ|クリストファー・グレー,,,,
1990-06-01,,-,,DATAEAST,ダークシール,,0,0,,,すさなおみ,野田伸二|松田淳|いしびきよしゆき,吉田博昭|木内達也|森憲治,,,
1990-12-01,,-,,DATAEAST,スーパーバーガータイム,,0,0,,,,,,,,
1991-01-01,,-,,DATAEAST,エドワードランディ,,0,0,,,濱田英美|平尾真士|HIROKI,大西富士美|小泉隆秀|北原智江|皆川一巳|大江真徳|藤原仁美|小栗航|青山きんや|野津真|稲垣雅史,竹本晃,,佐野稔,
1991-02-01,,-,,DATAEAST,"JOE&MAC 戦え原始人",,0,0,,,,,,,,
1991-03-01,,-,,DATAEAST,ロボコップ2,,0,0,,,,,レナード・ローゼンマン,キャラクター創造|エドワード・ニューマイヤー|マイケル・マイナー,,
1992-11-01,,-,,DATAEAST,ガンボール,,0,0,,,,,,,,
1992-11-01,,-,,DATAEAST,ダイエットゴーゴー,,0,0,,,,,,,,
1992-12-01,,-,,DATAEAST,ザ・グレイトラグタイムショー,,0,0,,,,,,,,
1992-12-01,,-,,DATAEAST,超次元竜ドラゴンガン,,0,0,,,,,,,,
1993-03-01,,-,,DATAEAST,ファイターズヒストリー,,0,0,,,,,,,,
1993-07-01,,-,,DATAEAST,ヘビースマッシュ,,0,0,,,,,,,,
1993-09-01,,-,,DATAEAST,ナイトスラッシャーズ,,0,0,,,,,,,,
1994-07-01,,-,,DATAEAST,"JOE&MAC リターンズ",,0,0,,,,,,,,
1994-11-01,,-,,DATAEAST,ガンハード,,0,0,,,,,,,,
1995-03-01,,-,,DATAEAST,"ワールドカップ バレーボール'95",,0,0,,,,,,,,
1995-04-01,,-,,DATAEAST,バックファイア!,,0,0,,,,,,,,
1995-06-01,,-,,DATAEAST,マジカルドロップ,,0,0,,,,,,,,
1995-09-01,,-,,DATAEAST,ダンクドリーム'95,,0,0,,,,,,,,
1995-12-01,,-,,DATAEAST,アニマル電脳アワー,,0,0,,,,,,,,
1995-01-01,,-,,DATAEAST,"マジカルドロップ PLUS1!",,0,0,,,,,,,,
1996-01-01,,-,,DATAEAST,アベンジャーズ・イン・ギャラクティックストーム,,0,0,,,,,,,,
1996-02-01,,-,,DATAEAST,スカルファング,,0,0,,,,,,,,
1996-04-01,,-,,DATAEAST,あっちむいてホイ,,0,0,,,,,,,,
1996-08-01,,-,,DATAEAST,スタジアムヒーロー'96,,0,0,,,,,,,,
1991-07-01,,-,,DATAEAST,デスブレイド,,0,0,,,,,,,,
1991-04-01,,-,,DATAEAST,チャイナタウン,データイースト/ナムコ,0,0,,,,,,,,
1991-05-01,,-,,DATAEAST,サンダーゾーン,データイースト/ナムコ,0,0,,,,,,,,
1991-11-01,,-,,DATAEAST,タンブルポップ,データイースト/ナムコ,0,0,,,,,,,,
1991-12-01,,-,,DATAEAST,キャプテンアメリカ・アンド・ジ・アベンジャーズ,データイースト/ナムコ,0,0,,,,,,,,
1992-02-01,,-,,DATAEAST,ウルフファング,,0,0,,,井上隆明|野村泰彦|平尾真士|まつもとやすひろ,小林ひろのり|菊池徹|野津真|いながきまさてる|古賀洋士,吉田博昭|竹本晃,,井上隆明,
1992-05-01,,-,,DATAEAST,"ダークシール II",,0,0,,,すさなおみ,野田伸二|松田淳|いしびきよしゆき,吉田博昭|木内達也|森憲治,,,
1991-04-01,,-,,BANPRESTO,ウルトラマン,,0,0,,,,,,"金城哲夫 ほか",,
1991-09-01,,-,,BANPRESTO,"機動戦士SDガンダム サイコサラマンダーの脅威",,0,0,,,,,,,,
1992-07-01,,-,,BANPRESTO,"ウルトラマン倶楽部 戦え!ウルトラ兄弟!!",,0,0,,,,,,,,
1992-09-01,,-,,BANPRESTO,マクロス,NMK,0,0,,,,,,,,
1992-12-01,,-,,BANPRESTO,SDガンダム・ネオバトリング,,0,0,,,,,,,,
1993-03-01,,-,,BANPRESTO,ウルトラ闘魂伝説,KID,0,0,,,,,,,,
1993-04-01,,-,,BANPRESTO,戦国エース,彩京,0,0,,,,,,,,
1993-06-01,,-,,BANPRESTO,マクロスII,NMK,0,0,,,,美樹本晴彦|藤田一己|阿久津潤一|奥田淳|大畑晃一|福地仁,鷺巣詩郎,富田祐弘,,
1993-07-01,,-,,BANPRESTO,機動戦士ガンダム,アルュメ,0,0,,,,安彦良和|大河原邦男,渡辺岳夫|松山祐士,星山博之|松崎健一|荒木芳久|山本優|富野喜幸,,
1993-09-01,,-,,BANPRESTO,SDガンダム三國志・レインボー大陸戦記,,0,0,,,,,,,,
1993-09-01,,-,,BANPRESTO,"仮面ライダー倶楽部 バトルレーサー",,0,0,,,,,"土井直哉|井上 明",,,
1993-11-01,,-,,BANPRESTO,ゴジラ,,0,0,,,,,,,,
1993-11-01,,-,,BANPRESTO,ドラゴンボールZ,マジカルフォーメーション,0,0,,"西尾大介(第1話 - 第199話 + SP2話)",,"前田実(第1話 - 第199話 + SP2話)|中鶴勝祥(第200話 - 第291話)",菊池俊輔,鳥山明,,
1994-01-01,,-,,BANPRESTO,アルティメットテニス,アート&マジック,0,0,,,,,,,,
1994-02-01,,-,,BANPRESTO,電神魔傀,ウィンキーソフト,0,0,,,大矢晋一,山岸望|坂木和史,山根昇,,川島利文,
1994-07-01,,-,,BANPRESTO,マジンガーZ,,0,0,,,,"羽根章悦→森下圭介[注釈 1]",渡辺宙明,永井豪とダイナミックプロ,,
1994-08-01,,-,,BANPRESTO,機動戦士ガンダムEXレビュー,,0,0,,,,,,,,
1994-10-01,,-,,BANPRESTO,"ドラゴンボールZ2 Super Battle",,0,0,,,,,,,,
1995-02-01,,-,,BANPRESTO,ウルトラ警備隊,セタ,0,0,,,,,,,,
1995-02-01,,-,,BANPRESTO,美少女戦士セーラームーン,ガゼル,0,0,,,,,,,,
1995-05-01,,-,,BANPRESTO,スーパースラムズ,,0,0,,,,,,,,
1995-09-01,,-,,BANPRESTO,銃弾嵐,,0,0,,,,,,,,
1995-10-01,,-,,BANPRESTO,ぷるるん,メトロ,0,0,,,,増田敏彦,,,,
1995-11-01,,-,,BANPRESTO,"機動戦士ガンダム ファイナルシューティング スペースウォー IN 0079",ビスコ,0,0,,,,安彦良和|大河原邦男,渡辺岳夫|松山祐士,星山博之|松崎健一|荒木芳久|山本優|富野喜幸,,
1995-11-01,,-,,BANPRESTO,ぱづり,メトロ,0,0,,,,,,,,
1995-12-01,,-,,BANPRESTO,隠忍,パンドラボックス,0,0,,,,,,,,
1995-12-01,,-,,BANPRESTO,ガーディアンズ,ウィンキーソフト,0,0,,,,,,,,
1996-02-01,,-,,BANPRESTO,アクウギャレット,ガゼル,0,0,,上村建也,,井上淳哉,,,,
1996-09-01,,-,,BANPRESTO,アイラブユーからはじめよう,,0,0,,,,,,,,
1996-09-01,,-,,BANPRESTO,バンバンボール,メトロ,0,0,,,,,,,,
1996-12-01,,-,,BANPRESTO,マクロスプラス,,0,0,,,,摩砂雪(オリジナル)|宮武一貴|河森正治|(舞台設定・メカニカル設定)|宮武一貴|河森正治|(舞台設定・メカニカル設定),菅野よう子,信本敬子,,
1997-02-01,,-,,BANPRESTO,"クイズ!! 美少女戦士セーラームーン 〜知力・体力・時の運〜",ガゼル,0,0,,,,,,,,
1994-04-01,,-,,東亜プラン,"おてんきパラダイス スノーブラザーズ2",,0,0,,,,,太田理,,,
1990-05-01,,-,,東亜プラン,スノーブラザーズ,,0,0,,,,,太田理,,,
1991-11-01,,-,,東亜プラン,ゴークス,東亜プラン/タイトー,0,0,,,,,エルマー・バーンスタイン,ダン・エイクロイド|ハロルド・ライミス,,
1992-03-01,,-,,東亜プラン,フーピー!!,東亜プラン/タイトー,0,0,,,,,,,,
1992-06-01,,-,SHT-TOP,東亜プラン,達人王,東亜プラン/タイトー,0,0,,,,荻原直樹|香川友信,弓削雅稔,,,
1993-03-01,,-,,東亜プラン,ヴイ・ファイヴ,東亜プラン/タイトー,0,0,,高野健一,岩倉聖治|池田恒基,直良有祐|山口幹雄,弓削雅稔,,,
1993-06-01,,-,,東亜プラン,ナックルバッシュ,東亜プラン/タイトー,0,0,,,,,,,,
1992-07-01,,-,,東亜プラン,"フィグゼイト -地獄の英雄伝説-",東亜プラン/タイトー,0,0,,,,,,,,
1993-11-01,,-,,東亜プラン,えんま大王,東亜プラン/タイトー/タカラ,0,0,,,,,,,,
1991-06-01,,-,,東亜プラン,ヴィマナ,東亜プラン/テクモ,0,0,,,,,,,,
1991-06-01,,-,,東亜プラン,"洗脳ゲーム TEKI・PAKI",東亜プラン/テクモ,0,0,,,,,,,,
1990-08-01,,-,,東亜プラン,アウトゾーン,東亜プラン/テクモ,0,0,,,上村建也,,上村建也,,,
2000-02-01,,-,,BANPRESTO,グンペイ,,0,0,,,,,,,,
2000-03-01,,-,,JALECO,ドリームオーディション,,0,0,,,,,,,,
2000-12-01,,-,,JALECO,ロックン4,,0,0,,,,,,,,
2001-03-01,,-,,BANPRESTO,"機動戦士ガンダム 連邦vsジオン",,0,0,,,,,,,,
2001-05-01,,-,,セイブ開発,グラビアコレクション,,0,0,,,,,,,,
2001-06-01,,-,SHT-TOP,CAPCOM,怒首領蜂II,IGS/カプコン,0,0,,,,,,,,
2001-09-01,,-,,BANPRESTO,"機動戦士ガンダム 連邦vsジオンDX",バンプレスト,0,0,,,,,,,,
2002-04-01,,-,SHT-TOP,ケイブ,"怒首領蜂 大往生",ケイブ/エイエムアイ,0,0,,,,,,,,
2002-10-01,,-,SHT-TOP,ケイブ,"怒首領蜂 大往生 ブラックレーベル",ケイブ/エイエムアイ,0,0,,,池田恒基|神山聡|渡辺信|市村崇志,井上淳哉|荻原直樹|若林明|田中周幸|新田理一郎,,,高野健一,
2003-01-01,,-,,ケイブ,ケツイ〜絆地獄たち〜,ケイブ/エイエムアイ,0,0,,,,,,,,
2003-09-01,,-,,BANPRESTO,"機動戦士Zガンダム エゥーゴvsティターンズ",バンプレスト,0,0,,,,,,,,
2003-11-01,,-,,ケイブ,エスプガルーダ,ケイブ/エイエムアイ,0,0,,,,,,,,
2004-09-01,,-,,BANPRESTO,"機動戦士Zガンダム エゥーゴvsティターンズDX",バンプレスト,0,0,,,,,,,,
2004-11-01,,-,,ケイブ,虫姫さま,ケイブ/エイエムアイ,0,0,,,,,,,,
2005-03-01,,-,,BANPRESTO,"機動戦士ガンダム BOS",バンプレスト,0,0,,,,安彦良和|大河原邦男,渡辺岳夫|松山祐士,星山博之|松崎健一|荒木芳久|山本優|富野喜幸,,
2005-06-01,,-,,ケイブ,鋳薔薇,ケイブ/エイエムアイ,0,0,,矢川忍,矢川忍,コタニトモユキ,細江慎治,,高野健一,
2005-07-01,,-,,BANPRESTO,"機動戦士ガンダムSEED 連合vs.Z.A.F.T",バンプレスト,0,0,,,,,,,,
2005-09-01,,-,,ケイブ,虫姫たま,ケイブ/エイエムアイ,0,0,,,,,,,,
2005-11-01,,-,,ケイブ,エスプガルーダII,ケイブ/エイエムアイ,0,0,,,,,,,,
2005-12-01,,-,,BANPRESTO,機動戦士ガンダム0079カードビルダー,バンプレスト,0,0,,,,,,,安田直矢(U.C.),
2006-01-01,,-,,ケイブ,"鋳薔薇黒 ブラックレーベル",ケイブ/エイエムアイ,0,0,,矢川忍,矢川忍,コタニトモユキ,細江慎治,,高野健一,
2006-01-01,,-,,ケイブ,"ピンクスゥイーツ 〜鋳薔薇それから〜",ケイブ/エイエムアイ,0,0,,矢川忍,矢川忍,コタニトモユキ,細江慎治,,高野健一,
2006-01-01,,-,,ケイブ,"虫姫さま ふたり",,0,0,,,,,,,,
2006-01-01,,-,,BANPRESTO,"機動戦士ガンダムSEED DESTINY 連合vs.Z.A.F.T.II",,0,0,,,,,,,,
2007-01-01,,-,,ケイブ,むちむちポーク!,,0,0,,,,,,,,
2007-01-01,,-,,ケイブ,デススマイルズ,,0,0,,,,,,,,
2007-01-01,,-,,ケイブ,"虫姫さま ふたり ブラックレーベル",,0,0,,,,,,,,
2007-01-01,,-,,ケイブ,"虫姫さま ふたり ブラックレーベル",,0,0,,,,,,,,
2008-01-01,,-,SHT-TOP,ケイブ,"怒首領蜂 大復活",,0,0,,,,緒方剛志,並木学|千葉梓|工藤吉三,,,
2008-01-01,,-,,ケイブ,"デススマイルズ メガブラックレーベル",,0,0,,,,,,,,
2008-01-01,,-,,BANPRESTO,"機動戦士ガンダム ガンダムVS.ガンダム",,0,0,,,,,,,,
2009-01-01,,-,,ケイブ,"デススマイルズII 魔界のメリークリスマス",,0,0,,,,,,,,
2010-01-01,,-,SHT-TOP,ケイブ,"怒首領蜂 大復活 ブラックレーベル",,0,0,,,,緒方剛志,並木学|千葉梓|工藤吉三,,,
2010-01-01,,-,,ケイブ,赤い刀,,0,0,,,,,,,,
2012-01-01,,-,SHT-TOP,ケイブ,怒首領蜂最大往生,,0,0,,,,,,,,
2012-01-01,,-,,ケイブ,"赤い刀 真 for NESiCAxLive",,0,0,,,,,,,,
