発売日,ハード,容量(bit),ジャンル,メーカー,タイトル,価格,ジョブカテゴリ,カウント,クロスレビュー(評価),👥クリエイターズ👨‍💼👨‍💻🎨,👨‍💼ディレクター,👨‍💻プログラマー,🎨デザイナー/美術,🎵音楽,📝シナリオ,💼プロデューサー,
1987-10-30,PCE,2M,ACT,ハドソン,ビックリマンワールド(Vol.2),"￥4,500","￥4,500代",0,-,,,,,,,,
1987-10-30,PCE,1M,PUZ,ハドソン,上海(Vol.4),"￥4,500","￥4,500代",0,-,,,,,,,,
1987-11-21,PCE,2M,ACT,ハドソン,THE功夫(Vol.1),"￥4,500","￥4,500代",0,-,,,,,,,,
1987-11-30,PCE,2M,ACT,ハドソン,カトちゃんケンちゃん(Vol.6),"￥4,900","￥5,000代",0,-,,,,,,,,
1987-12-28,PCE,2M,RAC,ハドソン,ビクトリーラン(Vol.3),"￥4,500","￥4,500代",0,-,,,,,,,,
1988-01-22,PCE,2M,RPG,ハドソン,邪聖剣ネクロマンサー(Vol.5),"￥4,500","￥4,500代",0,-,,,,,,,,
1988-02-05,PCE,2M,ACT,ナムコ,妖怪道中記,"￥4,900","￥5,000代",0,-,,,デビル中村,水野一実|ナナチャン大石|木元昌洋|小森谷勇一郎|サラバジャ南|ホルスタイン安斎|カータン榊原,川田宏行,,,
1988-03-25,PCE,2M,SHT,ハドソン,R-TYPEI(Vol.7),"￥4,900","￥5,000代",0,35,,,,,,,,
1988-04-22,PCE,2M,ETC,ハドソン,遊々人生(Vol.8),"￥4,500","￥4,500代",0,-,,,,,,,,
1988-05-20,PCE,2M,SPT,ナムコ,プロ野球ワールドスタジアム,"￥4,900","￥5,000代",0,35,,,天内潤,,川元義徳,,,
1988-06-03,PCE,2M,SHT,ハドソン,R-TYPEII(Vol.9),"￥4,900","￥5,000代",0,35,,,,,,,,
1988-07-08,PCE,2M,ETC,ハドソン,戦国麻雀(Vol.10),"￥4,900","￥5,000代",0,-,,,,,,,,
1988-07-15,PCE,2M,SHT,ナムコ,ギャラガ'88,"￥4,900","￥5,000代",0,-,,,,,川田宏行,,,
1988-07-24,PCE,2M,SPT,ハドソン,パワーリーグ(Vol.11),"￥4,900","￥5,000代",0,31,,,,,,,,
1988-08-11,PCE,2M,SPT,ナムコ,プロテニスワールドコート,"￥4,900","￥5,000代",0,33,,,,,慶野由利子,,,
1988-08-30,PCE,2M,ACT,ハドソン,魔神英雄伝ワタル(Vol.12),"￥4,900","￥5,000代",0,-,,,,,,,,
1988-09-14,PCE,2M,ETC,ナグザット,エイリアンクラッシュ,"￥5,500","￥5,500代",0,33,,,,,迫田敏明[要出典],,,
1988-09-23,PCE,2M,SLG,メサイヤ,ガイアの紋章,"￥5,200","￥5,000代",0,-,,,,,,,,
1988-09-23,PCE,2M,ACT,ビクター音楽産業,魔境伝説(Vol.1),"￥5,200","￥5,000代",0,-,,,,,,,,
1988-10-14,PCE,2M,SHT,NECアベニュー,ファンタジーゾーン,"￥5,900","￥6,000代",0,-,,石井洋児,片木秀一,石井洋児|近藤正樹,川口博史,,,
1988-11-18,PCE,2M,ADV,ハドソン,定吉七番(Vol.14),"￥4,900","￥5,000代",0,-,,,,,,,,
1988-12-04,PCE,2M,SYS,NEC-HE/ハドソン,CD-ROM2SYSTEMVer1.0,"￥57,300","￥57,500代",0,-,,,,,,,,
1988-12-04,PCE,2M,SYS,NEC-HE/ハドソン,CD-ROM2SYSTEMVer2.0,"￥57,300","￥57,500代",0,-,,,,,,,,
1988-12-09,PCE,4M,SHT,NECアベニュー,スペースハリアー,"￥6,700","￥6,500代",0,-,,藤井睦弘(セガ・マークIII),三船敏(アーケード)|川竹英士(アーケード)|中裕司(セガ・マークIII),鈴木裕(アーケード)|麻生宏(アーケード)|津田知介(アーケード)|永田英朗(アーケード)|貞森康毅(セガ・マークIII),川口博史(アーケード)|鈴木裕(アーケード)|上保徳彦(セガ・マークIII),中裕司(セガ・マークIII)|藤井睦弘(セガ・マークIII)|百田浩司(セガ・マークIII),金成貫(アーケード)|中裕司(セガ・マークIII),
1988-12-16,PCE,2M,SHT,ナムコ,ドラゴンスピリット,"￥5,500","￥5,500代",0,32,,"YOKO BOSS",田中京太,"OJISAN TRIO PLUS 1|石川達也|MACCHAN|ARAKAWA DA!",細江慎治,,,
1988-12-22,PCE,2M,SPT,ハドソン,あっぱれゲートボール(Vol.13),"￥4,900","￥5,000代",0,-,,,,,,,,
1989-01-14,PCE,3M,ACT,アイレム,ビジランテ(Vol.1),"￥6,300","￥6,500代",0,30,,,,,,,,
1989-01-27,PCE,2M,ACT,NECアベニュー,ソンソンII,"￥5,400","￥5,500代",0,-,,,,,,,,
1989-02-09,PCE,3M,SLG,ハドソン,ネクタリス(Vol.16),"￥5,800","￥6,000代",0,31,,,,,,,,
1989-02-23,PCE,2M,RAC,メサイヤ,モトローダー,"￥5,200","￥5,000代",0,-,,,M.IWASHITA,大張正己,ガブリンサウンド,,白倉安昌,
1989-03-01,PCE,2M,SHT,フェイス,はにい･いんざ･すかい,"￥5,200","￥5,000代",0,30,,,こうもりだんしゃく|ながさわみきや,熊倉賢一|ばばあつし|おのでらこうじ,岩永敦子,,三金堂,
1989-03-03,PCE,2M,SPT,データイースト,ウイニングショット,"￥5,500","￥5,500代",0,-,,,,,,,,
1989-03-04,PCE,3M,A-PRG,ハドソン,ダンジョンエクスプローラ(Vol.15),"￥5,800","￥6,000代",0,-,,,,,,,,
1989-03-17,PCE,2M,RPG,サンソフト,アウトライブ,"￥5,600","￥5,500代",0,-,,,,,,,,
1989-03-18,PCE,2M,ACT,メサイヤ,改造町人シュビビンマン,"￥5,200","￥5,000代",0,-,,白倉安昌,,うらべ・すう,ガブリンサウンド,,土田俊郎,
1989-03-20,PCE,2M,SHT,エイコム,P-47,"￥5,200","￥5,000代",0,-,,,,,,,,
1989-03-23,PCE,3M,RAC,パックインビデオ,F1PILOT,"￥6,300","￥6,500代",0,-,,,,,,,,
1989-03-23,PCE,2M,A-PRG,ビクター音楽産業,死霊戦線,"￥5,500","￥5,500代",0,-,,,,,,,,
1989-03-28,PCE,2M,SPT,メサイヤ,がんばれ!ゴルフボーイズ,"￥5,300","￥5,500代",0,-,,,,,,,,
1989-03-31,PCE,2M,SHT,パックインビデオ,ディープブルー海底神話,"￥5,300","￥5,500代",0,-,,,,,,,,
1989-03-31,PCE,2M,SHT,タイトー,究極タイガー,"￥5,500","￥5,500代",0,33,,,弓削雅稔|上村建也,,弓削雅稔|上村建也,,,
1989-04-01,PCE,2M,RPG,データイースト,魔界八犬伝SHADA,"￥5,800","￥6,000代",0,-,,巌光生,T.OGAWA|T.SUZUKI|GUMON|K.KAMIMURA,M.RAI|T.ITO|巌光生,酒井省吾|岩崎正明|三浦孝史|濱田誠一|鈴木雄司|高濱祐輔,,,
1989-04-19,PCE,2M,ACT,メサイヤ,エナジー,"￥5,200","￥5,000代",0,-,,,,,,,,
1989-04-21,PCE,2M,ACT,ナムコ,ワンダーモモ,"￥6,800","￥7,000代",0,-,,,弓達公雄,,弓達公雄,,,
1989-04-27,PCE,4M,RPG,ハドソン,凄ノ王伝説(Vol.17),"￥6,500","￥6,500代",0,-,,,,,,,,
1989-05-25,PCE,3M,SPT,ハドソン,パワーゴルフ(Vol.18),"￥5,800","￥6,000代",0,-,,,,,,,,
1989-05-30,PCE,3M,SPT,ナグザット,ナグザットオープン,"￥6,300","￥6,500代",0,-,,,,,,,,
1989-05-30,PCE,4M,SPT,ナグザット,ナグザットスタジアム,"￥6,300","￥6,500代",0,-,,,,,,,,
1989-06-01,PCE,2M,ACT,ナムコ,パックランド,"￥5,200","￥5,000代",0,30,,,岸本好弘,佐藤誠市|根來司|小野浩,慶野由利子,,,
1989-06-19,PCE,3M,ETC,ビデオシステム,わいわい麻雀,"￥5,800","￥6,000代",0,-,,,,,,,,
1989-06-22,PCE,3M,SPT,ヒューマン,ファイヤープロレスリングコンビネーションタッグ,"￥6,300","￥6,500代",0,-,,,増田雅人|林徹,増田雅人|笹沢英昭|笹沢英昭|小林裕一|中島良一,橋本正樹,,,
1989-06-23,PCE,4M,ACT,フェイス,サイバークロス,"￥6,300","￥6,500代",0,-,,,,,,,,
1989-06-28,PCE,4M,ACT,ビッグクラブ,神武伝承,"￥6,700","￥6,500代",0,-,,,,,,,,
1989-06-30,PCE,3M,ACT,タイトー,ニンジャウォーリアーズ,"￥6,200","￥6,000代",0,-,,緒方正樹,永田喜久|岩崎雄二|わたべよしゆき|緒方正樹|佐々木大輔,辻野浩司|石川幸生,小倉久佳,辻野浩司,末角要次郎,
1989-07-07,PCE,3M,SHT,ハドソン,ガンヘッド(Vol.19),"￥6,200","￥6,000代",0,30,,,,,,,,
1989-07-07,PCE,3M,RAC,ナムコ,ファイナルラップツイン,"￥6,200","￥6,000代",0,30,,,,,細江慎治,,,
1989-07-14,PCE,2M,SHT,NECアベニュー,サイドアーム,"￥5,400","￥5,500代",0,-,,,,,,,,
1989-07-28,PCE,2M,ACT,エイコム,武田信玄,"￥5,600","￥5,500代",0,-,,,,,,,,
1989-08-04,PCE,2M,ADV,マイクロキャビン,めぞん一刻,"￥5,900","￥6,000代",0,-,,,,,周防義和,岡田惠和,,
1989-08-08,PCE,3M,SPT,ハドソン,パワーリーグII(Vol.20),"￥5,800","￥6,000代",0,31,,,,,,,,
1989-08-10,PCE,2M,ETC,ナグザット,ブレイクイン,"￥5,500","￥5,500代",0,30,,,,,,,,
1989-08-25,PCE,2M,RAC,NECアベニュー,F1ドリーム,"￥5,400","￥5,500代",0,-,,,,,松前真奈美,,,
1989-08-25,PCE,4M,SHT,ビッグクラブ,ロックオン,"￥6,700","￥6,500代",0,-,,,,,,,,
1989-09-01,PCE,4M,ACT,データイースト,ならずもの戦闘部隊ブラッディウルフ,"￥6,500","￥6,500代",0,-,,,,,,,,
1989-09-08,PCE,4M,SHT,ナムコ,オーダイン,"￥6,800","￥7,000代",0,-,,すなどりねこさん|ウォンウォン,スローロ田中,大石益也|小森谷勇一郎|安斎じゅんこ|インドリ中村,細江慎治,,中村雅哉,
1989-09-15,PCE,3M,ETC,ハドソン,スーパー桃太郎電鉄(Vol.21),"￥5,800","￥6,000代",0,-,,,,,,,,
1989-09-22,PCE,4M,ACT,NECアベニュー,獣王記,"￥5,800","￥6,000代",0,-,,,穂苅健一(AC)|浅井敏典(MD)|松田達夫(MD)|百田浩司(MD),"内田誠(AC)|安原広和(AC)|NO NUKES(MD)|HAGA(AC)|梶本隆博(AC)|小玉理恵子(MD)|UDI(MD)",中林亨(AC)|長井和彦(MD),,,
1989-09-29,PCE,2M,ETC,NEC-HE,アーティストツール,"￥5,800","￥6,000代",0,-,,,,,,,,
1989-09-29,PCE,2M,RPG,メサイヤ,ダブルダンジョン,"￥5,500","￥5,500代",0,-,,,,,,,,
1989-10-13,PCE,2M,SPT,ナグザット,デジタルチャンプバトルボクシング,"￥5,800","￥6,000代",0,-,,,,,,,,
1989-10-20,PCE,3M,ACT,トンキンハウス,竜の子ファイター,"￥5,600","￥5,500代",0,-,,,,,,,,
1989-10-31,PCE,2M,ACT,ハドソン,ドラえもん迷宮大作戦(Vol.22),"￥4,900","￥5,000代",0,-,,,,,,,,
1989-11-03,PCE,2M,SLG,インテック,都留照人の実戦株式倍バイゲーム,"￥9,800","￥10,000代",0,-,,,,,,,,
1989-11-17,PCE,3M,A-PRG,ハドソン,ニュートピア(Vol.23),"￥5,800","￥6,000代",0,-,,,,,,,,
1989-11-17,PCE,4M,ETC,フェイス,麻雀学園東間宗四郎登場,"￥7,980","￥8,000代",0,32,,,,,,,,
1989-11-22,PCE,3M,SLG,サリオ,大地くんクライシス,"￥6,400","￥6,500代",0,32,,TARO,MICHEL,"YOSIMI SEKI|ISOBEE|ALICE|チャイコフ YANO|NAKAJIMA",TSUKUSHI,,"TATSUYA SHIMAZU|YUZO NAKAKUKI",
1989-11-23,PCE,2M,SPT,ビクター音楽産業,ジャックニクラウスチャンピオンシップゴルフ,"￥6,200","￥6,000代",0,-,,,,,,,,
1989-11-25,PCE,3M,RAC,タイトー,バリバリ伝説,"￥6,600","￥6,500代",0,-,,,,,新田一郎,渡邊由自/渡辺麻実,,
1989-11-30,PCE,4M,SHT,ハドソン,バトルエース,"￥6,500","￥6,500代",0,-,,,,,前野知常,,,
1989-12-01,PCE,4M,SHT,アイレム,Mr.HELIの大冒険(Vol.2),"￥6,700","￥6,500代",0,-,,,,,,,,
1989-12-01,PCE,2M,SPT,エイコム,USAプロバスケットボール,"￥5,600","￥5,500代",0,-,,,,,,,,
1989-12-08,PCE,2M,SPT,クリーム,ブルファイトリングの覇者,"￥6,300","￥6,500代",0,-,,,,,,,,
1989-12-08,PCE,3M,ACT,アスミック,忍SHINOBI,"￥6,800","￥7,000代",0,-,,菅野豊,,,川上康広,,,
1989-12-15,PCE,3M,ACT,ハドソン,PC原人(Vol.24),"￥5,800","￥6,000代",0,-,,,,,,,,
1989-12-15,PCE,2M,SPT,インテック,これがプロ野球'89,"￥5,800","￥6,000代",0,-,,,,,,,,
1989-12-22,PCE,2M,RAC,パックインビデオ,ナイトライダースペシャル,"￥5,800","￥6,000代",0,-,,,,,,,,
1989-12-22,PCE,3M,SHT,タイトー,ヘビーユニット,"￥6,600","￥6,500代",0,-,,金子浩,いがらしすぐる|Y.YAMAUCHI|かとうたけお,まつおかけいすけ|たじまとくひさ|いちかわひでふみ|ふなつあやこ|おきもととしこ|A.YAZAKI,渡辺達也|あいずせいいち,,,
1989-12-22,PCE,3M,RPG,サンソフト,弁慶外伝(Vol.2),"￥6,200","￥6,000代",0,-,,,,,,,,
1989-12-23,PCE,3M,RAC,ヒューマン,F1トリプルバトル,"￥6,300","￥6,500代",0,-,,,,,,,,
1989-12-27,PCE,3M,PUZ,タイトー,ヴォルフィード,"￥6,600","￥6,500代",0,30,,,こばやしよしのり|つかのとしあき|おきよういち,三辻富貴朗|三辻富貴朗|讃岐平|栗城源也,小倉久佳,,,
1990-01-19,PCE,4M,SHT,UPL,アトミックロボキッド(Vol.1),"￥6,700","￥6,500代",0,-,,,,,,,,
1990-01-26,PCE,3M,SLG,メサイヤ,ガイフレーム,"￥5,800","￥6,000代",0,-,,,,,,,,
1990-01-26,PCE,3M,RAC,タイトー,タイトーチェイスH.Q.,"￥6,600","￥6,500代",0,30,,,,酒匂弘幸,浅野孝已,,,
1990-01-26,PCE,4M,ADV,ナグザット,逐電屋藤兵衛,"￥6,700","￥6,500代",0,-,,,,ほほ梅麿,,藤木隻,,
1990-02-01,PCE,2M,ETC,ニチブツ,麻雀刺客列伝麻雀ウォーズ,"￥5,400","￥5,500代",0,-,,,,,,,,
1990-02-07,PCE,2M,SPT,ビデオシステム,スーパーバレーボール,"￥5,800","￥6,000代",0,-,,,,,,,,
1990-02-23,PCE,3M,ACT,タイトー,ニュージーランドストーリー,"￥6,600","￥6,500代",0,-,,,,,小倉久佳|山田靖子|渡部恭久,,,
1990-02-23,PCE,1M,PUZ,ハドソン,ブロディア(Vol.25),"￥4,500","￥4,500代",0,-,,,,,,,,
1990-02-23,PCE,3M,ACT,ビクター音楽産業,虎への道,"￥6,700","￥6,500代",0,-,,リー・ウォン|藤原得郎,,,河本圭代|藤田晴美,,,
1990-02-23,PCE,3M,SLG,メサイヤ,飛装騎兵カイザード,"￥6,200","￥6,000代",0,-,,,,,,,,
1990-03-01,PCE,2M,SHT,ナグザット,パラノイア,"￥5,800","￥6,000代",0,-,,,,,,,,
1990-03-02,PCE,3M,ACT,サンソフト,シティハンター,"￥6,300","￥6,500代",0,-,,,,,,北条司,,
1990-03-02,PCE,2M,SHT,タイトー,スペースインベーダーズ復活の日,"￥5,900","￥6,000代",0,-,,,,,岩垂徳行,,,
1990-03-02,PCE,4M,ADV,メサイヤ,謎のマスカレード,"￥6,000","￥6,000代",0,-,,,,,,,,
1990-03-09,PCE,3M,SHT,I.G.S.,サイバーコア,"￥6,700","￥6,500代",0,-,,ひさとみけんじ,望月成|BOKEGI!,加藤清文|久保田覚|ゆもとまさしげ,村井俊夫|寺本昌弘,神山修一,よこやまことし,
1990-03-10,PCE,4M,ACT,ナムコ,源平討魔伝,"￥6,800","￥7,000代",0,32,,,大久保良一,阿部信彦|高橋由鬼夫|穴田悟,中潟憲雄,高橋由鬼夫|大久保良一|中潟憲雄,,
1990-03-16,PCE,1M,PUZ,メディアリング,倉庫番ワールド,"￥5,400","￥5,500代",0,-,,,,,,,,
1990-03-23,PCE,2M,SHT,パックインビデオ,アームドF,"￥6,700","￥6,500代",0,-,,たなかたかのり,とみやまおさむ|ふじわらさとし,こばやしともあき|筒井久弥|くぼたしんじ,吉田健志,,,
1990-03-27,PCE,4M,ACT,タイトー,奇々怪界,"￥5,500","￥5,500代",0,-,,波多野幹夫,石田一朋|佐々木大輔,薮崎久也|西村年幸|三方一哉,小倉久佳(ZUNTATA),,,
1990-03-30,PCE,2M,ACT,ハドソン,BEBALL(Vol.28),"￥5,200","￥5,000代",0,-,,,,,,,,
1990-03-30,PCE,2M,ETC,ビクター音楽産業,キングオブカジノ,"￥6,200","￥6,000代",0,-,,,,,,,,
1990-03-30,PCE,2M,ACT,データイースト,ドロップロックほらホラ,"￥5,900","￥6,000代",0,-,,,,,,,,
1990-03-30,PCE,2M,SPT,ナグザット,熱血高校ドッジボール部PC番外編,"￥5,900","￥6,000代",0,-,,,,,,,,
1990-04-03,PCE,4M,ACT,ナムコ,スプラッターハウス,"￥6,800","￥7,000代",0,-,,横山茂,PSQGL,石田正則,田島勝朗|川元義徳,,水野一実,
1990-04-06,PCE,2M,SHT,ナグザット,サイコチェイサー,"￥5,800","￥6,000代",0,-,,,,,,,,
1990-04-06,PCE,4M,ACT,ハドソン,魔動王グランゾート,"￥6,500","￥6,500代",0,-,,,,スタジオ・ライブ|大河原邦男,田中公平,広井王子,,
1990-04-13,PCE,4M,RAC,アスミック,パワードリフト,"￥6,900","￥7,000代",0,-,,,,鈴木裕,川口博史,,,
1990-04-20,PCE,4M,RPG,アスク講談社,ネクロスの要塞,"￥6,800","￥7,000代",0,30,,,,,,,,
1990-04-27,PCE,4M,SHT,ナムコ,バルンバ,"￥6,800","￥7,000代",0,-,,,まつだこうじ|三好弘二|吉嶺豊彦,梶井健|宮串英明|MACOT.E|M.TAMURA|D.KIYASU,伊藤真樹子|西川浩史,,,
1990-04-27,PCE,2M,SPT,ヒューマン,フォーメーションサッカーヒューマンカップ90,"￥5,500","￥5,500代",0,30,,,,,,,,
1990-04-27,PCE,3M,ACT,ハドソン,青いブリンク,"￥6,200","￥6,000代",0,-,,,,,,,,
1990-05-25,PCE,4M,SPT,ハドソン,マニアックプロレス(Vol.27),"￥6,500","￥6,500代",0,-,,,,,,,,
1990-05-31,PCE,3M,ACT,タイトー,ドンドコドン,"￥5,800","￥6,000代",0,-,,,石田一朋|木下昌也,河上聖治|石川幸生|阿部幸雄|いしのみのり|沼田和博|五十嵐恒三|しのだてつや|V.A.P,高木正彦|山田靖子,,河上聖治|松本俊明|酒匂弘幸,
1990-06-02,PCE,3M,RPG,I.G.S.,シンドバッド地底の大魔宮,"￥6,700","￥6,500代",0,-,,すずきさとし|梅津真人,"S.KONEOH|PAPANDA|MICRO FACTORY",とみたかしょうぞう|いまいあきこ|とみたかいずみ|N.URUSIBARA|H.OTA|加藤清文,村井俊夫,神山修一,ひさとみけんじ,
1990-06-15,PCE,3M,ACT,ビクター音楽産業,ヴェイグス,"￥6,700","￥6,500代",0,-,,もりくまなお,,もりくまなお|安住政敏|末弥純,メカノアソシエイツ,竹内誠|上坂哲,,
1990-06-22,PCE,4M,SHT,NECアベニュー,ダウンロード,"￥6,800","￥7,000代",0,-,,,,,,,,
1990-06-29,PCE,2M,SPT,インテック,これがプロ野球'90,"￥5,800","￥6,000代",0,-,,,,,,,,
1990-06-29,PCE,2M,SHT,ナムコ,ゼビウスファードラウト伝説,"￥5,800","￥6,000代",0,-,,仁井谷正充,國廣豊史,"河野光|JANUS寺本|國廣豊史|NIPPON CHACHACHA",宮本昌知,,河野光,
1990-06-29,PCE,2M,PUZ,タイトー,パズニック,"￥5,900","￥6,000代",0,-,,,,,,,,
1990-06-29,PCE,4M,ETC,フェイス,麻雀学園MILD東間宗四郎登場,"￥7,980","￥8,000代",0,-,,,,,,,,
1990-07-06,PCE,2M,SYS,NEC-HE/ハドソン,CD-ROM2SYSTEMVer2.1,"￥4,800","￥5,000代",0,-,,,,,,,,
1990-07-06,PCE,4M,SHT,ハドソン,スーパースターソルジャー(Vol.30),"￥6,500","￥6,500代",0,34,,,,,,,上領亘,
1990-07-06,PCE,3M,ACT,タイトー,ラスタンサーガII,"￥6,600","￥6,500代",0,-,,小林よしのり,小林よしのり|とみたかひであき|たかはしとおる|かざまひでお,西村年幸|西村年幸|讃岐平|河上聖治|栗城源也,八木下直人|高木正彦,,小林よしのり,
1990-07-06,PCE,4M,ACT,アイレム,最後の忍道NINJASPIRIT(Vol.4),"￥7,000","￥7,000代",0,32,,,,,,,,
1990-07-13,PCE,4M,ACT,ナムコ,超絶倫人ベラボーマン,"￥6,800","￥7,000代",0,-,,中潟憲雄,大久保良一,吉羽孝雄,中潟憲雄,,,
1990-07-20,PCE,3M,ETC,ナグザット,デビルクラッシュ,"￥6,300","￥6,500代",0,34,,,,,迫田敏明|塚本雅信,,,
1990-07-20,PCE,3M,RPG,ハドソン,桃太郎伝説ターボ(Vol.29),"￥5,800","￥6,000代",0,30,,,,,,,,
1990-07-27,PCE,4M,SHT,アイレム,イメージファイト(Vol.3),"￥7,000","￥7,000代",0,30,,,,,,,,
1990-07-27,PCE,2M,A-PUZ,パックインビデオ,ロードランナー失われた迷宮(ロストラビリンス),"￥5,800","￥6,000代",0,-,,,,,,,,
1990-07-27,PCE,2M,SPT,I.G.S.,ワールドビーチバレー,"￥5,700","￥5,500代",0,-,,,,,,,,
1990-07-27,PCE,8M,ACT,NECアベニュー,大魔界村,"￥10,800","￥11,000代",0,32,,,小池ひろし|篠原雅嗣|上山真一|菅原伸育,藤原得郎|吉本伸一|山本尚司,河本圭代,,,
1990-08-03,PCE,3M,ACT,タイトー,地獄めぐり,"￥6,600","￥6,500代",0,-,,ささべやすまさ|藤原英裕,"CRAZY-YOSHIKAWA|CREAMY TETSU",海道賢仁|鎗田準次|ながいひろやす,ピンチパンチ,,,
1990-08-09,PCE,4M,ACT,ナムコ,ワルキューレの伝説,"￥6,800","￥7,000代",0,-,,"WAN WAN(岡本進一郎)|もっとでたかった コアクマン(大川さゆり)","WAN WAN|ぐりずりぃ やまだ",冨士宏,川田宏行,,,
1990-08-10,PCE,2M,PUZ,テンゲン,クラックス,"￥5,900","￥6,000代",0,30,,,デヴィッド・エーカース,マーク・スティーブン・ピアス,ブラッド・フラー,,,
1990-08-10,PCE,3M,SPT,ハドソン,パワーリーグIII(Vol.31),"￥5,800","￥6,000代",0,30,,,,,,,,
1990-08-10,PCE,2M,ETC,ホームデータ,将棋初段一直線,"￥6,700","￥6,500代",0,-,,,,,,,,
1990-08-10,PCE,3M,ETC,サンソフト,麻雀悟空スペシャル,"￥6,300","￥6,500代",0,30,,,,,,,,
1990-08-31,PCE,4M,SHT,NECアベニュー,オペレーションウルフ,"￥7,200","￥7,000代",0,-,,,,,,,,
1990-09-07,PCE,3M,ACT,フェイス,はにい･おんざ･ろおど,"￥6,400","￥6,500代",0,-,,,,,,,,
1990-09-07,PCE,2M,ACT,ビクター音楽産業,暗黒伝説,"￥6,200","￥6,000代",0,-,,,白谷守,明貴美加,すずきひろとし,,小森治信,
1990-09-14,PCE,4M,RAC,ニチブツ,F1サーカス,"￥6,900","￥7,000代",0,31,,,,,,,,
1990-09-14,PCE,4M,SLG,トンキンハウス,関ヶ原,"￥6,800","￥7,000代",0,-,,,,,,,,
1990-09-21,PCE,6M,SHT,NECアベニュー,ダライアスプラス,"￥9,800","￥10,000代",0,-,,河野敏男,長谷川健|くりやまたかし|とみおかひであき|菅原徹|笹谷ひでのり|橋本英樹,河野敏男|藤田朗|三方一哉|きたがわてつろう|わきたよしひろ|鎗田準次|石川幸生|五十嵐恒三|栗城源也|讃岐平|おがわみつる,たなかやすひこ|小倉久佳|八木下直人|なかむらつかさ|高橋英吉|高木正彦,,河野敏男,
1990-09-21,PCE,4M,ACT,ハドソン,桃太郎活劇(Vol.32),"￥6,500","￥6,500代",0,-,,,,,,,,
1990-09-28,PCE,4M,SHT,NECアベニュー,アフターバーナーII,"￥7,200","￥7,000代",0,-,,鈴木裕|浜垣博志,三船敏,鈴木裕,川口博史,,中山隼雄,
1990-09-28,PCE,3M,ACT,UPL,ゴモラスピード(Vol.2),"￥6,700","￥6,500代",0,-,,,,,,,,
1990-09-28,PCE,2M,ACT,パックインビデオ,ダイハード,"￥6,200","￥6,000代",0,-,,,,,,,,
1990-09-28,PCE,3M,SHT,ナグザット,ダブルリング,"￥6,300","￥6,500代",0,-,,,,,,,,
1990-09-28,PCE,3M,SHT,ナムコ,ファイナルブラスター,"￥6,800","￥7,000代",0,-,,,黒須一雄,佐藤誠市|横山茂|澤野和則|小野浩,大野木宜幸,,,
1990-10-12,PCE,4M,ACT,サンソフト,BATMAN,"￥6,500","￥6,500代",0,-,,,,,,,,
1990-10-12,PCE,4M,RPG,トンキンハウス,サイバーナイト,"￥6,800","￥7,000代",0,30,,みんみん宮田,"POCHI NAKAMORI",水野良|グループSNE|大河原邦男,迫田敏明|宮本昌知|塚本雅信|ATARASHI|DAVID|竹内啓史,山本弘|グループSNE,浦井郁郎,
1990-10-19,PCE,3M,SHT,ビデオシステム,ラビオレプススペシャル,"￥6,800","￥7,000代",0,-,,,本田忠嗣,中村晋介,石田安俊|奥田健司,,,
1990-10-26,PCE,2M,PUZ,フェイス,琉球,"￥5,400","￥5,500代",0,-,,,,,,,,
1990-11-02,PCE,4M,SHT,ハドソン,エアロブラスターズ(Vol.33),"￥6,500","￥6,500代",0,30,,,,,,,,
1990-11-09,PCE,4M,SPT,トンキンハウス,カットビ宅配くん,"￥6,780","￥7,000代",0,-,,,,,,,,
1990-11-23,PCE,3M,SPT,メサイヤ,キックボール,"￥6,200","￥6,000代",0,-,,,,,,,,
1990-12-07,PCE,4M,SHT,NECアベニュー,サンダーブレード,"￥7,200","￥7,000代",0,-,,,,,並木晃一,,,
1990-12-07,PCE,3M,SHT,ナグザット,バーニングエンジェル,"￥6,700","￥6,500代",0,-,,,,,,,,
1990-12-07,PCE,2M,ACT,ハドソン,ボンバーマン(Vol.34),"￥5,300","￥5,500代",0,-,,,,,,,,
1990-12-11,PCE,2M,ACT,ナムコ,メルヘンメイズ,"￥5,500","￥5,500代",0,-,,,山口雅司,中村伸武|竹矢吉孝|竹矢吉孝|MY|POP,川瀬知香,,,
1990-12-14,PCE,2M,PUZ,パックインビデオ,ZIPANG,"￥6,200","￥6,000代",0,-,,,,,浦山秀彦|熊谷陽子,林海象|栗田教行,,
1990-12-14,PCE,2M,PUZ,メディアリング,スピンペア,"￥5,900","￥6,000代",0,-,,,,,,,,
1990-12-14,PCE,3M,SPT,タイトー,チャンピオンレスラー,"￥6,600","￥6,500代",0,-,,村田武司,"村田武司|TSUI KATO|CREAMY TETSU|堀本隆久",海道賢仁|前川浩之|海道賢仁|いしのみのり|藤田允|山田たかし|河本憲孝|はざまけんじ|川岸誠治|伏屋一勝|もりもとみなこ,大縫一行|きたむらひでひと,,,
1990-12-14,PCE,2M,SHT,ビクター音楽産業,トイショップボーイズ,"￥6,200","￥6,000代",0,-,,,,,,,,
1990-12-14,PCE,3M,SHT,I.G.S.,バイオレントソルジャー,"￥6,400","￥6,500代",0,-,,,,,,,,
1990-12-14,PCE,3M,SPT,メサイヤ,ワラビー!!,"￥6,500","￥6,500代",0,-,,,,,,,,
1990-12-14,PCE,4M,SHT,NECアベニュー,大旋風,"￥7,200","￥7,000代",0,-,,,,,太田理,,,
1990-12-19,PCE,3M,ACT,フェイス,不思議の夢のアリス,"￥6,400","￥6,500代",0,-,,,ながさわみきや,"YASUSHI.O|ジャイアン JOE|ジャイアン JOE|まつくらちひろ",松平あこ,,三金堂,
1990-12-21,PCE,4M,RAC,NECアベニュー,アウトラン,"￥7,200","￥7,000代",0,-,,,三船敏(アーケード)|香川忠司(アーケード)|大江玲(アーケード)|中裕司(セガ・マークⅢ),鈴木裕(アーケード)|石井洋児(アーケード)|松浦稔(アーケード)|貞森康毅(セガ・マークⅢ),川口博史(アーケード)|上保徳彦(セガ・マークⅢ),,,
1990-12-21,PCE,4M,ACT,フェイス,クロスワイバー,"￥6,700","￥6,500代",0,-,,,,,,,,
1990-12-21,PCE,3M,SHT,エイコム,天聖龍,"￥7,200","￥7,000代",0,-,,,,,岡村静良|TECCHAN,,,
1990-12-21,PCE,3M,ACT,ナグザット,魔界プリンスどらぼっちゃん,"￥6,700","￥6,500代",0,-,,,,,,,,
1990-12-22,PCE,6M,RPG,ハドソン,桃太郎伝説II(Vol.35),"￥7,200","￥7,000代",0,30,,,,,,,,
1991-01-08,PCE,2M,SHT,データイースト,オーバーライド,"￥6,500","￥6,500代",0,31,,,,,,,,
1991-01-18,PCE,3M,A-PRG,タイトー,カダッシュ,"￥6,500","￥6,500代",0,-,,辻野浩司,堀崇真,辻野浩司|辻野浩司|仙波隆綱|加藤久和|五十嵐恒三|岩田吉弘|篠田徹也|小川貴之|今枝賢一,西賢二,,はせがわけいすけ,
1991-01-18,PCE,4M,ACT,ハドソン,ジャッキーチェン(Vol.36),"￥6,500","￥6,500代",0,-,,,,,,,,
1991-01-25,PCE,4M,RAC,タイトー,S.C.I.,"￥7,200","￥7,000代",0,-,,,"George K-5|菊池優一|David Uematsu|さこかずのり",酒匂弘幸|堀内文雄|西川英治|山田たかし|おおまえこうじ|河本憲孝|川岸誠治|伏屋一勝|GOMACHAN|もりもとみなこ|五十嵐恒三|仙波隆綱|篠田徹也|小川貴之,ZUNTATA|浅野孝已(ゴダイゴ),,,
1991-02-15,PCE,3M,ACT,タイトー,パラソルスター,"￥6,600","￥6,500代",0,-,,鈴木治雄,鈴木治雄|かわのせら,"内村語|LIGHT STONE|伊藤啓司|大原和浩","山田靖子|TURBO MIRA",内村語,西角友宏,
1991-02-22,PCE,8M,SHT,ハドソン,オルディネス,"￥9,800","￥10,000代",0,-,,今田真二,鈴木俊之,H.HARADA,星恵太,,,
1991-02-22,PCE,2M,PUZ,RIOT,パズルボーイ,"￥6,400","￥6,500代",0,-,,,,,増子司,,,
1991-02-28,PCE,4M,SHT,T.S.S.,デッドムーン,"￥7,400","￥7,500代",0,-,,,,,,,,
1991-03-01,PCE,2M,SPT,ヒューマン,ファイナルマッチテニス,"￥5,700","￥5,500代",0,32,,,,,,,,
1991-03-08,PCE,4M,RAC,メディアリング,ゼロヨンチャンプ,"￥6,900","￥7,000代",0,-,,神長豊,上嶋満也|上坂和幹|水林準次|高松馨,神長豊|三好八太郎|井伊誠|安部直子|小滝佳治,佐々木筑柴,神長豊,松木吉彦|小林靖彦,
1991-03-15,PCE,4M,ACT,ナムコ,おぼっちゃまくん,"￥6,800","￥7,000代",0,-,,,,藤田宗克,宮原恵太,桶谷顕|桜井正明|真保裕一ほか,,
1991-03-15,PCE,2M,PUZ,ナグザット,タイタン,"￥5,900","￥6,000代",0,-,,,,,,,,
1991-03-15,PCE,4M,ACT,アイレム,レジェンドオブヒーロートンマ(Vol.5),"￥7,000","￥7,000代",0,-,,,,,,,,
1991-03-21,PCE,2M,SPT,ナムコ,プロ野球ワールドスタジアム'91,"￥5,800","￥6,000代",0,-,,,,岸本好弘,,,,
1991-03-22,PCE,4M,SHT,ナグザット,1943改,"￥7,200","￥7,000代",0,-,,,BLBON,"船水紀孝|DECHIKUN|佐藤直子|MIKI CHAN|河本憲孝|AHO NO SAKATA",坂口義弘|民谷淳子|松前真奈美|藤田晴美,,岡本吉起,
1991-03-29,PCE,3M,SPT,ビクター音楽産業,TVスポーツフットボール,"￥6,700","￥6,500代",0,-,,,,,,,,
1991-03-29,PCE,1M,PUZ,レーザーソフト,コラムス,"￥6,400","￥6,500代",0,-,,,,ジェイ・ギールセン,上保徳彦,,,
1991-03-29,PCE,4M,SHT,データイースト,サイレントデバッガーズ,"￥6,800","￥7,000代",0,-,,A.KAWAI,笹本浩司,"TDR WATANABE|68000 ISIRO",酒井省吾|岩崎正明|三浦孝史|高濱祐輔|鈴木雄司,,兼安時紀,
1991-03-29,PCE,3M,RAC,メサイヤ,モトローダーII,"￥6,500","￥6,500代",0,-,,,,,,,,
1991-04-05,PCE,4M,SLG,ハドソン,ポピュラス(Vol.37),"￥7,800","￥8,000代",0,-,,,,,,,,
1991-04-06,PCE,2M,A-PUZ,ユニポスト,サーカスライド,"￥5,400","￥5,500代",0,-,,,,,,,,
1991-04-12,PCE,3M,SHT,ナグザット,エターナルシティ都市転送計画,"￥6,900","￥7,000代",0,-,,,,,,,,
1991-04-19,PCE,2M,ACT,ハドソン,アドベンチャーアイランド(Vol.38),"￥5,300","￥5,500代",0,-,,,,,,,,
1991-04-27,PCE,4M,ACT,メサイヤ,改造町人シュビビンマン2～新たなる敵～,"￥6,600","￥6,500代",0,-,,梅木克彦,後藤誠,斉藤智晴|うらべ・すう|斉藤智晴,葉山宏治,うらべ・すう,土田俊郎,
1991-05-24,PCE,1M,PUZ,マイクロキャビン,ハットリス,"￥5,800","￥6,000代",0,-,,,,アレクセイ・パジトノフ|ウラジーミル・ポヒルコ,,,,
1991-06-21,PCE,3M,SPT,ハドソン,パワーイレブン(Vol.39),"￥5,800","￥6,000代",0,-,,,,,,,,
1991-07-05,PCE,4M,SHT,ハドソン,ファイナルソルジャー(Vol.40),"￥6,500","￥6,500代",0,-,,,,,,,,
1991-07-06,PCE,2M,A-PUZ,I.G.S.,トリッキー,"￥6,700","￥6,500代",0,-,,,,,,,,
1991-07-12,PCE,4M,RAC,ニチブツ,F1サーカス'91,"￥6,900","￥7,000代",0,-,,,,,,,,
1991-07-19,PCE,4M,ACT,ハドソン,PC原人2(Vol.41),"￥6,500","￥6,500代",0,-,,,,,,,,
1991-07-19,PCE,4M,RAC,アイレム,レーシング魂(Vol.6),"￥7,000","￥7,000代",0,-,,,,,,,,
1991-07-21,PCE,4M,SHT,フェイス,メタルストーカー,"￥6,980","￥7,000代",0,-,,那須寛之,ながさわみきや|まるやまのぼる|あきやままさゆき,那須寛之|ひろき真冬,斉藤博人|たかはしのぞむ,,,
1991-08-02,PCE,2M,A-PUZ,ビクター音楽産業,スクウィーク,"￥6,400","￥6,500代",0,-,,,,"Laurent Arditi|Stephane Ducasse",,,,
1991-08-09,PCE,4M,SHT,タイトー,はなたーかだか!?,"￥7,200","￥7,000代",0,-,,,,,,,,
1991-08-09,PCE,4M,SPT,ハドソン,パワーリーグ4(Vol.42),"￥6,500","￥6,500代",0,-,,,,,,,,
1991-08-23,PCE,8M,SHT,ハドソン,1941カウンターアタック,"￥9,800","￥10,000代",0,-,,,,,,,,
1991-08-30,PCE,2M,SHT,パックインビデオ,パワーゲイト,"￥6,200","￥6,000代",0,-,,,,,,,,
1991-08-30,PCE,4M,SPT,ヒューマン,ファイヤープロレスリング2ndBOUT,"￥6,900","￥7,000代",0,-,,市瀬大輔|茶々丸,柳田文樹|かないまさとし|てしまてるゆき,笹沢英昭|市瀬大輔|小杉和則|阿部賢一,庭山博也|田中宏典|大谷哲司|山崎正通,,,
1991-09-06,PCE,1M,RAM,NEC-HE,天の声バンク,"￥3,880","￥4,000代",0,-,,,,,,,,
1991-09-20,PCE,3M,SPT,タイトー,ヒットジアイス,"￥6,800","￥7,000代",0,-,,,,,,,,
1991-09-20,PCE,2M,SPT,ナムコ,ワールドジョッキー,"￥5,800","￥6,000代",0,-,,,T.FUKUMOTO|宇田川治久|はなおかくみ,,小沢純子,,,
1991-09-27,PCE,4M,ACT,メサイヤ,どらごんEGG!,"￥6,500","￥6,500代",0,-,,,,,,,,
1991-09-27,PCE,6M,A-PRG,ハドソン,ニュートピアII(Vol.43),"￥7,200","￥7,000代",0,-,,,,,,,,
1991-09-27,PCE,4M,ETC,NECアベニュー,森田将棋PC,"￥7,200","￥7,000代",0,-,,,,,,,,
1991-10-04,PCE,4M,ACT,アトラス,メソポタミア,"￥6,800","￥7,000代",0,-,,,,,,,,
1991-10-18,PCE,2M,RAC,ナムコ,ワールドサーキット,"￥5,800","￥6,000代",0,-,,,,,,,,
1991-10-26,PCE,2M,SYS,NEC-HE/ハドソン,スーパーシステムカードVer3.0,"￥9,800","￥10,000代",0,-,,,,,,,"KENJI KISAKI",
1991-11-08,PCE,4M,ETC,フェイス,タイムクルーズⅡ,"￥7,200","￥7,000代",0,-,,,,,,,,
1991-11-15,PCE,2M,SHT,コナミ,グラディウス,"￥6,000","￥6,000代",0,-,,,,,,,,
1991-11-15,PCE,4M,SHT,パルソフト（クエスト）,マジカルチェイス,"￥7,800","￥8,000代",0,-,,皆川裕史,TAT.P|ASM|MASA.H|M.OGAWA,SUGURU.T|皆川裕史,岩田匡治|崎元仁,,,
1991-11-22,PCE,6M,SHT,ハドソン,雷電(Vol.44),"￥7,200","￥7,000代",0,-,,,,,,,,
1991-11-29,PCE,4M,SHT,ナグザット,コリューン,"￥6,800","￥7,000代",0,-,,,高岡義晴,高岡義晴|もりけん,松下寿志|森島大祐,,,
1991-11-29,PCE,2M,SLG,パックインビデオ,スーパーメタルクラッシャー,"￥6,200","￥6,000代",0,-,,,,,,,,
1991-11-29,PCE,4M,ACT,ニチブツ,ファイティングラン,"￥6,900","￥7,000代",0,-,,KOTOBUKI,UME,KOTOBUKI|TERMI|ROBOTMAN|HORINO|KENJI,船場洋志,,,
1991-11-29,PCE,4M,SPT,アスク講談社,モンスタープロレス,"￥6,800","￥7,000代",0,-,,,,,,,,
1991-11-29,PCE,2M,ETC,ホームデータ,将棋初心者無用,"￥7,300","￥7,500代",0,-,,,,,,,,
1991-12-06,PCE,4M,ACT,ハドソン,ドラえもんのび太のドラビアンナイト(Vol.46),"￥5,800","￥6,000代",0,-,,,,,,,,
1991-12-06,PCE,4M,ADV,ナグザット,バブルガムクラッシュ,"￥7,200","￥7,000代",0,-,,,,"園田健一|園田健一(PART1)|柿沼秀樹(PART1 - 3)|荒牧伸志(PART1 - 3)",中沢武仁(第1・3話)|太田美知彦(第2話),鈴木敏充,,
1991-12-06,PCE,4M,SHT,コナミ,沙羅曼蛇,"￥6,000","￥6,000代",0,-,,,町口浩康|たけもとみつお|高取利明|みのわいくこ,町口浩康|櫻井潤|よしたかみき|ばんどういくこ,波多野よしあき(SE・プログラム)|東野美紀(作曲),,,
1991-12-13,PCE,4M,ACT,NEC-HE,ゲンジ通信あげだま,"￥5,800","￥6,000代",0,-,,,,水谷兼之介(原案)|辻初樹,佐橋俊彦,富田祐弘|さくまあきら,,
1991-12-13,PCE,4M,RPG,メディアリング,スパイラルウェーブ,"￥6,900","￥7,000代",0,-,,,,,,,,
1991-12-13,PCE,4M,ACT,NHKエンタープライズ,にこにこぷん,"￥6,500","￥6,500代",0,-,,,,,,,,
1991-12-13,PCE,2M,SHT,ココナッツジャパン,バリスティックス,"￥6,900","￥7,000代",0,-,,,,,ドン・デイヴィス,アラン・マッケルロイ,,
1991-12-20,PCE,6M,ETC,ハドソン,スーパー桃太郎電鉄Ⅱ(Vol.45),"￥6,800","￥7,000代",0,-,,,,,,,,
1991-12-27,PCE,4M,SHT,ナムコ,ドラゴンセイバー,"￥6,800","￥7,000代",0,-,,,"""ALL OR NOT""NISHIMAKI|""SHIOHIGALER""ITO","根来司|O!SUGI|石川達也|KIM 045|H.MIYSIMA|SHIGEMARU|MA.HA.HO|TEJIMA|NAKAMURA|WAGATUMA|YOSINAMI|YANAGIHARA",細江慎治,石川達也,"ASINAGA BUCHO|YOKO BOSS",
1992-01-04,PCE,4M,SHT,アイマックス,冒険男爵ドン,"￥6,800","￥7,000代",0,-,,,,,,,,
1992-01-10,PCE,4M,ETC,ナムコ,ちびまる子ちゃんクイズでピーヒャラ,"￥6,800","￥7,000代",0,-,,,,,,,,
1992-01-17,PCE,4M,ACT,タイトー,ミズバク大冒険,"￥7,400","￥7,500代",0,-,,平松信宏|松本俊明,石田一朋|ながはらくさご|つねきよこうじ|黒沢孝,平松信宏|平松信宏|鯨井洋代|岩田吉弘|PEACOCK|V.A.P,海野和子|小倉久佳,,,
1992-01-24,PCE,4M,ACT,ハドソン,忍者龍剣伝(Vol.47),"￥6,500","￥6,500代",0,-,,,,,,,,
1992-01-31,PCE,4M,SLG,NHKエンタープライズ,NHK大河ドラマ太平記,"￥6,500","￥6,500代",0,-,,,,,,"池端俊策 他",,
1992-01-31,PCE,4M,SPT,トンキンハウス,サイバードッジ,"￥6,800","￥7,000代",0,-,,,,,,,,
1992-02-21,PCE,8M,SHT,コナミ,パロディウスだ!～神話からお笑いへ～,"￥9,800","￥10,000代",0,-,,,徳田典,"GAKINCHO|TOUYOU SYOUTAROU|三好威正|MORY-WANDAYU|MIKACHAN",村岡一樹,,,
1992-02-28,PCE,4M,SHT,コナミ,出たな!!ツインビー,"￥6,800","￥7,000代",0,-,,おおさわまさと,しもむらとおる,SHUZILOW.HA,前沢秀憲|山根ミチル|中島正恵,,,
1992-02-28,PCE,4M,ETC,UPL,麻雀覇王伝カイザーズクエスト,"￥7,200","￥7,000代",0,-,,,,,,,,
1992-03-06,PCE,4M,SHT,メディアリング,トイレキッズ,"￥6,900","￥7,000代",0,-,,井関靖典,"POMOO PETARO",さとうひろ|HAGICHAN,"T's MUSIC",,松木吉彦|菅原尚志,
1992-03-13,PCE,4M,ETC,ココナッツジャパン,パチ夫君十番勝負,"￥7,900","￥8,000代",0,-,,,,,,,,
1992-03-13,PCE,3M,SHT,タイトー,極楽!中華大仙,"￥6,800","￥7,000代",0,-,,,,,,,,
1992-04-03,PCE,4M,SPT,ナグザット,熱血高校ドッジボール部PCサッカー編,"￥6,900","￥7,000代",0,-,,豊嶋真人,宮串英明|松田康,井伊誠|AKKO-CHAN,西川浩史,,,
1992-04-07,PCE,4M,ACT,ナムコ,源平討魔伝巻の弐,"￥6,800","￥7,000代",0,-,,じぇいじぇい|ぱやぱや,東尾直樹|しるねた,守谷勝|吉田大也,がっぴー|奥山みよし|ひろよん,H.CHATANI,,
1992-06-05,PCE,4M,ACT,ナムコ,ドルアーガの塔,"￥6,800","￥7,000代",0,-,,,内藤智,遠藤雅伸|篠崎雄一郎,小沢純子,,,
1992-06-26,PCE,4M,ACT,ハドソン,高橋名人の新冒険島(Vol.49),"￥6,500","￥6,500代",0,-,,,,,,,,
1992-07-10,PCE,4M,SHT,ハドソン,ソルジャーブレイド(Vol.50),"￥6,500","￥6,500代",0,-,,,,,,,上領亘,
1992-07-24,PCE,4M,SHT,タイトー,TATSUJINタツジン,"￥7,200","￥7,000代",0,-,,,弓削雅稔,荻原直樹|清水由美子,弓削雅稔,,弓削雅稔,
1992-07-24,PCE,2M,ETC,ビクター音楽産業,ストラテゴ,"￥6,900","￥7,000代",0,-,,,,,,,,
1992-08-07,PCE,6M,SPT,ハドソン,パワーリーグ5(Vol.51),"￥6,800","￥7,000代",0,-,,,,,,,,
1992-09-25,PCE,4M,SPT,ハドソン,炎の闘球児ドッジ弾平(Vol.52),"￥6,500","￥6,500代",0,-,,,,,,,,
1992-10-02,PCE,4M,ACT,アイレム,激写ボーイ(Vol.7),"￥7,000","￥7,000代",0,31,,,,,,,,
1992-10-10,PCE,4M,SPT,ハドソン,パワースポーツ(Vol.53),"￥6,500","￥6,500代",0,-,,,,,,,,
1992-11-13,PCE,8M,SPT,ヒューマン,ファイアープロレスリング3レジェンドバウト,"￥7,900","￥8,000代",0,-,,,,,,小山内美江子・清水有生ほか,竹之下寛次,
1992-11-20,PCE,4M,SHT,ハドソン,PC電人(Vol.54),"￥6,500","￥6,500代",0,-,,,,,,,,
1992-11-27,PCE,4M,SHT,ニチブツ,テラクレスタIIマンドラーの逆襲,"￥6,900","￥7,000代",0,-,,,,,,,,
1992-12-04,PCE,4M,RPG,ハドソン,桃太郎伝説外伝第一集(Vol.55),"￥6,500","￥6,500代",0,-,,,,,,,,
1992-12-11,PCE,4M,ACT,ハドソン,ボンバーマン'93(Vol.56),"￥6,500","￥6,500代",0,-,,,,,,,,
1992-12-18,PCE,4M,RAC,ニチブツ,F1サーカス'92,"￥7,400","￥7,500代",0,-,,,,,,,,
1993-02-10,PCE,2M,A-PUZ,ハドソン,バトルロードランナー(Vol.57),"￥5,800","￥6,000代",0,-,,,,,,,,
1993-02-19,PCE,2M,SPT,ナグザット,つっぱり大相撲平成版,"￥6,300","￥6,500代",0,-,,,,,,,,
1993-03-02,PCE,8M,ACT,ハドソン,PC原人3(Vol.58),"￥7,200","￥7,000代",0,-,,,,,,,,
1993-04-29,PCE,3M,SPT,ビクター音楽産業,TVスポーツアイスホッケー,"￥7,200","￥7,000代",0,-,,,,,,,,
1993-04-29,PCE,4M,SPT,ビクター音楽産業,TVスポーツバスケットボール,"￥7,200","￥7,000代",0,-,,,,,,,,
1993-05-14,PCE,4M,SPT,ニチブツ,Jリーググレイテストイレブン,"￥7,400","￥7,500代",0,-,,,,,,,,
1993-06-12,PCE,20M,ACT,NEC-HE,ストリートファイターII',"￥9,800","￥10,000代",0,34,,西谷亮,,西谷亮(NIN)|安田朗(AKIMAN),下村陽子|阿部功,,岡本吉起,
1993-06-25,PCE,4M,SPT,ハドソン,パワーテニス(Vol.59),"￥6,500","￥6,500代",0,-,,,,,,,,
1993-10-15,PCE,6M,SPT,ハドソン,パワーリーグ'93(Vol.60),"￥6,800","￥7,000代",0,-,,,,,,,,
1993-12-10,PCE,8M,ACT,ハドソン,ボンバーマン'94(Vol.61),"￥6,800","￥7,000代",0,-,,,,,,,,
1994-01-15,PCE,4M,SPT,ヒューマン,フォーメーションサッカーオンJリーグ,"￥6,500","￥6,500代",0,-,,,,,,,,
1994-03-12,PCE,16M,RAM,NEC-HE,アーケードカードDUO,"￥12,800","￥13,000代",0,-,,,,,,,,
1994-03-12,PCE,18M,RAM,NEC-HE,アーケードカードPRO,"￥17,800","￥18,000代",0,-,,,,,,,,
1994-12-16,PCE,4M,ETC,NEC-HE,21エモンめざせホテル王,"￥6,800","￥7,000代",0,-,,,,,,,,
1988-01-01,PCE,2M,SPT,ハドソン,パワーリーグオールスターゴールドヒューカード,非売品,非売品,0,-,,,,,,,,
1989-01-01,PCE,3M,SHT,ハドソン,ガンヘッドスペシャルバージョン,非売品,非売品,0,-,,,,,,,,
1990-03-16,PCE,6M,SHT,NECアベニュー,ダライアスα,非売品,非売品,0,-,,河野敏男,長谷川健|くりやまたかし|とみおかひであき|菅原徹|笹谷ひでのり|橋本英樹,河野敏男|藤田朗|三方一哉|きたがわてつろう|わきたよしひろ|鎗田準次|石川幸生|五十嵐恒三|栗城源也|讃岐平|おがわみつる,たなかやすひこ|小倉久佳|八木下直人|なかむらつかさ|高橋英吉|高木正彦,,河野敏男,
1990-01-01,PCE,2M,ACT,ハドソン,ボンバーマンユーザーズバトル,非売品,非売品,0,-,,,,,,,,
1990-01-01,PCE,4M,SHT,ハドソン,スーパースターソルジャースペシャルバージョン,非売品,非売品,0,-,,,,,,,,
1991-01-01,PCE,4M,SHT,ハドソン,ファイナルソルジャースペシャルバージョン,非売品,非売品,0,-,,,,,,,,
1992-01-01,PCE,4M,SHT,ハドソン,ソルジャーブレイドスペシャルバージョン,非売品,非売品,0,-,,,,,,,,
1992-01-01,PCE,4M,ACT,ハドソン,ボンバーマン'93スペシャルバージョン,非売品,非売品,0,-,,,,,,,,
1993-01-01,PCE,6M,ACT,ハドソン,PC原人3体験版,非売品,非売品,0,-,,,,,,,,
1991-12-26,PCE,4M,ETC,GamesExpress,アイドル花札ファンクラブ,"￥8,900","￥9,000代",0,-,,,,,,,,
1992-04-16,PCE,4M,ETC,GamesExpress,究極麻雀アイドルグラフィック,"￥8,900","￥9,000代",0,-,,,,,,,,
1992-07-13,PCE,8M,RPG,GamesExpress,レディソード-略奪された10人の乙女-,"￥9,800","￥10,000代",0,-,,,,,,,,
1992-09-14,PCE,4M,ETC,GamesExpress,PCパチスロアイドルギャンブラー,"￥8,900","￥9,000代",0,-,,,,,,,,
1992-12-24,PCE,4M,ETC,GamesExpress,AVポーカーワールドギャンブラー,"￥8,900","￥9,000代",0,-,,,,,,,,
1993-02-23,PCE,4M,RPG,GamesExpress,ボディコンクエストII,"￥8,900","￥9,000代",0,-,,,,,,,,
1993-10-08,PCE,4M,ETC,GamesExpress,究極麻雀2スーパーアイドルグラフィック,"￥8,900","￥9,000代",0,-,,,,,,,,
1993-01-01,PCE,32K,ETC,GamesExpress,HACKERCDCARDGAMESEXPRESSCDCARD1993,非売品,非売品,0,-,,,,,,,,
1994-03-26,PCE,8M,ACT,GamesExpress,ストリップファイターII,"￥9,800","￥10,000代",0,-,,,,,,,,
1994-05-13,PCE,8M,ETC,GamesExpress,クイズ投稿写真,"￥9,800","￥10,000代",0,-,,,,,,,,
1988-12-04,PCE💿CDROM,💿512MB,ACT,ハドソンNEC,ファイティング・ストリート💿,調査中,調査中,0,-,,西山隆志,こいけひろし|すがはらのぶやす,"松本裕司(プランナー)|CRUSHER ICHI|DABADA ATSUSHI|BONSOIR YUKO|OGAN MIYUKI|BRAVO OYU|INNOCENT SAICHO",坂口由洋,,,
1988-12-04,PCE💿CDROM,💿512MB,ADV,ハドソン,No・Ri・Ko💿,調査中,調査中,0,-,,,,,,,,
1988-12-23,PCE💿CDROM,💿512MB,他,ハドソン,ビックリマン大事界💿,調査中,調査中,0,-,,,,,,,,
1989-03-31,PCE💿CDROM,💿512MB,ADV,ハドソン,コブラ黒竜王の伝説💿,調査中,調査中,0,-,,酒井啓行,飛田雅宏,秋元哲也|角谷篤志,中村暢之,島田良尚|長山豊|伝田由紀,,
1989-06-23,PCE💿CDROM,💿512MB,ACT,日本テレネット、NEC,ヴァリスII💿,調査中,調査中,0,-,,,,,,,,
1989-06-30,PCE💿CDROM,💿512MB,RPG,ハドソン,天外魔境ZIRIA💿,調査中,調査中,0,30,,広井王子,中田伸一|山森正和,辻野寅次郎,坂本龍一|小久保隆,"あだちひろし|荒井弘二(Xbox 360:遥かなるジパング)",大里幸夫|清水始|今井丈雄,
1989-08-31,PCE💿CDROM,💿512MB,SHT,ハドソンNEC,ワンダーボーイIIIモンスター・レアーMonsterLair💿,調査中,調査中,0,33,,,,,,,,
1989-09-14,PCE💿CDROM,💿512MB,SPT,日本テレネット,SUPERアルバトロス💿,調査中,調査中,0,-,,,,,,,,
1989-09-22,PCE💿CDROM,💿512MB,ACT,NECアベニュー,獣王記💿,調査中,調査中,0,-,,,穂苅健一(AC)|浅井敏典(MD)|松田達夫(MD)|百田浩司(MD),"内田誠(AC)|安原広和(AC)|NO NUKES(MD)|HAGA(AC)|梶本隆博(AC)|小玉理恵子(MD)|UDI(MD)",中林亨(AC)|長井和彦(MD),,,
1989-10-27,PCE💿CDROM,💿512MB,ADV,ビクター音楽産業,鏡の国のレジェンド💿,調査中,調査中,0,-,,島田良尚,松本建太,島田良尚|斉藤明宏|北村正,宮元真佐人,島田良尚,小森治信,
1989-10-27,PCE💿CDROM,💿512MB,他,NECアベニュー,ROM2KARAOKEVOLUME1💿,調査中,調査中,0,-,,,,,,,,
1989-10-27,PCE💿CDROM,💿512MB,他,NECアベニュー,ROM2KARAOKEVOLUME2💿,調査中,調査中,0,-,,,,,,,,
1989-11-24,PCE💿CDROM,💿512MB,TBL,ハドソン,ぎゅわんぶらあ自己中心派激闘36雀士💿,調査中,調査中,0,30,,,,,,,,
1989-12-15,PCE💿CDROM,💿512MB,SHT,NECアベニュー,サイドアーム・スペシャル💿,調査中,調査中,0,-,,,青木隆,船水紀孝|岡本吉起|竹中善則|河本憲孝|安田朗,森安也子,,,
1989-12-20,PCE💿CDROM,💿512MB,他,NECアベニュー,ROM2KARAOKEVOLUME3💿,調査中,調査中,0,-,,,,,,,,
1989-12-21,PCE💿CDROM,💿512MB,ARPG,ハドソンNEC,イースI・II💿,調査中,調査中,0,35,,,,,"WAVE 44.1kHz(BGM)/22kHz(SE)|MIDI(SC-88以降)音源(BGM)",,,
1989-12-22,PCE💿CDROM,💿512MB,SPT,メサイヤ,ROMROMスタジアム💿,調査中,調査中,0,-,,,,,,,,
1990-11-01,PCE💿CDROM,💿512MB,ACT,日本テレネット,レッド・アラートLastAlert💿,調査中,調査中,0,-,,,,,,,,
1990-01-19,PCE💿CDROM,💿512MB,他,NECアベニュー,ROM2KARAOKEVOLUME4💿,調査中,調査中,0,-,,,,,,,,
1990-02-23,PCE💿CDROM,💿512MB,ADV,ナグザット,西村京太郎ミステリー北斗星の女💿,調査中,調査中,0,-,,,,,,,,
1990-03-10,PCE💿CDROM,💿512MB,ACT,日本テレネット,ゴールデンアックス💿,調査中,調査中,0,-,,,,内田誠,中林亨|高田陽,,,
1990-03-16,PCE💿CDROM,💿512MB,SHT,NECアベニュー,スーパーダライアス💿,調査中,調査中,0,31,,河野敏男,長谷川健|くりやまたかし|とみおかひであき|菅原徹|笹谷ひでのり|橋本英樹,河野敏男|藤田朗|三方一哉|きたがわてつろう|わきたよしひろ|鎗田準次|石川幸生|五十嵐恒三|栗城源也|讃岐平|おがわみつる,たなかやすひこ|小倉久佳|八木下直人|なかむらつかさ|高橋英吉|高木正彦,,河野敏男,
1990-03-23,PCE💿CDROM,💿512MB,ACT,日本テレネットNEC,ファイナルゾーンII💿,調査中,調査中,0,-,,,,,,,,
1990-03-30,PCE💿CDROM,💿512MB,ADV,パック・イン・ビデオ,カルメン・サンディエゴを追え!世界編💿,調査中,調査中,0,-,,,,,,,,
1990-03-30,PCE💿CDROM,💿512MB,RPG,日本テレネット,コズミック・ファンタジー冒険少年ユウ💿,調査中,調査中,0,-,,,,,,,,
1990-03-30,PCE💿CDROM,💿512MB,他,ビクター音楽産業,ROM2カラオケVol.1すてきにスタンダード💿,調査中,調査中,0,-,,,,,,,,
1990-03-30,PCE💿CDROM,💿512MB,他,ビクター音楽産業,ROM2カラオケVol.2なっとくアイドル💿,調査中,調査中,0,-,,,,,,,,
1990-04-06,PCE💿CDROM,💿512MB,他,ビクター音楽産業,ROM2カラオケVol.3やっぱしバンド💿,調査中,調査中,0,-,,,,,,,,
1990-04-06,PCE💿CDROM,💿512MB,他,ビクター音楽産業,ROM2カラオケVol.4ちょいとおとな!?💿,調査中,調査中,0,-,,,,,,,,
1990-04-06,PCE💿CDROM,💿512MB,他,ビクター音楽産業,ROM2カラオケVol.5カラオケ幕の内💿,調査中,調査中,0,-,,,,,,,,
1990-04-13,PCE💿CDROM,💿512MB,PZL,ハドソン,上海II💿,調査中,調査中,0,-,,,,,,,,
1990-04-23,PCE💿CDROM,💿512MB,他,NECアベニュー,ROM2KARAOKEVOLUME5💿,調査中,調査中,0,-,,,,,,,,
1990-04-27,PCE💿CDROM,💿512MB,SLG,マイクロキャビン,スーパー大戦略💿,調査中,調査中,0,-,,,,,,,,
1990-04-27,PCE💿CDROM,💿512MB,RPG,日本テレネット,デス・ブリンガー💿,調査中,調査中,0,-,,,羽成正己,高井政彦|越智一裕|酉沢安施,小川史生|佐藤天平,,,
1990-06-15,PCE💿CDROM,💿512MB,他,ビクター音楽産業,ウルトラボックス創刊号💿,調査中,調査中,0,-,,,,,,,,
1990-06-29,PCE💿CDROM,💿512MB,ADV,ハドソン,うる星やつらSTAYWITHYOU💿,調査中,調査中,0,30,,島田周樹|高津敏之,菊池賢次|中田伸一,久保久,中橋望,高津敏之|チャーリー,清水始,
1990-06-29,PCE💿CDROM,💿512MB,RPG,メサイヤ,ソル・ビアンカ💿,調査中,調査中,0,-,,,,,,,,
1990-07-06,PCE💿CDROM,💿512MB,ADV,日本テレネット,迷宮のエルフィーネ💿,調査中,調査中,0,-,,,,,,,,
1990-08-24,PCE💿CDROM,💿512MB,他,ビクター音楽産業NEC,マジカルサウルスツアーMagicalDinosaurTour💿,調査中,調査中,0,-,,,,,,,,
1990-08-31,PCE💿CDROM,💿512MB,RPG,ブレイングレイ,ラスト・ハルマゲドン💿,調査中,調査中,0,-,,,渡辺裕志,飯島健男|武井一昌|小林功一郎|西塚耕一|中井覚,葉山宏治|猪瀬勝幸,飯島健男,,
1990-09-07,PCE💿CDROM,💿512MB,ACT,日本テレネットNEC,ヴァリスIII💿,調査中,調査中,0,-,,,,,,,,
1990-09-14,PCE💿CDROM,💿512MB,ADV,ハドソン,みつばち学園💿,調査中,調査中,0,-,,酒井啓行|松永智史,松永建太,松浦浩司,宮元真佐人,酒井啓行|長山豊,清水始,
1990-09-21,PCE💿CDROM,💿512MB,SHT,日本テレネット,レギオン💿,調査中,調査中,0,-,,,,,,,,
1990-09-28,PCE💿CDROM,💿512MB,他,ビクター音楽産業,ウルトラボックス第2号💿,調査中,調査中,0,-,,,,,,,,
1990-10-05,PCE💿CDROM,💿512MB,SPT,インテック,ザ・プロ野球💿,調査中,調査中,0,-,,,,,,,,
1990-10-09,PCE💿CDROM,💿512MB,TBL,日本テレネット,雀偵物語💿,調査中,調査中,0,-,,,,,,,,
1990-11-02,PCE💿CDROM,💿512MB,RCG,日本テレネット,デコボコ伝説走るワガマンマー💿,調査中,調査中,0,-,,,,,,,,
1990-11-23,PCE💿CDROM,💿512MB,ADV,ハドソンNEC,J.B.ハロルドシリーズマーダークラブ💿,調査中,調査中,0,-,,,,,,,浜田省吾,
1990-12-07,PCE💿CDROM,💿512MB,SHT,日本テレネット,アヴェンジャー💿,調査中,調査中,0,-,,,,,,,,
1990-12-07,PCE💿CDROM,💿512MB,ACT,メサイヤ,らんま1/2💿,調査中,調査中,0,-,,望月智充,,中嶋敦子|谷口宏美,和田薫,高橋留美子,,
1990-12-20,PCE💿CDROM,💿512MB,SLG,"ヒューマンCRWorking Designs",バスティール💿,調査中,調査中,0,-,,,,,,,,
1990-12-28,PCE💿CDROM,💿512MB,他,ビクター音楽産業,ウルトラボックス第3号💿,調査中,調査中,0,-,,,,,,,,
1991-01-25,PCE💿CDROM,💿512MB,SLG,パック・イン・ビデオ,ガルクライトTDF2💿,調査中,調査中,0,-,,,,,,,,
1991-02-15,PCE💿CDROM,💿512MB,QUIZ,NECアベニュー,クイズアベニュー💿,調査中,調査中,0,-,,松田浩二,長谷川健,小森谷勇一郎|見田竜介,宮元真佐人,,多部田俊雄,
1991-02-15,PCE💿CDROM,💿512MB,SLG,マイクロキャビン,マスターオブモンスターズ💿,調査中,調査中,0,-,,,,,,,,
1991-03-15,PCE💿CDROM,💿512MB,ADV,メサイヤ,CYBERCITYOEDO808獣の属性💿,調査中,調査中,0,-,,山本哲也,斉藤満|高橋呉明|小林一美|柳謙一,青木勝志|渡部隆,山本敬一|本山淳弘|高木みゆき|山路敦司,斉藤満|浦畑達彦|六月十三,伊藤伸一|中村宏,
1991-03-22,PCE💿CDROM,💿512MB,ARPG,ハドソンNEC,イースIII💿,調査中,調査中,0,-,,,,,,,,
1991-03-22,PCE💿CDROM,💿512MB,RPG,工画堂スタジオ,魔晶伝紀ラ・ヴァルー💿,調査中,調査中,0,-,,,,,,,,
1991-03-22,PCE💿CDROM,💿512MB,ADV,サン電子,マンホール💿,調査中,調査中,0,33,,,,,,,,
1991-03-22,PCE💿CDROM,💿512MB,RCG,パック・イン・ビデオ,ロードスピリッツ💿,調査中,調査中,0,-,,,,,,,,
1991-03-29,PCE💿CDROM,💿512MB,ARPG,日本テレネットNEC,エグザイル時の狭間へ💿,調査中,調査中,0,-,,,,,,,,
1991-03-29,PCE💿CDROM,💿512MB,SLG,ナグザット,三国志英傑天下に臨む💿,調査中,調査中,0,-,,,,,,,,
1991-03-29,PCE💿CDROM,💿512MB,SHT,NECアベニュー,ダウンロード2💿,調査中,調査中,0,-,,,,,,,,
1991-04-05,PCE💿CDROM,💿512MB,RPG,"日本テレネットWorking Designs",コズミックファンタジー2冒険少年バンCosmicFantasy2💿,調査中,調査中,0,-,,,,,,,,
1991-04-05,PCE💿CDROM,💿512MB,SHT,メサイヤ,エルディス💿,調査中,調査中,0,-,,山本哲也,高野務|松岡三郎,牧野紀夫,本山淳弘|高木みゆき|前田華代子|岩崎琢|山路敦|牧野紀夫,牧野紀夫,土田俊郎,
1991-04-05,PCE💿CDROM,💿512MB,QUIZ,アトラス,クイズまるごとTheワールド💿,調査中,調査中,0,-,,,,,中西ゆういちろう,鈴木光司|久保幸湖|谷井美佳|中村真夕,山崎宏太(朝日放送テレビ)|南雄大(朝日放送テレビ)|齋藤浩司(ヒューマックスシネマ)|若山佑介(ヒューマックスシネマ)|山口誠(47style),
1991-04-12,PCE💿CDROM,💿512MB,SLG,日本テレネット,ハイグレネーダー💿,調査中,調査中,0,-,,,,,,,,
1991-04-12,PCE💿CDROM,💿512MB,SHT,NECアベニュー,ヘルファイアーS💿,調査中,調査中,0,-,,,,,上村建也,,,
1991-04-19,PCE💿CDROM,💿512MB,TBL,ココナッツジャパン,パチ夫くん幻の伝説💿,調査中,調査中,0,-,,,,,,,,
1991-05-24,PCE💿CDROM,💿512MB,他,ビクター音楽産業,ウルトラボックス第4号💿,調査中,調査中,0,-,,,,,,,,
1991-05-31,PCE💿CDROM,💿512MB,ACT,ハドソンTTI,ポンピングワールドBusterBros.💿,調査中,調査中,0,-,,,,,,,,
1991-06-07,PCE💿CDROM,💿512MB,ADV,ハドソン,コブラII伝説の男💿,調査中,調査中,0,-,,酒井啓行,飛田雅宏,秋元哲也|角谷篤志,中村暢之,島田良尚|長山豊|伝田由紀,,
1991-06-07,PCE💿CDROM,💿512MB,SHT,データウエスト,ライザンバーII💿,調査中,調査中,0,-,,,みなみふみお|わしずよしゆき,中村一秀|五十嵐丈晴,斉藤康仁,,"TEAM 50",
1991-06-21,PCE💿CDROM,💿512MB,RPG,IGS,魔笛伝説アストラリウス💿,調査中,調査中,0,-,,,,,,,,
1991-06-28,PCE💿CDROM,💿512MB,PZL,NECアベニューTTI,スプラッシュレイク💿,調査中,調査中,0,-,,,,,,,,
1991-06-28,PCE💿CDROM,💿512MB,SLG,インテック,戦国関東三国志💿,調査中,調査中,0,-,,長井筆公司,白鳥修|佐藤満,"麻々凪博|戸高博之|広岡弥|戸高博之|うっかり伝七|ZUNKO|スパーキー魔神|小人 神・王",林家権タロー|芸春人|徳ベエ|メタルまんきち,,,
1991-07-12,PCE💿CDROM,💿512MB,SHT,ナグザット,精霊戦士スプリガン💿,調査中,調査中,0,-,,,外山雄一,中嶋和之,迫田敏明|竹内啓史|長尾亮利|田中勝己,,仁井谷正充,
1991-07-26,PCE💿CDROM,💿512MB,ADV,ビクター音楽産業NEC,シャーロック・ホームズの探偵講座💿,調査中,調査中,0,30,,ケネス・トローラ,フレッド・アレン,マイケル・マニング|キャサリン・トゥーテリアン,,ローリー・ローズ・バウマン|アニー・フォックス,ケネス・トローラ,
1991-07-26,PCE💿CDROM,💿512MB,SHT,NECアベニュー,大旋風カスタム💿,調査中,調査中,0,-,,,,,太田理,,,
1991-08-09,PCE💿CDROM,💿512MB,RPG,リバーヒルソフト,BURAI八玉の勇士伝説💿,調査中,調査中,0,-,,,,,,,,
1991-08-23,PCE💿CDROM,💿512MB,ACT,日本テレネット,ヴァリスIV💿,調査中,調査中,0,-,,,,,,,,
1991-08-30,PCE💿CDROM,💿512MB,RPG,ハドソン,聖竜伝説モンビット💿,調査中,調査中,0,30,,,,,,,,
1991-09-27,PCE💿CDROM,💿512MB,他,ビクター音楽産業,ウルトラボックス第5号💿,調査中,調査中,0,-,,,,,,,,
1991-10-11,PCE💿CDROM,💿512MB,QUIZ,NECアベニュー,クイズアベニューII💿,調査中,調査中,0,-,,,,,,,,
1991-10-25,PCE💿CDROM,💿512MB,TBL,日本物産,まーじゃんバニラシンドローム💿,調査中,調査中,0,-,,,,,,,,
1991-11-29,PCE💿CDROM,💿512MB,SLG,システムソフト,ロードオブウォーズ💿,調査中,調査中,0,-,,,,,,,,
1991-12-06,PCE💿CDROM,💿512MB,SLG,工画堂スタジオ,スーパーシュヴァルツシルト💿,調査中,調査中,0,-,,,,,,,,
1991-12-06,PCE💿CDROM,💿512MB,ADV,メサイヤ,らんま1/2とらわれの花嫁💿,調査中,調査中,0,-,,成田伸子,橋谷利幸|佐藤伸,テンキー|中嶋敦子|成田伸子,神津裕之,成田伸子,鈴木力|土田俊郎,
1991-12-13,PCE💿CDROM,💿512MB,ARPG,ブレイングレイ,エフェラアンドジリオラジ・エンブレムフロムダークネス💿,調査中,調査中,0,-,,,,土器手司|大貫健一|大畑晃一,,山本優,,
1991-12-13,PCE💿CDROM,💿512MB,SLG,インテック,太平記💿,調査中,調査中,0,-,,,,,,,,
1991-12-13,PCE💿CDROM,💿512MB,ACT,パック・イン・ビデオ,秘宝伝説クリスの冒険💿,調査中,調査中,0,-,,,,,,,,
1991-12-20,PCE💿CDROM,💿512MB,TBL,日本テレネット,なりトレザ・スゴロク'92💿,調査中,調査中,0,-,,,,,,,,
1991-12-27,PCE💿CDROM,💿512MB,SLG,タイトー,斬陽炎の時代💿,調査中,調査中,0,-,,,,,,,,
1992-01-24,PCE💿CDROM,💿512MB,RPG,NECアベニュー,マイト・アンド・マジック💿,調査中,調査中,0,-,,,,,,,,
1992-01-31,PCE💿CDROM,💿512MB,他,ビクター音楽産業,ウルトラボックス第6号💿,調査中,調査中,0,-,,,,,,,,
1992-02-21,PCE💿CDROM,💿512MB,QUIZ,IGS,IQPANIC💿,調査中,調査中,0,-,,,,,,,,
1992-02-28,PCE💿CDROM,💿512MB,ACT,メサイヤ,改造町人シュビビンマン3-異界のプリンセス💿,調査中,調査中,0,-,,,濱田信次|川上直哉|島尻雅人,鈴木政幸|斉藤智晴|有賀等|延東史朗|市丸雅彦|永井一成,葉山宏治,,土田俊郎,
1992-02-28,PCE💿CDROM,💿512MB,PZL,タイトー,ぎゅわんぶらあ自己中心派麻雀パズルコレクション💿,調査中,調査中,0,-,,,,,,,,
1992-02-28,PCE💿CDROM,💿512MB,TBL,アトラス,雀偵物語2宇宙探偵ディバン/出動編💿,調査中,調査中,0,-,,,,,,,,
1992-03-13,PCE💿CDROM,💿512MB,SLG,ビクター音楽産業NEC,ライジングサンLordsoftheRisingSun💿,調査中,調査中,0,-,,,,,,,,
1992-03-13,PCE💿CDROM,💿512MB,ADV,メサイヤ,魔物ハンター妖子魔界からの転校生💿,調査中,調査中,0,-,,,,,,,,
1992-03-20,PCE💿CDROM,💿512MB,PZL,パック・イン・ビデオ,マインスウィーパー💿,調査中,調査中,0,-,,,,,,,,
1992-03-27,PCE💿CDROM,💿512MB,RPG,パック・イン・ビデオ,川のぬし釣り自然派💿,調査中,調査中,0,-,,,,,,,,
1992-03-27,PCE💿CDROM,💿512MB,QUIZ,アトラス,クイズまるごとTheワールド2タイムマシンにおねがい!💿,調査中,調査中,0,-,,,,,中西ゆういちろう,鈴木光司|久保幸湖|谷井美佳|中村真夕,山崎宏太(朝日放送テレビ)|南雄大(朝日放送テレビ)|齋藤浩司(ヒューマックスシネマ)|若山佑介(ヒューマックスシネマ)|山口誠(47style),
1992-04-24,PCE💿CDROM,💿512MB,TBL,アトラス,雀偵物語2宇宙探偵ディバン/完結編💿,調査中,調査中,0,-,,,,,,,,
1992-07-10,PCE💿CDROM,💿512MB,TBL,ココナッツジャパン,カラーウォーズ💿,調査中,調査中,0,-,,,,,,,,
1992-07-17,PCE💿CDROM,💿512MB,SHT,ナグザット,サマーカーニバル'92アルザディック💿,調査中,調査中,0,-,,,,,,,,
1992-07-17,PCE💿CDROM,💿512MB,RPG,ハドソン,ロードス島戦記💿,調査中,調査中,0,-,,,,,,安田均(テーブルトークRPG),,
1992-09-18,PCE💿CDROM,💿512MB,SHT,ナグザット,ゼロウィング💿,調査中,調査中,0,-,,,,,上村建也|富沢敏明|弓削雅稔,,,
1992-10-02,PCE💿CDROM,💿512MB,PZL,ナグザット,スターモビール💿,調査中,調査中,0,-,,,,,,,,
1992-10-10,PCE💿CDROM,💿512MB,QUIZ,ハドソン,クイズ殿様の野望💿,調査中,調査中,0,-,,,松嶋延幸|中井一仁,"飯島哲也|C.KANEMITSU|M.OKAZAKI|KITASAN|MARILYN HIGUCHI",松前真奈美|GIPS.PAPA,,岡本吉起,
1992-11-20,PCE💿CDROM,💿512MB,SLG,ナグザット,横山光輝真・三国志💿,調査中,調査中,0,-,,,,,,,,
1992-12-18,PCE💿CDROM,💿512MB,PZL,アスク講談社,上海IIIドラゴンズアイ💿,調査中,調査中,0,-,,,,,,,,
1993-02-12,PCE💿CDROM,💿512MB,他,日本テレネット,コズミック・ファンタジービジュアル集💿,調査中,調査中,0,-,,,,,,,,
1993-02-19,PCE💿CDROM,💿512MB,他,日本テレネット,ヴァリスビジュアル集💿,調査中,調査中,0,-,,,,,,,,
1993-02-26,PCE💿CDROM,💿512MB,ARPG,タイトー,幻蒼大陸オーレリア💿,調査中,調査中,0,-,,,,,,,,
1993-05-28,PCE💿CDROM,💿512MB,ADV,ビクター音楽産業TTI,シャーロック・ホームズの探偵講座IISherlockHolmes:ConsultingDetectiveVol.II💿,調査中,調査中,0,-,,,,,,,,
1993-05-28,PCE💿CDROM,💿512MB,QUIZ,ハドソン,クイズキャラバンカルトQ💿,調査中,調査中,0,-,,,,,,,,
1993-06-30,PCE💿CDROM,💿512MB,ACT,NECアベニュー,レインボーアイランド💿,調査中,調査中,0,-,,,藤末一郎|みきこうじ|おくのこうじ,三辻富貴朗|三辻富貴朗|讃岐平,相澤静夫|小倉久佳,三辻富貴朗,,
1991-10-25,PCE💿SCD,💿512MB,RPG,ハドソンTTI,ドラゴンスレイヤー英雄伝説💿,調査中,調査中,0,-,,,,,,,,
1991-10-25,PCE💿SCD,💿512MB,RPG,日本テレネット,天使の詩💿,調査中,調査中,0,31,,,,,,,,
1991-10-25,PCE💿SCD,💿512MB,SLG,ハドソン,ポピュラスザ・プロミストランド💿,調査中,調査中,0,-,,,,,,,,
1991-11-08,PCE💿SCD,💿512MB,ACT,リバーヒルソフトTTI,プリンス・オブ・ペルシャ💿,調査中,調査中,0,-,,,ジョーダン・メックナー,ジョーダン・メックナー,フランシス・メックナー,,ブライアン・エーラー,
1991-11-29,PCE💿SCD,💿512MB,SLG,日本テレネット,レディファントム💿,調査中,調査中,0,-,,中村光雄,清水昭博|木村こう姫|川出陽一,三橋幸雄|後藤正行,わかめ|さけ|村上慎吾|大坪弘人,三橋幸雄,羽成正己,
1991-12-20,PCE💿SCD,💿512MB,SHT,アイレム,R-TYPECompleteCD💿,調査中,調査中,0,-,,,SUM|MISACHIN,ABIKO|AKIO|YOSHIGE,石崎正人,,,
1991-12-20,PCE💿SCD,💿512MB,SPT,ナグザット,熱血高校ドッジボール部CDサッカー編💿,調査中,調査中,0,-,,,,,,,,
1992-02-07,PCE💿SCD,💿512MB,SHT,日本テレネット,ブロウニング💿,調査中,調査中,0,-,,,,,,,,
1992-02-21,PCE💿SCD,💿512MB,SHT,ハドソンTTI,ゲートオブサンダー💿,調査中,調査中,0,-,,,NINNIKI.NIN,METAL|SHELL|IDOL,ニック・ウッド,,,
1992-02-28,PCE💿SCD,💿512MB,SPT,ヒューマン,ヒューマンスポーツフェスティバル💿,調査中,調査中,0,-,,,,,,,,
1992-02-28,PCE💿SCD,💿512MB,ACT,日本テレネット,未来少年コナン💿,調査中,調査中,0,-,,,,宮崎駿|大塚康生,阿部海太郎,伊藤靖朗,,
1992-03-06,PCE💿SCD,💿512MB,ADV,ナグザット,山村美紗サスペンス金盞花京絵皿殺人事件💿,調査中,調査中,0,-,,,,,,,,
1992-03-13,PCE💿SCD,💿512MB,SHT,パック・イン・ビデオ,HAWKF-123💿,調査中,調査中,0,-,,,,,,,,
1992-03-19,PCE💿SCD,💿512MB,SHT,日本テレネット,サイキック・ストーム💿,調査中,調査中,0,-,,,,,,,,
1992-03-19,PCE💿SCD,💿512MB,ACT,日本テレネット,夢幻戦士ヴァリス💿,調査中,調査中,0,-,,林浩樹(グラフィック)|小川史生(音楽),秋篠雅弘,ウルフ・チーム|林浩樹,小川史生,林浩樹|三橋幸雄,林浩樹,
1992-03-26,PCE💿SCD,💿512MB,RPG,ハドソン,天外魔境II卍MARU💿,調査中,調査中,0,32,,桝田省治,岩崎啓眞|長谷川浩|藪芳昭|蝦名寿昌,広井王子(企画・監修)|辻野寅次郎(絵師・作画監督)|天城秀行,久石譲|福田裕彦,桝田省治(脚本・構成)|あだちひろし(翻案),清水始,
1992-03-27,PCE💿SCD,💿512MB,SHT,NECアベニュー,フォゴットンワールド💿,調査中,調査中,0,-,,,江川陽一|こじまのりこ|TAKEYO|山之内一雅,安田朗|西谷亮|船水紀孝|岡本吉起|栗原明美|TAKATA|SHINSYUDON|新谷さゆり|EMETARO,河本圭代|坂口由洋,,,
1992-03-27,PCE💿SCD,💿512MB,ACT,ビクター音楽産業,シャドー・オブ・ザ・ビースト魔性の掟💿,調査中,調査中,0,-,,,,,,,,
1992-03-27,PCE💿SCD,💿512MB,RPG,日本テレネット,BABEL💿,調査中,調査中,0,-,,,,,,,,
1992-04-01,PCE💿SCD,💿512MB,SPT,マイクロワールド,ザ・デビスカップテニス💿,調査中,調査中,0,-,,,,,,,,
1992-04-01,PCE💿SCD,💿512MB,PZL,マイクロワールド,ビルダーランド💿,調査中,調査中,0,-,,,,,,,,
1992-04-02,PCE💿SCD,💿512MB,SHT,ハドソン,スーパー雷電💿,調査中,調査中,0,-,,スタッフ参照,,,,,"菅賢治|土屋敏男 ほか",
1992-04-03,PCE💿SCD,💿512MB,SHT,メサイヤ,超時空要塞マクロス2036💿,調査中,調査中,0,-,,,,,,,,
1992-04-24,PCE💿SCD,💿512MB,SHT,ハドソン,スターパロジャー💿,調査中,調査中,0,-,,,山下孝|杉本尚志,川田忠之|横山祥|古橋秀幸|山元健司,斎藤寛志|渡辺人,,青山英治,
1992-05-01,PCE💿SCD,💿512MB,SHT,ライトスタッフTTI,テラフォーミングSydMead'sTerraforming💿,調査中,調査中,0,-,,,,,,,,
1992-05-29,PCE💿SCD,💿512MB,SLG,マイクロキャビン,キャンペーン版大戦略II💿,調査中,調査中,0,-,,,,,,,,
1992-05-29,PCE💿SCD,💿512MB,ACT,ハドソン,ドラえもんのび太のドラビアンナイト💿,調査中,調査中,0,-,,,,,菊池俊輔,藤子・F・不二雄,,
1992-06-19,PCE💿SCD,💿512MB,QUIZ,ハドソン,アドベンチャークイズカプコンワールドハテナの大冒険💿,調査中,調査中,0,-,,,,,,,,
1992-06-25,PCE💿SCD,💿512MB,ADV,リバーヒルソフト,トップをねらえ!GunBusterVOL.1💿,調査中,調査中,0,-,,,,,,,,
1992-06-26,PCE💿SCD,💿512MB,RCG,日本物産,F-1CIRCUSSPECIAL💿,調査中,調査中,0,-,,,,,,,,
1992-06-26,PCE💿SCD,💿512MB,ACT,ブレイングレイ,ジェノサイド💿,調査中,調査中,0,-,,,,,,,,
1992-06-26,PCE💿SCD,💿512MB,SHT,データウエスト,ライザンバーIII💿,調査中,調査中,0,-,,,みなみふみお|わしずよしゆき,中村一秀|五十嵐丈晴,斉藤康仁,,"TEAM 50",
1992-07-17,PCE💿SCD,💿512MB,ARPG,ビクター音楽産業,ソーサリアン💿,調査中,調査中,0,-,,,木屋善夫,木屋善夫|山根ともお|都築和彦|大浦孝浩|佐藤善美|古代彩乃|小林誠(マニュアルイラスト),古代祐三|石川三恵子|竹林令子|永田英哉,五十嵐哲也|富一成|山根ともお|都築和彦,加藤正幸,
1992-07-24,PCE💿SCD,💿512MB,ACT,日本テレネット,ぽっぷ'nまじっく💿,調査中,調査中,0,-,,,,,,,,
1992-07-31,PCE💿SCD,💿512MB,SPT,マイクロワールドNEC,ザ・キックボクシングAndrePanzaKickBoxing💿,調査中,調査中,0,-,,,,,,,,
1992-07-31,PCE💿SCD,💿512MB,ACT,NECアベニュー,ボナンザブラザーズ💿,調査中,調査中,0,-,,,,,並木晃一,,,
1992-08-07,PCE💿SCD,💿512MB,RPG,NECアベニュー,ドラゴンナイトII💿,調査中,調査中,0,-,,,,,,,,
1992-08-10,PCE💿SCD,💿512MB,QUIZ,サン電子,クイズの星💿,調査中,調査中,0,-,,"北川正昭|JOE! JOE! JOE!",北川正昭|m.y.a|UTUGIUS祝進級,S.GIANTS,"PHASE OUT",,吉田喜春,
1992-08-28,PCE💿SCD,💿512MB,ACT,マイクロワールド,ベイビー・ジョー💿,調査中,調査中,0,-,,,,,,,,
1992-08-29,PCE💿SCD,💿512MB,RPG,ヒューマン,ファージアスの邪皇帝💿,調査中,調査中,0,-,,,カイザー,阿部賢一,庭山博也|田中宏|米沢正弘|太谷哲司|山崎正通,矢野了也|高野希義|いいやんさんすー,,
1992-09-04,PCE💿SCD,💿512MB,ACT,日本テレネット,TRAVELエプル💿,調査中,調査中,0,-,,,,,,,,
1992-09-11,PCE💿SCD,💿512MB,SLG,日本テレネット,F-1チームシミュレーションプロジェクトF💿,調査中,調査中,0,-,,,,,,,,
1992-09-18,PCE💿SCD,💿512MB,RPG,ビクター音楽産業TTI,ダンジョン・マスターセロンズ・クエストDungeonMaster💿,調査中,調査中,0,30,,,,,,,,
1992-09-22,PCE💿SCD,💿512MB,ARPG,"日本テレネットWorking Designs",エグザイルII邪念の事象Exile:WickedPhenomenon💿,調査中,調査中,0,-,,,,,,,,
1992-09-25,PCE💿SCD,💿512MB,ADV,ビクター音楽産業TTI,LOOM💿,調査中,調査中,0,-,,,,,"作詞:Toshl 作曲:青木秀一",,Toshl,
1992-09-25,PCE💿SCD,💿512MB,RPG,日本テレネット,コズミック・ファンタジー3冒険少年レイ💿,調査中,調査中,0,-,,,,,,,,
1992-09-29,PCE💿SCD,💿512MB,ACT,ビクター音楽産業TTI,シェイプシフター魔界英雄伝ShapeShifter💿,調査中,調査中,0,-,,,,,,,,
1992-10-01,PCE💿SCD,💿512MB,ADV,ソフィックス,YAWARA!💿,調査中,調査中,0,-,,,,兼森義則|兼森義則|君塚勝教,森英治,井上敏樹,,
1992-10-02,PCE💿SCD,💿512MB,ACT,メサイヤ,らんま1/2打倒、元祖無差別格闘流!💿,調査中,調査中,0,-,,南浩史,高橋呉明|小林一美|南浩史,,本山淳弘|高木みゆき|前田華代子|岩崎琢,南浩史,土田俊郎,
1992-10-09,PCE💿SCD,💿512MB,SPT,インテック,ザ・プロ野球SUPER💿,調査中,調査中,0,-,,,,,,,,
1992-10-09,PCE💿SCD,💿512MB,ACT,マイクロワールド,スライムワールド💿,調査中,調査中,0,-,,,,,,,,
1992-10-23,PCE💿SCD,💿512MB,SHT,日本テレネット,キアイダン00💿,調査中,調査中,0,-,,"CM ひげぴん|ORI",野上真一,"CM ひげぴん|開田裕治",森永由美子|猫乃あまえ♂|吉川雄次,久保基史,佐々木哲哉|小川史生,
1992-10-23,PCE💿SCD,💿512MB,ADV,ハドソン,銀河お嬢様伝説ユナ💿,調査中,調査中,0,-,,,,,,明貴美加,,
1992-10-23,PCE💿SCD,💿512MB,ADV,コナミ,スナッチャー💿,調査中,調査中,0,33,,小島秀夫,足立敏哉,小島秀夫|木下富晴|太田良彦,碇子正広,小島秀夫,桐田富和|春木豊,
1992-11-20,PCE💿SCD,💿512MB,ADV,データウエスト,サイキック・ディテクティヴ・シリーズVol.3アヤ💿,調査中,調査中,0,-,,,,,,,,
1992-11-27,PCE💿SCD,💿512MB,SHT,テイチク,ゴッドパニック至上最強軍団💿,調査中,調査中,0,-,,,,,,,,
1992-11-27,PCE💿SCD,💿512MB,PZL,サンソフト,レミングス💿,調査中,調査中,0,-,,,デイブ・ジョーンズ(英語版),ゲイリー・ティモンズ|スコット・ジョンストン,ブライアン・ジョンストン|ティム・ライト(英語版),,,
1992-12-04,PCE💿SCD,💿512MB,SLG,工画堂スタジオ,スーパーシュヴァルツシルト2💿,調査中,調査中,0,-,,,,,,,,
1992-12-04,PCE💿SCD,💿512MB,SLG,メサイヤ,超時空要塞マクロス永遠のラヴソング💿,調査中,調査中,0,-,,,,,,,,
1992-12-04,PCE💿SCD,💿512MB,SPT,メディアリング,TECMOWORLDCUPスーパーサッカー💿,調査中,調査中,0,-,,,,,,,,
1992-12-11,PCE💿SCD,💿512MB,ACT,ナグザット,ダウンタウン熱血行進曲それゆけ大運動会💿,調査中,調査中,0,-,,関本弘之,南波靖一郎|松本康宏|熊谷慎太郎,根立克行(キャラ担当)|東郷和代(背景担当),澤和雄,,,
1992-12-11,PCE💿SCD,💿512MB,SHT,ナグザット,ネクスザール💿,調査中,調査中,0,-,,,,,,,,
1992-12-18,PCE💿SCD,💿512MB,SHT,アイレム,イメージファイトII💿,調査中,調査中,0,-,,,KAN-CHAN,YAMASHI|NABE,冷牟田卓志|木村浩,,おかだこうぞう|吉岡基行,
1992-12-18,PCE💿SCD,💿512MB,SHT,コナミ,グラディウスII-GOFERの野望-💿,調査中,調査中,0,-,,町口浩康,高取利明|筒井久一郎|T.HORIMOTO|鈴木彰|藤井龍夫,M.YOSHIKATA|芦田裕行|M.IWAMOTO|A.NONAMI|角和邦昭,コナミ矩形波倶楽部|田坂真二|古川元亮|深見誠一|松原健一,,,
1992-12-18,PCE💿SCD,💿512MB,TBL,ナグザット,スーパーリアル麻雀スペシャルミキ・カスミ・ショウコの思い出より💿,調査中,調査中,0,-,,,,,,,,
1992-12-18,PCE💿SCD,💿512MB,ADV,ナグザット,パステルLime💿,調査中,調査中,0,-,,,,,,,,
1992-12-18,PCE💿SCD,💿512MB,RPG,リバーヒルソフト,ブライII闇皇帝の逆襲💿,調査中,調査中,0,-,,,,,,,,
1992-12-18,PCE💿SCD,💿512MB,RCG,メサイヤ,モトローダーMC💿,調査中,調査中,0,-,,,,,,,,
1992-12-22,PCE💿SCD,💿512MB,SLG,ヒューマン,宇宙戦艦ヤマト💿,調査中,調査中,0,-,,,,岡迫亘弘|松本零士|スタジオぬえ,宮川泰,藤川桂介|田村丸|山本暎一,,
1992-12-22,PCE💿SCD,💿512MB,TBL,ココナッツジャパン,パチ夫くん笑う宇宙💿,調査中,調査中,0,-,,,,,,,,
1992-12-23,PCE💿SCD,💿512MB,RPG,ハドソン,ドラゴンスレイヤー英雄伝説II💿,調査中,調査中,0,-,,,,,,,,
1992-12-25,PCE💿SCD,💿512MB,ADV,ハドソン,井上麻美この星にたったひとりのキミ💿,調査中,調査中,0,-,,,,,,,,
1992-12-25,PCE💿SCD,💿512MB,ACT,NECアベニュー,ゲイングランドSX💿,調査中,調査中,0,-,,,大岡良樹,マック・オースティン|ヤン・ワット|EIRO,高田陽|林克洋,,,
1992-12-25,PCE💿SCD,💿512MB,ARPG,日本テレネット,サークI・II💿,調査中,調査中,0,-,,中津泰彦,中津泰彦|青木正二郎,中津泰彦|陣内靖弘|瀬田哲也|百鬼丸|樋口恵津子,瓜田幸治,中津泰彦|陣内靖弘|瀬田哲也,中津泰彦,
1992-12-25,PCE💿SCD,💿512MB,SHT,メサイヤ,超兄貴💿,調査中,調査中,0,-,,,濱田信次,永井一成,葉山宏治,,土田俊郎,
1992-12-28,PCE💿SCD,💿512MB,TBL,光栄,スーパー麻雀大会💿,調査中,調査中,0,-,,,,,若桑比織,,シブサワ・コウ,
1993-01-08,PCE💿SCD,💿512MB,ADV,メサイヤ,魔物ハンター妖子〜遠き呼び声〜💿,調査中,調査中,0,-,,,,,,,,
1993-01-14,PCE💿SCD,💿512MB,SLG,ハドソンTTI,シムアース💿,調査中,調査中,0,-,,,ダニエル・ゴールドマン|ポール・シュミット,フレッド・ハスラム|ウィル・ライト|ケイトリン・ミシェルデイトン|ピーター・ミシェルデイトン|ジェニー・マーティン|スーザン・グリーン,ヒース・ペーターソン,,スティーヴ・ベッカート,
1993-01-22,PCE💿SCD,💿512MB,SHT,NECホームエレクトロニクス,メタモジュピター💿,調査中,調査中,0,-,,,,,,,,
1993-01-29,PCE💿SCD,💿512MB,ADV,ハドソン,ふしぎの海のナディア💿,調査中,調査中,0,-,,,,貞本義行,鷺巣詩郎,大川久男|梅野かおる,,
1993-02-12,PCE💿SCD,💿512MB,SHT,ハドソンTTI,コットンCotton:FantasticNightDreams💿,調査中,調査中,0,-,,,,,,,,
1993-02-26,PCE💿SCD,💿512MB,ACT,ハドソンTTI,クレストオブウルフRiotZone💿,調査中,調査中,0,-,,,,,,,,
1993-02-26,PCE💿SCD,💿512MB,ACT,NECアベニュー,ホラーストーリー💿,調査中,調査中,0,-,,,,,,,,
1993-02-26,PCE💿SCD,💿512MB,TBL,日本テレネット,ポリス・コネクション💿,調査中,調査中,0,-,,,,,,,,
1993-02-27,PCE💿SCD,💿512MB,SLG,光栄,信長の野望・武将風雲録💿,調査中,調査中,0,-,,,,,菅野よう子,,シブサワ・コウ,
1993-03-05,PCE💿SCD,💿512MB,RCG,メディアリング,ゼロヨンチャンプII💿,調査中,調査中,0,-,,,,,,,,
1993-03-12,PCE💿SCD,💿512MB,ACT,ナグザット,双截龍IITHEREVENGE💿,調査中,調査中,0,-,,,,,,,,
1993-03-19,PCE💿SCD,💿512MB,他,キングレコード,CDBATTLE光の勇者たち💿,調査中,調査中,0,-,,,,,,,,
1993-03-19,PCE💿SCD,💿512MB,ACT,マイクロワールド,ジム・パワー💿,調査中,調査中,0,-,,,,,,,,
1993-03-26,PCE💿SCD,💿512MB,ARPG,ハドソンTTI,ダンジョンエクスプローラーII💿,調査中,調査中,0,-,,松永智史,白谷守|鈴木規生|小島卓也,上田和敏|松沢運生|岡田寿夫|草彅琢仁,"コンポジラ|T'sミュージック|BANG HEADS",野村郁朋,青山英治,
1993-03-26,PCE💿SCD,💿512MB,SLG,アイレム,英雄三国志💿,調査中,調査中,0,-,,,,,,,,
1993-03-26,PCE💿SCD,💿512MB,RPG,日本テレネット,天使の詩II堕天使の選択💿,調査中,調査中,0,-,,,,,,,,
1993-03-26,PCE💿SCD,💿512MB,ADV,リバーヒルソフト,トップをねらえ!GunBusterVOL.2💿,調査中,調査中,0,-,,,,,,,,
1993-03-26,PCE💿SCD,💿512MB,ACT,ナグザット,フォーセットアムール💿,調査中,調査中,0,-,,,高橋聖人,宍倉典幸|牧野竜一,大島俊一,安部淳也,福田雅之,
1993-03-26,PCE💿SCD,💿512MB,ADV,NECホームエレクトロニクス,ムーンライトレディ💿,調査中,調査中,0,-,,かえるさん|西田晴幸|坂井志保,清水昭博|熊田浩司,国府方政男|西田晴幸|As'まりあ|ねことむ,長谷部潤,かえるさん,高垣信宏,
1993-03-30,PCE💿SCD,💿512MB,RPG,ヒューマン,ラプラスの魔💿,調査中,調査中,0,-,,,,,,,,
1993-03-31,PCE💿SCD,💿512MB,ADV,NECアベニュー,CALII💿,調査中,調査中,0,-,,山中拓也,,おぐち|田辺謙司,増子津可燦|高梨康治|Funta7|RegaSound|岩田賢治,待田堂子|永井真吾|竹内利光|望月真理子,山中拓也,
1993-04-16,PCE💿SCD,💿512MB,ARPG,ライトスタッフ,フィーンドハンター💿,調査中,調査中,0,-,,,田名網正,木村明広,澤下禎,飯淳,,
1993-04-23,PCE💿SCD,💿512MB,SHT,ハドソンTTI,ウィンズオブサンダーLordsofThunder💿,調査中,調査中,0,-,,,,,,,,
1993-04-23,PCE💿SCD,💿512MB,TBL,アトラス,雀偵物語3セイバーエンジェル💿,調査中,調査中,0,-,,,,,,,,
1993-06-11,PCE💿SCD,💿512MB,SLG,アートディンク,A列車で行こうIII💿,調査中,調査中,0,-,,,,,,,,
1993-07-10,PCE💿SCD,💿512MB,RPG,ハドソン,天外魔境風雲カブキ伝💿,調査中,調査中,0,33,,竹部隆司(監督)|藤原茂樹(演出),小坂恭洋,広井王子(企画・監修)|辻野寅次郎(絵師)|久保久(美術監督),田中公平,荒井弘二,和気正則|三井啓介|小林正樹,
1993-07-16,PCE💿SCD,💿512MB,SLG,アスク講談社,1552天下大乱💿,調査中,調査中,0,-,,,,,,,,
1993-07-23,PCE💿SCD,💿512MB,RPG,ナグザット,WIZARDRYI・II💿,調査中,調査中,0,-,,,,,,,,
1993-07-23,PCE💿SCD,💿512MB,SHT,ナグザット,サマーカーニバル'93ネクスザールスペシャル💿,調査中,調査中,0,-,,,,,,,,
1993-07-23,PCE💿SCD,💿512MB,ACT,マイクロネット,ブラックホールアサルト💿,調査中,調査中,0,-,,,,,,,,
1993-07-23,PCE💿SCD,💿512MB,ACT,マイクロキャビン,ミスティックフォーミュラ💿,調査中,調査中,0,-,,,,,,,,
1993-07-30,PCE💿SCD,💿512MB,SHT,ハドソン,CD電人ロカビリー天国💿,調査中,調査中,0,-,,松永智史|伊井人,高野務,僕久保|中村純|もらおかもら|あだちひろし|青木コブ太|阿部K助,佐藤真一郎|平木登直,,青山英治|小林正樹,
1993-07-30,PCE💿SCD,💿512MB,SLG,NECアベニュー,卒業〜Graduation〜💿,調査中,調査中,0,-,,,,竹井正樹,なし,,,
1993-07-30,PCE💿SCD,💿512MB,ADV,NECホームエレクトロニクス,眠れぬ夜の小さなお話💿,調査中,調査中,0,-,,,,野村誠司,原由子,森絵都,,
1993-08-06,PCE💿SCD,💿512MB,ADV,データウエスト,サイキック・ディテクティヴ・シリーズVol.4オルゴール💿,調査中,調査中,0,-,,,,,,,,
1993-08-06,PCE💿SCD,💿512MB,RCG,インテック,チャンピオンシップラリー💿,調査中,調査中,0,-,,,,,,,,
1993-08-06,PCE💿SCD,💿512MB,SLG,メサイヤ,ラングリッサー光輝の末裔💿,調査中,調査中,0,-,,,,,,,,
1993-09-24,PCE💿SCD,💿512MB,TBL,ナグザット,麻雀クリニックスペシャル💿,調査中,調査中,0,-,,,,,,,,
1993-09-24,PCE💿SCD,💿512MB,SLG,パック・イン・ビデオ,メタルエンジェル💿,調査中,調査中,0,-,,,,,,,,
1993-09-30,PCE💿SCD,💿512MB,SLG,光栄,蒼き狼と白き牝鹿・元朝秘史💿,調査中,調査中,0,-,,,,,大島ミチル,,シブサワ・コウ,
1993-09-30,PCE💿SCD,💿512MB,ADV,リバーヒルソフト,機動警察パトレイバーグリフォン篇💿,調査中,調査中,0,-,,,,,,,,
1993-09-30,PCE💿SCD,💿512MB,TBL,NECアベニュー,麻雀オンザビーチ💿,調査中,調査中,0,-,,山下賢一,小座間隆,遊人,,,石原幸男,
1993-09-30,PCE💿SCD,💿512MB,SHT,バンプレスト,幽☆遊☆白書闇勝負!!暗黒武術会💿,調査中,調査中,0,-,,JIPPAHITOKARAGE,まきこうせい|田村毅|さいとうしゅういち|わだやすゆき|塩住誠,守谷淳一|わたなべゆうじ|なかむらとしろう|西山彰則|高尾伸治|雪野和哉|KATTAA,みしまともみ,,,
1993-10-02,PCE💿SCD,💿512MB,SLG,光栄,三國志III💿,調査中,調査中,0,-,,,,,向谷実,,シブサワ・コウ,
1993-10-22,PCE💿SCD,💿512MB,SHT,トンキンハウス,シルフィア💿,調査中,調査中,0,-,,永妻淳一,野上真一,子猫ネコ|佐藤典司|高島俊介|寺本耕二|掘田英雄|水元省二|島崎亜矢,竹内啓史|嶋崎聡|田中勝己|長尾英之助|松島剛史,,浦井郁郎,
1993-10-22,PCE💿SCD,💿512MB,RPG,レイ・フォース,スタートリング・オデッセイ💿,調査中,調査中,0,-,,,,,,,,
1993-10-29,PCE💿SCD,💿512MB,RPG,ハドソン,マイト・アンド・マジックIII💿,調査中,調査中,0,-,,,,,,,,
1993-10-29,PCE💿SCD,💿512MB,ACT,コナミ,悪魔城ドラキュラX血の輪廻💿,調査中,調査中,0,-,,萩原徹,,,荘司朗|中村圭三|佐野朋子|斎藤幹雄,,山田善朗,
1993-10-29,PCE💿SCD,💿512MB,ACT,インテック,GALAXY刑事GAYVAN💿,調査中,調査中,0,-,,,,,,,,
1993-10-29,PCE💿SCD,💿512MB,ARPG,NECホームエレクトロニクス,マジクール💿,調査中,調査中,0,-,,森山豊治|槇原文彦,,織田武士,牧野信博,森山豊治,庭山博也,
1993-11-19,PCE💿SCD,💿512MB,SLG,ライトスタッフ,ソードマスター💿,調査中,調査中,0,-,,,,,,,,
1993-11-19,PCE💿SCD,💿512MB,ARPG,ビクター音楽産業,ルイン神の遺産💿,調査中,調査中,0,-,,,,,,,,
1993-11-26,PCE💿SCD,💿512MB,QUIZ,ナグザット,クイズDE学園祭💿,調査中,調査中,0,-,,,神無月らい,FIX|もりけん,米田克哉,もりけん,,
1993-11-26,PCE💿SCD,💿512MB,TBL,ヒューマン,ただいま勇者募集中💿,調査中,調査中,0,-,,,,,,,,
1993-11-26,PCE💿SCD,💿512MB,ACT,リバーヒルソフト,フェイスボール💿,調査中,調査中,0,-,,,,,,,,
1993-12-03,PCE💿SCD,💿512MB,SLG,工画堂スタジオ,機装ルーガ💿,調査中,調査中,0,-,,,,,,,,
1993-12-10,PCE💿SCD,💿512MB,ACT,日本物産,伊賀忍伝凱王💿,調査中,調査中,0,-,,,,,,,,
1993-12-10,PCE💿SCD,💿512MB,RPG,パック・イン・ビデオ,オーロラクエストおたくの星座INANOTHERWORLD💿,調査中,調査中,0,-,,,,,,,,
1993-12-10,PCE💿SCD,💿512MB,ADV,徳間書店インターメディア,秘密の花園💿,調査中,調査中,0,-,,,,,,,,
1993-12-11,PCE💿SCD,💿512MB,SLG,光栄,信長の野望・全国版💿,調査中,調査中,0,-,,,,,菅野よう子,,シブサワ・コウ,
1993-12-17,PCE💿SCD,💿512MB,TBL,ナグザット,スーパーリアル麻雀PIVカスタム💿,調査中,調査中,0,-,,,,,,,,
1993-12-17,PCE💿SCD,💿512MB,ACT,コナミ,マーシャルチャンピオン💿,調査中,調査中,0,-,,"HEINE KEN",,"HEINE KEN|赤坂嘉紀|SURUGANOKAMI MADAOW|ひじまみさと",仲野順也|すぎさわけいじ,,"KANON PACHELBEL",
1993-12-17,PCE💿SCD,💿512MB,ADV,ナグザット,闇の血族〜遥かなる記憶〜💿,調査中,調査中,0,-,,,,,,,,
1993-12-19,PCE💿SCD,💿512MB,ACT,ライトスタッフ,フラッシュハイダース💿,調査中,調査中,0,-,,,佐野敬之,チキンヘッド|赤石龍彌,澤下禎,山本剛,,
1993-12-22,PCE💿SCD,💿512MB,ARPG,ハドソン,イースIVTheDawnofYs💿,調査中,調査中,0,-,,,,,,,,
1993-12-23,PCE💿SCD,💿512MB,SHT,NECアベニュー,スーパーダライアスII💿,調査中,調査中,0,-,,藤原英裕,大槻朗|中村辰男|廿楽昌志|征矢野伸二,藤原英裕|仙波隆綱|菊池正美|仙波隆綱|加藤久和,小倉久佳,,藤原英裕,
1993-12-24,PCE💿SCD,💿512MB,TBL,日本物産,セクシーアイドル麻雀💿,調査中,調査中,0,-,,,,,,,,
1993-12-24,PCE💿SCD,💿512MB,ACT,ナグザット,ダウンタウン熱血物語💿,調査中,調査中,0,-,,関本弘之|吉田晄浩|W.S.LITTLE,谷本敦|熊谷慎太郎|ふくはらげんえい|SHIN,白戸政男,澤和雄,,,
1993-12-25,PCE💿SCD,💿512MB,RPG,アトラス,真・女神転生💿,調査中,調査中,0,-,,岡田耕始,佐藤雅美|岡田耕始|國枝剛|高木秀俊,伊藤龍太郎|藤岡一樹|しまだよしあき|鈴木一也(遊企画)|佐藤佐和子|村上哲也|片岡いずみ|高島志郎|金子一馬,増子司,鈴木一也|伊藤龍太郎,新野洋右,
1994-01-03,PCE💿SCD,💿512MB,ACT,ハドソン,爆笑吉本新喜劇・今日はこれぐらいにしといたる!💿,調査中,調査中,0,-,,,,,,,,
1994-01-07,PCE💿SCD,💿512MB,RPG,アイレム,ソル・モナージュ💿,調査中,調査中,0,-,,さとうしゅう,やまもとしゅんいち,さとうしゅう|風上旬,平嶋理経,さとうしゅう,Moto,
1994-01-28,PCE💿SCD,💿512MB,RPG,NECホームエレクトロニクス,エメラルドドラゴン💿,調査中,調査中,0,-,,,,,,,,
1994-01-28,PCE💿SCD,💿512MB,ACT,インテック,格闘覇王伝説アルガノス💿,調査中,調査中,0,-,,,,,,,,
1994-02-10,PCE💿SCD,💿512MB,RPG,レイ・フォース,スターブレイカー💿,調査中,調査中,0,-,,寺岡大介|渡部高志,三枝直樹,坂田文彦|中沢一登,中村暢之,坂田文彦,坂田文彦,
1994-02-18,PCE💿SCD,💿512MB,ARPG,NECホームエレクトロニクス,風の伝説ザナドゥ💿,調査中,調査中,0,-,,,,,,,,
1994-02-25,PCE💿SCD,💿512MB,SLG,パック・イン・ビデオ,パラディオン💿,調査中,調査中,0,-,,,,,,,,
1994-02-25,PCE💿SCD,💿512MB,TBL,ナグザット,麻雀レモンエンジェル💿,調査中,調査中,0,-,,,,"BOKU NO SEIJA|NAI",藤井健一(K.FUJI)|中嶋孝志(T.NAKAJIMA),,,
1994-02-26,PCE💿SCD,💿512MB,ACT,東宝TTI,ゴジラ爆闘烈伝Godzilla💿,調査中,調査中,0,-,,,,,,,,
1994-03-04,PCE💿SCD,💿512MB,RPG,ナグザット,WIZARDRYIII・IV💿,調査中,調査中,0,-,,,,,,,,
1994-03-04,PCE💿SCD,💿512MB,SLG,アートディンク,THEATLASルネッサンスボイジャー💿,調査中,調査中,0,-,,,,,,,,
1994-03-04,PCE💿SCD,💿512MB,SPT,ハドソン,パワーゴルフ2ゴルファー💿,調査中,調査中,0,-,,,,,,,,
1994-03-25,PCE💿SCD,💿512MB,ADV,NECアベニュー,CALIII完結編💿,調査中,調査中,0,-,,,,,,,,
1994-03-25,PCE💿SCD,💿512MB,RPG,リバーヒルソフト,プリンセス・ミネルバ💿,調査中,調査中,0,-,,池本浩司,福田淳|横山欣也,石田走|松本文夫|井上博明,岩谷弘明,舞阪洸,鈴木理香,
1994-03-30,PCE💿SCD,💿512MB,ACT,マイクロキャビン,フレイCDサーク外伝💿,調査中,調査中,0,-,,中津泰彦,中津泰彦,柳島秀行|中津泰彦|末永仁志|谷口恵津子|ここまひ,新田忠弘,中津泰彦,,
1994-03-30,PCE💿SCD,💿512MB,RPG,NECアベニュー,モンスターメーカー闇の竜騎士💿,調査中,調査中,0,-,,,,,,,,
1994-04-15,PCE💿SCD,💿512MB,TBL,ココナッツジャパン,パチ夫くん3パチスロ＆パチンコ💿,調査中,調査中,0,-,,迫井政行(第12話まで),,冨士原良|小松真梨子|橋本浩一(第12話まで)|長友望己(第13話以降),横山克|橋口佳奈,リベル・エンタテインメント,沖田多久磨,
1994-04-22,PCE💿SCD,💿512MB,ADV,ソニー・ミュージックエンタテインメント,爆伝アンバランスゾーン💿,調査中,調査中,0,-,,,,,,,,
1994-04-22,PCE💿SCD,💿512MB,PZL,NECアベニュー,ぷよぷよCD💿,調査中,調査中,0,-,,,,,,,,
1994-04-28,PCE💿SCD,💿512MB,ACT,ナグザット,風霧💿,調査中,調査中,0,-,,,,,,,,
1994-04-28,PCE💿SCD,💿512MB,SLG,徳間書店インターメディア,初恋物語💿,調査中,調査中,0,-,,,,,,,,
1994-05-20,PCE💿SCD,💿512MB,ARPG,ハドソンTTI,超英雄伝説ダイナスティックヒーローTheDynasticHero💿,調査中,調査中,0,-,,,,,,,,
1994-05-27,PCE💿SCD,💿512MB,SLG,コナミ,ときめきメモリアル💿,調査中,調査中,0,-,,永田義明,,立石流牙|小倉雅史,"Metal Yuhki|村井聖夜|莊司朗|Sanoppi|中村地獄車",五十嵐孝司,桐田富和,
1994-06-10,PCE💿SCD,💿512MB,RPG,日本テレネット,コズミックファンタジー4銀河少年伝説突入編💿,調査中,調査中,0,-,,,,,,,,
1994-06-17,PCE💿SCD,💿512MB,RPG,パック・イン・ビデオ,KO世紀ビースト三獣士ガイア復活完結編💿,調査中,調査中,0,-,,,,,,,,
1994-06-17,PCE💿SCD,💿512MB,SPT,インテック,ザ・プロ野球SUPER'94💿,調査中,調査中,0,-,,,,,,,,
1994-06-17,PCE💿SCD,💿512MB,ACT,NECアベニュー,天地を喰らう💿,調査中,調査中,0,-,,,,,,,,
1994-06-17,PCE💿SCD,💿512MB,ARPG,NECホームエレクトロニクス,ブランディッシュ💿,調査中,調査中,0,-,,,,,,,,
1994-07-08,PCE💿SCD,💿512MB,ADV,NECホームエレクトロニクス,3×3EYES三只眼變成💿,調査中,調査中,0,-,,,,,,,,
1994-07-08,PCE💿SCD,💿512MB,SLG,ヒューマン,バスティール2💿,調査中,調査中,0,-,,,,,,,,
1994-07-15,PCE💿SCD,💿512MB,SLG,アートディンク,栄冠は君に高校野球全国大会💿,調査中,調査中,0,-,,,,,,,,
1994-07-15,PCE💿SCD,💿512MB,ACT,NECアベニュー,チキチキボーイズ💿,調査中,調査中,0,-,,船水紀孝|岡本吉起,"BLBON|MEIJIN|SAIKOU YUKI","Bully Duck|新谷さゆり|中山郁夫|たなべまゆみ",高岡宏光,,,
1994-07-22,PCE💿SCD,💿512MB,ACT,TGL,アドヴァンストV.G.💿,調査中,調査中,0,-,,,,木村貴宏|雨宮まこと,山本はるきち,服部理子,,
1994-07-22,PCE💿SCD,💿512MB,RPG,NECアベニュー,ドラゴンナイトIII💿,調査中,調査中,0,-,,,,,,,,
1994-07-29,PCE💿SCD,💿512MB,ADV,バンプレスト,GS美神💿,調査中,調査中,0,-,,,,青山充,佐橋俊彦,椎名高志,,
1994-07-29,PCE💿SCD,💿512MB,SLG,ハドソン,ネオ・ネクタリス💿,調査中,調査中,0,30,,,,,,,,
1994-08-05,PCE💿SCD,💿512MB,TBL,ナグザット,スーパーリアル麻雀PII・IIIカスタム💿,調査中,調査中,0,-,,,,,,,,
1994-08-05,PCE💿SCD,💿512MB,TBL,日本物産,聖戦士伝承・雀卓の騎士💿,調査中,調査中,0,-,,,,,,,,
1994-08-05,PCE💿SCD,💿512MB,ADV,バンプレスト,美少女戦士セーラームーン💿,調査中,調査中,0,-,,,,,,,,
1994-08-12,PCE💿SCD,💿512MB,ARPG,NECホームエレクトロニクス,ぽっぷるメイル💿,調査中,調査中,0,-,,木屋善夫,永嶋純,今井浩之|塩田雄一|田中久仁彦,石川三恵子|白川篤史,,加藤正幸,
1994-08-26,PCE💿SCD,💿512MB,RPG,ビクターエンタテインメント,アルシャーク💿,調査中,調査中,0,-,,,田名網正,飯淳|佐藤淳|青柳久|木村明広,佐藤天平,飯淳,,
1994-09-16,PCE💿SCD,💿512MB,TBL,日本物産,セクシーアイドル麻雀まーじゃんファッション物語💿,調査中,調査中,0,-,,,,,,,,
1994-09-22,PCE💿SCD,💿512MB,SLG,NECアベニュー,誕生Debut💿,調査中,調査中,0,-,,,,,なし,,,
1994-09-23,PCE💿SCD,💿512MB,ADV,ソフィックス,YAWARA!2💿,調査中,調査中,0,-,,,,兼森義則|兼森義則|君塚勝教,森英治,井上敏樹,,
1994-09-30,PCE💿SCD,💿512MB,ARPG,NECホームエレクトロニクス,サークIII💿,調査中,調査中,0,-,,中津泰彦,中津泰彦|青木正二郎,中津泰彦|陣内靖弘|瀬田哲也|百鬼丸|樋口恵津子,瓜田幸治,中津泰彦|陣内靖弘|瀬田哲也,中津泰彦,
1994-09-30,PCE💿SCD,💿512MB,TBL,マイクロキャビン,ドラゴンハーフ💿,調査中,調査中,0,-,,,,児山昌弘,,見田竜介,,
1994-09-30,PCE💿SCD,💿512MB,RPG,NECホームエレクトロニクス,女神天国💿,調査中,調査中,0,-,,,,,,,,
1994-10-21,PCE💿SCD,💿512MB,RPG,レイ・フォース,スタートリング・オデッセイII魔竜戦争💿,調査中,調査中,0,-,,,,,,,,
1994-10-21,PCE💿SCD,💿512MB,ARPG,NECアベニュー,バステッド💿,調査中,調査中,0,-,,,,,,,,
1994-10-28,PCE💿SCD,💿512MB,ADV,ココナッツジャパン,卒業写真/美姫💿,調査中,調査中,0,-,,,,,無し(PC98/X68k/MSX)/あり(PCE),,,
1994-10-28,PCE💿SCD,💿512MB,ACT,ハドソン,ブラッド・ギア💿,調査中,調査中,0,-,,,,,,,,
1994-11-05,PCE💿SCD,💿512MB,SLG,ハドソン,ハイパーウォーズ💿,調査中,調査中,0,-,,,,,,,,
1994-11-11,PCE💿SCD,💿512MB,ACT,バンダイ,ドラゴンボールZ偉大なる孫悟空伝説💿,調査中,調査中,0,-,,小峯徳司,清水邦彦|川合淳一|鈴木永康,鈴木永康|志田直俊,島村孝一,小山高生,浅沼誠,
1994-11-18,PCE💿SCD,💿512MB,ADV,徳間書店インターメディア,電脳天使デジタルアンジュ💿,調査中,調査中,0,-,,,,,,,,
1994-11-25,PCE💿SCD,💿512MB,QUIZ,NECアベニュー,クイズアベニューIII💿,調査中,調査中,0,-,,,,,,,,
1994-11-25,PCE💿SCD,💿512MB,ACT,NECホームエレクトロニクス,ゲッツェンディーナー💿,調査中,調査中,0,-,,富一成,富一成|武田信孝|本田宏治,吉成曜|福岡英典|守岡英行|赤井孝美,大熊謙一,,沢村武伺|武田康広|松原文彦,
1994-11-25,PCE💿SCD,💿512MB,RPG,日本テレネット,コズミックファンタジー4銀河少年伝説激闘編💿,調査中,調査中,0,-,,,,,,,,
1994-11-25,PCE💿SCD,💿512MB,他,バンプレスト,美少女戦士セーラームーンcollection💿,調査中,調査中,0,-,,,,,,,,
1994-12-09,PCE💿SCD,💿512MB,TBL,フジコム,カードエンジェルス💿,調査中,調査中,0,-,,,,,,,,
1994-12-16,PCE💿SCD,💿512MB,RPG,ハドソン,ロードス島戦記II💿,調査中,調査中,0,-,,,,,,,,
1994-12-22,PCE💿SCD,💿512MB,RPG,ライトスタッフ,アルナムの牙獣族十二神徒伝説💿,調査中,調査中,0,-,,木村明広,春名弘|桜井健一|手島義晶|中路健一,木村明広|西塚耕一|青柳久|金丸宏之|木村明広,澤下禎|川島伸二|日野由紀子,澤下禎|青柳久|金丸宏之|松本康志|北澤誠|木村明広,,
1994-12-22,PCE💿SCD,💿512MB,PZL,ハドソン,ボンバーマンぱにっくボンバー💿,調査中,調査中,0,-,,日比進,竹内久徳,竹内久徳|横山祥|横山祥|田口真之|藤波勝,須合真樹|竹間淳,,豊嶋真人,
1994-12-23,PCE💿SCD,💿512MB,SPT,NECホームエレクトロニクス,Jリーグトリメンダスサッカー'94💿,調査中,調査中,0,-,,,,,,,,
1994-12-23,PCE💿SCD,💿512MB,SLG,NECアベニュー,卒業II〜NeoGeneration〜💿,調査中,調査中,0,-,,,,,なし,,,
1994-12-29,PCE💿SCD,💿512MB,RPG,ビクター音楽産業,とらべらーず伝説をぶっとばせ💿,調査中,調査中,0,-,,,,,,,,
1995-01-03,PCE💿SCD,💿512MB,SLG,NECホームエレクトロニクス,プリンセスメーカー1💿,調査中,調査中,0,-,,,,赤井孝美,FM音源(PC-98|MSX2|X68000)|PSG音源(MSX2)|MIDI音源(PC/AT|X68000),,,
1995-01-20,PCE💿SCD,💿512MB,SLG,パック・イン・ビデオ,メタルエンジェル2💿,調査中,調査中,0,-,,,,,,,,
1995-01-31,PCE💿SCD,💿512MB,TBL,日本物産,セクシーアイドル麻雀野球拳の詩💿,調査中,調査中,0,-,,,,,,,,
1995-02-24,PCE💿SCD,💿512MB,SHT,日本コンピュータシステム,愛・超兄貴💿,調査中,調査中,0,-,,,濱田信次,永井一成,葉山宏治,,土田俊郎,
1995-02-24,PCE💿SCD,💿512MB,ACT,NECアベニュー,姐(あねさん)💿,調査中,調査中,0,-,,,,延東史朗|永井一成|延東史朗|はやしひろし,葉山宏治,,,
1995-03-03,PCE💿SCD,💿512MB,TBL,ナグザット,スーパーリアル麻雀P・Vカスタム💿,調査中,調査中,0,-,,,,,,,,
1995-03-17,PCE💿SCD,💿512MB,SLG,NECホームエレクトロニクス,ソリッドフォース💿,調査中,調査中,0,-,,,,,,,,
1995-03-31,PCE💿SCD,💿512MB,RPG,NECアベニュー,ドラゴンナイト＆グラフィティ💿,調査中,調査中,0,-,,,,,,,,
1995-04-07,PCE💿SCD,💿512MB,SPT,ヒューマン,フォーメーションサッカー95dellaセリエA💿,調査中,調査中,0,-,,,,,,,,
1995-04-28,PCE💿SCD,💿512MB,TBL,日本物産,スロット勝負師💿,調査中,調査中,0,-,,,,,,,,
1995-05-19,PCE💿SCD,💿512MB,SPT,NECホームエレクトロニクス,レッスルエンジェルス・ダブルインパクト団体経営編＆新人デビュー編💿,調査中,調査中,0,-,,,,,,,,
1995-05-26,PCE💿SCD,💿512MB,SLG,NECホームエレクトロニクス,機装ルーガII💿,調査中,調査中,0,-,,,,,,,,
1995-05-26,PCE💿SCD,💿512MB,RPG,ハドソン,空想科学世界ガリバーボーイ💿,調査中,調査中,0,30,,芦田豊雄,,芦田豊雄|神志那弘志|工藤誉寿治|井上邦彦,田中公平,広井王子|芦田豊雄,,
1995-05-26,PCE💿SCD,💿512MB,ADV,NECアベニュー,天地無用!魎皇鬼💿,調査中,調査中,0,-,,,,梶島正樹|寺岡賢司|小田武士|崎本さゆり|梶島正樹(オリジナル)|堀内博之|梶島正樹(オリジナル)|辻武司|ヤスダスズヒト(協力)|猪股雅美(アニメーション),平野義久,梶島正樹,,
1995-06-16,PCE💿SCD,💿512MB,RPG,パック・イン・ビデオ,熱血レジェンドベースボーラー💿,調査中,調査中,0,-,,,,,,,常田大希,
1995-06-16,PCE💿SCD,💿512MB,SLG,NECホームエレクトロニクス,プリンセスメーカー2💿,調査中,調査中,0,-,,,,赤井孝美,梶原正裕,,,
1995-06-23,PCE💿SCD,💿512MB,ACT,NECアベニュー,レニーブラスター💿,調査中,調査中,0,-,,上野真一,かじやすゆき,末弥純,森田広志,殿勝裕子,小座間隆,
1995-06-30,PCE💿SCD,💿512MB,ARPG,日本ファルコム,風の伝説ザナドゥII💿,調査中,調査中,0,-,,,,,,,,
1995-06-30,PCE💿SCD,💿512MB,ADV,ハドソン,銀河お嬢様伝説ユナ2永遠のプリンセス💿,調査中,調査中,0,-,,,,,,,,
1995-07-28,PCE💿SCD,💿512MB,ACT,NECアベニュー,あすか120%マキシマバーニングフェスト💿,調査中,調査中,0,-,,,,,,,,
1995-07-28,PCE💿SCD,💿512MB,SHT,NECアベニュー,スペースインベーダージ・オリジナルゲーム💿,調査中,調査中,0,30,,,,,,,,
1995-08-04,PCE💿SCD,💿512MB,他,ハドソン,百物語〜ほんとにあった怖い話〜💿,調査中,調査中,0,-,,西谷衆一郎,後藤誠,鈴木茂|増田祐司,阪本志崇,,井上佳典,
1995-08-11,PCE💿SCD,💿512MB,ADV,NECホームエレクトロニクス,プライベート・アイ・ドル💿,調査中,調査中,0,-,,,,,,,,
1995-08-11,PCE💿SCD,💿512MB,TBL,ナグザット,マージャン・ソードプリンセス・クエスト外伝💿,調査中,調査中,0,-,,,,,,,,
1995-09-22,PCE💿SCD,💿512MB,ADV,フジコム,真怨霊戦記💿,調査中,調査中,0,-,,,,,,,,
1995-09-29,PCE💿SCD,💿512MB,ACT,ライトスタッフ,ザ・ティーヴィーショー💿,調査中,調査中,0,-,,,,,,,,
1995-10-13,PCE💿SCD,💿512MB,RPG,NECホームエレクトロニクス,リンダキューブ💿,調査中,調査中,0,-,,安藤誠,長谷川浩,桝田省治|CANNABIS,樹原涼子|島村考一,桝田省治|稲本義彦|広瀬絵美,松原文彦|高橋孝造,
1995-10-27,PCE💿SCD,💿512MB,TBL,セタ,将棋データベース棋友💿,調査中,調査中,0,-,,,,,,,,
1995-11-23,PCE💿SCD,💿512MB,ADV,NECアベニュー,同級生💿,調査中,調査中,0,-,,,,,,,,
1995-12-22,PCE💿SCD,💿512MB,RPG,ハドソン,聖夜物語💿,調査中,調査中,0,-,,,,,,,,
1996-03-22,PCE💿SCD,💿512MB,SHT,TGL,スチーム・ハーツ💿,調査中,調査中,0,-,,,,,,,,
1996-03-29,PCE💿SCD,💿512MB,PZL,NECインターチャネル,ぷよぷよCD通💿,調査中,調査中,0,-,,,,,,,,
1996-05-31,PCE💿SCD,💿512MB,SLG,徳間書店インターメディア,ヴァージン・ドリーム💿,調査中,調査中,0,-,,,,,,,,
1996-06-28,PCE💿SCD,💿512MB,SPT,NECホームエレクトロニクス,GO!GO!バーディーチャンス💿,調査中,調査中,0,-,,,,,,,,
1996-07-12,PCE💿SCD,不明,ADV,NECインターチャネル,DE・JA💿,調査中,調査中,0,-,,,,,,,,
1996-07-26,PCE💿SCD,💿512MB,PZL,NECホームエレクトロニクス,バザールでござーるのゲームでござーる💿,調査中,調査中,0,-,,,,,,,,
1997-03-28,PCE💿SCD,💿512MB,SLG,NECホームエレクトロニクス,はたらく☆少女てきぱきワーキン・ラブ💿,調査中,調査中,0,-,,,,,,,,
1999-06-03,PCE💿SCD,💿512MB,ADV,NECホームエレクトロニクス,デッド・オブ・ザ・ブレイン1＆2💿,調査中,調査中,0,-,,,,荻原しょう子|中野彰子|荻原しょう子,岩崎元是,まいた菜穂,,
1988-10-29,MD,4M,SHT,セガ,スーパーサンダーブレード,"￥5,800","￥6,000代",0,31,,,,,並木晃一,,,
1988-10-29,MD,4M,SHT,セガ,スペースハリアーII,"￥5,800","￥6,000代",0,30,,,,,,,,
1988-11-27,MD,4M,ACT,セガ,獣王記,"￥5,800","￥6,000代",0,-,,,穂苅健一(AC)|浅井敏典(MD)|松田達夫(MD)|百田浩司(MD),"内田誠(AC)|安原広和(AC)|NO NUKES(MD)|HAGA(AC)|梶本隆博(AC)|小玉理恵子(MD)|UDI(MD)",中林亨(AC)|長井和彦(MD),,,
1988-12-24,MD,2M,ACT,セガ,おそ松くんはちゃめちゃ劇場,"￥5,500","￥5,500代",0,-,,,,,,,,
1989-02-10,MD,2M,ACT,セガ,アレックスキッド天空魔城,"￥5,500","￥5,500代",0,-,,林田浩太郎,中裕司,林田浩太郎|安原広和|小玉理恵子|大島直人|湯田高志|小林陽子|山口恭史,鎌谷千佳子|上保徳彦|長井和彦,,,
1989-03-21,MD,6M,RPG,セガ,ファンタシースターII還らざる時の終わりに,"￥8,000","￥8,000代",11,-,,青木千恵子,中裕司,小玉理恵子|大島直人|山口恭史|柴田和幸|米田仁士,上保徳彦,青木千恵子,中裕司,
1989-04-22,MD,4M,SPT,セガ,スーパーリーグ,"￥5,800","￥6,000代",0,-,,,,,,,,
1989-04-29,MD,4M,SLG,セガ,スーパー大戦略,"￥6,800","￥7,000代",0,31,,,,,,,,
1989-06-15,MD,4M,SHT,テクノソフト,サンダーフォースIIMD,"￥6,800","￥7,000代",0,-,,,,,,,,
1989-07-01,MD,4M,ACT,セガ,北斗の拳新世紀末救世主伝説,"￥6,000","￥6,000代",0,-,,,,,フランク・ワイルドホーン,高橋亜子,,
1989-07-29,MD,2M,SPT,セガ,ワールドカップサッカー,"￥5,500","￥5,500代",0,-,,,,,,,,
1989-08-03,MD,5M,ACT,セガ,大魔界村,"￥6,800","￥7,000代",8,31,,,小池ひろし|篠原雅嗣|上山真一|菅原伸育,藤原得郎|吉本伸一|山本尚司,河本圭代,,,
1989-09-09,MD,4M,SPT,セガ,尾崎直道のスーパーマスターズ,"￥6,000","￥6,000代",0,-,,,,,,,,
1989-10-06,MD,4M,RPG,アスミック,スーパーハイドライド,"￥7,900","￥8,000代",0,-,,,,,,,,
1989-10-06,MD,4M,RAC,セガ,スーパーハングオン,"￥6,000","￥6,000代",0,-,,浜垣博志,,,林克洋|並木晃一,,,
1989-10-21,MD,2M,ACT,セガ,ランボーIII,"￥5,500","￥5,500代",0,-,,,,,,,,
1989-11-18,MD,4M,SHT,セガ,フォゴットンワールズ,"￥6,000","￥6,000代",0,-,,,江川陽一|こじまのりこ|TAKEYO|山之内一雅,安田朗|西谷亮|船水紀孝|岡本吉起|栗原明美|TAKATA|SHINSYUDON|新谷さゆり|EMETARO,河本圭代|坂口由洋,,,
1989-11-25,MD,4M,ACT,セガ,孔雀王2幻影城,"￥6,000","￥6,000代",0,-,,,,越智博之(1)|摩砂雪(2)|岸田隆宏(3)|小池健|阿部恒,,荻野真,,
1989-12-02,MD,4M,ACT,セガ,ザ・スーパー忍,"￥6,000","￥6,000代",0,-,,,溝口松秀|KOTTSU,大場規勝|静岡太郎|湯田高志|清宮敦嗣,古代祐三,,山本圭一,
1989-12-09,MD,4M,SHT,セガ,TATSUJIN,"￥6,000","￥6,000代",0,-,,,弓削雅稔,荻原直樹|清水由美子,弓削雅稔,,弓削雅稔,
1989-12-14,MD,2M,TAB,セガ,マージャンCOP竜白狼の野望,"￥5,500","￥5,500代",0,-,,,,,,,,
1989-12-15,MD,4M,SLG,テクノソフト,ヘルツォーク・ツヴァイ,"￥6,800","￥7,000代",0,-,,,岩永孝,福田泉|マーク・ウィリアム・エリクセン,新井直介|大谷智巳,,,
1989-12-16,MD,5M,RPG,セガ,ヴァーミリオン,"￥8,500","￥8,500代",0,-,,,,,,,,
1989-12-23,MD,4M,SHT,マイクロネット,カース,"￥6,800","￥7,000代",0,-,,,,,,,,
1989-12-23,MD,4M,ACT,セガ,ゴールデンアックス,"￥6,000","￥6,000代",8,31,,,,内田誠,中林亨|高田陽,,,
1990-01-01,MD,4M,ETC,セガ,メガアンサー,"￥34,000","￥34,000代",0,-,,,,,,,,
1990-01-13,MD,2M,PUZ,セガ,ズーム,"￥5,500","￥5,500代",0,-,,,,,,,,
1990-01-30,MD,2M,PUZ,メサイヤ,史上最大の倉庫番,"￥5,200","￥5,000代",0,-,,,,,,,,
1990-02-24,MD,4M,RPG,セガ,ソーサリアン,"￥7,000","￥7,000代",0,-,,,木屋善夫,木屋善夫|山根ともお|都築和彦|大浦孝浩|佐藤善美|古代彩乃|小林誠(マニュアルイラスト),古代祐三|石川三恵子|竹林令子|永田英哉,五十嵐哲也|富一成|山根ともお|都築和彦,加藤正幸,
1990-03-02,MD,4M,SPT,セガ,スーパーリアルバスケットボール,"￥6,000","￥6,000代",0,-,,,,,,,,
1990-03-03,MD,4M,ACT,タイトー,ザ・ニュージーランドストーリー,"￥6,800","￥7,000代",0,-,,,,,,,,
1990-03-09,MD,4M,SHT,アスミック,エアダイバー,"￥6,800","￥7,000代",0,-,,,,,,,,
1990-03-16,MD,4M,SHT,メサイヤ,重装機兵レイノス,"￥6,200","￥6,000代",0,-,,,,,,,,
1990-03-23,MD,4M,SHT,電波新聞社,アフターバーナーII,"￥6,900","￥7,000代",0,-,,鈴木裕|浜垣博志,三船敏,鈴木裕,川口博史,,中山隼雄,
1990-03-23,MD,4M,SPT,タイトー,ファイナルブロー,"￥6,800","￥7,000代",0,-,,,藤末一郎|木下昌也|大野木雄一|いしわたたかゆき,石川幸生|沼田和博|野村明生,"ZUNTATA SOUND TEAM",,,
1990-04-07,MD,4M,SHT,セガ,ダーウィン4081,"￥6,000","￥6,000代",0,-,,,,,,,,
1990-04-21,MD,6M,RPG,セガ,時の継承者ファンタシースターIII,"￥8,700","￥8,500代",0,-,,佐伯広人|ヤン・ワット,SWEEPER|塚本一成,尾崎豊中|せがわまさき,竹内出穂,佐伯広人,塚本一成,
1990-04-27,MD,5M,ADV,シグマ商事,サイオブレード,"￥8,500","￥8,500代",0,-,,横山英二,西脇健太郎|小田芳郁,"中島健二|中島健二|三浦かよ子|YOSHINORI MASUDA|AKIMICHI MORIBE|早瀬孝子",長谷川和伯|富田茂,"TEAM RACCOON",横山俊朗,
1990-05-19,MD,4M,ACT,セガ,DJボーイ,"￥6,000","￥6,000代",0,-,,,,,,,,
1990-05-26,MD,4M,SHT,セガ,ウィップラッシュ惑星ボルテガスの謎,"￥6,000","￥6,000代",0,-,,,,,,,,
1990-06-08,MD,2M,TAB,サンソフト,TEL・TELまあじゃん,"￥5,800","￥6,000代",0,-,,,,,,,,
1990-06-08,MD,4M,SHT,テクノソフト,サンダーフォースIII,"￥6,800","￥7,000代",0,31,,,,,,,,
1990-06-23,MD,4M,SHT,セガ,大旋風,"￥6,000","￥6,000代",0,30,,,,,太田理,,,
1990-06-30,MD,4M,ACT,セガ,ゴーストバスターズ,"￥6,000","￥6,000代",0,-,,,,,エルマー・バーンスタイン,ダン・エイクロイド|ハロルド・ライミス,,
1990-06-30,MD,1M,PUZ,セガ,コラムス,"￥5,500","￥5,500代",13,-,,,,ジェイ・ギールセン,上保徳彦,,,
1990-07-14,MD,4M,ACT,セガ,ESWAT,"￥6,000","￥6,000代",0,-,,,,,,,,
1990-07-20,MD,4M,SHT,ナムコ,フェリオス,"￥5,800","￥6,000代",0,-,,,,,川元義徳,,,
1990-07-27,MD,4M,ACT,サンソフト,バットマン,"￥6,500","￥6,500代",0,-,,,,,,,,
1990-07-28,MD,4M,SPT,セガ,サイバーボール,"￥6,000","￥6,000代",0,-,,,,,,,,
1990-08-09,MD,4M,RAC,セガ,スーパーモナコGP,"￥6,000","￥6,000代",6,34,,,,小口久雄,並木晃一,,,
1990-08-10,MD,4M,ACT,タイトー,ラスタンサーガII,"￥6,800","￥7,000代",0,-,,小林よしのり,小林よしのり|とみたかひであき|たかはしとおる|かざまひでお,西村年幸|西村年幸|讃岐平|河上聖治|栗城源也,八木下直人|高木正彦,,小林よしのり,
1990-08-10,MD,4M,ACT,シグマ商事,四天明王,"￥6,200","￥6,000代",0,-,,,,,,,,
1990-08-25,MD,4M,ACT,セガ,マイケルジャクソンズムーンウォーカー,"￥6,000","￥6,000代",10,-,,,,マイケル・ジャクソン,中林亨,,,
1990-08-26,MD,4M,SHT,ユニパック,XDR,"￥6,800","￥7,000代",0,-,,,,,,,,
1990-09-07,MD,4M,SHT,ホット・ビィ,インセクターX,"￥6,800","￥7,000代",0,-,,,,,,,,
1990-09-07,MD,2M,PUZ,ナムコ,クラックス,"￥4,900","￥5,000代",0,-,,,デヴィッド・エーカース,マーク・スティーブン・ピアス,ブラッド・フラー,,,
1990-09-07,MD,2M,SHT,タイトー,スペースインベーダー90,"￥5,900","￥6,000代",0,-,,,,,,,,
1990-09-28,MD,4M,SHT,メサイヤ,ヘルファイアー,"￥6,800","￥7,000代",0,-,,,,,上村建也,,,
1990-09-29,MD,8M,ACT,セガ,ストライダー飛竜,"￥7,000","￥7,000代",0,-,,,やまうちとしひろ|小松多恵|みきとしひこ|桑名正|金子清巳,四井浩一|藤原得郎|吉本伸一|坂下眞司|栗原明美,民谷淳子,,,
1990-10-05,MD,4M,ACT,タイトー,レインボーアイランドエキストラ,"￥6,800","￥7,000代",0,-,,,藤末一郎|みきこうじ|おくのこうじ,三辻富貴朗|三辻富貴朗|讃岐平,相澤静夫|小倉久佳,三辻富貴朗,,
1990-10-12,MD,4M,ACT,ウルフチーム,FZ戦記AXIS(アクシス),"￥6,800","￥7,000代",0,-,,,,,,,,
1990-10-12,MD,5M,ACT,サンリツ電気,ファットマン,"￥7,800","￥8,000代",0,-,,,,,,,,
1990-10-19,MD,4M,SHT,ナムコ,バーニングフォース,"￥5,800","￥6,000代",0,-,,,,,川元義徳,,,
1990-10-20,MD,4M,SHT,セガ,アローフラッシュ,"￥6,000","￥6,000代",0,-,,,,,,,,
1990-10-21,MD,4M,SPT,サンソフト,TEL・TELスタジアム,"￥6,500","￥6,500代",0,-,,,"竹内昭人|ふじいひろかつ|メ メ|あんどうはつえ",AKIRA|AME,"VIAL MUSIC",,,
1990-10-27,MD,4M,ACT,セガ,ダイナマイトデューク,"￥6,000","￥6,000代",0,-,,,,,,,,
1990-11-02,MD,4M,SHT,東亜プラン,鮫!鮫!鮫!,"￥6,500","￥6,500代",0,31,,弓削雅稔,弓削雅稔,岩渕孝悦|中岡慎太郎,弓削雅稔,,,
1990-11-16,MD,4M,SHT,ウルフチーム,グラナダ,"￥6,800","￥7,000代",0,-,,,,,,,,
1990-11-21,MD,4M,ACT,セガ,アイラブミッキーマウスふしぎのお城大冒険,"￥4,800","￥5,000代",10,30,,山本恵美子(メガドライブ)|吉田芳雄(マスターシステム|ゲームギア),SATMAN(メガドライブ)|KOTTU(メガドライブ)|MUIMUI(メガドライブ)|ORE(メガドライブ)|庄司卓(マスターシステム|ゲームギア),"山本恵美子|吉田芳雄(マスターシステム|ゲームギア)|Michel Koba(マスターシステム|ゲームギア)|遠藤智三(マスターシステム|ゲームギア)|湯田高志(メガドライブ)|MIKARIN(メガドライブ)|LA-RIE(メガドライブ)| MACCOCHAN(メガドライブ)|川口貴子(マスターシステム|ゲームギア)|KYUUZOU F.(マスターシステム|ゲームギア)",神谷重徳,,"Stephan L. Butler|ORE(メガドライブ)",
1990-11-22,MD,2M,PUZ,ナムコ,メガパネル,"￥4,900","￥5,000代",0,-,,,PRIMON,乗松聡,田島勝朗,,,
1990-11-25,MD,4M,PUZ,マイクロネット,ジャンクション,"￥6,000","￥6,000代",0,-,,,,,,,,
1990-12-01,MD,4M,ACT,セガ,シャドーダンサーザ・シークレット・オブ・シノビ,"￥6,000","￥6,000代",0,-,,,,,,,,
1990-12-12,MD,4M,SPT,アスミック,キューティー鈴木のリングサイドエンジェル,"￥6,800","￥7,000代",0,-,,,なかみちさえこ,"NARISAWA|A AND K",森彰彦,,たかさきかずゆき,
1990-12-14,MD,4M,ACT,トレコ,アトミックロボキッド,"￥6,800","￥7,000代",0,-,,,新井利男,藤沢勉|藤沢勉|たじまとくひさ,メカノアソシエイツ,,,
1990-12-14,MD,4M,SHT,テクノソフト,エレメンタルマスター,"￥6,800","￥7,000代",0,-,,,,,,,,
1990-12-14,MD,4M,TAB,ゲームアーツ,ぎゅわんぶらあ自己中心派片山まさゆきの麻雀道場,"￥6,800","￥7,000代",0,-,,,,,,,,
1990-12-15,MD,4M,ACT,セガ,まじかるハットのぶっとびターボ!大冒険,"￥5,800","￥6,000代",0,-,,,,,,,,
1990-12-18,MD,4M,SHT,ナムコ,デンジャラスシード,"￥5,800","￥6,000代",0,-,,H.SHIMA,A.SAM|S.SHIMIZU,S.SHIMIZU|篠崎雄一郎|篠崎雄一郎|佐々木茂雄|福岡充,奈雲美徳,,,
1990-12-20,MD,4M,ACT,セガ,クラックダウン,"￥6,000","￥6,000代",0,-,,,,,川上泰広,,,
1990-12-20,MD,8M,SHT,タイトー,ダライアスII,"￥8,900","￥9,000代",0,-,,藤原英裕,大槻朗|中村辰男|廿楽昌志|征矢野伸二,藤原英裕|仙波隆綱|菊池正美|仙波隆綱|加藤久和,小倉久佳,,藤原英裕,
1990-12-21,MD,4M,ADV,メサイヤ,スタークルーザー,"￥7,300","￥7,500代",0,-,,,吉村功成|久原信広|宮園武志,吉村功成,山中季哉,吉村功成|宮園武志,,
1990-12-21,MD,2M,RAC,テンゲン,ハードドライビン,"￥5,900","￥6,000代",0,30,,,マックス・ベヘンスキー|ステファニー・モット,リック・モンクリーフ|エリック・ダーフィー|マックス・ベヘンスキー|ジェド・マーゴリン|ステファニー・モット|サム・コムストック|クリス・モーザー|デボラ・ショート,ドン・ディークナイテ,,,
1990-12-21,MD,4M,SHT,東亜プラン,武者アレスタ,"￥6,800","￥7,000代",0,-,,,外山雄一|弓恭羅,コンパイル|中島和之,迫田敏明,,仁井谷正充,
1990-12-22,MD,4M,ACT,セガ,モンスターレア,"￥6,000","￥6,000代",0,-,,西澤龍一,星崎直樹,石塚理恵|鈴子裕美,坂本慎一,,,
1990-12-26,MD,8M,SHT,テレネット,ガイアレス,"￥8,400","￥8,500代",0,-,,,,,,,三並達也,
1990-12-26,MD,4M,SHT,東宝,ヘビーユニットメガドライブスペシャル,"￥6,500","￥6,500代",0,-,,,,,,,,
1991-01-01,MD,4M,SPT,日刊スポーツ/データサプライズ/ＶＡＮ,日刊スポーツプロ野球VAN,"￥7,000","￥7,000代",0,-,,,,,,,,
1991-01-03,MD,4M,ACT,セガ,ゲイングランド,"￥6,000","￥6,000代",0,-,,,大岡良樹,マック・オースティン|ヤン・ワット|EIRO,高田陽|林克洋,,,
1991-01-25,MD,2M,ACT,タイトー,ヴォルフィード,"￥4,900","￥5,000代",0,-,,,こばやしよしのり|つかのとしあき|おきよういち,三辻富貴朗|三辻富貴朗|讃岐平|栗城源也,小倉久佳,,,
1991-01-25,MD,4M,SHT,メサイヤ,ジノーグ,"￥6,500","￥6,500代",0,-,,高杉学,HALLOWEEN|MOIYAH,瀧沢久己|中井覚,岩垂徳行|おおばあきえ,,鈴木英夫,
1991-01-31,MD,4M,SHT,カネコ,エアロブラスターズ,"￥6,000","￥6,000代",0,-,,,五十風さとし|竹内久徳,松岡けいすけ|尾鼻直人|T.KONAKAWA,渡辺達也,,金子浩,
1991-02-01,MD,2M,SPT,ビデオシステム,スーパーバレーボール,"￥5,800","￥6,000代",0,-,,,,,,,,
1991-02-08,MD,4M,SPT,ナムコ,レッスルボール,"￥5,800","￥6,000代",7,-,,,,,,,,
1991-02-15,MD,4M,SPT,セガ,バトルゴルファー唯,"￥6,000","￥6,000代",0,-,,,鈴木宗太郎|青木司,きんちゃん68000|しゅみれちゃん|ANO清水|まっぴらくん|ひとりん.はがいたい,K.NAKAYAMA|けんたくん.やった!|まるやまけい|長尾優進,きんちゃん68000,,
1991-02-22,MD,5M,SHT,トレコ,究極タイガー,"￥7,500","￥7,500代",0,-,,,弓削雅稔|上村建也,,弓削雅稔|上村建也,,,
1991-02-24,MD,8M,SLG,マイクロネット,シーザーの野望,"￥8,800","￥9,000代",0,-,,,,,,,,
1991-03-01,MD,4M,SPT,セガ,ジョー・モンタナフットボール,"￥6,000","￥6,000代",0,-,,,,,,,,
1991-03-01,MD,4M,ACT,セガ,ディックトレイシー,"￥6,000","￥6,000代",0,-,,,,,,,,
1991-03-08,MD,4M,SLG,セガ,バハムート戦記,"￥6,800","￥7,000代",0,-,,,むうみん|倉谷遣一,むうみん|倉谷遣一|塩谷博明,MUCHO&Comp.,,,
1991-03-19,MD,8M,ADV,ナムコ,ふしぎの海のナディア,"￥6,500","￥6,500代",0,-,,,,貞本義行,鷺巣詩郎,大川久男|梅野かおる,,
1991-03-22,MD,8M,ACT,テレネット,ヴァリスIII,"￥8,400","￥8,500代",0,-,,,,,,,,
1991-03-22,MD,4M,ACT,メサイヤ,魔物ハンター妖子第7の警鐘,"￥6,500","￥6,500代",0,-,,,,,,,,
1991-03-29,MD,8M,RPG,セガ,シャイニング＆ザ・ダクネス,"￥8,700","￥8,500代",16,31,,内藤寛,,吉田英博|玉木美孝,吉村政彦,高橋宏之,高橋宏之,
1991-03-29,MD,4M,SHT,九娯貿易,スーパーエアーウルフ,"￥6,800","￥7,000代",0,-,,,,,,,,
1991-03-29,MD,8M,ACT,データイースト,ミッドナイトレジスタンス,"￥7,800","￥8,000代",0,-,,,にしむらゆういち|はなだなおや|おおともゆうじ|TAC.H,秋林浩司|安達智生|皆川一巳|大西富士美|海宝吉成,原あづさ|吉田博昭|木内達也|こまつひとみ,,,
1991-03-29,MD,4M,SLG,ウルフチーム,斬夜叉円舞曲,"￥8,500","￥8,500代",0,-,,,,,,,,
1991-03-29,MD,8M,TAB,テレネット,雀偵物語,"￥8,400","￥8,500代",0,-,,,,,,,,
1991-04-05,MD,4M,SHT,アスミック,ヴェリテックス,"￥6,800","￥7,000代",0,-,,,,,,,,
1991-04-26,MD,4M,SLG,メサイヤ,ラングリッサー,"￥7,300","￥7,500代",8,-,,,,,,,,
1991-04-26,MD,4M,ACT,ビスコ,ワードナの森SPECIAL,"￥6,300","￥6,500代",0,-,,,和田悦拓,,太田理,,,
1991-04-26,MD,5M,ACT,ホット・ビィ,火激,"￥7,700","￥7,500代",0,-,,金子浩,おいかわかずゆき|さいぐさひろゆき|なりたのぶゆき|かとうたけお,金子浩,あいずせいいち,,,
1991-04-27,MD,4M,PUZ,サンソフト,紫禁城,"￥6,500","￥6,500代",0,-,,,,,,,,
1991-04-29,MD,8M,SLG,セガ,三国志列伝乱世の英雄たち,"￥8,700","￥8,500代",0,-,,,,,,,,
1991-05-17,MD,4M,ACT,セガ,ボナンザブラザーズ,"￥6,000","￥6,000代",0,-,,,,,並木晃一,,,
1991-05-31,MD,8M,SHT,東亜プラン,ゼロウイング,"￥8,000","￥8,000代",0,-,,,,,上村建也|富沢敏明|弓削雅稔,,,
1991-05-31,MD,4M,SHT,タイトー,ファイアームスタング,"￥6,800","￥7,000代",0,-,,,,,HIDE-KAZ,,,
1991-06-14,MD,8M,ACT,ウルフチーム,アークス・オデッセイ,"￥8,500","￥8,500代",0,-,,,,,,,,
1991-06-17,MD,8M,SLG,セガ,アドバンスド大戦略ドイツ電撃作戦,"￥8,700","￥8,500代",8,33,,,,,,,,
1991-06-22,MD,8M,RPG,講談社総研,ブルーアルマナック,"￥8,700","￥8,500代",0,-,,,,,,,,
1991-06-26,MD,8M,ACT,タイトー,サンダーフォックス,"￥8,500","￥8,500代",0,-,,,,前川浩之|河本憲孝|西川禎一|もりもとみなこ|はざまけんじ|おまえこうじ|やまだたかし|川岸誠治,海野和子,,,
1991-06-28,MD,4M,ACT,セガ,エイリアンストーム,"￥6,000","￥6,000代",0,-,,,,,,,,
1991-06-28,MD,4M,ACT,タイトー,セイントソード,"￥6,800","￥7,000代",0,-,,,,,アダム・ジャノタ・ブゾフスキ,ローズ・グラス,,
1991-06-28,MD,4M,RAC,ヒューマン,ファステスト・ワン,"￥7,500","￥7,500代",0,-,,,,,,,,
1991-06-28,MD,8M,ACT,ナムコ,マーベルランド,"￥7,000","￥7,000代",0,-,,CHITOSE,田中京太,ときた洸一,石井悦夫,CHITOSE,岡本進一郎|K.MATSUOKA,
1991-06-28,MD,4M,SPT,セガ,レッスルウォー,"￥6,000","￥6,000代",0,-,,,,,,,,
1991-07-06,MD,8M,SHT,マイクロネット,雷電伝説,"￥8,800","￥9,000代",0,-,,濱田均,K.KONDO|川口哲也|S.MORI,川口哲也|T.WADA|M.KOMAZAWA|T.MATSUZAWA|H.MATSUO,佐藤亜希羅,,濱田均,
1991-07-12,MD,4M,SPT,ナムコ,球界道中記,"￥6,000","￥6,000代",0,-,,,,,川田宏行,,,
1991-07-19,MD,4M,ACT,トレコ,ストリートスマート,"￥6,800","￥7,000代",0,-,,,,,,,,
1991-07-26,MD,4M,ACT,セガ,ソニック・ザ・ヘッジホッグ,"￥6,000","￥6,000代",23,33,,,,大島直人(オリジナルデザイン:クラシックソニック)|上川祐司(アドベンチャー以降:モダンソニック),,,,
1991-07-26,MD,4M,SLG,東芝EMI,マスター・オブ・モンスターズ,"￥7,800","￥8,000代",0,-,,,,,,,,
1991-08-02,MD,4M,ACT,セガ,ベア・ナックル怒りの鉄拳,"￥6,000","￥6,000代",0,-,,大場規勝,"百田浩司|LITTLE SUN",大場規勝|ちのひろあき|清宮敦嗣|福田ひろみ|NANDEMO|UDI,古代祐三,,百田浩司,
1991-08-02,MD,8M,SHT,テレネット,空牙,"￥8,400","￥8,500代",0,-,,,MIN|MYA|HAL|HMD,小林ひろのり|T.A|大西富士美|小泉隆秀|青山きんや|NABESIMA|長尾園美|榎本和美|社本千佳|かわむらまこと|INOPITA|松田淳,"吉田博昭|原あずさ|木内達也|FUSE|小松ひとみ|JOE KAMINKOW",,,
1991-08-02,MD,4M,ACT,ウルフチーム,超闘竜烈伝ディノランド,"￥6,800","￥7,000代",0,-,,,,,,,,
1991-08-06,MD,4M,RAC,ナムコ,メガトラックス,"￥6,000","￥6,000代",0,-,,,,,,,,
1991-08-09,MD,8M,RAC,セガ,アウトラン,"￥7,000","￥7,000代",0,30,,,三船敏(アーケード)|香川忠司(アーケード)|大江玲(アーケード)|中裕司(セガ・マークⅢ),鈴木裕(アーケード)|石井洋児(アーケード)|松浦稔(アーケード)|貞森康毅(セガ・マークⅢ),川口博史(アーケード)|上保徳彦(セガ・マークⅢ),,,
1991-08-09,MD,4M,SLG,セガ,ポピュラス,"￥6,000","￥6,000代",0,30,,,,,,,,
1991-08-30,MD,4M,ACT,セガ,ジュエルマスター,"￥6,000","￥6,000代",0,-,,,,,,,,
1991-08-30,MD,4M,SPT,セガ,プロ野球スーパーリーグ'91,"￥6,800","￥7,000代",0,-,,,,,,,,
1991-09-13,MD,8M,SHT,ＣＲＩ,ギャラクシーフォースII,"￥8,400","￥8,500代",0,-,,,,,林克洋|並木晃一,,,
1991-09-20,MD,8M,ACT,ウルフチーム,エル・ヴィエント,"￥8,500","￥8,500代",0,-,,,,,,,,
1991-09-20,MD,8M,RPG,セガ,レンタヒーロー,"￥8,700","￥8,500代",0,-,,,岡安啓司|板井克倫,岡安啓司|伊崎和宏,川口博史|光吉猛修,ありかわゆきのぶ,,
1991-09-27,MD,4M,SHT,タイトー,マスターオブウエポン,"￥6,800","￥7,000代",0,-,,島本享司,島本享司|村田武司|阿部哲士|近藤勝裕,石川幸生,小倉久佳|渡部恭久,,島本享司,
1991-09-27,MD,8M,SHT,セガ,戦場の狼II,"￥7,000","￥7,000代",0,-,,,赤堀雅行|T.OHTA|まついよしひろ,岡野正衛|藤原得郎|木嶋美紀|西尾仁志|はやしたかし|かくたゆかり|木佐貫久司|M.NONAKA|小林美保|Y.KATAYAMA,後藤真奈美,,,
1991-09-30,MD,8M,SHT,ＵＰＬ,宇宙戦艦ゴモラ,"￥7,500","￥7,500代",0,-,,,イトサム・マタルカ,藤沢勉|藤沢勉|青山きんや,長島義夫,,,
1991-10-10,MD,4M,ACT,テクノソフト,デビルクラッシュMD,"￥6,800","￥7,000代",0,-,,,,,,,,
1991-10-11,MD,4M,ACT,セガ,ソード・オブ・ソダン,"￥6,000","￥6,000代",0,-,,,,,,,,
1991-10-18,MD,4M,ACT,セガ,スパイダーマン,"￥6,000","￥6,000代",0,-,,,,,,,,
1991-10-25,MD,5M,ACT,セガ,ワンダーボーイVモンスターワールドIII,"￥7,000","￥7,000代",0,-,,平田豊|清水芳久,栗原孝典,盛岡三奈|栗原浩美|なかやまともこ|大空真紀,坂本慎一,,,
1991-10-25,MD,4M,ACT,タイトー,魔王連獅子,"￥6,800","￥7,000代",0,-,,細田邦治,植木正好,"WAO IWAO|片岡真喜男|細田邦治|ユー・ジェウ|片岡真喜男|池畑和義|かんのいちろう|ふくにしまさたか|NO MORE KATOH|平岩ひろかず",KANEDA,,,
1991-10-31,MD,2M,TAB,ホームデータ,将棋の星,"￥6,700","￥6,500代",0,-,,,,,,,,
1991-11-01,MD,4M,PUZ,セガ,ブロックアウト,"￥6,000","￥6,000代",0,-,,,,,,,,
1991-11-01,MD,8M,RPG,テレネット,ワンダラーズフロムイース,"￥8,700","￥8,500代",0,-,,,,,,,,
1991-11-02,MD,2M,PUZ,ホームデータ,ドラゴンズアイプラス上海III,"￥5,800","￥6,000代",0,-,,,,,,,,
1991-11-03,MD,1M,ETC,セガ,ゲーム図書館,"￥12,800","￥13,000代",0,-,,,,,,,,
1991-11-04,MD,不明,SPT,セガ,パターゴルフ(ゲーム図書館),調査中,調査中,0,-,,,,,,,,
1991-11-05,MD,2M,ACT,セガ,16t(ゲーム図書館),調査中,調査中,0,-,,,,,,,,
1991-11-06,MD,不明,ACT,セガ,アウォーグ(ゲーム図書館),調査中,調査中,0,-,,,,,,,,
1991-11-07,MD,不明,TAB,セガ,キスショット(ゲーム図書館),調査中,調査中,0,-,,,,,,,,
1991-11-08,MD,不明,PUZ,セガ,コラムス(ゲーム図書館),調査中,調査中,0,-,,,,,,,,
1991-11-09,MD,2M,PUZ,セガ,ソニックイレイザー(ゲーム図書館),調査中,調査中,0,-,,,,,,,,
1991-11-10,MD,不明,ACT,セガ,テディボーイブルース(ゲーム図書館),調査中,調査中,0,-,,,,,,,,
1991-11-11,MD,2M,PUZ,セガ,どきどきペンギンランド(ゲーム図書館),調査中,調査中,0,-,,,,,,,,
1991-11-12,MD,2M,ACT,セガ,ハイパーマーブル(ゲーム図書館),調査中,調査中,0,-,,,,,,,,
1991-11-13,MD,不明,SPT,セガ,パドルファイター(ゲーム図書館),調査中,調査中,0,-,,,,,,,,
1991-11-14,MD,2M,PUZ,セガ,ピラミッドマジック(ゲーム図書館),調査中,調査中,0,-,,,,,,,,
1991-11-15,MD,4M,ACT,タイトー,ルナーク,"￥6,800","￥7,000代",0,-,,"HIDE CHAN","菅原徹|MUSCLE SATO|八木正樹|安河内寿男|田中宏幸|こうやまゆういち",藪崎久也|菊地康彦|五十嵐恒三|藤原英裕|仙波隆綱|加藤久和|藪崎久也,渡部恭久,,藤原英裕,
1991-11-15,MD,不明,PUZ,セガ,ピラミッドマジックSpecia(ゲーム図書館),調査中,調査中,0,-,,,,,,,,
1991-11-16,MD,2M,PUZ,セガ,ピラミッドマジックII(ゲーム図書館),調査中,調査中,0,-,,,,,,,,
1991-11-17,MD,2M,PUZ,セガ,ピラミッドマジックIII(ゲーム図書館),調査中,調査中,0,-,,,,,,,,
1991-11-18,MD,2M,ADV,セガ,ファンタシースターIIテキストアドベンチャーアーミアの冒険(ゲーム図書館),調査中,調査中,0,-,,,,,,,,
1991-11-19,MD,8M,ACT,ナムコ,ローリングサンダー2,"￥7,000","￥7,000代",0,-,,根来司,二階堂和行,桑原弘,佐宗綾子,,,
1991-11-19,MD,不明,ADV,セガ,ファンタシースターIIテキストアドベンチャーアンナの冒険(ゲーム図書館),調査中,調査中,0,-,,,,,,,,
1991-11-20,MD,2M,ADV,セガ,ファンタシースターIIテキストアドベンチャーカインズの冒険(ゲーム図書館),調査中,調査中,0,-,,,,,,,,
1991-11-21,MD,2M,ADV,セガ,ファンタシースターIIテキストアドベンチャーシルカの冒険(ゲーム図書館),調査中,調査中,0,-,,,,,,,,
1991-11-22,MD,4M,ACT,セガ,ファンタジアミッキーマウス・マジック,"￥4,800","￥5,000代",0,-,,,,,,,,
1991-11-22,MD,不明,ADV,セガ,ファンタシースターIIテキストアドベンチャーネイの冒険(ゲーム図書館),調査中,調査中,0,-,,,,,,,,
1991-11-23,MD,2M,ADV,セガ,ファンタシースターIIテキストアドベンチャーヒューイの冒険(ゲーム図書館),調査中,調査中,0,-,,,,,,,,
1991-11-24,MD,不明,ADV,セガ,ファンタシースターIIテキストアドベンチャーユーシスの冒険(ゲーム図書館),調査中,調査中,0,-,,,,,,,,
1991-11-25,MD,不明,ADV,セガ,ファンタシースターIIテキストアドベンチャールドガーの冒険(ゲーム図書館),調査中,調査中,0,-,,,,,,,,
1991-11-26,MD,1M,ACT,セガ,フリッキー(ゲーム図書館),調査中,調査中,0,-,,,,,,,,
1991-11-27,MD,2M,PUZ,セガ,メガマインド(ゲーム図書館),調査中,調査中,0,-,,,,,,,,
1991-11-28,MD,不明,TAB,セガ,メダルシティ(ゲーム図書館),調査中,調査中,0,-,,,,,,,,
1991-11-29,MD,8M,ACT,テレネット,ビースト・ウォリアーズ,"￥8,400","￥8,500代",0,-,,,,,,,,
1991-11-29,MD,8M,SLG,アスミック,乱世の覇者,"￥9,800","￥10,000代",0,-,,,,,,,,
1991-11-29,MD,不明,TAB,セガ,リドルワイアード(ゲーム図書館),調査中,調査中,0,-,,,,,,,,
1991-11-30,MD,不明,ACT,セガ,ロボットバトラー(ゲーム図書館),調査中,調査中,0,-,,,,,,,,
1991-12-01,MD,1M,RPG,セガ,死の迷宮(ゲーム図書館),調査中,調査中,0,-,,,,,,,,
1991-12-05,MD,8M,SLG,セガ,忍者武雷伝説,"￥8,700","￥8,500代",0,-,,,,,,,,
1991-12-06,MD,8M,RPG,テレネット,エグザイル時の狭間へ,"￥8,900","￥9,000代",0,-,,,,,,,,
1991-12-06,MD,4M,ACT,トレコ,ファイティングマスターズ,"￥6,800","￥7,000代",6,-,,,,,,,,
1991-12-13,MD,8M,SLG,セガ,太平記,"￥8,700","￥8,500代",0,-,,,,,,,,
1991-12-20,MD,4M,RAC,日本物産,F1サーカスMD,"￥7,500","￥7,500代",0,-,,,,,,,,
1991-12-20,MD,4M,ACT,セガ,アイラブドナルドダックグルジア王の秘宝,"￥4,800","￥5,000代",0,-,,山本恵美子,SATMAN|MUMUI|山本圭一|百田浩司|服部隆一|大森正人|佐藤達也,山本恵美子|湯田高志|RICE|MIKARIN,神谷重徳,,"Jim Simmons",
1991-12-20,MD,8M,SHT,PALSOFT,アンデッドライン,"￥8,800","￥9,000代",0,-,,内藤時浩,山本風太郎,内藤時浩|蜂谷孝宏|新村英明|鈴木英津子,長谷川和伯,,,
1991-12-20,MD,8M,ACT,ＩＧＳ,ダーナ女神誕生,"￥8,900","￥9,000代",0,-,,,,,,,,
1991-12-20,MD,8M,SHT,トレコ,タスクフォースハリアーEX,"￥8,500","￥8,500代",0,-,,,,,HIDE-KAZ,,,
1991-12-20,MD,4M,ACT,PALSOFT,ダブルドラゴンII,"￥8,800","￥9,000代",0,-,,,,,,,,
1991-12-20,MD,8M,SLG,光栄,信長の野望武将風雲録,"￥11,800","￥12,000代",0,-,,,,,菅野よう子,,シブサワ・コウ,
1991-12-20,MD,8M,RAC,バリエ,中島悟監修F-1GRANDPRIX,"￥7,800","￥8,000代",0,-,,,,,,,,
1991-12-26,MD,8M,SLG,光栄,三國志II,"￥14,800","￥15,000代",0,-,,,,,向谷実,,シブサワ・コウ,
1991-12-27,MD,4M,ACT,セガ,ゴールデンアックスII,"￥6,000","￥6,000代",0,-,,,TAKUBON|K.KOBA,藤井一馬|川口博之|REW|尾崎豊中|SANT,幡谷尚史,,,
1991-12-27,MD,8M,ACT,テレネット,夢幻戦士ヴァリス,"￥8,400","￥8,500代",0,-,,林浩樹(グラフィック)|小川史生(音楽),秋篠雅弘,ウルフ・チーム|林浩樹,小川史生,林浩樹|三橋幸雄,林浩樹,
1992-01-14,MD,8M,SHT,サンソフト,スーパーファンタジーゾーン,"￥6,800","￥7,000代",0,-,,,KAWA-CHAN|KEROYON,AKIRA|ひろせまさのり|ほそえかずひと,小高直樹|瀬谷辰宇|原伸幸,,,
1992-01-14,MD,4M,TAB,ナムコ,ちびまる子ちゃんわくわくショッピング,"￥6,000","￥6,000代",0,-,,,,,,,,
1992-01-24,MD,8M,SPT,セガ,ジョー・モンタナIIスポーツトークフットボール,"￥6,800","￥7,000代",0,-,,,,,,,,
1992-01-31,MD,4M,ACT,セガ,JuJu伝説,"￥6,000","￥6,000代",0,-,,,佐久間明|西澤孝|青木司,北原春樹|かきうちひろ|藤咲淳一|松原順,あおきゆうさく|北原幸憩,,,
1992-01-31,MD,2M,SPT,シムス,テクモワールドカップ'92,"￥6,200","￥6,000代",0,-,,,,,,,,
1992-01-31,MD,4M,ACT,カネコ,ワニワニWorld,"￥6,600","￥6,500代",0,-,,,,,,,,
1992-02-07,MD,8M,RPG,メサイヤ,ソーサルキングダム,"￥8,800","￥9,000代",0,-,,,,,,,,
1992-02-14,MD,4M,ACT,テレネット,SDヴァリス,"￥6,800","￥7,000代",0,-,,,,,,,,
1992-02-14,MD,8M,RPG,テレネット,港のトレイジア,"￥8,900","￥9,000代",0,-,,,,,,,,
1992-02-28,MD,8M,ACT,データイースト,クルードバスター,"￥7,800","￥8,000代",0,-,,,井上隆明|秋山宗一,大谷明|皆川一巳|長尾園美|海宝吉成|栗原映子|大江真徳|野田伸二|北原智江|藤原仁美|社本千佳|榎本和美,原あづさ|吉田博昭|木内達也,,堀田巌,
1992-02-28,MD,4M,RAC,テンゲン,ロードブラスターズ,"￥6,800","￥7,000代",0,-,,,ボニー・スミスソン|ロバート・ウェザビー,,ブラッド・フラー(英語版),,,
1992-03-06,MD,4M,SHT,ビック東海,バトルマニア,"￥6,800","￥7,000代",0,-,,"TAKAYAN THE BARBARIAN","PROPELLER WADO|SABOTEN CUCTUS|TAKAYAN",DORO-P|PORTEN,濱田やすゆき,,,
1992-03-13,MD,8M,ACT,セガ,トージャム＆アール,"￥6,800","￥7,000代",0,-,,,,,,,,
1992-03-13,MD,8M,SHT,ホット・ビィ,鋼鉄帝国,"￥7,800","￥8,000代",0,-,,N.YAMAGUCHI|佐武義訓,,西健介|初谷諭,溝口功|窪寺義明|岩垂徳行,,朝長彰教,
1992-03-20,MD,不明,ETC,セガ,バックアップRAMカートリッジ,"￥6,300","￥6,500代",0,-,,,,,,,,
1992-03-20,MD,12M,SLG,セガ,シャイニング・フォース神々の遺産,"￥8,700","￥8,500代",24,-,,田口泰宏|折茂賢司,田口泰宏|田川佳紀|内藤寛|小寺春樹,高橋宏之|吉田英博|玉木美孝,吉村政彦,和智正喜|玉木美孝|高橋宏之,高橋宏之,
1992-03-27,MD,1M,TAB,セガ,アートアライブ,"￥3,800","￥4,000代",0,-,,,,,,,,
1992-03-27,MD,4M,SPT,ヒューマン,サンダープロレスリング列伝,"￥7,400","￥7,500代",0,-,,,いといまさし|Y.KATSUMATA,"ZIGGY SANO|きたむらただあき|小杉和則|江南直緒|H.SANO|畑朗宏|小滝佳治",さいとうたけし,,,
1992-03-27,MD,8M,ACT,ビクター音産,シャドー･オブ･ザ･ビースト魔性の掟,"￥8,800","￥9,000代",0,-,,,,,,,,
1992-03-27,MD,4M,ACT,ＭＣＷ,ストームロード,"￥6,800","￥7,000代",0,-,,,,,,,,
1992-03-27,MD,4M,RAC,セガ,ターボアウトラン,"￥6,000","￥6,000代",0,-,,浜垣博志,,"三船敏[注釈 1]","川口博史|高木保浩[注釈 2]",,,
1992-03-27,MD,8M,ACT,テンゲン,ピットファイター,"￥7,800","￥8,000代",0,-,,ゲイリー・スターク|マーク・ステファン・ピース,ゲイリー・スターク|ポール・クィン,ゲイリー・スターク|マーク・ステファン・ピース|ニコラス・スターン,ジョン・ポール,,ジェリー・モモダ,
1992-04-10,MD,4M,SLG,セガ,A列車で行こうMD,"￥6,800","￥7,000代",0,-,,,,,,,,
1992-04-24,MD,8M,ACT,ゲームアーツ,アリシアドラグーン,"￥7,800","￥8,000代",0,-,,,本間直純|原田修,上坂哲|幡池裕行|上村眞理子,笠谷文人|青島信幸|石母田守|園田容子|さとうまりこ,須永有三|神田善美,,
1992-04-24,MD,4M,TAB,ホット・ビィ,バッドオーメン,"￥6,800","￥7,000代",0,-,,,,,,,,
1992-04-24,MD,4M,ACT,セガ,まじかる☆タルるートくん,"￥3,880","￥4,000代",9,-,,山内重保,,大倉雅彦,横山菁児,江川達也,,
1992-04-29,MD,8M,SLG,光栄,大航海時代,"￥11,800","￥12,000代",0,-,,,,,,,,
1992-04-30,MD,4M,ACT,ＭＣＷ,スライムワールド,"￥6,800","￥7,000代",0,30,,,,,,,,
1992-05-15,MD,8M,RAC,バリエ,中島悟監修F1HEROMD,"￥7,800","￥8,000代",0,-,,,,,,,,
1992-05-28,MD,8M,SLG,マイクロネット,シーザーの野望II,"￥8,800","￥9,000代",0,-,,,,,,,,
1992-05-29,MD,8M,ACT,セガ,カメレオンキッド,"￥6,800","￥7,000代",0,-,,,,,,,,
1992-06-12,MD,4M,SPT,テレネット,グランドスラム,"￥6,800","￥7,000代",0,-,,,,,,,,
1992-06-19,MD,8M,SPT,ソフトビジョン,TOPPROGOLF,"￥8,500","￥8,500代",0,-,,,,,,,,
1992-06-19,MD,4M,SPT,ＣＲＩ,スピードボール2,"￥6,800","￥7,000代",0,30,,,,,,,,
1992-06-25,MD,8M,SLG,光栄,ロイヤルブラッド,"￥9,800","￥10,000代",0,-,,,,,伊藤ヨシユキ|新田真澄,,シブサワ・コウ,
1992-06-26,MD,4M,ACT,テンゲン,ペーパーボーイ,"￥6,800","￥7,000代",0,-,,,ジョン・サルウィッツ,デイヴ・ラルストン,ハル・キャノン|アール・ヴィッカーズ,,,
1992-06-26,MD,8M,RPG,セガ,闘技王キングコロッサス,"￥5,800","￥6,000代",0,-,,,,,,,,
1992-07-10,MD,4M,SPT,セガ,デビッド・ロビンソンバスケットボール,"￥4,800","￥5,000代",0,-,,,,,,,,
1992-07-10,MD,4M,SPT,セガ,炎の闘球児ドッジ弾平,"￥3,800","￥4,000代",0,-,,,,はしもとかつみ|郷敏治,勝又隆一,こしたてつひろ,,
1992-07-17,MD,8M,RAC,セガ,アイルトン・セナスーパーモナコGPII,"￥7,800","￥8,000代",11,-,,DOHNATTENNO,浜野隆弘|若山雅弘,KAKI|小玉理恵子|津川一吉,上保徳彦|小黒晴代,,SHIMACHAN,
1992-07-17,MD,8M,SHT,メサイヤ,グレイランサー,"￥8,300","￥8,500代",0,-,,,,,,,,
1992-07-24,MD,4M,SPT,セガ,オリンピックゴールド,"￥4,800","￥5,000代",0,-,,,,,,,,
1992-07-24,MD,8M,SHT,テクノソフト,サンダーフォースIV,"￥8,800","￥9,000代",5,-,,,,,,,,
1992-07-24,MD,8M,SLG,ＣＲＩ,ダイナブラザーズ,"￥8,800","￥9,000代",0,-,,,,,,,,
1992-07-24,MD,8M,SHT,ＷＡＳ,ツインクルテール,"￥7,800","￥8,000代",0,-,,,,,,,,
1992-08-04,MD,8M,ACT,ナムコ,スプラッターハウスPART2,"￥5,800","￥6,000代",0,-,,"100 TARO",おおほりはるお,"A CHAN|GYOEE〜! MIYACHAN|ながやまたいじ",金田栄子,,"PAPAYA PAYAPAYA",
1992-08-07,MD,4M,TAB,セガ,ひょっこりひょうたん島大統領をめざせ,"￥4,800","￥5,000代",0,-,,,,,,,,
1992-08-07,MD,8M,SLG,セガ,修羅の門,"￥6,000","￥6,000代",0,-,,,,,,,,
1992-08-07,MD,4M,SPT,PALSOFT,熱血高校ドッジボール部サッカー編MD,"￥8,800","￥9,000代",0,-,,,,,,,,
1992-09-24,MD,8M,SLG,光栄,提督の決断,"￥14,800","￥15,000代",0,-,,,,,宮川泰,シブサワ・コウ,シブサワ・コウ,
1992-09-26,MD,4M,SLG,ホット・ビィ,キングサーモン,"￥6,800","￥7,000代",0,-,,,,,,,,
1992-10-16,MD,8M,ACT,データイースト,チェルノブ,"￥7,800","￥8,000代",0,-,,,井上隆明|秋山宗一|HAGA,"野老雅典|J.S|MIX MAN|RITSU.T",原あづさ|吉田博昭|木内達也|TENNO,,,
1992-10-16,MD,8M,ACT,セガ,チキチキボーイズ,"￥6,000","￥6,000代",0,-,,船水紀孝|岡本吉起,"BLBON|MEIJIN|SAIKOU YUKI","Bully Duck|新谷さゆり|中山郁夫|たなべまゆみ",高岡宏光,,,
1992-10-23,MD,8M,SLG,メサイヤ,ヴィクセン357,"￥8,800","￥9,000代",0,-,,,,,,,,
1992-10-23,MD,4M,RAC,タイトー,スーパーH.Q.,"￥6,800","￥7,000代",0,-,,,,,,,,
1992-10-23,MD,4M,ADV,マーバ,機動警察パトレイバー98式起動せよ!,"￥7,800","￥8,000代",0,-,,,,,,,,
1992-10-30,MD,8M,SHT,セガ,クライング亜生命戦争,"￥6,800","￥7,000代",0,-,,,,,,,,
1992-10-30,MD,4M,SPT,セガ,ホリフィールドボクシング,"￥7,800","￥8,000代",0,-,,,,,,,,
1992-10-30,MD,16M,RPG,セガ,ランドストーカー皇帝の財宝,"￥8,700","￥8,500代",15,33,,折茂賢司|内藤寛,内藤寛,玉木美孝,武内基朗,西垣伸哉,,
1992-11-01,MD,8M,SLG,光栄,エアーマネジメント大空に賭ける,"￥11,800","￥12,000代",0,-,,,,,,,,
1992-11-08,MD,12M,SLG,光栄,三國志III,"￥14,800","￥15,000代",0,-,,,,,向谷実,,シブサワ・コウ,
1992-11-20,MD,4M,SPT,ＥＡＶ,プロフットボール,"￥6,800","￥7,000代",0,-,,,,,,,,
1992-11-20,MD,4M,SPT,ＥＡＶ,プロホッケー,"￥6,800","￥7,000代",0,-,,,,,,,,
1992-11-20,MD,8M,PUZ,サンソフト,レミングス,"￥7,800","￥8,000代",0,-,,,デイブ・ジョーンズ(英語版),ゲイリー・ティモンズ|スコット・ジョンストン,ブライアン・ジョンストン|ティム・ライト(英語版),,,
1992-11-20,MD,8M,RAC,ＥＡＶ,ロードラッシュ,"￥7,800","￥8,000代",0,-,,,,,,,,
1992-11-21,MD,8M,ACT,セガ,ソニック・ザ・ヘッジホッグ2,"￥6,800","￥7,000代",19,30,,吉井正晴(メガドライブ),山本正伸(メガドライブ)|中裕司(メガドライブ)|TOSHIYAN(マスターシステム|ゲームギア),安原広和(メガドライブ)|山口恭史(メガドライブ)|遠藤智三(マスターシステム|ゲームギア),中村正人(メガドライブ)|幡谷尚史(マスターシステム|ゲームギア)|尾形雅史(マスターシステム|ゲームギア)|澤田朋伯(マスターシステム|ゲームギア),,中山隼雄|中裕司(メガドライブ)|豊田信夫(メガドライブ),
1992-12-11,MD,8M,TAB,データイースト,サイドポケット,"￥7,800","￥8,000代",0,-,,,,,,,,
1992-12-11,MD,8M,ACT,カネコ,パワーアスリート,"￥8,500","￥8,500代",0,-,,,,,,,,
1992-12-11,MD,4M,SLG,テンゲン,ランパート,"￥6,800","￥7,000代",0,-,,,ジョン・サルウィッツ,ジョン・サルウィッツ|デヴィッド・ラルストン,ブラッド・フラー|ドン・ディークナイテ,,リンダ・ベンツァー,
1992-12-11,MD,8M,RAC,バリエ,中島悟監修F-1スーパーライセンス,"￥9,000","￥9,000代",0,-,,,,,,,,
1992-12-18,MD,8M,SPT,テンゲン,R.B.I.4.ベースボール,"￥7,800","￥8,000代",0,-,,,,,,,,
1992-12-18,MD,8M,ACT,セガ,アイラブミッキー＆ドナルドふしぎなマジックボックス,"￥6,800","￥7,000代",0,36,,,,,,,,
1992-12-18,MD,8M,TAB,Ｓ・Ｉ,パチンコクーニャン,"￥8,500","￥8,500代",0,-,,,,,,,,
1992-12-18,MD,4M,PUZ,セガ,ぷよぷよ,"￥4,800","￥5,000代",52,-,,,,,,,,
1992-12-22,MD,8M,ACT,コナミ,T.M.N.T.リターンオブザシュレッダー,"￥6,800","￥7,000代",0,-,,大山秀樹,鈴木弦,"MORIYAMA 25",泉陸奥彦|東野美紀,,,
1992-12-25,MD,8M,ACT,セガ,タズマニア,"￥6,800","￥7,000代",0,-,,,,,"J・エリック・シュミット | リチャード・ストーン | マーク・ワッターズ | ドン・デイヴィス |スティーブ・バースティン|ジョン・ギーヴン|カール・ジョンソン|ハーヴェイ・コーエン|ジェリー・グラント",ワーナー・ブラザース|ルーニー・テューンズ,アート・ウィテロ,
1992-12-26,MD,8M,SPT,ＥＡＶ,ドリームチームUSA,"￥7,800","￥8,000代",0,-,,,,,,,,
1993-01-14,MD,16M,ACT,セガ,ベア・ナックルII死闘への鎮魂歌,"￥7,800","￥8,000代",10,-,,,河野明敏,CADMIX|内村語|古代彩乃|市川幹人|古代彩乃|有賀ヒトシ|斉藤智晴,古代祐三|川島基宏,,,
1993-01-16,MD,8M,SLG,光栄,ヨーロッパ戦線,"￥12,800","￥13,000代",0,-,,,,,大野雄二,,シブサワ・コウ,
1993-01-29,MD,8M,SPT,ＭＣＷ,ザ・キックボクシング,"￥8,500","￥8,500代",0,-,,,,,,,,
1993-02-12,MD,8M,SHT,ＥＡＶ,F22インターセプター,"￥8,900","￥9,000代",0,-,,,,,,,,
1993-02-19,MD,8M,ACT,セガ,バットマン・リターンズ,"￥6,800","￥7,000代",0,-,,,,,ダニー・エルフマン,ボブ・ケイン,,
1993-02-19,MD,8M,ACT,ＥＡＶ,邪神ドラクソス,"￥8,900","￥9,000代",0,-,,,,,,,,
1993-02-26,MD,8M,SHT,セガ,G-LOC,"￥6,800","￥7,000代",0,-,,,,,,,,
1993-02-26,MD,4M,SPT,小学館プロ／ゲームアーツ,Jリーグチャンピオンサッカー,"￥6,800","￥7,000代",0,-,,,,,,,,
1993-02-26,MD,8M,ACT,セガ,マジンサーガ,"￥6,800","￥7,000代",0,-,,,,,,,,
1993-03-19,MD,16M,ACT,ナムコ,スプラッターハウスPART3,"￥6,800","￥7,000代",0,-,,"Naga! Yama!",おおほりはるお,"下間正巳|Gyoee! Miyazaki|Daiya.Y",金田栄子,,"下間正巳|Papaya Payapaya",
1993-03-25,MD,10M,SLG,光栄,蒼き狼と白き牝鹿元朝秘史,"￥11,800","￥12,000代",0,-,,,,,大島ミチル,,シブサワ・コウ,
1993-03-26,MD,8M,ACT,ＰＣＭ,GODS,"￥8,800","￥9,000代",0,-,,,,,,,"DREAMS COME TRUE",
1993-03-26,MD,8M,RAC,シムス,OutRun2019,"￥8,800","￥9,000代",0,-,,,,,,,,
1993-03-26,MD,4M,ACT,セガ,ドラえもん夢どろぼうと7人のゴザンス,"￥6,800","￥7,000代",0,-,,石井達也,小野寺正,久礼深雪|林宏樹|高梨誠|渡辺明美|高橋章|斉藤智晴|延東史郎,島村孝一,,渡部雅人,
1993-03-26,MD,4M,ACT,セガ,バトルトード,"￥6,800","￥7,000代",0,-,,,クリス・スタンパー|マーク・ベターリッジ,ティム・スタンパー(英語版)|クリス・スタンパー(英語版)|ケヴィン・ベイリス,デビッド・ワイズ,,ジョエル・ホッホバーグ,
1993-04-02,MD,8M,SPT,ＥＡＶ,NBAプロバスケットボールブルズVSレイカーズ,"￥8,900","￥9,000代",0,-,,,,,,,,
1993-04-09,MD,4M,ACT,マーバ,ウルトラマン,"￥5,800","￥6,000代",0,-,,,,,,"金城哲夫 ほか",,
1993-04-16,MD,8M,SPT,ＥＡＶ,PGAツアーゴルフII,"￥9,800","￥10,000代",0,-,,,,,,,,
1993-04-23,MD,8M,SHT,ＥＡＶ,デザートストライク湾岸作戦,"￥8,900","￥9,000代",0,-,,,,,,,,
1993-04-23,MD,2M,SPT,ナムコ,ボールジャックス,"￥6,000","￥6,000代",0,-,,,,,,,,
1993-04-23,MD,8M,SLG,ＣＲＩ,メガロマニア,"￥8,800","￥9,000代",0,-,,,,,,,,
1993-04-23,MD,12M,ACT,セガ,餓狼伝説宿命の戦い,"￥8,800","￥9,000代",9,-,,,,,,,,
1993-04-29,MD,4M,ACT,ＥＡＶ,ゾウ!ゾウ!ゾウ!レスキュー大作戦,"￥8,900","￥9,000代",0,-,,,,,,,,
1993-05-14,MD,4M,ACT,テンゲン,007・死闘,"￥6,800","￥7,000代",0,-,,,,,".mw-parser-output .hlist dl|.mw-parser-output .hlist ol|.mw-parser-output .hlist ul{margin:0;padding:0}.mw-parser-output .hlist dd|.mw-parser-output .hlist dt|.mw-parser-output .hlist li{margin:0;display:inline-block;word-break:keep-all}.mw-parser-output .hlist.inline|.mw-parser-output .hlist.inline dl|.mw-parser-output .hlist.inline ol|.mw-parser-output .hlist.inline ul|.mw-parser-output .hlist dl dl|.mw-parser-output .hlist dl ol|.mw-parser-output .hlist dl ul|.mw-parser-output .hlist ol dl|.mw-parser-output .hlist ol ol|.mw-parser-output .hlist ol ul|.mw-parser-output .hlist ul dl|.mw-parser-output .hlist ul ol|.mw-parser-output .hlist ul ul{display:inline}.mw-parser-output .hlist .mw-empty-li{display:none}.mw-parser-output .hlist dt::after{content:"": ""}.mw-parser-output .hlist dd:after|.mw-parser-output .hlist li:after{content:"" ·\a0 "";font-weight:bold}.mw-parser-output .hlist-pipe dd:after|.mw-parser-output .hlist-pipe li:after{content:"" |\a0 "";font-weight:normal}.mw-parser-output .hlist-hyphen dd:after|.mw-parser-output .hlist-hyphen li:after{content:"" -\a0 "";font-weight:normal}.mw-parser-output .hlist-comma dd:after|.mw-parser-output .hlist-comma li:after{content:""|"";font-weight:normal}.mw-parser-output .hlist-slash dd:after|.mw-parser-output .hlist-slash li:after{content:"" /\a0 "";font-weight:normal}.mw-parser-output .hlist dd:last-child:after|.mw-parser-output .hlist dt:last-child:after|.mw-parser-output .hlist li:last-child:after{content:none}.mw-parser-output .hlist dd dd:first-child:before|.mw-parser-output .hlist dd dt:first-child:before|.mw-parser-output .hlist dd li:first-child:before|.mw-parser-output .hlist dt dd:first-child:before|.mw-parser-output .hlist dt dt:first-child:before|.mw-parser-output .hlist dt li:first-child:before|.mw-parser-output .hlist li dd:first-child:before|.mw-parser-output .hlist li dt:first-child:before|.mw-parser-output .hlist li li:first-child:before{content:""("";font-weight:normal}.mw-parser-output .hlist dd dd:last-child:after|.mw-parser-output .hlist dd dt:last-child:after|.mw-parser-output .hlist dd li:last-child:after|.mw-parser-output .hlist dt dd:last-child:after|.mw-parser-output .hlist dt dt:last-child:after|.mw-parser-output .hlist dt li:last-child:after|.mw-parser-output .hlist li dd:last-child:after|.mw-parser-output .hlist li dt:last-child:after|.mw-parser-output .hlist li li:last-child:after{content:"")\a0 "";font-weight:normal}.mw-parser-output .hlist ol{counter-reset:listitem}.mw-parser-output .hlist ol>li{counter-increment:listitem}.mw-parser-output .hlist ol>li:before{content:"" ""counter(listitem)""\a0 ""}.mw-parser-output .hlist dd ol>li:first-child:before|.mw-parser-output .hlist dt ol>li:first-child:before|.mw-parser-output .hlist li ol>li:first-child:before{content:""(""counter(listitem)""\a0 ""}ポール・マッカートニーリンダ・マッカートニー",,ジョージ・マーティン,
1993-05-28,MD,8M,SHT,セガ,エクスランザー,"￥7,800","￥8,000代",0,-,,,,,,,,
1993-05-28,MD,8M,ACT,テンゲン,スノーブラザーズ,"￥7,800","￥8,000代",0,-,,,,,太田理,,,
1993-05-28,MD,10M,SLG,光栄,太閤立志伝,"￥11,800","￥12,000代",0,-,,,,,大島ミチル,,シブサワ・コウ,
1993-06-04,MD,8M,SHT,ＥＡＶ,LHXアタックチョッパー,"￥6,800","￥7,000代",0,-,,,,,,,,
1993-06-09,MD,4M,ACT,ＥＡＶ,ジェームスポンドIIコードネーム・ロボコッド,"￥6,900","￥7,000代",0,-,,,,,,,,
1993-06-11,MD,8M,SHT,テンゲン,スラップファイト,"￥7,800","￥8,000代",0,-,,,,,弓削雅稔,,,
1993-06-18,MD,8M,SPT,セガ,Jリーグプロストライカー,"￥8,800","￥9,000代",8,-,,,,,,,,
1993-06-18,MD,8M,SLG,ＥＡＶ,パワーモンガー,"￥8,900","￥9,000代",0,-,,,ピーター・モリニュー|グレン・コープス(英語版)|ケヴィン・ドンキン,ゲイリー・カー|サイモン・ハンター,チャールズ・キャレット,,,
1993-06-25,MD,8M,SPT,Ｓ・Ｉ,TOPPROGOLF2,"￥8,500","￥8,500代",0,-,,,,,,,,
1993-06-25,MD,8M,SHT,Ｓ・Ｉ,エリミネートダウン,"￥8,500","￥8,500代",0,-,,,,,,,,
1993-06-25,MD,8M,ACT,セガ,ゴールデンアックスIII,"￥6,800","￥7,000代",0,-,,,TAKUBON,藤井一馬|飯塚隆|WARUKATTA|岡田茂|杵村史朗,幡谷尚史|前田龍之|小黒晴代|澤田朋伯,,,
1993-06-25,MD,4M,SHT,テンゲン,スティールタロンズ,"￥6,800","￥7,000代",0,-,,,,,,,,
1993-07-23,MD,8M,ACT,セガ,ザ・スーパー忍II,"￥6,800","￥7,000代",0,-,,伊藤知行|松橋武,青木司|矢島利明|大井章雄,なかざわなおひさ|岩沢一之|荻窪勝彦|平間広行|森屋英明|原正憲,長尾優進|村崎弘史|秋山森彦,,高見富夫|兼安時紀,
1993-07-23,MD,8M,RAC,ＥＡＶ,ロードラッシュII,"￥8,900","￥9,000代",0,-,,,,,,,,
1993-07-30,MD,8M,SPT,ＥＡＶ,NBAプレイオフブルズVSブレイザーズ,"￥8,900","￥9,000代",0,-,,,,,,,,
1993-07-30,MD,8M,ACT,セガ,エコー・ザ・ドルフィン,"￥6,800","￥7,000代",7,31,,,,,,,"E. Ettore Annunziata",
1993-07-30,MD,10M,SLG,講談社総研,騎士伝説,"￥9,800","￥10,000代",0,-,,,,,,,,
1993-08-06,MD,8M,ACT,コナミ,ロケットナイトアドベンチャーズ,"￥7,800","￥8,000代",0,-,,中里伸也,堀尾健一郎,中里伸也|さとうしおり|高野泰,大内正徳|畑亜貴|安達昌宣|小林裕|山根ミチル,,桐田富和,
1993-08-10,MD,16M,ACT,ＥＡＶ,ウィザード・オブ・イモータル,"￥9,800","￥10,000代",0,-,,,,,,,,
1993-08-13,MD,4M,ACT,テンゲン,マーブルマッドネス,"￥6,800","￥7,000代",0,-,,,ボブ・フラナガン,マーク・サーニー,ハル・カノン|ブラッド・フラー,,,
1993-08-20,MD,8M,ACT,ＥＡＶ,キリング・ゲームショー,"￥8,900","￥9,000代",0,-,,,,,,,,
1993-08-27,MD,16M,ACT,セガ,ジュラシック・パーク,"￥6,800","￥7,000代",0,-,,,,,,"『Jurassic Park Adventures: Survivor』(2001年) 『Jurassic Park Adventures: Prey』(2001年) 『Jurassic Park Adventures: Flyers』(2002)",,
1993-09-03,MD,16M,ACT,セガ,ああ播磨灘,"￥7,800","￥8,000代",0,-,,長田紀生,,新井豊,天野正道,さだやす圭,,
1993-09-10,MD,8M,ACT,セガ,ガンスターヒーローズ,"￥6,800","￥7,000代",9,-,,,八井田満|菅波秀幸,菊池哲彦|井内洋,半沢紀夫,,,
1993-09-10,MD,8M,SPT,ＥＡＶ,ミュータントリーグ・フットボール,"￥8,900","￥9,000代",0,-,,,,,,,,
1993-09-15,MD,4M,SLG,光栄,信長の野望全国版,"￥8,800","￥9,000代",0,-,,,,,菅野よう子,,シブサワ・コウ,
1993-09-17,MD,8M,ACT,テンゲン,ガントレット,"￥7,800","￥8,000代",0,-,,,,,,,,
1993-09-23,MD,8M,ACT,セガ,マクドナルドトレジャーランド・アドベンチャー,"￥6,800","￥7,000代",0,-,,,,,,,,
1993-09-24,MD,8M,SPT,ＥＡＶ,ジョーダンVSバードONEonONE,"￥8,900","￥9,000代",0,-,,,,,,,,
1993-09-28,MD,24M,ACT,カプコン,ストリートファイターIIダッシュプラス,"￥9,800","￥10,000代",19,30,,,,安田朗(AKIMAN),下村陽子|阿部功,,岡本吉起,
1993-10-01,MD,16M,SLG,セガ,シャイニング・フォースII古えの封印,"￥8,800","￥9,000代",22,-,,高橋秀五|田口泰宏,田口泰宏|高橋秀五|小寺春樹|沼屋賢司|山本豊|田中つかさ,SUEZEN,武内基朗,高橋宏之|久末律子|清水秀二,高橋宏之,
1993-10-15,MD,4M,PUZ,セガ,コラムスIII対決!コラムスワールド,"￥4,800","￥5,000代",0,-,,,,,,,,
1993-10-29,MD,12M,SPT,セガ,ペブルビーチの波涛,"￥8,800","￥9,000代",0,-,,横山英二,加藤英治,中島健二,冨田茂,,横山俊朗,
1993-11-05,MD,8M,TAB,セガ,パーティクイズMEGAQ,"￥6,800","￥7,000代",0,-,,,,,,,,
1993-11-05,MD,8M,TAB,セガ,雀皇登竜門,"￥6,800","￥7,000代",0,-,,,,,,,,
1993-11-12,MD,16M,ACT,セガ,アラジン,"￥7,800","￥8,000代",10,35,,,,,,,,
1993-11-19,MD,8M,ACT,ＥＡＶ,スペースファンキーB.O.B.,"￥8,900","￥9,000代",0,-,,,,,,,,
1993-11-19,MD,4M,ACT,タイトー,フリントストーン,"￥3,880","￥4,000代",0,-,,,,,,,,
1993-11-26,MD,8M,SHT,テンゲン,MiG-29,"￥7,800","￥8,000代",0,-,,,,,,,,
1993-11-26,MD,8M,ACT,セガ,キング・オブ・ザ・モンスターズ,"￥6,800","￥7,000代",0,-,,,,,田中敬一|西田和弘,,,
1993-11-26,MD,8M,SPT,テクモ,テクモスーパーボウル,"￥8,900","￥9,000代",0,-,,,,,,,,
1993-12-03,MD,16M,ACT,コナミ,T.M.N.T.トーナメントファイターズ,"￥8,800","￥9,000代",0,-,,大山秀樹,鈴木弦,"MORIYAMA 25",泉陸奥彦|東野美紀,,,
1993-12-03,MD,16M,SLG,ＣＲＩ,ダイナブラザース2,"￥8,800","￥9,000代",0,-,,,,,,,,
1993-12-10,MD,8M,TAB,セガ,ソニックスピンボール,"￥6,800","￥7,000代",0,-,,ロジャー・ヘクター,デニス・コブル|リー・アクター|ケン・ローズ|スティーブ・ウォーター|ジェイソン・プラム|アール・ストラットン|デイヴ・サナー|スコット・チャンドラー,ピーター・モラウィエク|ホイト・ウン|ジョン・ダガン,"バリー・ブルム|ブライアン・コバーン|ハワード・ドロシン|OUI MULTIMEDIA",,菅野豊,
1993-12-10,MD,8M,ACT,テンゲン,ドラゴンズリベンジ,"￥7,800","￥8,000代",0,-,,,,,,,,
1993-12-10,MD,16M,SHT,コナミ,リーサルエンフォーサーズ,"￥9,800","￥10,000代",0,-,,波多野よしあき,波多野よしあき,スティーヴ・ジョンソン,福井健一郎,,,
1993-12-17,MD,8M,SPT,セガ,Jリーグプロストライカー完全版,"￥8,800","￥9,000代",7,-,,,,,,,,
1993-12-17,MD,16M,SHT,ＥＡＶ,ジャングルストライク受け継がれた狂気,"￥8,900","￥9,000代",0,-,,,,,,,,
1993-12-17,MD,24M,RPG,セガ,ファンタシースター千年紀の終りに,"￥8,800","￥9,000代",22,-,,小玉理恵子|吉田徹,円藤義秋|山本大輔,吉田徹|津川一吉|吉田徹|西山彰則|森司|小玉理恵子,竹内出穂|中垣斉己,西山彰則,,
1993-12-17,MD,4M,SPT,ビスコ,ブギウギ・ボーリング,"￥6,800","￥7,000代",0,-,,,,,,,,
1993-12-17,MD,4M,SHT,ビクターＥ,メタルファング,"￥6,800","￥7,000代",0,-,,,,,,,,
1993-12-17,MD,12M,SPT,T＆Eソフト,遥かなるオーガスタ,"￥8,800","￥9,000代",0,-,,横山英二,加藤英治,中島健二,冨田茂,,横山俊朗,
1993-12-24,MD,8M,SHT,ビック東海,バトルマニア大吟醸,"￥7,800","￥8,000代",0,-,,,,,,,,
1993-12-25,MD,16M,ACT,テンゲン,オーサムポッサム,"￥8,800","￥9,000代",0,-,,,,,,,,
1993-12-26,MD,4M,ACT,ＥＡＶ,クルーボール,"￥6,800","￥7,000代",0,-,,,,,,,,
1993-12-29,MD,12M,ACT,サンソフト,フラッシュバック,"￥8,000","￥8,000代",0,-,,,,,,,,
1993-12-29,MD,8M,RPG,講談社総研,魔天の創滅,"￥8,900","￥9,000代",0,-,,,,,,,,
1994-01-01,MD,不明,TAB,株式会社サンサン,サンサン,調査中,調査中,0,-,,,,,,,,
1994-01-14,MD,8M,SLG,ＥＡＶ,ジェネラル・カオス大混戦,"￥8,900","￥9,000代",0,-,,,,,,,,
1994-01-14,MD,16M,ACT,セガ,龍虎の拳,"￥8,800","￥9,000代",0,-,,,,,,,,
1994-01-28,MD,12M,SPT,セガ,デビルズコース,"￥8,800","￥9,000代",0,-,,,,,,リンジー・デヴリン,,
1994-01-28,MD,16M,ADV,セガ,幽☆遊☆白書外伝,"￥8,800","￥9,000代",0,-,,,,,,,,
1994-02-04,MD,16M,SPT,セガ,NFLフットボール'94,"￥8,800","￥9,000代",0,-,,,,,,,,
1994-02-11,MD,16M,SPT,セガ,ウィンターオリンピック,"￥7,800","￥8,000代",0,-,,,,,,,,
1994-02-18,MD,16M,SPT,ＥＡＶ,NFLプロフットボール'94,"￥9,800","￥10,000代",0,-,,,,,,,,
1994-02-18,MD,8M,SLG,光栄,エアーマネジメントII航空王をめざせ,"￥12,800","￥13,000代",0,-,,,,,岩崎琢,,シブサワ・コウ,
1994-02-18,MD,24M,ACT,セガ,エターナルチャンピオンズ,"￥7,800","￥8,000代",0,-,,,,,,,,
1994-02-18,MD,8M,ACT,ヴァージン,クールスポット,"￥8,000","￥8,000代",0,-,,,,,,,,
1994-02-25,MD,8M,SHT,アクレイム,T2ジ・アーケードゲーム,"￥8,800","￥9,000代",0,-,,,,,,,,
1994-02-25,MD,8M,SPT,テンゲン,デビスカップ,"￥7,800","￥8,000代",0,-,,,,,,,,
1994-02-25,MD,12M,SPT,セガ,ワイアラエの奇蹟,"￥8,800","￥9,000代",0,-,,横山英二,加藤英治,中島健二,冨田茂,,横山俊朗,
1994-02-25,MD,16M,SLG,光栄,信長の野望覇王伝,"￥12,800","￥13,000代",0,-,,,,,菅野よう子,,シブサワ・コウ,
1994-03-04,MD,16M,SPT,ＥＡＶ,2020年スーパーベースボール,"￥9,800","￥10,000代",0,-,,,,,,,,
1994-03-04,MD,8M,SPT,テクモ,テクモスーパーNBAバスケットボール,"￥8,900","￥9,000代",0,-,,,,,,,,
1994-03-04,MD,16M,SPT,コナミ,ハイパーダンクザ・プレイオフエディション,"￥8,800","￥9,000代",0,-,,,,,,,,
1994-03-11,MD,16M,ACT,マーバ,クレヨンしんちゃん嵐を呼ぶ園児,"￥8,800","￥9,000代",0,-,,,,尾形和正|田中康介|牛村憲彦,富樫則彦,,,
1994-03-18,MD,16M,RAC,セガ,バーチャレーシング,"￥9,800","￥10,000代",19,33,,鈴木裕,鈴木裕,名越稔洋,光吉猛修,,,
1994-03-18,MD,8M,ACT,コナミ,バンパイアキラー,"￥7,800","￥8,000代",0,-,,,,,山根ミチル,,桐田富和,
1994-03-18,MD,24M,ACT,セガ,ベアナックルIII,"￥7,800","￥8,000代",8,-,,YUI,百田浩司,WANTER|ZOZO|清宮敦嗣,古代祐三|川島基宏,,OSSIY|NORIYUKI,
1994-03-25,MD,16M,SPT,アクレイム,WWFロイヤルランブル,"￥8,900","￥9,000代",0,-,,,,,,,,
1994-03-25,MD,8M,SHT,テンゲン,ヴイ・ファイヴ,"￥7,800","￥8,000代",0,-,,高野健一,岩倉聖治|池田恒基,直良有祐|山口幹雄,弓削雅稔,,,
1994-03-25,MD,8M,ACT,ビック東海,タイムドミネーター,"￥7,800","￥8,000代",0,-,,,,,,,,
1994-04-01,MD,16M,TAB,セガ,タントアール,"￥7,800","￥8,000代",0,-,,,,,,,,
1994-04-01,MD,16M,ACT,バンダイ,ドラゴンボールZ武勇列伝,"￥8,800","￥9,000代",8,-,,,,森下孝三|蛭田成一,天岸真志,,宮河恭夫|清水泰臣|鈴木敏弘,
1994-04-01,MD,12M,ACT,セガ,モンスターワールドIV,"￥8,800","￥9,000代",0,-,,西澤龍一,H.TOHYAMA,大空真紀,渡辺人,,,
1994-04-02,MD,4M,RPG,セガ,ファンタシースター復刻版,"￥4,800","￥5,000代",0,-,,,,,,,,
1994-04-22,MD,8M,ACT,データイースト,キャプテンラング,"￥6,800","￥7,000代",0,-,,,,大谷明|さとうむつのり,清水絵美|岩崎正明,,,
1994-04-29,MD,16M,SPT,アクレイム,NBAJAM,"￥8,800","￥9,000代",0,-,,,,,,,,
1994-05-13,MD,16M,RAC,セガ,アウトランナーズ,"￥7,800","￥8,000代",0,-,,,,,中村隆之|光吉猛修|川口博史,,,
1994-05-20,MD,8M,SPT,セガ,ウィンブルドン,"￥6,800","￥7,000代",0,-,,,,,,,,
1994-05-27,MD,16M,SLG,ＥＡＶ,F117ステルスオペレーション:ナイトストーム,"￥9,800","￥10,000代",0,-,,,,,,,,
1994-05-27,MD,16M,SPT,セガ,グレイテストヘビーウェイツ,"￥7,800","￥8,000代",0,-,,,,,,,,
1994-05-27,MD,16M,ACT,セガ,ソニック・ザ・ヘッジホッグ3,"￥5,800","￥6,000代",17,-,,安原広和,中裕司|浜野隆弘|山元雅信,安原広和|よしだひさよし|飯塚隆|湯田高志|青木國武|横川聡,ブラッド・バクサー|ロバート・グリーン・ブルックス(英語版)|ダリル・ロス|ジェフ・グレース|ダグ・グリグスビー3世|シロッコ|マイケル・ジャクソン(クレジットなし)|瀬上純,,中山隼雄|中裕司,
1994-05-27,MD,16M,ACT,アクレイム,モータルコンバット,"￥7,800","￥8,000代",0,-,,,,エド・ブーン|ジョン・トビアス,ダン・フォーデン,,,
1994-05-28,MD,16M,ACT,ヴァージン,ロボコップVSターミネーター,"￥8,900","￥9,000代",0,-,,,,,,,,
1994-06-10,MD,16M,SPT,ＥＡＶ,FIFAインターナショナルサッカー,"￥9,800","￥10,000代",0,-,,,,,,,,
1994-06-17,MD,16M,RPG,セガ,新創世紀ラグナセンティ,"￥8,000","￥8,000代",6,-,,,,,,,,
1994-06-24,MD,8M,ACT,ヴァージン,チャックロックII,"￥8,000","￥8,000代",0,-,,,,,,,,
1994-06-24,MD,8M,SPT,アクレイム,チャンピオンズワールドクラスサッカー,"￥7,800","￥8,000代",0,-,,,,,,,,
1994-06-24,MD,16M,SLG,セガ,ロードモナーク・とことん戦闘伝説,"￥8,800","￥9,000代",0,-,,,,,,,,
1994-06-24,MD,24M,ACT,タカラ,餓狼伝説2新たなる闘い,"￥9,800","￥10,000代",0,-,,,,塚本高史|白井影二,清水敏夫|おさかようこ|北村芳彦|幡谷正彦,,川崎英吉,
1994-06-24,MD,16M,SLG,光栄,大航海時代II,"￥11,800","￥12,000代",0,-,,,,,菅野よう子,,シブサワ・コウ,
1994-06-25,MD,40M,ACT,カプコン,スーパーストリートファイターIITHENEWCHALLENGERS,"￥10,900","￥11,000代",12,31,,西谷亮,,西谷亮(NIN)|安田朗(AKIMAN),下村陽子|阿部功,,岡本吉起,
1994-07-01,MD,16M,SPT,ＥＡＶ,NBAプロバスケットボール'94,"￥9,800","￥10,000代",0,-,,,,,,,,
1994-07-08,MD,16M,ACT,マーバ,美少女戦士セーラームーン,"￥8,800","￥9,000代",0,-,,,,,,,,
1994-07-15,MD,16M,SPT,セガ,Jリーグプロストライカー2,"￥7,800","￥8,000代",0,-,,,,,,,,
1994-07-22,MD,16M,SLG,セガ,ハイブリッド・フロント,"￥8,800","￥9,000代",0,-,,,,角田純悦|末弥純|青井邦夫,幡谷尚史|白津順子,,,
1994-07-22,MD,16M,ACT,セガ,パルスマン,"￥7,800","￥8,000代",0,-,,杉森建|田尻智,増田順一|太田健程|西橋倫治|太田智道,杉森建|田尻智|杉森建|藤原基史|にしだあつこ,増田順一,たにぐちりょうすけ,,
1994-08-05,MD,16M,ACT,セガ,ダイナマイトヘッディー,"￥6,800","￥7,000代",0,-,,麻生宏(MD),前川正人(MD),木村幸一(MD)|荻野誠(MD),鈴木勝彦(MD)|山田耕治(MD)|畑亜貴(MD)|半沢紀雄(MD)|松平あこ(GG),,木村幸一(MD)|鋒山元茂(GG),
1994-08-12,MD,20M,SHT,サンソフト,パノラマコットン,"￥9,500","￥9,500代",0,-,,田村英樹,,"田村英樹|Motoi Saito|伊藤しのぶ",平田健一,,,
1994-08-26,MD,16M,ACT,セガ,エコー・ザ・ドルフィン2,"￥6,800","￥7,000代",0,-,,,,,,,"E. Ettore Annunziata",
1994-08-26,MD,16M,SLG,メサイヤ,ラングリッサー2,"￥9,800","￥10,000代",16,-,,,,,,,,
1994-09-09,MD,24M,ACT,アクレイム,モータルコンバットII究極神拳,"￥8,800","￥9,000代",0,-,,,,,,,,
1994-09-15,MD,16M,ACT,コナミ,魂斗羅ザ・ハードコア,"￥9,000","￥9,000代",0,-,,中里伸也,みやおかけんじ,梅津泰臣,小林でび|荘司朗|みやおかけんじ|山根ミチル|山岡晃|谷口博史,中里伸也,桐田富和,
1994-09-16,MD,16M,RPG,セガ,ドラゴンスレイヤー英雄伝説,"￥8,800","￥9,000代",0,-,,,,,,,,
1994-09-23,MD,8M,ACT,コナミ,スパークスターロケットナイトアドベンチャーズ2,"￥8,800","￥9,000代",0,31,,,,,,,,
1994-09-30,MD,24M,ACT,セガ,幽☆遊☆白書魔強統一戦,"￥8,800","￥9,000代",8,-,,菊地徹彦,右京雅生|八井田満,菊地徹彦|荻野誠,村田智|鈴木勝彦|畑亜貴|半沢紀雄,,,
1994-10-21,MD,16M,ACT,カプコン,ロックマンメガワールド,"￥8,500","￥8,500代",0,-,,,,,,,,
1994-10-28,MD,16M,ACT,セガ,ソニック＆ナックルズ,"￥7,800","￥8,000代",7,30,,安原広和,中裕司|浜野隆弘|山元雅信,安原広和|よしだひさよし|飯塚隆|湯田高志|青木國武|横川聡,"en:Howard Drossin|瀬上純",,中山隼雄|中裕司|豊田信夫,
1994-10-28,MD,18M,ACT,セガ,ソニック＆ナックルズ+その他,調査中,調査中,0,-,,,,,,,,
1994-10-28,MD,20M,ACT,セガ,ソニック＆ナックルズ+ソニック1,調査中,調査中,0,-,,,,,,,,
1994-10-28,MD,26M,ACT,セガ,ソニック＆ナックルズ+ソニック2,調査中,調査中,0,-,,,,,,,,
1994-10-28,MD,32M,ACT,セガ,ソニック＆ナックルズ+ソニック3,調査中,調査中,0,-,,,,,,,,
1994-11-18,MD,24M,ACT,アトラス,豪血寺一族,"￥9,800","￥10,000代",0,-,,,,,,,,
1994-11-19,MD,24M,ACT,セガ,サムライスピリッツ,"￥8,800","￥9,000代",0,-,,,,,,,,
1994-12-02,MD,16M,PUZ,コンパイル,ぷよぷよ通,"￥6,800","￥7,000代",12,-,,,,,,,,
1994-12-03,MD(32X),16M,SHT,セガ,DOOM,"￥7,800","￥8,000代",0,30,,,ジョン・D・カーマック|ジョン・ロメロ|デイブ・テイラー,ジョン・ロメロ|トム・ホール|サンディ・ピーターセン|エイドリアン・カーマック|ケヴィン・クラウド,ボビー・プリンス,,,
1994-12-03,MD(32X),24M,SHT,セガ,スターウォーズ・アーケード,"￥8,800","￥9,000代",0,-,,,,,,,,
1994-12-03,MD(32X),16M,SHT,セガ,スペースハリアー,"￥4,980","￥5,000代",0,-,,藤井睦弘(セガ・マークIII),三船敏(アーケード)|川竹英士(アーケード)|中裕司(セガ・マークIII),鈴木裕(アーケード)|麻生宏(アーケード)|津田知介(アーケード)|永田英朗(アーケード)|貞森康毅(セガ・マークIII),川口博史(アーケード)|鈴木裕(アーケード)|上保徳彦(セガ・マークIII),中裕司(セガ・マークIII)|藤井睦弘(セガ・マークIII)|百田浩司(セガ・マークIII),金成貫(アーケード)|中裕司(セガ・マークIII),
1994-12-09,MD,24M,RPG,セガ,ストーリー・オブ・トア光を継ぐ者,"￥8,800","￥9,000代",0,-,,,高橋幸生|小山英樹|河野明敏,内村語|古代彩乃|有賀ヒトシ,古代祐三,小川珠里,古代祐三,
1994-12-09,MD,24M,ACT,ヴァージン,ライオンキング,"￥7,800","￥8,000代",0,-,,,,,ハンス・ジマー,なし,,
1994-12-16,MD,8M,ACT,アルトロン,トムとジェリー,"￥8,800","￥9,000代",0,-,,,,,,,,
1994-12-16,MD,16M,RAC,アクレイム,ナイジェルマンセル・インディカー,"￥7,800","￥8,000代",0,-,,,,,,,,
1994-12-16,MD(32X),24M,RAC,セガ,バーチャレーシングデラックス,"￥8,800","￥9,000代",0,-,,,,,,,,
1994-12-16,MD,16M,ACT,カプコン,ミッキーとミニーマジカルアドベンチャー2,"￥7,800","￥8,000代",0,-,,,篠原雅嗣,,友澤眞,,ノア・ダッドレー|ゲーリー・グレイパー,
1994-12-20,MD,16M,SPT,テクモ,テクモスーパーボウル2スペシャルエディション,"￥9,980","￥10,000代",0,-,,,,,,,,
1995-01-13,MD(32X),16M,SHT,セガ,アフターバーナー・コンプリート,"￥4,980","￥5,000代",0,-,,,,,,,,
1995-01-13,MD,16M,TAB,セガ,イチダントアール,"￥6,800","￥7,000代",0,31,,,,,,,,
1995-01-20,MD,16M,RPG,セガ,ドラゴンスレイヤー英雄伝説II,"￥8,800","￥9,000代",0,-,,,,,,,,
1995-01-27,MD(32X),24M,ACT,セガ,サイバーブロール,"￥7,800","￥8,000代",0,-,,,,,,,,
1995-02-17,MD,16M,ACT,セガ,リスター・ザ・シューティングスター,"￥6,800","￥7,000代",0,-,,,金子博政|吉田茂|ひらいなおみ|松本卓也,西野陽|新村岳史|三宅拓巳|上川祐司,佐々木朋子,,麻生宏|押谷眞|石井洋児|金成実,
1995-02-24,MD(32X),24M,SPT,セガ,GOLFMAGAZINEPRESENTS36GREATHOLESSTARRINGFREDCOUPLES,"￥8,800","￥9,000代",0,-,,,,,,,,
1995-02-24,MD,24M,SPT,アクレイム,NBAJAMトーナメントエディション,"￥8,800","￥9,000代",0,-,,,,,,,,
1995-02-24,MD,24M,SPT,アクレイム,NFLクォーターバッククラブ'95,"￥8,800","￥9,000代",0,-,,,,,,,,
1995-02-24,MD,16M,ACT,セガ,エイリアンソルジャー,"￥6,800","￥7,000代",0,-,,,菅波秀幸,進藤要,半沢紀雄,,菅波秀幸,
1995-02-24,MD(32X),24M,ACT,セガ,メタルヘッド,"￥7,800","￥8,000代",0,-,,,,,,,,
1995-03-17,MD,16M,RPG,セガ,サージングオーラ,"￥8,800","￥9,000代",0,-,,,,いのまたむつみ,,林田浩太郎,,
1995-03-24,MD(32X),24M,ACT,セガ,TEMPO,"￥7,800","￥8,000代",0,-,,,,,,,,
1995-03-31,MD,16M,ACT,セガ,ミッキーマニア,"￥7,800","￥8,000代",0,30,,,,,,,,
1995-04-21,MD(32X),24M,ACT,セガ,カオティクス,"￥7,800","￥8,000代",0,-,,小林正英|中村篤彦|なかざわなおひさ,岡本浩|矢島利明,福津浩|三浦桂介|小野健一|工藤稜|三宅拓巳|石渡爾奈|星野一幸|ソエジマヤスフミ,白津順子|南波真理子,,麻生宏|押谷眞|マイク・ラーセン,
1995-04-26,MD(32X),16M,SHT,セガ,ステラアサルト,"￥7,800","￥8,000代",0,-,,,,,,,,
1995-04-28,MD,16M,SPT,バンダイ,テレビアニメ・スラムダンク強豪真っ向対決!,"￥8,800","￥9,000代",0,-,,,,,,,,
1995-04-28,MD,16M,ACT,アクレイム,トゥルーライズ,"￥7,800","￥8,000代",0,-,,,,,ブラッド・フィーデル,クロード・ジディ|シモン・ミシェル|ディディエ・カミンカ,,
1995-05-19,MD(32X),32M,ACT,アクレイム,モータルコンバットII究極神拳,"￥9,800","￥10,000代",0,-,,,,,,,,
1995-05-26,MD,16M,ACT,アクレイム,マキシマムカーネイジ,"￥7,800","￥8,000代",0,-,,,,,,,,
1995-05-26,MD,16M,ACT,セガ,ライトクルセイダー,"￥7,800","￥8,000代",0,-,,,石田和彦|前川正人,井内洋|荻野誠|進藤要|木村幸一,畑亜貴,,,
1995-07-14,MD(32X),24M,SPT,アクレイム,NFLクォーターバッククラブ'95,"￥8,800","￥9,000代",0,-,,,,,,,,
1995-07-14,MD(32X),16M,SHT,セガ,パラスコード,"￥7,800","￥8,000代",0,-,,,,,,,,
1995-07-21,MD,16M,SPT,セガ,超球界ミラクルナイン,"￥7,800","￥8,000代",0,-,,,,,,,,
1995-07-28,MD(32X),32M,SLG,光栄,三國志IV,"￥14,800","￥15,000代",0,-,,,,,長生淳|久保田邦夫,,シブサワ・コウ,
1995-08-04,MD,16M,SPT,セガ,プロストライカーファイナルステージ,"￥7,800","￥8,000代",0,-,,,,,,,,
1995-09-01,MD(32X),32M,SPT,アクレイム,NBAジャム・トーナメントエディション,"￥9,800","￥10,000代",0,-,,,,,,,,
1995-09-01,MD(32X),32M,SPT,アクレイム,WWFRAW,"￥9,800","￥10,000代",0,-,,,,,"Lil Wayne",エド・コスキー|RAW構成作家,ビンス・マクマホン|ケビン・ダン|トリプルH,
1995-09-01,MD,16M,ACT,セガ,コミックスゾーン,"￥7,800","￥8,000代",0,30,,エイドリアン・スティーブンス,エイドリアン・スティーブンス,ピーター・モラウィエク|ピーター・モラウィエク|トニー・デズニーガ(英語版)|アレックス・ニーニョ(英語版),ハワード・ドロシン,,マイケル・ウォーリス,
1995-09-01,MD,24M,ACT,アクレイム,ジャスティスリーグ,"￥8,800","￥9,000代",0,-,,,,,ダニー・エルフマン,DCコミックス,,
1995-09-01,MD,16M,ACT,アクレイム,ジャッジ・ドレッド,"￥7,800","￥8,000代",0,-,,,,,アラン・シルヴェストリ,キャラクター創造|ジョン・ワグナー|カルロス・エスクエラ,,
1995-09-22,MD,8M,ACT,セガ,ジ・ウーズ,"￥5,800","￥6,000代",0,-,,,デイヴ・サナー,ジェイソン・クオ|スティーグ・ヘドランド(英語版)|デイヴ・サナー|ボブ・スティール|ジョン・デュガン,ハワード・ドロシン,,マイケル・ウォーリス,
1995-10-20,MD(32X),32M,ACT,セガ,バーチャファイター,"￥7,800","￥8,000代",0,30,,鈴木裕,池淵徹,石井精一,中村隆之,,鈴木裕,
1995-10-27,MD,24M,ACT,アクレイム,バットマンフォーエヴァー,"￥8,800","￥9,000代",0,-,,,,,エリオット・ゴールデンサール,キャラクター創造|ボブ・ケイン,,
1995-10-27,MD,24M,SPT,アクレイム,フォアマンフォーリアル,"￥8,800","￥9,000代",0,-,,,,,,,,
1995-12-22,MD,8M,ACT,セガ,ぺぺんがPENGO,"￥4,980","￥5,000代",0,-,,,,,,,,
1995-12-31,MD,24M,SPT,アクレイム,WWFRAW,"￥8,800","￥9,000代",0,-,,,,,"Lil Wayne",エド・コスキー|RAW構成作家,ビンス・マクマホン|ケビン・ダン|トリプルH,
1995-12-31,MD,16M,ACT,アクレイム,バーチャルバート,"￥8,800","￥9,000代",0,-,,,,,,,,
1996-03-22,MD,16M,RPG,コンパイル,魔導物語I,"￥7,800","￥8,000代",0,-,,,,,,,,
1991-12-12,MD💿CD,💿540MB,-,ウルフチーム,ソル・フィース💿,調査中,調査中,0,-,,,谷裕紀彦,浜田忠司|山本利雄,桜庭統,おおつやまちしお,秋篠雅弘,
1991-12-12,MD💿CD,💿540MB,-,マイクロネット,ヘビーノバ💿,調査中,調査中,0,-,,,,,,,,
1991-12-14,MD💿CD,💿540MB,-,シュールド・ウェーブ,ノスタルジア1907💿,調査中,調査中,0,-,,,,,,,,
1991-12-20,MD💿CD,💿540MB,-,ウルフチーム,アーネスト・エバンス💿,調査中,調査中,0,-,,,,,,,,
1991-12-20,MD💿CD,💿540MB,-,セガ,惑星ウッドストックファンキーホラーバンド💿,調査中,調査中,0,-,,,,,,,,
1991-12-28,MD💿CD,💿540MB,-,ゲームアーツ,天下布武英雄たちの咆哮💿,調査中,調査中,0,-,,宮路武,大畑和幸|浜田憲一,上村眞理子|毛利彰,青島伸幸|石母田守|KASS|園田容子|西隆宏,上坂哲,宮路洋一,
1992-02-18,MD💿CD,💿540MB,-,ウルフチーム,精霊神世紀フェイエリア💿,調査中,調査中,0,-,,,,,,,,
1992-03-27,MD💿CD,💿540MB,-,日本テレネット,コズミックファンタジーストーリーズ💿,調査中,調査中,0,-,,,,,,,,
1992-04-17,MD💿CD,💿540MB,-,日本テレネット,デスブリンガー秘められた紋章💿,調査中,調査中,0,-,,,,,,,スピッツ|高橋信彦|笹路正徳|土方隆行,
1992-05-29,MD💿CD,💿540MB,-,ウルフチーム,アイルロード💿,調査中,調査中,0,-,,,,,,,,
1992-05-29,MD💿CD,💿540MB,-,セガ,クイズスクランブルスペシャル💿,調査中,調査中,0,-,,,,,,,,
1992-06-19,MD💿CD,💿540MB,-,日本テレネット,魔法の少女シルキーリップ💿,調査中,調査中,0,-,,遠藤正二朗,大竹リップ♡,木下崇,梅津貴陽,遠藤正二朗,小川史生,
1992-06-26,MD💿CD,💿540MB,-,ゲームアーツ,ルナザ・シルバースター💿,調査中,調査中,11,-,,,,窪岡俊之,溝口功|岩垂徳行|藤岡央|窪寺義明|渋谷道玄,重馬敬,宮路洋一,
1992-07-31,MD💿CD,💿540MB,-,ホット・ビィ,デトネイター・オーガン💿,調査中,調査中,0,-,,,,"菊池通隆|幡池裕行[注 1]|柿沼秀樹[注 2]|山根公利[注 2]|阿久津潤一[注 2]|夢野れい[注 2]",平沢進,柿沼秀樹,,
1992-08-07,MD💿CD,💿540MB,-,ビクター,プリンス・オブ・ペルシャ💿,調査中,調査中,0,-,,,ジョーダン・メックナー,ジョーダン・メックナー,フランシス・メックナー,,ブライアン・エーラー,
1992-08-28,MD💿CD,💿540MB,-,ウルフチーム,サンダーストームFX💿,調査中,調査中,0,-,,,,,,,,
1992-09-11,MD💿CD,💿540MB,-,セガ,ブライ八玉の勇士伝説💿,調査中,調査中,0,-,,,,,,,,
1992-09-25,MD💿CD,💿540MB,-,セガ,ライズ・オブ・ザ・ドラゴン💿,調査中,調査中,0,30,,ジェフ・タネル(英語版),ダリウス・ルーカス|リチャード・レイル|ケヴィン・ライアン,ジェフ・タネル|ランディ・ダルシャム|ロバート・カラコール,ドン・ラタルスキー(英語版)|クリストファー・スティーブンス(英語版),ジェリー・ラトレル|デヴィッド・セラ,,
1992-09-25,MD💿CD,💿540MB,-,ビクター,ワンダードッグ💿,調査中,調査中,0,-,,,,高橋沙妃,"DÉ DÉ MOUSE|ミト",野島伸司,,
1992-10-23,MD💿CD,💿540MB,-,マイクロネット,ブラックホールアサルト💿,調査中,調査中,0,-,,,,,,,,
1992-10-30,MD💿CD,💿540MB,-,セガ,プロ野球スーパーリーグCD💿,調査中,調査中,0,-,,,,,,,,
1992-11-13,MD💿CD,💿540MB,-,ウルフチーム,タイムギャル💿,調査中,調査中,0,-,,,くりやまたかし,藤原英裕|今沢哲男|我妻宏,今村善雄,,,
1992-11-27,MD💿CD,💿540MB,-,コンパイル,電忍アレスタ💿,調査中,調査中,0,-,,渡辺孝行,TAKIN|山下孝一|広野隆行,渡辺孝行|龍王院弘|大西伸一|高島俊介|渡辺孝行,田中勝巳|嶋崎聡,,仁井谷正充,
1992-12-18,MD💿CD,💿540MB,-,セガ,アフターバーナー3💿,調査中,調査中,0,-,,鈴木裕|浜垣博志,三船敏,鈴木裕,川口博史,,中山隼雄,
1992-12-18,MD💿CD,💿540MB,-,ウルフチーム,ロードブラスターFX💿,調査中,調査中,0,32,,岸本良久,熊谷慎太郎,高山秀樹|稲野義信,,,,
1992-12-18,MD💿CD,💿540MB,-,ゲームアーツ,ぎゅわんぶらあ自己中心派2激闘!東京マージャンランド編💿,調査中,調査中,6,30,,,,,,,,
1992-12-25,MD💿CD,💿540MB,-,ウルフチーム,天舞メガCDスペシャル💿,調査中,調査中,0,-,,,,,,,,
1992-12-25,MD💿CD,💿540MB,-,シムス,カプコンのクイズ殿様の野望💿,調査中,調査中,0,-,,,松嶋延幸|中井一仁,"飯島哲也|C.KANEMITSU|M.OKAZAKI|KITASAN|MARILYN HIGUCHI",松前真奈美|GIPS.PAPA,,岡本吉起,
1992-01-04,MD💿CD,💿540MB,-,ビクター,ワンダーメガコレクション💿,調査中,調査中,0,-,,,,,,,,
1992-07-26,MD💿CD,💿540MB,-,BMGビクター,SING!!セガゲームミュージックPresentedbyB.B.クィーンズ💿,調査中,調査中,0,-,,,,,,,,
1993-01-03,MD💿CD,💿540MB,-,データウエスト,サイキック・ディテクティブ・シリーズVol.3AYA💿,調査中,調査中,0,-,,,,,,,,
1993-01-29,MD💿CD,💿540MB,-,ゲームアーツ,ゆみみみっくす💿,調査中,調査中,0,-,,岡部博明,小山洋幸|坂本順一|瀬川佳久|金井秀樹|工藤直樹|渡谷光浩,竹本泉,上條有|國島憲一|松田明男,竹本泉,宮路洋一|上坂哲,
1993-03-12,MD💿CD,💿540MB,-,セガ,シムアース💿,調査中,調査中,0,-,,,ダニエル・ゴールドマン|ポール・シュミット,フレッド・ハスラム|ウィル・ライト|ケイトリン・ミシェルデイトン|ピーター・ミシェルデイトン|ジェニー・マーティン|スーザン・グリーン,ヒース・ペーターソン,,スティーヴ・ベッカート,
1993-03-12,MD💿CD,💿540MB,-,タイトー,ニンジャウォーリアーズ💿,調査中,調査中,0,-,,緒方正樹,永田喜久|岩崎雄二|わたべよしゆき|緒方正樹|佐々木大輔,辻野浩司|石川幸生,小倉久佳,辻野浩司,末角要次郎,
1993-03-19,MD💿CD,💿540MB,-,ビクター,ウルフチャイルド💿,調査中,調査中,0,-,,,,,,,,
1993-03-26,MD💿CD,💿540MB,-,ビクター,ジャガーXJ220💿,調査中,調査中,0,-,,,,キース・ヘルフェット,,,,
1993-03-30,MD💿CD,💿540MB,-,ウルフチーム,アネット再び💿,調査中,調査中,0,-,,,,,,,,
1993-04-02,MD💿CD,💿540MB,-,セガ,ファイナルファイトCD💿,調査中,調査中,0,-,,,,,,,,
1993-04-23,MD💿CD,💿540MB,-,コーエー,三國志3💿,調査中,調査中,0,-,,,,,菅野よう子,,シブサワ・コウ,
1993-04-23,MD💿CD,💿540MB,-,セガ,セガクラシックアーケードコレクション💿,調査中,調査中,0,-,,,,,,,,
1993-04-23,MD💿CD,💿540MB,-,セガ,スイッチ💿,調査中,調査中,0,30,,,,,,,,
1993-04-23,MD💿CD,💿540MB,-,メサイヤ,らんま1/2白蘭愛歌💿,調査中,調査中,0,-,,岩崎秀雄|鈴木茂,小林一美|鈴木茂,菅原真由美|中山智純|北京黒犬|ZAZZIE|押見充利,飯塚博|高木みゆき|前田華代子,鈴木茂|川久保雄一,菅沼孝夫|盛武源|土田俊郎,
1993-05-28,MD💿CD,💿540MB,-,ウルフチーム,デバステイター💿,調査中,調査中,0,-,,,,,,,,
1993-05-28,MD💿CD,💿540MB,-,タイトー,ナイトストライカー💿,調査中,調査中,0,-,,海道賢仁,菅原徹|橋本英樹|つかのとしあき|津森康男|きたばやしたかし,関口忍|のむらあきお,高木正彦,,菅原徹,
1993-05-28,MD💿CD,💿540MB,-,マイクロキャビン,幻影都市ILLUSIONCITY💿,調査中,調査中,0,-,,中津泰彦,,中津泰彦|百鬼丸|陣内靖弘|橘田幸雄,新田忠弘|福田康文|瓜田幸治,加藤雅史,,
1993-06-25,MD💿CD,💿540MB,-,セガ,メガシュヴァルツシルト💿,調査中,調査中,0,-,,,,,,,,
1993-06-25,MD💿CD,💿540MB,-,日本テレネット,Aランクサンダー誕生編💿,調査中,調査中,0,-,,遠藤正二朗,粕谷智昭,遠藤正二朗|韮沢靖|後藤正行,小川史生|三好敏彦|近藤昭雄|平沢悦章|福島尚哉|YUJI,遠藤正二朗,小川史生,
1993-07-16,MD💿CD,💿540MB,-,セガ,ダイナミックカントリークラブ💿,調査中,調査中,0,-,,,,,,,,
1993-07-23,MD💿CD,💿540MB,-,ウルフチーム,アークス1・2・3💿,調査中,調査中,0,-,,,,,,,,
1993-07-23,MD💿CD,💿540MB,-,セガ,聖魔伝説サザンアイズ💿,調査中,調査中,8,-,,,,,,,,
1993-07-30,MD💿CD,💿540MB,-,ゲームアーツ,シルフィード💿,調査中,調査中,15,31,,,,,,,,
1993-07-30,MD💿CD,💿540MB,-,ヒューマン,バリ・アーム💿,調査中,調査中,0,-,,,,,,,,
1993-07-30,MD💿CD,💿540MB,-,日本テレネット,サイボーグ009💿,調査中,調査中,0,-,,,,牧由尚,"KEN THE 390",亀田真二郎,,
1993-08-06,MD💿CD,💿540MB,-,セガ,江川卓のスーパーリーグCD💿,調査中,調査中,0,-,,,,,,,,
1993-08-06,MD💿CD,💿540MB,-,ビクター,慶応遊撃隊💿,調査中,調査中,0,-,,,,,,,,
1993-08-27,MD💿CD,💿540MB,-,ビクター,雀豪ワールドカップ💿,調査中,調査中,0,-,,,,,,,,
1993-09-17,MD💿CD,💿540MB,-,コーエー,ウイニングポスト💿,調査中,調査中,0,-,,,,,山崎洋一|新井智詞,,シブサワ・コウ,
1993-09-17,MD💿CD,💿540MB,-,セガ,笑ゥせぇるすまん💿,調査中,調査中,0,-,,,,岡迫亘弘|鈴木藤雄,田中公平,藤子不二雄Ⓐ,,
1993-09-17,MD💿CD,💿540MB,-,ビクター,サンダーホーク💿,調査中,調査中,0,-,,,,,,,,
1993-09-23,MD💿CD,💿540MB,-,セガ,ソニック・ザ・ヘッジホッグCD💿,調査中,調査中,0,32,,大島直人,山本啓一|溝口松秀|松岡雄一|佐藤達也|矢北法孝,ちのひろあき|小野健一|横山雄一郎|見吉隆夫|西野陽|川口博之|星野一幸,日本・欧州版|尾形雅史|幡谷尚史|北米版|スペンサー・ニールセン|デヴィッド・ヤング|スターリング,,中山隼雄金成貫|押谷眞,
1993-09-23,MD💿CD,💿540MB,-,ビクター,モンキー・アイランドユーレイ海賊大騒動!💿,調査中,調査中,0,-,,,,,,,,
1993-09-24,MD💿CD,💿540MB,-,コーエー,蒼き狼と白き牝鹿元朝秘史💿,調査中,調査中,0,-,,,,,大島ミチル,,シブサワ・コウ,
1993-10-22,MD💿CD,💿540MB,-,シムス,ヴァイ流星の鎧💿,調査中,調査中,0,-,,,,,,,,
1993-10-29,MD💿CD,💿540MB,-,コナミ,リーサルエンフォーサーズ💿,調査中,調査中,0,-,,波多野よしあき,波多野よしあき,スティーヴ・ジョンソン,福井健一郎,,,
1993-11-12,MD💿CD,💿540MB,-,セガ,ダークウィザード蘇りし闇の魔導士💿,調査中,調査中,0,-,,,,,,,,
1993-11-19,MD💿CD,💿540MB,-,セガ,アルスラーン戦記💿,調査中,調査中,0,-,,,,神村幸子|小木曽伸吾(チーフ)|田澤湖|渡邊和夫,岩代太郎,田中芳樹|荒川弘,,
1993-11-19,MD💿CD,💿540MB,-,セガ,ナイトトラップ💿,調査中,調査中,9,33,,,,,,,,
1993-11-26,MD💿CD,💿540MB,-,サンドストーム,アルシャーク💿,調査中,調査中,0,-,,,田名網正,飯淳|佐藤淳|青柳久|木村明広,佐藤天平,飯淳,,
1993-11-26,MD💿CD,💿540MB,-,CSK総合研究所,マイト・アンド・マジック3💿,調査中,調査中,0,-,,,,,,,,
1993-11-26,MD💿CD,💿540MB,-,マイクロネット,ザ・サードワールドウォー💿,調査中,調査中,0,-,,M.カトー,M.カトー|堀川謙太郎|池田貴之|常田稔|SKELETON,をたぼう|奈良岡勇一郎|本間仁|小田桐孝一|のむやん,田中遊梦|PIRATA|KAPPA|ファンダンゴ,,村上晶彦,
1993-12-10,MD💿CD,💿540MB,-,セガ,夢見館の物語💿,調査中,調査中,7,32,,デヴィッド・プラスコン,,S.S.D.,野見祐二,,デヴィッド・S・ストーン,
1993-12-10,MD💿CD,💿540MB,-,データウエスト,サイキック・ディテクティブ・シリーズVol.4オルゴール💿,調査中,調査中,0,-,,,,,,,,
1993-12-28,MD💿CD,💿540MB,-,サミー,戦国伝承💿,調査中,調査中,0,-,,,,,山手安生|清水敏夫,,,
1994-01-28,MD💿CD,💿540MB,-,セガ,いしいひさいちの大政界💿,調査中,調査中,0,-,,石井達也,島軒惣兵工|石黒雄一,石井達也|赤桐裕二|いしいひさいち,高山博彦,大蔵圭一,大岡良樹|渡辺雅人,
1994-02-25,MD💿CD,💿540MB,-,シムス,真・女神転生💿,調査中,調査中,0,-,,岡田耕始,佐藤雅美|岡田耕始|國枝剛|高木秀俊,伊藤龍太郎|藤岡一樹|しまだよしあき|鈴木一也(遊企画)|佐藤佐和子|村上哲也|片岡いずみ|高島志郎|金子一馬,増子司,鈴木一也|伊藤龍太郎,新野洋右,
1994-02-25,MD💿CD,💿540MB,-,ビクター,マイクロコズム💿,調査中,調査中,0,-,,,,,,,,
1994-03-18,MD💿CD,💿540MB,-,セガ,ゲームのかんづめVOL.1💿,調査中,調査中,0,-,,,,,,,,
1994-03-18,MD💿CD,💿540MB,-,セガ,ゲームのかんづめVOL.2💿,調査中,調査中,0,-,,,,,,,,
1994-03-18,MD💿CD,💿540MB,-,日本物産,F1サーカスCD💿,調査中,調査中,0,-,,,,,,,,
1994-03-18,MD💿CD,💿540MB,-,ビクター,ハイムドール💿,調査中,調査中,0,-,,,,,,,,
1994-03-25,MD💿CD,💿540MB,-,コーエー,信長の野望覇王伝💿,調査中,調査中,0,-,,,,,菅野よう子,,シブサワ・コウ,
1994-03-25,MD💿CD,💿540MB,-,セガ,AX-101💿,調査中,調査中,0,-,,,,,,,,
1994-03-25,MD💿CD,💿540MB,-,セガ,ウイングコマンダー💿,調査中,調査中,0,-,,,,,,,,
1994-03-25,MD💿CD,💿540MB,-,ビクター,ダンジョン・マスター2スカルキープ💿,調査中,調査中,0,-,,,,,,,,
1994-04-01,MD💿CD,💿540MB,-,セガ,ぽっぷるメイル💿,調査中,調査中,0,-,,木屋善夫,永嶋純,今井浩之|塩田雄一|田中久仁彦,石川三恵子|白川篤史,,加藤正幸,
1994-04-15,MD💿CD,💿540MB,-,ゲームアーツ,うる星やつらディアマイフレンズ💿,調査中,調査中,0,-,,上坂哲,岡部博明|工藤直樹|金井秀樹|渡谷光浩|中村博史,中嶋敦子|押木賢,大熊謙一,上坂哲|須永有三|月島とほる,宮路洋一|菅沼孝夫,
1994-04-15,MD💿CD,💿540MB,-,マイクロネット,バトルファンタジー💿,調査中,調査中,0,-,,,,,,,,
1994-04-22,MD💿CD,💿540MB,-,ソニー,爆伝アンバランスゾーン💿,調査中,調査中,0,-,,,,,,,,
1994-04-22,MD💿CD,💿540MB,-,ポニーキャニオン,アイ・オブ・ザ・ビホルダー💿,調査中,調査中,0,-,,ブルット・W・スペリー(英語版),フィリップ・W・ゴロー,フィリップ・W・ゴロー|イーディ・ララモア|ポール・S・ムードラ|ジョセフ・ボスティック|リック・パークス|アーロン・E・パウエル|ジョセフ・B・ヒューイット4世,ポール・S・ムードラ,イーディ・ララモア,,
1994-04-23,MD💿CD,💿540MB,-,セガ,ヘブンリーシンフォニー💿,調査中,調査中,6,-,,,,,,,,
1994-05-13,MD💿CD,💿540MB,-,東映ビデオ,仮面ライダーZO💿,調査中,調査中,0,-,,,,,川村栄二,石ノ森章太郎,,
1994-05-20,MD💿CD,💿540MB,-,セガ,ロードス島戦記英雄戦争💿,調査中,調査中,7,-,,,,,,,,
1994-06-03,MD💿CD,💿540MB,-,アクレイムジャパン,モータルコンバット完全版💿,調査中,調査中,0,-,,,,,,,,
1994-06-03,MD💿CD,💿540MB,-,セガ,ドラゴンズレア💿,調査中,調査中,0,-,,,マイケル・クナウアー|ヴィンス・リー,リック・ダイアー|ビクター・ペンマン|マーティ・フォールガー|ダーリーン・ウォディントン|ドン・ブルース,クリストファー・ストーン,,,
1994-06-24,MD💿CD,💿540MB,-,アクレイムジャパン,WWFマニア・ツアー💿,調査中,調査中,0,-,,,,,,,,
1994-07-22,MD💿CD,💿540MB,-,セガ,シャイニング・フォースCD💿,調査中,調査中,13,-,,,,,,,,
1994-07-29,MD💿CD,💿540MB,-,ビクター,シャドー・オブ・ザ・ビースト2獣神の呪縛💿,調査中,調査中,0,-,,,,,,,,
1994-09-22,MD💿CD,💿540MB,-,ビクター,スター・ウォーズレベルアサルト💿,調査中,調査中,0,-,,,,,,,,
1994-09-30,MD💿CD,💿540MB,-,セガ,ジュラシック・パーク💿,調査中,調査中,0,31,,,,,,"『Jurassic Park Adventures: Survivor』(2001年) 『Jurassic Park Adventures: Prey』(2001年) 『Jurassic Park Adventures: Flyers』(2002)",,
1994-09-30,MD💿CD,💿540MB,-,テクモ,キャプテン翼💿,調査中,調査中,0,-,,,,,,高橋陽一,,
1994-09-30,MD💿CD,💿540MB,-,ビクター,バトルコープス💿,調査中,調査中,0,-,,,,,,,,
1994-10-28,MD💿CD,💿540MB,-,ナムコ,スターブレード💿,調査中,調査中,0,-,,中谷始,松浦則政|斉藤仁人|大森靖,柳川渉,細江慎治,,澤野和則|山田昌紀,
1994-11-11,MD💿CD,💿540MB,-,セガ,アフターハルマゲドン外伝魔獣闘将伝エクリプス💿,調査中,調査中,0,-,,,,,,,,
1994-11-25,MD💿CD,💿540MB,-,コナミ,リーサルエンフォーサーズ2ザ・ウエスタン💿,調査中,調査中,0,-,,波多野よしあき,波多野よしあき,スティーヴ・ジョンソン,福井健一郎,,,
1994-12-20,MD💿CD,💿540MB,-,アクレイムジャパン,NBAジャム💿,調査中,調査中,0,-,,,ショーン・リプタク,マーク・ターメル|トニー・ゴスキー|ジョン・カールトン|サル・ディヴィタ|ジェイミー・リベット,ジョナサン・ヘイ,,,
1994-12-22,MD💿CD,💿540MB,-,ゲームアーツ,ルナエターナルブルー💿,調査中,調査中,8,-,,小山洋幸,小山洋幸,安住政敏|前田真宏|拔山敏弘,岩垂徳行|溝口功,重馬敬,,
1994-12-22,MD💿CD,💿540MB,-,セガ,トムキャットアレイ💿,調査中,調査中,0,-,,,,,,,,
1994-12-22,MD💿CD,💿540MB,-,ビクター,ソウルスター💿,調査中,調査中,0,-,,,,,,,,
1995-02-24,MD💿CD,💿540MB,-,セガ,エコー・ザ・ドルフィンCD💿,調査中,調査中,0,-,,,,,,,,
1995-02-24,MD💿CD,💿540MB,-,ビクター,大封神伝💿,調査中,調査中,0,-,,,,,,,,
1995-03-24,MD💿CD,💿540MB,-,セガ,ダブルスイッチ💿,調査中,調査中,0,-,,,,,,,,
1995-03-24,MD💿CD,💿540MB,-,セガ,プライズファイター💿,調査中,調査中,0,-,,,,,,,,
1995-03-31,MD💿CD,💿540MB,-,ビクター,餓狼伝説スペシャル💿,調査中,調査中,0,-,,,,塚本高史,清水敏夫|山田泰正|北村芳彦,,川崎英吉,
1995-09-01,MD💿CD,💿540MB,-,セガ,ファーレンハイト💿,調査中,調査中,0,-,,,,,,,,
1995-12-22,MD💿CD,💿540MB,-,セガ,サージカルストライク💿,調査中,調査中,0,-,,,,,,,,
1996-02-23,MD💿CD,💿540MB,-,コンパイル,シャドウラン💿,調査中,調査中,0,-,,,,,,,,
1990-11-21,SFC,4M,ACT,任天堂,スーパーマリオワールド,"￥8,000","￥8,000代",355,34,,手塚卓志,中郷俊彦,日野重文,近藤浩治,,山内溥|宮本茂,
1990-11-21,SFC,4M,RAC,任天堂,F-ZERO,"￥7,000","￥7,000代",90,37,,清水一伸,西田泰也,清水一伸|今村孝矢,神吉由美子|石田尚人,,山内溥|宮本茂,
1990-12-01,SFC,4M,PUZ,ケムコ,ボンバザル,"￥6,500","￥6,500代",0,-,,,ロス・グッドレー,デヴィッド・ビショップ|アンソニー・クラウザー,ロス・グッドレー,,,
1990-12-16,SFC,8M,ACT,エニックス,アクトレイザー,"￥8,000","￥8,000代",40,-,,橋本昌哉,橋本昌哉|いまいゆき,古代彩乃|高井政彦|今井秋芳|横田幸次|七條たかし,古代祐三,宮崎友好,曽根康征,
1990-12-16,SFC,4M,SLG,イマジニア,ポピュラス,"￥8,800","￥9,000代",0,31,,,,,,,,
1990-12-21,SFC,8M,ACT,カプコン,ファイナルファイト,"￥8,500","￥8,500代",0,-,,,金子清巳|上山真一|Tomiyan|Yokoyan,西谷亮|安田朗,藤田晴美|藤田靖明|松前真奈美|坂口由洋|下村陽子|高岡宏光|民谷淳子,,岡本吉起,
1990-12-21,SFC,4M,SHT,コナミ,グラディウスⅢ,"￥7,800","￥8,000代",0,33,,,橋本和久|徳田典|松花賢和|高浜元,三好威正|H.MORII|すえながみかよ,村岡一樹|上原和彦|上高治巳|森本ゆきえ,,,
1990-12-21,SFC,4M,SPT,任天堂,パイロットウイングス,"￥8,000","￥8,000代",48,-,,杉山直,加藤周平|矢嶋肇|河越巧,スージー|森直樹,近藤浩治|岡素世,,宮本茂,
1990-12-29,SFC,6M,ACT,バンプレスト,SDザ・グレイトバトル,"￥8,200","￥8,000代",0,-,,,,,,,,
1991-02-23,SFC,8M,SPT,HAL研究所,ジャンボ尾崎のホールインワン,"￥8,900","￥9,000代",0,-,,,,,,,,
1991-03-20,SFC,8M,RAC,ジャレコ,BIGRUN,"￥8,700","￥8,500代",0,-,,,,,,,,
1991-03-29,SFC,8M,SHT,タイトー,ダライアスツイン,"￥8,500","￥8,500代",0,-,,山崎こうじ,みなみやすたか|おぐらみつお|のぐちじゅんいちろう,山崎こうじ|宮永佳祐|川石徹|斎藤慎|わきたよしひろ,相澤静夫,,西角友宏|高橋章二,
1991-04-05,SFC,8M,SPT,T＆Eソフト,遙かなるオーガスタ,"￥9,800","￥10,000代",0,30,,横山英二,加藤英治,中島健二,冨田茂,,横山俊朗,
1991-04-06,SFC,4M,ACT,バンダイ,ウルトラマン,"￥7,800","￥8,000代",0,30,,,,,,"金城哲夫 ほか",,
1991-04-26,SFC,4M,SLG,任天堂,シムシティ,"￥8,000","￥8,000代",90,33,,,,,,,,
1991-05-17,SFC,8M,SPT,ジャレコ,スーパープロフェッショナルベースボール,"￥8,700","￥8,500代",0,-,,,,,,,,
1991-05-24,SFC,8M,RPG,ケムコ,ドラッケン,"￥8,500","￥8,500代",0,-,,,,ステファン・バウデット|リチャード・ボテット|マイケル・ロイヤー|ローレン・サルメロン|ドミニク・ジルー|フレデリック・バスク,チャールズ・カレ,フランソワ・マルスラ=フロワドヴァル,,
1991-05-28,SFC,8M,RPG,セタ,ガデュリン,"￥8,800","￥9,000代",0,-,,,,富永真理|近永健一|加藤直之(ゲストメカ),加藤みちあき,島田満,,
1991-06-21,SFC,8M,RPG,トンキンハウス,イースⅢワンダラーズフロムイース,"￥8,800","￥9,000代",0,-,,,,,,,,
1991-07-02,SFC,8M,SPT,セタ,スーパースタジアム,"￥8,800","￥9,000代",0,-,,,,,,,,
1991-07-06,SFC,8M,SLG,バンダイ,機動戦士ガンダムF91フォーミュラー戦記0122,"￥9,500","￥9,500代",0,-,,,,川元利浩|大河原邦男,富樫則彦,,,
1991-07-12,SFC,4M,SPT,カルチャーブレーン,スーパーウルトラベースボール,"￥8,800","￥9,000代",0,-,,,,,,,,
1991-07-13,SFC,8M,SHT,アイレム,スーパーアールタイプ,"￥8,500","￥8,500代",0,-,,,,,,,,
1991-07-19,SFC,8M,ACT,コナミ,がんばれゴエモンゆき姫救出絵巻,"￥8,800","￥9,000代",0,-,,,梅崎重治|松岡伸浩|奥田康雄|下野俊典|吉田晃之,村木摂|藤本武史|小川公一|薬師寺健雄,上原和彦|上高治己,,,
1991-07-19,SFC,8M,RPG,スクウェア,ファイナルファンタジーⅣ,"￥8,800","￥9,000代",143,36,,坂口博信,成田賢,時田貴司|天野喜孝,植松伸夫,時田貴司,宮本雅史,
1991-07-20,SFC,8M,SPT,バンプレスト,バトルドッジボール闘球大激突,"￥9,600","￥9,500代",0,-,,,,,,,,
1991-07-26,SFC,8M,SHT,カプコン,エリア88,"￥8,500","￥8,500代",0,-,,,,岡田敏靖|神志那弘志|佐藤道明,三宅一徳,大野木寛|野村祐一,,
1991-08-09,SFC,8M,SPT,エピック・ソニーレコード,白熱プロ野球ガンバリーグ,"￥8,500","￥8,500代",0,30,,,,,,,,
1991-08-23,SFC,4M,TAB,セタ,初段森田将棋,"￥8,800","￥9,000代",0,-,,,,,,,,
1991-08-30,SFC,4M,SPT,トンキンハウス,スーパーテニスワールドサーキット,"￥7,800","￥8,000代",0,-,,,,,,,,
1991-08-31,SFC,8M,SHT,HAL研究所,ハイパーゾーン,"￥8,500","￥8,500代",0,-,,,,,石川淳,,,
1991-09-13,SFC,8M,ACT,エピック・ソニーレコード,ジェリーボーイ,"￥8,500","￥8,500代",0,-,,田尻智,マーク・フリント,"田尻智|杉森建|とみさわ昭仁|杉森建|MUCHO TANAKA",福田裕彦,田尻智|杉森建,清本浩,
1991-09-15,SFC,8M,SLG,光栄,スーパー三國志Ⅱ,"￥14,800","￥15,000代",0,-,,,,,向谷実,,シブサワ・コウ,
1991-09-20,SFC,4M,SPT,イマジニア,プロサッカー,"￥8,000","￥8,000代",0,-,,,,,,,,
1991-10-04,SFC,8M,ACT,カプコン,超魔界村,"￥8,500","￥8,500代",0,-,,,篠原雅嗣|まついよしひろ,三並達也|山添公雄|松下進,山口真理,,藤原得郎,
1991-10-25,SFC,8M,SHT,ジャレコ,SUPERE.D.F.,"￥8,700","￥8,500代",0,-,,,,,,,,
1991-10-29,SFC,8M,RPG,スクウェア,ファイナルファンタジーⅣイージータイプ,"￥9,000","￥9,000代",0,31,,坂口博信,成田賢,時田貴司|天野喜孝,植松伸夫,時田貴司,宮本雅史,
1991-10-31,SFC,8M,ACT,コナミ,悪魔城ドラキュラ,"￥8,800","￥9,000代",0,-,,赤松仁司,岡出光弘,戸隠のりやす,山下絹代|寺島里恵,,永田昭彦,
1991-11-21,SFC,8M,A-RPG,任天堂,ゼルダの伝説神々のトライフォース,"￥8,000","￥8,000代",116,39,,手塚卓志,中郷俊彦|副島康成|森田和明,富田聡一郎|今村孝矢|有本正直|渡辺剛,近藤浩治,田邊賢輔,山内溥|宮本茂,
1991-11-29,SFC,8M,SHT,東映動画,雷電伝説,"￥8,700","￥8,500代",0,-,,濱田均,K.KONDO|川口哲也|S.MORI,川口哲也|T.WADA|M.KOMAZAWA|T.MATSUZAWA|H.MATSUO,佐藤亜希羅,,濱田均,
1991-12-06,SFC,8M,ACT,データイースト,JOE＆MAC戦え原始人,"￥8,500","￥8,500代",0,-,,,,,,,,
1991-12-13,SFC,8M,ACT,ナムコ,スーパーワギャンランド,"￥8,300","￥8,500代",0,30,,,,,,,,
1991-12-13,SFC,8M,RPG,ケムコ,ラグーン,"￥8,500","￥8,500代",0,-,,,,,,,,
1991-12-13,SFC,4M,SPT,ヒューマン,スーパーフォーメーションサッカー,"￥7,700","￥7,500代",0,31,,,,,,,,
1991-12-13,SFC,4M,TAB,エポック社,ちびまる子ちゃん「はりきり365日」の巻,"￥8,800","￥9,000代",0,-,,,,,,,,
1991-12-18,SFC,8M,PUZ,サンソフト,レミングス,"￥8,500","￥8,500代",0,35,,,デイブ・ジョーンズ(英語版),ゲイリー・ティモンズ|スコット・ジョンストン,ブライアン・ジョンストン|ティム・ライト(英語版),,,
1991-12-20,SFC,8M,RPG,ビクターエンタテインメント,ダンジョンマスター,"￥9,800","￥10,000代",0,30,,,,,,,,
1991-12-20,SFC,8M,SHT,アスミック,ディメンションフォース,"￥8,500","￥8,500代",0,-,,,,,,,,
1991-12-20,SFC,8M,SPT,ヒューマン,スーパーファイヤープロレスリング,"￥8,500","￥8,500代",0,-,,,根津重昭|吉田秀司|野村弘治,増田雅人|市瀬大輔|きたむららだあき|茶々丸|高岡謙次|高岡謙次|門間毅,庭山博也|田中宏典|山崎正通|大谷哲司|鈴木啓史,,林徹,
1991-12-21,SFC,8M,RPG,エンジェル,SDガンダム外伝ナイトガンダム物語大いなる遺産,"￥9,500","￥9,500代",0,-,,,,,,,,
1991-12-21,SFC,8M,SLG,光栄,スーパー信長の野望武将風雲録,"￥11,800","￥12,000代",0,-,,,,,菅野よう子,,シブサワ・コウ,
1991-12-27,SFC,4M,ACT,ナツメ,反省ザルジローくんの大冒険,"￥7,000","￥7,000代",0,-,,,,,,,,
1991-12-27,SFC,8M,SHT,東芝EMI,サンダースピリッツ,"￥8,600","￥8,500代",0,-,,,,,,,,
1991-12-28,SFC,8M,RPG,カルチャーブレーン,スーパーチャイニーズワールド,"￥8,800","￥9,000代",0,-,,阿迦手観屋夢之助,たちばなあきら,しいなつかさ|かわはらひとみ|ましばけいこ,沢彰記,さとうけんたろう,阿迦手観屋夢之助,
1991-12-29,SFC,6M,SLG,イマジニア,シムアース,"￥9,600","￥9,500代",0,-,,,ダニエル・ゴールドマン|ポール・シュミット,フレッド・ハスラム|ウィル・ライト|ケイトリン・ミシェルデイトン|ピーター・ミシェルデイトン|ジェニー・マーティン|スーザン・グリーン,ヒース・ペーターソン,,スティーヴ・ベッカート,
1991-12-29,SFC,8M,SLG,バンプレスト,バトルコマンダー八武衆修羅の兵法,"￥9,800","￥10,000代",0,-,,,,,,,,
1992-01-11,SFC,8M,ACT,ハドソン,高橋名人の大冒険島,"￥8,500","￥8,500代",0,-,,"KYON KYON",鈴木俊之|酒井誠,平井隆之|すごうともこ|鈴木多恵子|Y.ASAKURA|日下純,古代祐三,西澤龍一,植山幹郎|門脇光弘,
1992-01-17,SFC,4M,SPT,イマジニア,プロフットボール,"￥7,900","￥8,000代",0,-,,,,,,,,
1992-01-25,SFC,8M,RPG,バンダイ,ドラゴンボールZ超サイヤ伝説,"￥9,500","￥9,500代",0,-,,荻野目洋|A.K,しみずかずや,,高野充彦,,田中信行|浅沼誠|橋本名人,
1992-01-28,SFC,8M,RPG,スクウェア,ロマンシングサ・ガ,"￥9,500","￥9,500代",98,31,,河津秋敏,小久保啓三|吉枝悟|穴澤友樹|赤尾実,河津秋敏|小林智美|代島学|高井浩,伊藤賢治,河津秋敏,宮本雅史,
1992-01-31,SFC,8M,RPG,エニックス,ソウルブレイダー,"￥8,800","￥9,000代",0,32,,橋本昌哉,橋本昌哉,横田幸次|高井政彦|松室剛|眞島真太郎,タケカワユキヒデ,宮崎友好,曽根康征,
1992-02-14,SFC,8M,RPG,エポック社,ドラゴンスレイヤー英雄伝説,"￥9,800","￥10,000代",0,-,,,,,,,,
1992-02-21,SFC,8M,RAC,セタ,エキゾースト・ヒート,"￥8,900","￥9,000代",0,-,,,,,,,,
1992-02-28,SFC,8M,ACT,アイ・ジー・エス,ロケッティア,"￥8,900","￥9,000代",0,-,,,,,ジェームズ・ホーナー,デイブ・スティーブンス(英語版),,
1992-02-28,SFC,8M,ACT,コナミ,魂斗羅スピリッツ,"￥8,500","￥8,500代",0,-,,中里伸也,八井田満|菅波秀幸,中里伸也|猿田雅之,柳沢美紀|安達昌宣|岩瀬立飛,,北上一三,
1992-03-06,SFC,8M,SPT,データイースト,スーパーバーディラッシュ,"￥8,800","￥9,000代",0,-,,,,,,,,
1992-03-07,SFC,8M,ADV,チュンソフト,弟切草,"￥8,800","￥9,000代",0,-,,,,,,,,
1992-03-19,SFC,8M,RAC,タカラ,新世紀GPXサイバーフォーミュラ,"￥8,800","￥9,000代",0,-,,,,いのまたむつみ(原案)|吉松孝博|河森正治|いのまたむつみ(原案)|久行宏和,佐橋俊彦,矢立肇,,
1992-03-19,SFC,4M,RAC,ビクターエンタテインメント,R.P.M.Racing,"￥8,800","￥9,000代",0,-,,,,,,,,
1992-03-19,SFC,10M,RPG,光栄,スーパー伊忍道打倒信長,"￥11,800","￥12,000代",0,-,,,,,若桑比織,,シブサワ・コウ,
1992-03-20,SFC,8M,ACT,アスミック,超攻合神サーディオン,"￥8,800","￥9,000代",0,-,,おかもとひろし,田中衛,神田善美|カトキハジメ|森木靖泰,田中公平,,小川真司,
1992-03-20,SFC,8M,ACT,カプコン,ファイナルファイトガイ,"￥8,500","￥8,500代",0,-,,,金子清巳|上山真一|Tomiyan|Yokoyan,西谷亮|安田朗,藤田晴美|藤田靖明|松前真奈美|坂口由洋|下村陽子|高岡宏光|民谷淳子,,岡本吉起,
1992-03-27,SFC,4M,ACT,アスキー,SMASH・T.V.,"￥7,800","￥8,000代",0,31,,,マーク・ターメル,ユージン・P・ジャーヴィス|ジョン・トビアス(英語版)|ティム・コマン,ジョン・ヘイ,,,
1992-03-27,SFC,8M,ACT,ジャレコ,ラッシングビート,"￥8,700","￥8,500代",0,-,,,"PANIC YUMA",倉持亮一|倉持伸幸|前川恵一|渡辺忠彦|高橋将人,高芝泰彦|伊勢村篤義,,,
1992-03-27,SFC,8M,ACT,日本コンピュータシステム,らんま1／2町内激闘篇,"￥8,800","￥9,000代",0,-,,山本克利,山本克利,只隈圭介|只隈圭介|有賀ヒトシ|斉藤智晴,榎木淳|赤堀正直,,土田俊郎,
1992-03-27,SFC,8M,ACT,バンプレスト,ザ・グレイトバトルⅡラストファイターツイン,"￥8,200","￥8,000代",0,-,,,,,富樫則彦,,,
1992-03-27,SFC,8M,ACT,レーザーソフト,スーパーヴァリス赤き月の乙女,"￥8,500","￥8,500代",0,-,,,,,,,,
1992-03-27,SFC,4M,RAC,ケムコ,トップレーサー,"￥7,800","￥8,000代",0,-,,,,,,,,
1992-03-27,SFC,8M,RAC,ナグザット,バトルグランプリ,"￥8,500","￥8,500代",0,-,,,,,,,,
1992-03-27,SFC,8M,RPG,HAL研究所,カードマスターリムサリアの封印,"￥8,900","￥9,000代",0,-,,"橋口茂|MAT SUTAKE",,,石川淳|安藤浩和,橋口茂|葛西重忍,,
1992-03-27,SFC,8M,SHT,アテナ,S.T.G.(エスティージー),"￥8,900","￥9,000代",0,-,,玉井広宣,,,佐々木彰太郎,玉井広宣,中村栄,
1992-03-27,SFC,4M,SPT,タイトー,ハットトリックヒーロー,"￥8,000","￥8,000代",0,-,,,中村辰男|岩崎雄二|征矢野伸二|ながはらくさご|つねきよこうじ|黒沢孝,こぼりたけし|こぼりたけし|関本努|平松信宏|PEACOCK,小倉久佳|渡部恭久,,,
1992-03-27,SFC,8M,SPT,ナムコ,スーパーファミスタ,"￥7,900","￥8,000代",0,-,,岸本好弘,佐々木英隆,島本昌弘|柳沢直幹,川元義徳,,永島洋武,
1992-03-28,SFC,4M,ACT,バンダイ,まじかる☆タルるートくんMAGICADVENTURE,"￥8,000","￥8,000代",0,-,,,,,,,,
1992-04-03,SFC,8M,RPG,ポニーキャニオン,ウルティマⅥ偽りの予言者,"￥9,800","￥10,000代",0,-,,,,,,,,
1992-04-05,SFC,8M,SLG,光栄,エアーマネジメント大空に賭ける,"￥11,800","￥12,000代",0,-,,,,,,,,
1992-04-05,SFC,8M,TAB,ツクダオリジナル,オセロワールド,"￥8,700","￥8,500代",0,-,,,,,,,,
1992-04-10,SFC,8M,SPT,T＆Eソフト,ペブルビーチの波濤,"￥9,800","￥10,000代",0,-,,横山英二,加藤英治,中島健二,冨田茂,,横山俊朗,
1992-04-21,SFC,8M,ACT,データム・ポリスター,豪槍神雷伝説武者,"￥8,800","￥9,000代",0,-,,,杉浦史博,"DINO RIDER|中林勝則",飛鳥川清子,,岡田隆|富川亜紀子|浅和綾子,
1992-04-24,SFC,8M,RPG,シグマ商事,摩訶摩訶,"￥8,700","￥8,500代",0,-,,えびたいしょう,,おびゃななほど|相原コージ,知久光康,戸田博史,,
1992-04-24,SFC,8M,RPG,データイースト,ヘラクレスの栄光Ⅲ神々の沈黙,"￥8,800","￥9,000代",0,-,,,,,,,,
1992-04-24,SFC,8M,SPT,アクレイムジャパン,WWFスーパーレッスルマニア,"￥8,800","￥9,000代",0,-,,,,,,,,
1992-04-24,SFC,8M,SPT,ジャレコ,スーパーカップサッカー,"￥9,000","￥9,000代",0,-,,,,,,,,
1992-04-28,SFC,8M,PUZ,ホット・ビィ,スーパー上海ドラゴンズアイ,"￥7,800","￥8,000代",0,-,,,,,,,,
1992-04-28,SFC,8M,RAC,ビデオシステム,F-1GRANDPRIX,"￥9,700","￥9,500代",0,-,,,,,板村直樹,,S.NOZAKI,
1992-04-28,SFC,8M,SHT,東宝,スーパーアレスタ,"￥8,700","￥8,500代",0,32,,,広野隆行,広野隆行|寺本耕二,竹内啓史|長尾亮利|田中勝己,,角田純一|竹野雅人|谷田貴史,
1992-04-28,SFC,4M,SPT,ソフエル,拳闘王ワールドチャンピオン,"￥8,000","￥8,000代",0,-,,,,,,,,
1992-05-01,SFC,8M,ACT,サミー,バトルブレイズ,"￥8,700","￥8,500代",0,-,,,,,,,,
1992-05-23,SFC,8M,RPG,バンダイ,甲竜伝説ヴィルガスト消えた少女,"￥9,000","￥9,000代",0,-,,,,,,,,
1992-05-29,SFC,8M,ACT,カプコン,マジックソード,"￥8,500","￥8,500代",0,-,,,江川陽一|綱崎裕三|岡田成司|Y.ORONISHI,大西嘉美|貞本友思|岡本吉起|栗原明美|きたやまけいこ|E.NISHIHARA|貞本友思,後藤真奈美,,,
1992-05-29,SFC,8M,SLG,ウルフ・チーム,斬Ⅱスピリッツ,"￥9,800","￥10,000代",0,-,,,,,,,,
1992-06-10,SFC,16M,ACT,カプコン,ストリートファイターⅡ,"￥9,800","￥10,000代",290,35,,西谷亮,,西谷亮(NIN)|安田朗(AKIMAN),下村陽子|阿部功,,岡本吉起,
1992-06-19,SFC,8M,SPT,HAL研究所,スーパーダンクショット,"￥8,600","￥8,500代",0,-,,,,,,,,
1992-06-19,SFC,8M,TAB,アイマックス,スーパー将棋,"￥8,800","￥9,000代",0,-,,,,,,,,
1992-06-26,SFC,8M,ACT,タイトー,キャメルトライ,"￥8,500","￥8,500代",0,-,,,,海道賢仁,PINCH-PUNCH,,海道賢仁,
1992-06-26,SFC,8M,SLG,エンジェル,横山光輝三国志,"￥9,500","￥9,500代",0,-,,,,荒木伸吾|姫野美智,西村麻聡,横山光輝,,
1992-06-26,SFC,8M,SPT,キングレコード,アストラルバウト,"￥9,030","￥9,000代",0,-,,,,,,,,
1992-06-26,SFC,8M,SPT,ケイ・アミューズメントリース,甲子園2,"￥8,900","￥9,000代",0,-,,,,,,,,
1992-07-03,SFC,8M,ACT,日本コンピュータシステム,プリンスオブペルシャ,"￥8,800","￥9,000代",0,-,,,ジョーダン・メックナー,ジョーダン・メックナー,フランシス・メックナー,,ブライアン・エーラー,
1992-07-03,SFC,4M,RAC,パック・イン・ビデオ,スーパーオフロード,"￥6,900","￥7,000代",0,-,,,,,,,,
1992-07-03,SFC,8M,RPG,トンキンハウス,LightFantasy,"￥8,900","￥9,000代",0,-,,,,,,,,
1992-07-03,SFC,8M,SHT,コナミ,パロディウスだ!神話からお笑いへ,"￥8,500","￥8,500代",0,-,,,徳田典,"GAKINCHO|TOUYOU SYOUTAROU|三好威正|MORY-WANDAYU|MIKACHAN",村岡一樹,,,
1992-07-03,SFC,4M,SPT,アテナ,スーパーボウリング,"￥8,300","￥8,500代",0,-,,,,,,,,
1992-07-03,SFC,4M,SPT,イマジニア,PGAツアーゴルフ,"￥8,500","￥8,500代",0,-,,,,,,,,
1992-07-10,SFC,8M,ETC,タイトー,ゆうゆのクイズでGO!GO!,"￥8,500","￥8,500代",0,-,,藤田司,渋谷康洋|川元和彦,越中登|木下昌也|沼田和博|森田雅子,河本圭代,,,
1992-07-10,SFC,8M,RPG,東映動画,北斗の拳5天魔流星伝哀・絶章,"￥8,900","￥9,000代",0,-,,,,,フランク・ワイルドホーン,高橋亜子,,
1992-07-14,SFC,8M,ETC,任天堂,マリオペイント,"￥9,800","￥10,000代",0,35,,松岡洋史,寺本憲明|今井賢治|中嶋健之|久保田源治,松岡洋史,田中宏和|吉富亮二|戸高一生,,横井軍平,
1992-07-17,SFC,8M,ACT,アイレム,ダイナウォーズ恐竜王国への大冒険,"￥8,800","￥9,000代",0,-,,,,,,,,
1992-07-17,SFC,8M,ACT,エピック・ソニーレコード,HOOK,"￥8,500","￥8,500代",0,-,,,,,,,,
1992-07-17,SFC,8M,RAC,ロジーク,鈴木亜久里のF1スーパードライビング,"￥8,800","￥9,000代",0,-,,,,,,,,
1992-07-17,SFC,8M,SPT,テクモ,キャプテン翼Ⅲ皇帝の挑戦,"￥8,900","￥9,000代",0,31,,,,,,,,
1992-07-17,SFC,8M,TAB,ココナッツジャパンエンターテイメント,パチンコウォーズ,"￥9,500","￥9,500代",0,-,,,,,,,,
1992-07-23,SFC,8M,ACT,ナムコ,サンドラの大冒険ワルキューレとの出逢い,"￥8,300","￥8,500代",0,-,,,,冨士宏,富樫則彦,,,
1992-07-24,SFC,8M,ACT,コナミ,T.M.N.T.タートルズインタイム,"￥8,500","￥8,500代",0,30,,"Gen Suzuki(AC)|Yorozuya Juggling Group(SFC)","K. Takabayashi| Y. Furukawa(AC)|奥田康雄|下野俊典|中川栄治|森平茂樹(SFC)","Masami Inafuku| M. Moriyama| Soichiro Kitai(AC)|Kumiko Ogawa| 橋本征貢| Hiromi Sumida(SFC)",泉陸奥彦|小倉努(AC)|上原和彦|上高治己(SFC),,,
1992-07-24,SFC,8M,ACT,東芝EMI,サイバリオン,"￥8,600","￥8,500代",0,-,,,藤末一郎|石井岳,三辻富貴朗|三辻富貴朗|讃岐平|藤田允|栗城源也|利光直子|永井寛保,渡部恭久(AC)|松尾早人(SFC),,,
1992-07-24,SFC,8M,RAC,日本物産,スーパーエフワンサーカス(01),"￥8,800","￥9,000代",0,-,,,,,,,,
1992-07-24,SFC,8M,SHT,アトラス,ブレイゾン,"￥8,500","￥8,500代",0,-,,,,,,,,
1992-07-24,SFC,8M,SLG,ハドソン,アースライト,"￥8,500","￥8,500代",0,-,,,,,前野知常,,,
1992-07-24,SFC,8M,SPT,サミー,ウルティメイトフットボール,"￥8,700","￥8,500代",0,-,,,,,,,,
1992-07-28,SFC,8M,RPG,ユタカ,3×3EYES(サザンアイズ)聖魔降臨伝,"￥9,500","￥9,500代",0,-,,,,,,,,
1992-07-31,SFC,8M,ACT,アトラス,機甲警察メタルジャック,"￥8,800","￥9,000代",0,-,,,,内田順久|牧野行洋,岩崎文紀,矢立肇,,
1992-07-31,SFC,12M,ACT,カルチャーブレーン,飛龍の拳Sゴールデンファイター,"￥9,700","￥9,500代",0,-,,,,,,,,
1992-07-31,SFC,8M,ACT,タカラ,キング・オブ・ザ・モンスターズ,"￥8,800","￥9,000代",0,-,,,,,田中敬一|西田和弘,,,
1992-07-31,SFC,8M,SPT,サンソフト,炎の闘球児ドッジ弾平,"￥8,500","￥8,500代",0,-,,,,はしもとかつみ|郷敏治,勝又隆一,こしたてつひろ,,
1992-08-05,SFC,8M,SLG,光栄,スーパー大航海時代,"￥11,800","￥12,000代",0,-,,,,,菅野よう子,,フクザワ・エイジ,
1992-08-07,SFC,8M,ACT,アスキー,スピンディジーワールド,"￥8,800","￥9,000代",0,-,,,,,,,,
1992-08-07,SFC,8M,ACT,カプコン,スーパーパン,"￥7,500","￥7,500代",0,-,,,,宮本茂,近藤浩治,,竹田玄洋,
1992-08-07,SFC,4M,PUZ,BPS,パイプドリーム,"￥7,500","￥7,500代",0,-,,アキラ・レッドマー,アキラ・レッドマー|ステファン・L・バトラー,アキラ・レッドマー|ステファン・L・バトラー|ゲイリー・ウィニック|マーク・J・フェラーリ|スティーヴ・パーセル|マイク・エバート|エリック・ジョンストン,ジョン・デール,,,
1992-08-07,SFC,8M,RPG,テクノスジャパン,初代熱血硬派くにおくん,"￥8,900","￥9,000代",0,-,,,もりしんいち|なんばやすいちろう|すやなおき|熊谷慎太郎|松本康宏,澤田典宏|津田昇|岸本良久|石黒誠一郎|根立克行|せきかわじゅんいちろう|澤田典宏,井上晃|平沢道也|浦部拓,,瀧邦夫,
1992-08-07,SFC,8M,SHT,ケムコ,ファランクス,"￥8,900","￥9,000代",0,-,,,,,,,,
1992-08-07,SFC,8M,SPT,ジャレコ,スーパープロフェッショナルベースボールⅡ,"￥9,000","￥9,000代",0,-,,,,,,,,
1992-08-07,SFC,8M,TAB,ハドソン,スーパー桃太郎電鉄Ⅱ,"￥8,800","￥9,000代",0,-,,さくまあきら|飛田雅宏,青山光(青山公士),土居孝幸,関口和之,,浦敏治,
1992-08-11,SFC,4M,ACT,アルトロン,ホーム・アローン,"￥8,800","￥9,000代",0,-,,,,,ジョン・ウィリアムズ,ジョン・ヒューズ,,
1992-08-21,SFC,4M,ACT,ユタカ,キン肉マンDIRTYCHALLENGER,"￥7,800","￥8,000代",0,-,,,,,富樫則彦,,,
1992-08-22,SFC,4M,TAB,アイマックス,スーパー麻雀,"￥8,000","￥8,000代",0,-,,,,,,,,
1992-08-27,SFC,4M,RAC,任天堂,スーパーマリオカート,"￥8,900","￥9,000代",382,32,,杉山直|紺野秀樹,木村雅人|矢嶋肇|山本健二,"杉山直|森直樹|小田部羊一|MIE YOSHIMURA|小泉歓晃",岡素世|阪東太郎,,山内溥|宮本茂,
1992-08-28,SFC,8M,ACT,バンプレスト,CBキャラウォーズ失われたギャーグ,"￥8,500","￥8,500代",0,-,,七條たかし,塩谷博光|古田哲也,七條たかし|藤岡英俊|若月康雄|早川直行|七條たかし,安西史孝,,じっぱひとからげ,
1992-08-28,SFC,4M,SPT,マイクロアカデミー,ウルトラベースボール実名版,"￥8,800","￥9,000代",0,-,,,,,,,,
1992-09-11,SFC,8M,SHT,コナミ,アクスレイ,"￥8,800","￥9,000代",0,-,,,上田英生,小玉紀年|矢田凡成|難波和宏,工藤太郎,,北上一三,
1992-09-11,SFC,8M,SHT,テイチク,アクロバットミッション,"￥8,800","￥9,000代",0,-,,,新井利男,金子むつお|神菊かおる|青山きんや|金子むつお|富沢みのる,長島義夫|西川ひろし,,,
1992-09-12,SFC,4M,ACT,エンジェル,SD機動戦士ガンダムV作戦始動,"￥7,800","￥8,000代",0,-,,,,,,,,
1992-09-12,SFC,4M,TAB,光栄,スーパー麻雀大会,"￥9,800","￥10,000代",0,-,,,,,若桑比織,,シブサワ・コウ,
1992-09-18,SFC,8M,SLG,ユタカ,SDガンダムXスーパーガチャポンワールド,"￥9,500","￥9,500代",0,-,,,,,,,,
1992-09-18,SFC,8M,SPT,T＆Eソフト,ワイアラエの奇蹟,"￥9,800","￥10,000代",0,-,,横山英二,加藤英治,中島健二,冨田茂,,横山俊朗,
1992-09-24,SFC,10M,SLG,光栄,提督の決断,"￥14,800","￥15,000代",0,-,,,,,宮川泰,シブサワ・コウ,シブサワ・コウ,
1992-09-25,SFC,8M,ACT,タイトー,ソニックブラストマン,"￥8,500","￥8,500代",0,-,,,,,,,,
1992-09-25,SFC,8M,SLG,アスキー,大戦略エキスパート,"￥9,800","￥10,000代",0,-,,,,,,,,
1992-09-25,SFC,8M,SLG,徳間書店インターメディアカンパニー,銀河英雄伝説,"￥9,800","￥10,000代",0,-,,,,,,,,
1992-09-25,SFC,4M,TAB,パルソフト,ぎゅわんぶらあ自己中心派麻雀皇位戦,"￥8,800","￥9,000代",0,-,,,,,,,,
1992-09-27,SFC,12M,RPG,エニックス,ドラゴンクエストV天空の花嫁,"￥9,600","￥9,500代",280,36,,山名学,桝田賢一|成田東吾,堀井雄二|鳥山明,すぎやまこういち,堀井雄二,千田幸信,
1992-09-29,SFC,4M,SLG,ナムコ,スカイミッション,"￥8,300","￥8,500代",0,-,,,スティーヴ・ヒューズ,ジェレミー・カンター|ステファン・トムソン,ジョージ・サンガー,,ケン・ロブ,
1992-10-09,SFC,4M,SLG,エポック社,ロードモナーク,"￥8,800","￥9,000代",0,-,,,,,,,,
1992-10-16,SFC,8M,ACT,テクノスジャパン,リターン・オブ・双截龍,"￥8,600","￥8,500代",0,-,,,,,,,,
1992-10-22,SFC,8M,SLG,光栄,スーパーロイヤルブラッド,"￥9,800","￥10,000代",0,-,,,,,伊藤ヨシユキ|新田真澄,,シブサワ・コウ,
1992-10-23,SFC,8M,ACT,ミサワエンターテインメント,アダムスファミリー,"￥8,800","￥9,000代",0,-,,,,,,,,
1992-10-23,SFC,8M,RAC,日本物産,スーパーF-1サーカスリミテッド,"￥9,200","￥9,000代",0,-,,,,,,,,
1992-10-29,SFC,8M,SHT,ナムコ,コズモギャングザビデオ,"￥7,900","￥8,000代",0,-,,,伊藤なおき,見城こうじ|いからしたつや,荒川美恵,,,
1992-10-30,SFC,12M,RPG,アトラス,真・女神転生,"￥9,800","￥10,000代",0,36,,岡田耕始,佐藤雅美|岡田耕始|國枝剛|高木秀俊,伊藤龍太郎|藤岡一樹|しまだよしあき|鈴木一也(遊企画)|佐藤佐和子|村上哲也|片岡いずみ|高島志郎|金子一馬,増子司,鈴木一也|伊藤龍太郎,新野洋右,
1992-10-30,SFC,8M,RPG,トンキンハウス,サイバーナイト,"￥8,900","￥9,000代",0,-,,みんみん宮田,"POCHI NAKAMORI",水野良|グループSNE|大河原邦男,迫田敏明|宮本昌知|塚本雅信|ATARASHI|DAVID|竹内啓史,山本弘|グループSNE,浦井郁郎,
1992-11-06,SFC,4M,ACT,ヒロ,スーパーリニアボール,"￥8,000","￥8,000代",0,-,,,,,,,,
1992-11-08,SFC,12M,SLG,光栄,三國志Ⅲ,"￥14,800","￥15,000代",0,-,,,,,向谷実,,シブサワ・コウ,
1992-11-13,SFC,12M,RPG,アスミック,レナス古代機械の記憶,"￥9,600","￥9,500代",0,-,,柴尾英令,のむらこうへい,加藤龍勇|後藤啓介|今井修司,田中公平,柴尾英令,岡本博|小川真司,
1992-11-13,SFC,8M,SHT,ココナッツジャパンエンターテイメント,スーパーSWIV,"￥9,500","￥9,500代",0,-,,,ロナルド・ピケット・ウィーサリック,ネド・ラングマン,デヴィッド・ウィテカー(英語版),,,
1992-11-20,SFC,8M,ACT,カプコン,ミッキーのマジカルアドベンチャー,"￥8,500","￥8,500代",0,30,,,篠原雅嗣,山本尚司|大西淑文|石原雄二,山口真理|西村達也,,ノア・ダッドリー,
1992-11-20,SFC,12M,ACT,東映動画,北斗の拳6激闘伝承拳覇王への道,"￥8,900","￥9,000代",0,-,,,,,フランク・ワイルドホーン,高橋亜子,,
1992-11-20,SFC,8M,ACT,レーザーソフト,対決!!ブラスナンバーズ,"￥8,500","￥8,500代",0,-,,,,,,,,
1992-11-20,SFC,8M,ETC,トミー,アメリカ横断ウルトラクイズ,"￥8,700","￥8,500代",0,-,,,,,,,"高橋靖二(第12回 - 第16回)|篠崎安雄(第12回・第13回)|城朋子(“今世紀最後”)|※全てCP",
1992-11-20,SFC,8M,RAC,ヒューマン,ヒューマン・グランプリ,"￥9,700","￥9,500代",0,-,,,,,,,,
1992-11-20,SFC,8M,RPG,アスキー,ウィザードリィV災渦の中心,"￥9,800","￥10,000代",0,-,,,,,,,,
1992-11-20,SFC,12M,RPG,バンプレスト,ヒーロー戦記プロジェクトオリュンポス,"￥9,600","￥9,500代",0,-,,,渡邊猛|庄真宏|大西康成,阪田雅彦|大河原邦男,田中伸一|山根昇,阪田雅彦|森田康楠,山田俊彦,
1992-11-21,SFC,4M,PUZ,データム・ポリスター,CACOMAKNIGHT(カコマナイト),"￥7,800","￥8,000代",0,-,,,,,,,,
1992-11-27,SFC,4M,ACT,アイレム,ガンフォース,"￥8,300","￥8,500代",0,-,,,,,木村浩,,,
1992-11-27,SFC,8M,ACT,KANEKO,パワーアスリート,"￥8,500","￥8,500代",0,-,,,,,,,,
1992-11-27,SFC,12M,ACT,タカラ,餓狼伝説宿命の闘い,"￥9,800","￥10,000代",0,-,,,,,,,,
1992-11-27,SFC,8M,ACT,ビクターエンタテインメント,アウター・ワールド,"￥8,800","￥9,000代",0,30,,,エリック・シャイ,エリック・シャイ(英語版)|エリック・シャイ,ジーン・フランソワ・フレータス,,,
1992-11-27,SFC,8M,RPG,やのまん,ソング・マスター,"￥9,000","￥9,000代",0,-,,,"おおくぼしょうご|ROWDY HERDY|AKI2",AKI|拔山敏弘,田中剛|COZY,石井一豊|SAY,日野晃博|石井一豊,
1992-11-27,SFC,8M,SLG,サミー,バルバロッサ,"￥9,800","￥10,000代",0,-,,,,,,,,
1992-11-27,SFC,4M,SLG,ジャレコ,ロイヤルコンクエスト,"￥8,500","￥8,500代",0,30,,,,,,,,
1992-11-27,SFC,8M,SPT,ケイ・アミューズメントリース,あしたのジョー,"￥8,900","￥9,000代",0,-,,竹内啓雄|大賀俊二|西久保瑞穂,,,荒木一郎,高森朝雄,,
1992-11-27,SFC,8M,SPT,トンキンハウス,バレーボールTwin,"￥8,900","￥9,000代",0,-,,,,,,,,
1992-12-04,SFC,8M,PUZ,ケイ・アミューズメントリース,ミステリーサークル,"￥8,300","￥8,500代",0,-,,,,,,,,
1992-12-04,SFC,8M,SPT,アイレム,メジャータイトル,"￥8,800","￥9,000代",0,30,,,,,,,,
1992-12-04,SFC,8M,SPT,東宝,芹沢信雄のバーディトライ,"￥9,600","￥9,500代",0,-,,,,,,,,
1992-12-04,SFC,8M,SPT,ホット・ビィ,スーパーブラックバス,"￥9,800","￥10,000代",0,-,,,,,,,,
1992-12-06,SFC,16M,RPG,スクウェア,ファイナルファンタジーV,"￥9,800","￥10,000代",245,34,,坂口博信,成田賢,伊藤裕之|天野喜孝,植松伸夫,坂口博信|北瀬佳範|(リレー方式),,
1992-12-11,SFC,12M,ACT,カルチャーブレーン,飛龍の拳Sハイパーバージョン,"￥9,700","￥9,500代",0,-,,,,,,,,
1992-12-11,SFC,8M,ACT,RIOT,PsychoDream(サイコドリーム),"￥8,900","￥9,000代",0,-,,,,,,,,
1992-12-11,SFC,12M,RPG,サンソフト,弁慶外伝沙の章,"￥9,600","￥9,500代",0,-,,,,,,,,
1992-12-11,SFC,12M,SPT,エピック・ソニーレコード,白熱プロ野球ガンバリーグ'93,"￥9,500","￥9,500代",0,-,,,,,,,,
1992-12-11,SFC,8M,SPT,タカラ,大相撲魂,"￥9,000","￥9,000代",0,-,,,,,,,,
1992-12-11,SFC,8M,SPT,バンプレスト,バトルサッカーフィールドの覇者,"￥9,500","￥9,500代",0,-,,,,,,,,
1992-12-11,SFC,8M,TAB,ココナッツジャパンエンターテイメント,パチ夫くんスペシャル,"￥9,800","￥10,000代",0,-,,,,,,,,
1992-12-14,SFC,8M,SHT,ビック東海,機動装甲ダイオン,"￥8,500","￥8,500代",0,-,,,今井盛徳,はやかわよう|村田護郎|杉田篤彦,佐藤天平,,きのしたかずあき,
1992-12-18,SFC,4M,ACT,データイースト,戦え原始人2ルーキーの大冒険,"￥8,000","￥8,000代",0,-,,,,,,,,
1992-12-18,SFC,8M,ACT,コナミ,タイニー・トゥーンアドベンチャーズ,"￥8,000","￥8,000代",0,-,,,,,ブルース・ブロートン,ポール・ディニ,,
1992-12-18,SFC,8M,ACT,日本コンピュータシステム,重装機兵ヴァルケン,"￥8,800","￥9,000代",0,32,,,,,,,,
1992-12-18,SFC,8M,ACT,ビクターエンタテインメント,スーパー・スター・ウォーズ,"￥8,800","￥9,000代",0,-,,,,,,,,
1992-12-18,SFC,8M,PUZ,BPS,スーパーテトリス2+ボンブリス,"￥8,500","￥8,500代",0,-,,,,,,,,
1992-12-18,SFC,8M,RAC,バリエ,中嶋悟監修SUPERF1HERO,"￥8,900","￥9,000代",0,-,,,,,,,,
1992-12-18,SFC,8M,RPG,ユタカ,SDガンダム外伝2円卓の騎士,"￥9,500","￥9,500代",0,-,,,,ファイアーおかもと,上村みゆき,ギヤマンまつなが|ファイアーおかもと,バーサル騎士鈴木,
1992-12-18,SFC,8M,SHT,ソフエル,フライングヒーローぶぎゅるーの大冒険,"￥8,800","￥9,000代",0,-,,,,,田中光人,,,
1992-12-18,SFC,8M,SLG,ヘクト,ステルス,"￥9,700","￥9,500代",0,-,,,,,,,,
1992-12-18,SFC,8M,SPT,ナムコ,スーパー大相撲熱戦大一番,"￥8,800","￥9,000代",0,-,,,,,,,,
1992-12-18,SFC,8M,SPT,パック・イン・ビデオ,アメージングテニス,"￥8,800","￥9,000代",0,-,,,,,,,,
1992-12-18,SFC,8M,TAB,ナグザット,ナグザットスーパーピンボール邪鬼破壊,"￥8,500","￥8,500代",0,-,,,,,,,,
1992-12-18,SFC,8M,TAB,日本物産,スーパーニチブツマージャン(03),"￥8,800","￥9,000代",0,-,,,,,,,,
1992-12-19,SFC,8M,SLG,スクウェア,半熟英雄ああ、世界よ半熟なれ,"￥9,500","￥9,500代",0,30,,,,,,,,
1992-12-21,SFC,12M,ACT,ゲームプラン21,46億年物語はるかなるエデンへ,"￥9,600","￥9,500代",0,-,,,,,,,,
1992-12-22,SFC,8M,ACT,サンソフト,LOONEYTUNESロードランナーVSワイリーコヨーテ,"￥8,600","￥8,500代",0,-,,,,,,,,
1992-12-22,SFC,12M,ACT,ジャレコ,ラッシング・ビート乱複製都市,"￥9,600","￥9,500代",0,-,,,吉田明広|大原健志|猪ヶ倉康雄|竹内史郎,星和明|倉持亮一|倉持伸幸|渡辺忠彦|前川恵一|渡部輝彦|高橋将人,伊勢村篤義|内田哉,,,
1992-12-22,SFC,4M,ACT,タカラ,少年アシベゴマちゃんのゆうえんち大冒険,"￥7,800","￥8,000代",0,-,,,,,,,,
1992-12-22,SFC,8M,ACT,ナツメ,奇々怪界謎の黒マント,"￥8,500","￥8,500代",0,-,,,いしはらかずひこ,あさりよしとお|谷口俊一|にしやまともゆき,岩月博之,服部嘉人,,
1992-12-23,SFC,12M,ACT,テクノスジャパン,コンバットライブス,"￥9,300","￥9,500代",0,-,,谷本敦|富山徳之,西村成孝,緒方孝治,山根一央,,,
1992-12-25,SFC,12M,ACT,日本コンピュータシステム,らんま1／2爆烈乱闘篇,"￥9,600","￥9,500代",0,-,,,山本克利|樋口幸弘,有賀ヒトシ|桜井正則|小沢努|只隈圭介,岡本智郎,松田明生,菅沼孝夫|盛武源|土田俊郎,
1992-12-25,SFC,8M,SPT,テクモ,テクモスーパーNBAバスケットボール,"￥8,900","￥9,000代",0,-,,,,,,,,
1992-12-25,SFC,8M,SPT,ヒューマン,スーパーファイヤープロレスリング2,"￥8,500","￥8,500代",0,-,,吉田秀司,野村弘治|渡邊肇|内山隆博|坂上公一,浅古大輔|増田雅人|高岡謙次|大内啓輔|門間毅|喜多功治郎|市川宏,庭山博也|山崎正通|田中宏典,,,
1992-12-25,SFC,8M,SPT,ビデオシステム,スーパーバレーⅡ,"￥8,900","￥9,000代",0,-,,,,,,,,
1992-12-25,SFC,4M,SPT,ミサワエンターテインメント,SUPERKICKOFF(スーパーキックオフ),"￥7,700","￥7,500代",0,-,,,,,,,,
1992-12-25,SFC,8M,TAB,アイ・ジー・エス,哭きの竜麻雀飛翔伝,"￥9,800","￥10,000代",0,-,,,,,,,,
1992-12-25,SFC,8M,TAB,タイトー,大爆笑人生劇場,"￥8,500","￥8,500代",0,-,,高橋章二,さとうふじひこ|はながたたかし|イトウわりゅー|カタナまさる,なかだしんじ|くろさわきょうこ|タイガーかとう|長尾隆史|加藤誠|伊藤啓司|もぎきよこ|川石徹|明石佳久|大原和浩|園田誠|金子陽子|斎藤慎,わたなべよしお,,,
1992-12-28,SFC,8M,ETC,ヨネザワ,史上最強のクイズ王決定戦SUPER,"￥8,900","￥9,000代",0,-,,,,,,,,
1992-12-28,SFC,8M,RAC,メルダック,THEKINGOFRALLYパリ・モスクワ・ペキン,"￥8,800","￥9,000代",0,-,,,,,,,,
1993-01-03,SFC,12M,RPG,ハドソン,エルファリア,"￥9,500","￥9,500代",0,31,,桶谷正剛,桶谷正剛,上田和敏|寺岡大介|宮城拳|刈部雅章|松下進,"三枝成彰|T'S MUSIC|滝本利昭",あだちひろし,青山英治|小林雅樹,
1993-01-08,SFC,8M,ACT,アイ・ジー・エス,エイリアンVSプレデター,"￥9,800","￥10,000代",0,-,,,,,,,,
1993-01-14,SFC,8M,RPG,アイ・ジー・エス,BURAI八玉の勇士伝説(ブライ),"￥9,800","￥10,000代",0,-,,,,,,,,
1993-01-16,SFC,12M,SLG,光栄,ヨーロッパ戦線,"￥12,800","￥13,000代",0,-,,,,,大野雄二,,シブサワ・コウ,
1993-01-22,SFC,8M,ACT,データム・ポリスター,負けるな!魔剣道,"￥8,800","￥9,000代",0,-,,,石指武|さいとうやすのり,よこやまあさこ|石指武,和久田貴浩,,,
1993-01-22,SFC,8M,RPG,ロジーク,マイト・アンド・マジックBOOK2,"￥8,800","￥9,000代",0,-,,,,,,,,
1993-01-22,SFC,10M,SLG,イマジニア,ポピュラス2,"￥9,800","￥10,000代",0,-,,,,,,,,
1993-01-22,SFC,8M,SLG,ヒューマン,ドラゴンズ・アース,"￥8,500","￥8,500代",0,-,,,,,,,,
1993-01-25,SFC,8M,ACT,ユタカ,うしおととら,"￥8,800","￥9,000代",0,-,,,,松原徳弘|森智子,瀬川英史,井上敏樹|米村正二|岸本みゆき,,
1993-01-29,SFC,8M,ACT,ベック,スーパービックリマン,"￥7,800","￥8,000代",0,-,,貝澤幸男,,青山充,有澤孝紀,,,
1993-01-29,SFC,4M,ACT,アクレイムジャパン,クリスティーワールド,"￥8,000","￥8,000代",0,-,,,,,,,,
1993-01-29,SFC,4M,PUZ,バップ,Q*bert3,"￥7,000","￥7,000代",0,-,,,ワーレン・デイビス,ワーレン・デイビス|ジェフリー・P・リー|テリー・ドゥーアーザフ,デヴィッド・ティール,,,
1993-01-29,SFC,4M,PUZ,パック・イン・ビデオ,スーパー倉庫番,"￥7,800","￥8,000代",0,-,,,,,,,,
1993-01-29,SFC,8M,SLG,やのまん,信長公記,"￥12,500","￥12,500代",0,-,,,,,,,,
1993-01-29,SFC,8M,SPT,ナムコ,ナムコットオープン,"￥8,800","￥9,000代",0,31,,,,,,,,
1993-01-29,SFC,4M,SPT,ミサワエンターテインメント,ワールドクラスラグビー,"￥7,900","￥8,000代",0,-,,,,,,,,
1993-02-05,SFC,8M,ACT,バンダイ,ゲゲゲの鬼太郎復活!!天魔大王,"￥8,800","￥9,000代",0,-,,林広幸,宍戸隆,笠浪膝呼|寺田一洋|馬場博年|水木しげる|馬場博年|笠浪慎二,小松邦博|伊藤康広|浜田智之,,,
1993-02-12,SFC,8M,SPT,EAV,プロフットボール'93,"￥8,900","￥9,000代",0,30,,,,,,,,
1993-02-19,SFC,4M,ACT,エポック社,ドラえもんのび太と妖精の国,"￥8,000","￥8,000代",0,-,,堀越丈広|葭原智,今井敏彦|池田慎一|佐藤久志,加藤栄吾|おきやまじゅん|ますやまゆういち|うさみせいじ,小川寿夫|沓掛隆志|松島友子,,沓掛隆志,
1993-02-19,SFC,8M,ADV,トミー,ウォーリーをさがせ!絵本の国の大冒険,"￥9,500","￥9,500代",0,-,,,,,,,,
1993-02-19,SFC,8M,SLG,アスミック,鋼鉄の騎士,"￥9,800","￥10,000代",0,-,,,,,,,,
1993-02-19,SFC,8M,TAB,POW,喜国雅彦の雀闘士銅鑼王,"￥8,900","￥9,000代",0,-,,,,,,,,
1993-02-21,SFC,8M,SHT,任天堂,スターフォックス,"￥9,800","￥10,000代",80,34,,江口勝也,ディラン・カスバート|ジャイルズ・ゴダード|クリスター・ウォンベル,今村孝矢,平澤創,,山内溥|宮本茂,
1993-02-26,SFC,8M,ACT,アクレイムジャパン,バートの不思議な夢の大冒険,"￥8,800","￥9,000代",0,-,,,,,,,,
1993-02-26,SFC,8M,ACT,コナミ,バットマンリターンズ,"￥8,800","￥9,000代",0,31,,,,,ダニー・エルフマン,ボブ・ケイン,,
1993-02-26,SFC,8M,ACT,ビクターエンタテインメント,バトルテック,"￥9,800","￥10,000代",0,-,,,,,,,,
1993-02-26,SFC,4M,PUZ,ナムコ,コズモギャングザパズル,"￥7,900","￥8,000代",0,-,,見城こうじ,,,荒川美恵,,,
1993-02-26,SFC,12M,RAC,ビデオシステム,F-1GRANDPRIXPARTⅡ,"￥9,800","￥10,000代",0,-,,,,,,,,
1993-02-26,SFC,12M,RPG,サンソフト,Xak(サーク),"￥9,600","￥9,500代",0,-,,大津正徳,山田浩司|三曽田明|中津泰彦|山川富士男|永井勝也,柳島秀行|谷口恵津子,新田忠弘|笹井りゅうじ,,,
1993-02-26,SFC,8M,SLG,イマジニア,シムアント,"￥12,800","￥13,000代",0,-,,,Mac版|ウィル・ライト|ジャスティン・マコーミック|ミック・フォーリー|IBM版|ダニエル・ゴールドマン|Amiga版|ブライアン・コンラッド,ウィル・ライト|ジャスティン・マコーミック|ジェニー・マーティン|スーザン・グリーン|マフィー・ヴァサレ|マット・サルコーニ,マシュー・ベラルド|スティーヴ・ヘールズ|ジャック・ソートン|クリス・シャルト,,ドン・ウォルターズ,
1993-02-26,SFC,8M,SLG,エンジェル,織田信長覇王の軍団,"￥9,500","￥9,500代",0,-,,,,,,,,
1993-02-26,SFC,8M,SLG,光栄,リーディングカンパニー,"￥12,800","￥13,000代",0,-,,,,,,,,
1993-02-26,SFC,8M,SPT,EAV,NBAプロバスケットボールブルズVSブレイザーズ,"￥8,900","￥9,000代",0,-,,,,,,,,
1993-03-05,SFC,8M,ADV,ヘクト,イーハトーヴォ物語,"￥9,700","￥9,500代",0,-,,つるやじゅん,ふくやままさかつ,おだちひろよ,多和田吏,まわたりせいいちろう,関雅行,
1993-03-05,SFC,8M,RAC,セタ,エキゾースト・ヒートF1ドライバーへの軌跡,"￥9,800","￥10,000代",0,-,,,,,,,,
1993-03-05,SFC,8M,RPG,コブラチーム,ジョジョの奇妙な冒険,"￥9,500","￥9,500代",0,-,,,,,,,,
1993-03-05,SFC,8M,RPG,サンソフト,アルバートオデッセイ,"￥9,600","￥9,500代",0,-,,,渥美博明,AKIRA.M/B.B|Y.OIDA|鈴木のぶひで|後藤まもる,小高直樹,,渥美博明,
1993-03-05,SFC,8M,RPG,データイースト,METALMAX2,"￥9,500","￥9,500代",0,31,,吉田穂積|兼安時紀,菅原康弘|福島純|田内智樹,宮岡寛|きむらはじめ|とみさわ昭仁|山本貴嗣,門倉聡,,桝田省治,
1993-03-05,SFC,8M,SPT,エレクトロ・ブレイン・ジャパン,スーパーキックボクシング,"￥8,800","￥9,000代",0,-,,,,,,,,
1993-03-05,SFC,8M,SPT,T＆Eソフト,デビルズコース,"￥9,800","￥10,000代",0,-,,,,,,リンジー・デヴリン,,
1993-03-05,SFC,8M,TAB,トミー,モノポリー,"￥9,700","￥9,500代",0,30,,,,チャールズ・B・ダロウ (en) ,,,,
1993-03-12,SFC,8M,ACT,ヘクト,カリフォルニアゲームズⅡ,"￥8,800","￥9,000代",0,-,,,,,,,,
1993-03-12,SFC,8M,ACT,マイクロワールド,EDONO牙(エドノキバ),"￥8,900","￥9,000代",0,-,,,,,,,,
1993-03-12,SFC,16M,SLG,クエスト,伝説のオウガバトル,"￥9,600","￥9,500代",0,33,,松野泰己,森岡伸夫|佐藤孝|小川昌也,松野泰己|吉田明彦|皆川裕史,岩田匡治|崎元仁|松尾早人,,徳川誠,
1993-03-12,SFC,12M,SPT,ケイ・アミューズメントリース,2020年スーパーベースボール,"￥8,900","￥9,000代",0,-,,,,,,,,
1993-03-12,SFC,8M,SPT,ナムコ,スーパーファミスタ2,"￥7,900","￥8,000代",0,-,,岸本好弘,佐々木英隆,島本昌弘|林幸人|我妻吉則|ほどのゆきお,川元義徳,,,
1993-03-19,SFC,8M,RAC,インフォコム,ナイジェル・マンセルF1チャレンジ,"￥8,800","￥9,000代",0,-,,,,,,,,
1993-03-19,SFC,8M,RPG,ナグザット,超魔界大戦!どらぼっちゃん,"￥8,800","￥9,000代",0,-,,,,,,,,
1993-03-19,SFC,12M,RPG,ポニーキャニオン,ジャングルウォーズ2古代魔法アティモスの謎,"￥9,500","￥9,500代",0,-,,さくまあきら(監修),富沢賢一|瓦吹隆|なりたりゅういち,木村初|富沢賢一|土居孝幸,岡本智郎,木村初,有元和彦,
1993-03-19,SFC,8M,SHT,アテナ,バイオメタル,"￥8,980","￥9,000代",0,-,,,,,,,,
1993-03-19,SFC,8M,SPT,ジャレコ,USAICEHOCKEY,"￥9,000","￥9,000代",0,-,,,,,,,,
1993-03-20,SFC,16M,ACT,バンダイ,ドラゴンボールZ超武闘伝,"￥9,800","￥10,000代",145,-,,島田晋作|久保田昭史,まるこパパ|まるこ,清水厚二|竹花欣也|玉井裕和|高橋雅行|荒井翔子|しいのせいいちろう|いいだしんいち,山本健司|さばくまゆき,,鈴木敏弘,
1993-03-25,SFC,8M,ACT,ナムコ,スーパーワギャンランド2,"￥8,300","￥8,500代",0,-,,,,,,,,
1993-03-25,SFC,12M,SLG,光栄,スーパー蒼き狼と白き牝鹿元朝秘史,"￥11,800","￥12,000代",0,-,,,,,大島ミチル,,シブサワ・コウ,
1993-03-26,SFC,4M,ACT,ケムコ,ブルースブラザース,"￥7,800","￥8,000代",0,-,,,,,,,,
1993-03-26,SFC,16M,ACT,ジャレコ,DEADDANCE(デッドダンス),"￥9,700","￥9,500代",0,-,,あらいゆき,"Byontar Nottengham|かせけんいち",あらいゆき|前川恵一|倉持伸幸,高芝泰彦|石田傑,青木浩司,,
1993-03-26,SFC,8M,ACT,バンダイ,ウルトラセブン,"￥8,800","￥9,000代",0,-,,,,,,"金城哲夫 ほか",,
1993-03-26,SFC,10M,ACT,バンプレスト,ザ・グレイトバトルⅢ,"￥8,700","￥8,500代",0,-,,山田俊彦|奈良直志,小林俊一|小林秀樹|佐々木勇二郎|白井一之|岩崎哲史,竹矢吉孝|桑村英樹|納谷江司|山根一記|折笠圭介|高杉よしみ,富樫則彦,,ひろむ,
1993-03-26,SFC,8M,ETC,ヴィジット,ザ・心理ゲーム悪魔のココロジー,"￥9,800","￥10,000代",0,-,,,,,,,,
1993-03-26,SFC,8M,RPG,ウルフ・チーム,ノイギーア海と風の鼓動,"￥9,800","￥10,000代",0,-,,,,,,,,
1993-03-26,SFC,8M,SHT,EAV,デザートストライク湾岸作戦,"￥8,900","￥9,000代",0,-,,,,,,,,
1993-03-26,SFC,8M,SHT,コナミ,Pop'nツインビー,"￥8,900","￥9,000代",0,-,,,松岡伸浩|吉田晃之|奥谷友春,藤本武史|岸本方彰|山内円|薬師寺健雄|橋本征貢,上原和彦|碇子正広|井上秀登|冨田朋也|安慶名伸行|中島正恵|三木彩子,,,
1993-03-26,SFC,8M,SLG,イマジニア,パワーモンガー魔将の謀略,"￥12,800","￥13,000代",0,-,,,,,,,大瀧詠一,
1993-03-26,SFC,8M,SPT,テクモ,つっぱり大相撲立身出世編,"￥9,000","￥9,000代",0,-,,,,,,,,
1993-03-26,SFC,8M,SPT,マイクロワールド,インターナショナル・テニスツアー,"￥8,900","￥9,000代",0,-,,,,,,,,
1993-04-02,SFC,8M,SLG,光栄,エアーマネジメントⅡ航空王をめざせ,"￥12,800","￥13,000代",0,-,,,,,岩崎琢,,シブサワ・コウ,
1993-04-03,SFC,12M,RPG,カプコン,ブレスオブファイア竜の戦士,"￥9,800","￥10,000代",0,-,,,金子清巳|こじまのりこ|三膳正,竹中善則|河野禎則|池原実|稲船敬二|松村ひろのり,藤田靖明|山口真理|藤井美苗|下村陽子,,,
1993-04-03,SFC,12M,SPT,テクモ,キャプテン翼Ⅳプロのライバルたち,"￥9,700","￥9,500代",0,-,,,,,,,,
1993-04-07,SFC,12M,SLG,光栄,太閤立志伝,"￥11,800","￥12,000代",0,-,,,,,大島ミチル,,シブサワ・コウ,
1993-04-09,SFC,8M,ACT,ココナッツジャパンエンターテイメント,アクションパチ夫,"￥9,500","￥9,500代",0,-,,,,,,,,
1993-04-16,SFC,12M,RPG,アイマックス,デュアルオーブ聖霊珠伝説,"￥9,700","￥9,500代",0,-,,,,,,北角浩一,宗清紀之,
1993-04-16,SFC,8M,TAB,ビデオシステム,The麻雀・闘牌伝,"￥8,900","￥9,000代",0,-,,,,,,,,
1993-04-23,SFC,8M,ACT,ジャレコ,怒りの要塞,"￥8,700","￥8,500代",0,-,,,,,,,,
1993-04-23,SFC,4M,ACT,パック・イン・ビデオ,スーパーバトルタンク,"￥7,800","￥8,000代",0,-,,,,,,,,
1993-04-23,SFC,12M,RPG,ゲームプラン21,エルナード,"￥9,600","￥9,500代",0,-,,今田真二,すみたたけお,今田真二|鈴木俊之|日下純|鈴木多恵子|増田晴彦,山貫憲彦,,みつもりこうじ|丸山茂樹,
1993-04-23,SFC,8M,RPG,ユタカ,龍騎兵団ダンザルブ,"￥9,500","￥9,500代",0,-,,,氷見元生|伊藤真也,氷見元生|庵野秀明|鶴巻和哉|大畑浩一|夢野レイ,西澤洋,飯島健男,飯島健男|赤井孝美,
1993-04-28,SFC,4M,ACT,ハドソン,スーパーボンバーマン,"￥7,800","￥8,000代",0,30,,植山幹郎,酒井誠,酒井誠|平井隆之,竹間淳|濱田智之,,青山英治|小林正樹,
1993-04-28,SFC,8M,SPT,サミー,スーパーダンクスター,"￥7,900","￥8,000代",0,-,,,,,,,,
1993-05-14,SFC,4M,ETC,エポック社,バーコードバトラー戦記スーパー戦士出撃せよ!,"￥7,680","￥7,500代",0,-,,,,,,,,
1993-05-14,SFC,8M,TAB,BPS,対局囲碁ゴライアス,"￥14,800","￥15,000代",0,-,,,,,,,,
1993-05-21,SFC,8M,SPT,アクレイムジャパン,NBAオールスターチャレンジ,"￥8,800","￥9,000代",0,-,,,,,,,,
1993-05-22,SFC,10M,ACT,カプコン,ファイナルファイト2,"￥9,000","￥9,000代",0,-,,,金子清巳|赤堀雅行,三並達也|たなべまゆみ|濱貴詞|鵜飼敏|山添公雄,藤田靖明|山口真理|岩井由紀|山本節生|竹原裕子|西村達也,,藤原得郎,
1993-05-28,SFC,8M,ACT,ヒューマン,セプテントリオン,"￥8,500","￥8,500代",0,32,,吉田秀司,阿部浩之|三浦義弘,木邨圭太|岩下英幸|青柳健二|實取正敏|門間毅,那珂裕之|新倉耕二,木邨圭太,,
1993-05-28,SFC,8M,TAB,ケイエスエス,パチンコ物語パチスロもあるでよ!!,"￥9,800","￥10,000代",0,31,,,,,,,,
1993-06-04,SFC,12M,RPG,エポック社,ドラゴンスレイヤー英雄伝説Ⅱ,"￥9,800","￥10,000代",0,-,,,,,,,,
1993-06-11,SFC,8M,ACT,日本物産,コスモポリスギャリバン,"￥8,800","￥9,000代",0,-,,藤原茂樹,つちいえとしお,藤原茂樹|なかがわきょうこ,吉田健志,,,
1993-06-11,SFC,4M,SPT,ヒューマン,スーパーフォーメーションサッカー2,"￥8,500","￥8,500代",0,30,,,,,,,,
1993-06-11,SFC,4M,TAB,アテナ,プロ麻雀極,"￥9,600","￥9,500代",0,-,,,,,,,,
1993-06-18,SFC,12M,RPG,ビック東海,神聖紀オデッセリア,"￥9,500","￥9,500代",0,-,,うめはらきみお,,,佐藤天平,,,
1993-06-18,SFC,4M,TAB,セタ,早指し二段森田将棋,"￥14,800","￥15,000代",0,-,,,,,,,,
1993-06-21,SFC,8M,SHT,任天堂,スペースバズーカ,"￥6,500","￥6,500代",0,-,,村松敏孝,成広通|西井利弘|山内修|いぬいただし|あべこういち,村松敏孝|大西直孝,辻横由佳,松本久美子,横井軍平,
1993-06-21,SFC,8M,SHT,任天堂,スーパースコープ6(スーパースコープ付属カセット),"￥9,800","￥10,000代",0,-,,,,,,,,
1993-06-25,SFC,4M,ACT,アルトロン,トムとジェリー,"￥8,900","￥9,000代",0,-,,,,,,,,
1993-06-25,SFC,4M,ACT,コナミ,ドラゴンズマジック,"￥8,800","￥9,000代",0,-,,,マイケル・クナウアー|ヴィンス・リー,リック・ダイアー|ビクター・ペンマン|マーティ・フォールガー|ダーリーン・ウォディントン|ドン・ブルース,クリストファー・ストーン,,,
1993-06-25,SFC,8M,ACT,システムサコム,激突弾丸自動車決戦バトルモービル,"￥8,800","￥9,000代",0,-,,,,,,,,
1993-06-25,SFC,8M,ACT,バンダイ,マジンガーZ,"￥8,800","￥9,000代",0,-,,,,"羽根章悦→森下圭介[注釈 1]",渡辺宙明,永井豪とダイナミックプロ,,
1993-06-25,SFC,8M,RAC,アトラス,GP-1,"￥8,800","￥9,000代",0,-,,,,,,,,
1993-06-25,SFC,16M,RPG,セタ,シルヴァ・サーガⅡ,"￥9,800","￥10,000代",0,30,,,,,,,,
1993-06-25,SFC,8M,RPG,タイトー,エストポリス伝記,"￥8,900","￥9,000代",0,-,,宮田正英,受田直之,まつもとともなり,塩生康範|ざいつあき|くろだなおみ,宮田正英,,
1993-06-25,SFC,12M,SLG,ウルフ・チーム,三国志正史天舞スピリッツ,"￥12,800","￥13,000代",0,-,,,,,,,,
1993-06-25,SFC,8M,SPT,ナムコ,スーパーファミリーテニス,"￥7,900","￥8,000代",0,-,,,,,,,,
1993-07-02,SFC,4M,ACT,ケムコ,ファーストサムライ魔狂人伝説,"￥7,800","￥8,000代",0,-,,,,,,,,
1993-07-09,SFC,8M,ACT,ユタカ,仮面ライダーSD出撃ライダーマシン,"￥8,800","￥9,000代",0,-,,,,,,,,
1993-07-09,SFC,8M,ACT,アクレイムジャパン,エイリアン3,"￥8,800","￥9,000代",0,-,,,,,エリオット・ゴールデンサール,キャラクター創造|ダン・オバノン|ロナルド・シャセット,,
1993-07-09,SFC,4M,PUZ,BPS,ヨッシーのクッキー,"￥6,600","￥6,500代",0,-,,山本雅央|山上仁志|たかさごたつひろ|RYOJIN,ヂュー・リー|よしかわのなえ|山本雄一,日野重文|松本千恵子|いのうえみか,生田ノブヤ|佐藤亜希羅|TSUTOMU|西坂紀子,,横井軍平,
1993-07-09,SFC,8M,SPT,アクレイムジャパン,スーパーハイインパクト,"￥8,800","￥9,000代",0,-,,,,,,,,
1993-07-11,SFC,20M,ACT,カプコン,ストリートファイターⅡターボ,"￥9,980","￥10,000代",210,36,,,,安田朗(AKIMAN),下村陽子|阿部功,,岡本吉起,
1993-07-14,SFC,16M,ACT,任天堂,スーパーマリオコレクション,"￥9,800","￥10,000代",212,32,,手塚卓志,中郷俊彦,日野重文|森直樹|富田聡一郎|臼井健太,近藤浩治,,宮本茂,
1993-07-14,SFC,8M,SHT,任天堂,ヨッシーのロードハンティング,"￥6,500","￥6,500代",0,-,,岩田聡,,,西村善樹|上村みゆき|徳永康,,宮本茂,
1993-07-16,SFC,12M,ACT,アイマックス,デスブレイド,"￥9,700","￥9,500代",0,-,,,,,,,,
1993-07-16,SFC,2M,ACT,キャラクターソフト,サンリオワールドスマッシュボール!,"￥6,980","￥7,000代",0,-,,,,,,,,
1993-07-16,SFC,12M,RPG,コナミ,摩陀羅2,"￥9,800","￥10,000代",0,-,,,,,,,,
1993-07-16,SFC,4M,SLG,アスミック,スーパーエアダイバー,"￥8,900","￥9,000代",0,-,,,,,,,,
1993-07-16,SFC,8M,SPT,ヴァージンゲーム,マジックジョンソンのスーパースラムダンク,"￥8,900","￥9,000代",0,-,,,,,,,,
1993-07-16,SFC,4M,SPT,ココナッツジャパンエンターテイメント,ワールド・サッカー,"￥9,500","￥9,500代",0,-,,,,,,,,
1993-07-16,SFC,16M,SPT,日本コンピュータシステム,全日本プロレス,"￥9,900","￥10,000代",0,-,,,,,,,,
1993-07-23,SFC,8M,ACT,東芝EMI,スーパーバック・トゥ・ザ・フューチャー2,"￥9,000","￥9,000代",0,-,,,,,,,,
1993-07-23,SFC,8M,ACT,ビクターエンタテインメント,スーパー・ジェームスポンドⅡ,"￥8,800","￥9,000代",0,-,,,,,,,,
1993-07-23,SFC,12M,RPG,ホット・ビィ,バズー!魔法世界,"￥9,800","￥10,000代",0,-,,,,山田章博,,瑞澄計都,,
1993-07-23,SFC,8M,SHT,アスキー,ウイングコマンダー,"￥9,800","￥10,000代",0,-,,,,,,,,
1993-07-23,SFC,8M,SLG,イマジニア,メガロマニア時空大戦略,"￥12,800","￥13,000代",0,-,,,,,,,,
1993-07-23,SFC,12M,SLG,バンプレスト,第3次スーパーロボット大戦,"￥9,800","￥10,000代",0,31,,阪田雅彦,庄真宏|渡邊猛,戸田篤樹|山岸望|坂木和史|知見浩之|谷博之|糸洲文恵|本田透|西村英樹|宮下加代子,田中伸一,阪田雅彦,じっぱひとからげ,
1993-07-23,SFC,16M,SPT,アクレイムジャパン,WWFロイヤルランブル,"￥9,800","￥10,000代",0,-,,,,,,,,
1993-07-23,SFC,12M,SPT,バンプレスト,バトルドッジボールⅡ,"￥9,600","￥9,500代",0,-,,田中憲一|下道隆,,,末村謙之輔,,,
1993-07-29,SFC,12M,RAC,日本物産,スーパーF1サーカス2,"￥9,500","￥9,500代",0,-,,,,,,,,
1993-07-30,SFC,8M,ACT,アイレム,ニトロパンクスマイトヘッズ,"￥8,800","￥9,000代",0,-,,,,,,,,
1993-07-30,SFC,8M,ACT,バリエ,パティームーン,"￥8,900","￥9,000代",0,-,,,,,,,,
1993-07-30,SFC,12M,ACT,バンダイ,クレヨンしんちゃん嵐を呼ぶ園児,"￥9,500","￥9,500代",0,-,,,,尾形和正|田中康介|牛村憲彦,富樫則彦,,,
1993-07-30,SFC,8M,ACT,ベック,宇宙の騎士テッカマンブレード,"￥8,800","￥9,000代",0,-,,,,TOlllO(設定)|佐野浩敏(原案協力)|佐山善則|中原れい,和田薫,,,
1993-07-30,SFC,10M,SHT,ビデオシステム,ソニックウイングス,"￥8,900","￥9,000代",0,-,,,,"中村晋介|.mw-parser-output ruby.large{font-size:250%}.mw-parser-output ruby.large>rt|.mw-parser-output ruby.large>rtc{font-size:.3em}.mw-parser-output ruby>rt|.mw-parser-output ruby>rtc{font-feature-settings:""ruby""1}.mw-parser-output ruby.yomigana>rt{font-feature-settings:""ruby""0}六鹿(ナントカ)文彦|横山浩子",耕三寺巡(AC)|板村直樹(SFC),,,
1993-07-30,SFC,16M,TAB,ジャレコ,美少女雀士スーチーパイ,"￥9,700","￥9,500代",0,-,,,,,,,,
1993-07-30,SFC,10M,TAB,タイトー,大爆笑人生劇場ドキドキ青春編,"￥8,800","￥9,000代",0,-,,高橋章二,さとうふじひこ|はながたたかし|イトウわりゅー|カタナまさる,なかだしんじ|くろさわきょうこ|タイガーかとう|長尾隆史|加藤誠|伊藤啓司|もぎきよこ|川石徹|明石佳久|大原和浩|園田誠|金子陽子|斎藤慎,わたなべよしお,,,
1993-08-05,SFC,4M,SLG,光栄,スーパー信長の野望・全国版,"￥8,800","￥9,000代",0,-,,,,,菅野よう子,,シブサワ・コウ,
1993-08-06,SFC,16M,RPG,スクウェア,聖剣伝説2,"￥9,800","￥10,000代",150,33,,石井浩一,ナーシャ・ジベリ,田中弘道|石井浩一|石井浩一|磯野宏夫,菊田裕樹,田中弘道,田中弘道,
1993-08-06,SFC,12M,RPG,T＆Eソフト,ソード・ワールドSFC,"￥9,800","￥10,000代",0,-,,,,,,,,
1993-08-06,SFC,12M,SPT,テクノスジャパン,くにおくんのドッジボールだよ全員集合!,"￥9,600","￥9,500代",0,-,,吉田晄浩,佐藤博|金久保勇|N.UEDA|森真一,並木毅|中津英一朗,澤和雄|飯塚千晶|上原麗子|片岡清美,,,
1993-08-06,SFC,8M,SPT,ナムコ,Jリーグサッカープライムゴール,"￥8,500","￥8,500代",0,-,,,,,,,,
1993-08-06,SFC,12M,SPT,ハドソン,スーパーパワーリーグ,"￥9,500","￥9,500代",0,-,,,,,,,,
1993-08-06,SFC,8M,SPT,ヒューマン,ヒューマンベースボール,"￥8,600","￥8,500代",0,-,,,,,,,,
1993-08-06,SFC,12M,SPT,ポニーキャニオン,大仁田厚「FMW」キミは時代よる熱くなれるか,"￥9,800","￥10,000代",0,-,,,,,,,,
1993-08-10,SFC,8M,ETC,アイマックス,スーパー競馬,"￥9,700","￥9,500代",0,-,,,,,,,,
1993-08-12,SFC,16M,ACT,サンソフト,ワールドヒーローズ,"￥9,800","￥10,000代",0,-,,,,,,,,
1993-08-20,SFC,4M,SPT,アルトロン,スーパースラップショット,"￥8,500","￥8,500代",0,-,,,,,,,,
1993-08-27,SFC,12M,ACT,エンジェル,美少女戦士セーラームーン,"￥9,800","￥10,000代",0,-,,,,,,,,
1993-08-27,SFC,8M,ACT,任天堂,マリオとワリオ,"￥6,800","￥7,000代",0,-,,田尻智,西橋倫治|増田順一,田尻智|杉森建|藤原基史,増田順一,,加納誠|石原恒和|横井軍平(ゼネラルマネージャー),
1993-08-27,SFC,8M,ETC,ヘクト,サラブレッドブリーダー,"￥9,700","￥9,500代",0,-,,,,,,,,
1993-08-27,SFC,12M,SLG,エニックス,樹帝戦紀,"￥9,600","￥9,500代",0,32,,,,,,,,
1993-08-27,SFC,8M,SPT,アクレイムジャパン,MVPベースボール,"￥8,800","￥9,000代",0,-,,,,,,,,
1993-08-27,SFC,4M,SPT,ケムコ,XZONE,"￥6,500","￥6,500代",0,-,,,,,,,,
1993-08-27,SFC,4M,SPT,バンダイ,DESTRUCTIVE(デストラクティブ),"￥6,800","￥7,000代",0,-,,,,,,,,
1993-09-03,SFC,4M,ACT,トンキンハウス,スーパータリカン,"￥7,500","￥7,500代",0,-,,,ホルガー・シュミット,,クリス・ヒュルスベック,,,
1993-09-10,SFC,8M,ACT,コブラチーム,サンダーバード国際救助隊出動せよ,"￥8,800","￥9,000代",0,-,,,,,,,,
1993-09-10,SFC,8M,ETC,イマジニア,ラスベガスドリーム,"￥9,800","￥10,000代",0,-,,安部卓,向井純|おだのりひろ|山本剛,やまなかたいへい|おおのさとし|安部卓|斎藤明宏|まるやませいじ,松前公高,,斎藤明宏,
1993-09-10,SFC,16M,ETC,光栄,ウイニングポスト,"￥12,800","￥13,000代",0,-,,,,,山崎洋一|新井智詞,,シブサワ・コウ,
1993-09-10,SFC,4M,RPG,スクウェア,ミスティッククエスト,"￥7,900","￥8,000代",0,-,,井出康二,近藤勝裕,森田正徳,笹井隆司|川上泰広,藤岡千尋|前川嘉彦|テッド・ウールゼイ,,
1993-09-14,SFC,16M,SPT,バリエ,新日本プロレスリング超戦士IN闘強導夢,"￥9,800","￥10,000代",0,-,,,,,,,,
1993-09-17,SFC,8M,ADV,ユタカ,課長島耕作スーパービジネスアドベンチャー,"￥9,800","￥10,000代",0,-,,,,,,,,
1993-09-17,SFC,8M,SPT,コナミ,NFLフットボール,"￥9,000","￥9,000代",0,-,,,,,,,,
1993-09-17,SFC,8M,SPT,フォーラム,ファイナルセット,"￥8,500","￥8,500代",0,-,,,,,ロス・ヴァネリ,ラウル・イングリス,,
1993-09-19,SFC,12M,RPG,チュンソフト,トルネコの大冒険不思議のダンジョン,"￥9,600","￥9,500代",80,32,,福沢正,山森丈範|福田裕二,福沢正|麻野一哉|長畑成一郎|鳥山明,すぎやまこういち,,中村光一,
1993-09-22,SFC,8M,ACT,データイースト,戦国伝承,"￥8,800","￥9,000代",0,-,,,,,山手安生|清水敏夫,,,
1993-09-22,SFC,12M,SPT,T＆Eソフト,マスターズ遙かなるオーガスタ2,"￥9,900","￥10,000代",0,-,,横山英二,加藤英治,中島健二,冨田茂,,横山俊朗,
1993-09-23,SFC,8M,ACT,エンジェル,SD機動戦士ガンダム2,"￥8,800","￥9,000代",0,-,,,,,,,,
1993-09-23,SFC,8M,ACT,バナレックス,GS美神除霊師はナイスバディ(ゴーストスイーパー美神),"￥8,800","￥9,000代",0,-,,,,,,,,
1993-09-24,SFC,8M,SHT,タイトー,ダライアスフォース,"￥8,800","￥9,000代",0,-,,黒木伸章,みずのまさる|いとうかずたか|まゆずみたかし,黒木伸章|谷沢康夫|おかだともあき|H.OKAMOTO,草津きよし|わたなべよしお|田辺裕紀彦,,高橋章二,
1993-09-24,SFC,4M,SPT,パック・イン・ビデオ,GO!GO!ドッジリーグ,"￥7,800","￥8,000代",0,-,,,,,,,,
1993-09-24,SFC,4M,TAB,ナグザット,本格麻雀徹萬,"￥7,800","￥8,000代",0,-,,,,,,,,
1993-09-30,SFC,4M,SPT,徳間書店インターメディアカンパニー,東尾修監修スーパープロ野球スタジアム,"￥8,900","￥9,000代",0,-,,,,,,,,
1993-10-01,SFC,16M,RPG,やのまん,TRINEA-トリネア-,"￥9,800","￥10,000代",0,-,,,,,,,OLIVIA,
1993-10-01,SFC,4M,SHT,アルトロン,レッド・オクトーバー,"￥8,800","￥9,000代",0,-,,,,,ベイジル・ポールドゥリス,トム・クランシー|『レッド・オクトーバーを追え』,,
1993-10-01,SFC,12M,SPT,ジャレコ,スーパー3Dベースボール,"￥12,800","￥13,000代",0,-,,,,,,,,
1993-10-08,SFC,8M,ACT,T＆Eソフト,バイキングの大迷惑,"￥8,800","￥9,000代",0,32,,,,,,,,
1993-10-08,SFC,8M,ETC,キングレコード,スーパー競走馬風のシルフィード,"￥9,300","￥9,500代",0,-,,,,,,,,
1993-10-15,SFC,8M,RAC,ナムコ,スズカエイトアワーズ,"￥8,800","￥9,000代",0,-,,,,,,,,
1993-10-21,SFC,4M,ETC,ココナッツジャパンエンターテイメント,スーパーカジノシーザースパレス,"￥8,900","￥9,000代",0,-,,,,,,,,
1993-10-22,SFC,8M,ACT,タカラ,ミラクルガールズともみとみかげの不思議世界の大冒険,"￥8,800","￥9,000代",0,-,,,,,,,,
1993-10-22,SFC,10M,RPG,サミー,ARCUSSPIRITS(アークス・スピリッツ),"￥8,900","￥9,000代",0,-,,,,,,,,
1993-10-22,SFC,12M,RPG,東宝、小学館プロダクション,らんま1／2朱猫団的秘宝,"￥9,800","￥10,000代",0,-,,賀川邦彦,富沢賢一|瓦吹隆,みとこうたろう|内藤剛,岡本智郎,きさらぎしょう,盛武源|角田純一|竹野雅人|頼経康史,
1993-10-29,SFC,12M,ACT,エニックス,アクトレイザー2沈黙への聖戦,"￥9,300","￥9,500代",0,-,,橋本昌哉,橋本昌哉|いまいゆき,古代彩乃|高井政彦|今井秋芳|横田幸次|七條たかし,古代祐三,宮崎友好,曽根康征,
1993-10-29,SFC,16M,ACT,ケイ・アミューズメントリース,龍虎の拳,"￥9,800","￥10,000代",0,-,,,,,,,,
1993-10-29,SFC,8M,ACT,タカラ,装甲騎兵ボトムズザ・バトリングロード,"￥9,800","￥10,000代",0,-,,,,,,,,
1993-10-29,SFC,8M,ETC,ビクターエンタテインメント,クラシック・ロード,"￥9,800","￥10,000代",0,-,,,,,,,,
1993-10-29,SFC,16M,RPG,カルチャーブレーン,スーパーチャイニーズワールド2,"￥9,800","￥10,000代",0,-,,阿迦手観屋夢之助,,阿迦手観屋夢之助,沢彰記,,阿迦手観屋夢之助,
1993-10-29,SFC,8M,SHT,バンプレスト、ザムス,超時空要塞マクロススクランブルバルキリー,"￥8,800","￥9,000代",0,-,,,,,,,,
1993-10-29,SFC,4M,SLG,エピック・ソニーレコード,ユートピア,"￥9,500","￥9,500代",0,-,,,,,,,,
1993-10-29,SFC,8M,SPT,エポック社,はた山ハッチのパロ野球ニュース!実名版,"￥9,800","￥10,000代",0,-,,,,,,,,
1993-10-29,SFC,4M,SPT,ミサワエンターテインメント,ジミーコナーズのプロテニスツアー,"￥8,900","￥9,000代",0,-,,,,,,,,
1993-10-29,SFC,16M,TAB,日本物産,スーパーニチブツマージャン2全国制覇篇,"￥9,800","￥10,000代",0,-,,,,,,,,
1993-10-29,SFC,8M,TAB,ポニーキャニオン,将棋風林火山,"￥8,800","￥9,000代",0,-,,,,,,,,
1993-11-05,SFC,8M,RPG,テクモ,アクタリオン,"￥8,900","￥9,000代",0,-,,,,倉花千夏|石田可奈(原案)|石田可奈|丸藤広貴|河森正治(アクエリオン)|ブリュネ・スタニスラス|高倉武史,菅野よう子|大塚彩子,河森正治|サテライト,,
1993-11-05,SFC,8M,SPT,パック・イン・ビデオ,ファイナルノックアウト,"￥8,800","￥9,000代",0,-,,,,,,,,
1993-11-12,SFC,12M,ACT,バンダイ,仮面ライダー,"￥9,800","￥10,000代",0,-,,,,,菊池俊輔,"伊上勝 他","平山亨・阿部征司|(第53 - 98話)",
1993-11-12,SFC,8M,PUZ,エピック・ソニーレコード,SolsticeⅡ(ソルスティス2),"￥9,500","￥9,500代",0,-,,,,,,,,
1993-11-12,SFC,12M,RAC,ロジーク,ファイナル・ストレッチ,"￥9,800","￥10,000代",0,-,,,,,,,,
1993-11-12,SFC,8M,SPT,イマジニア,若貴大相撲夢の兄弟対決,"￥9,800","￥10,000代",0,-,,,,,,,,
1993-11-12,SFC,8M,TAB,トミー,スーパーUNO,"￥8,500","￥8,500代",0,-,,,,,,,,
1993-11-19,SFC,16M,ACT,東芝EMI,バトルマスター究極の戦士たち,"￥9,800","￥10,000代",0,-,,,,,,,,
1993-11-19,SFC,12M,RPG,トンキンハウス,イースIVMaskofTheSun,"￥9,800","￥10,000代",0,-,,,,,,,,
1993-11-19,SFC,8M,TAB,ココナッツジャパンエンターテイメント,パチスロラブストーリー,"￥9,800","￥10,000代",0,-,,,,,,,,
1993-11-19,SFC,8M,TAB,バリエ,遊人雀獣学園,"￥8,900","￥9,000代",0,-,,,,,,,,
1993-11-23,SFC,4M,SPT,マイクロネット,RIDDICKBOWEBOXING(リディック･ボウボクシング),"￥8,400","￥8,500代",0,-,,,,,,,,
1993-11-26,SFC,8M,ACT,アスキー,アルディライトフット,"￥9,800","￥10,000代",0,-,,,,,,,,
1993-11-26,SFC,10M,ACT,カプコン,アラジン,"￥9,000","￥9,000代",0,31,,,,,,,,
1993-11-26,SFC,20M,ACT,タカラ,餓狼伝説2,"￥9,980","￥10,000代",0,-,,,,塚本高史|白井影二,清水敏夫|おさかようこ|北村芳彦|幡谷正彦,,川崎英吉,
1993-11-26,SFC,16M,ACT,トミー,アクセルブリッド,"￥9,800","￥10,000代",0,-,,,,,,,,
1993-11-26,SFC,8M,ADV,徳間書店,ヤダモンワンダランドドリーム,"￥8,800","￥9,000代",0,-,,,,,,,,
1993-11-26,SFC,8M,RAC,タイトー,スーパーH.Q.クリミナルチェイサー,"￥8,900","￥9,000代",0,-,,,,,,,,
1993-11-26,SFC,16M,RPG,やのまん,アレサ(ARETHA),"￥9,800","￥10,000代",0,-,,,,,,,,
1993-11-26,SFC,8M,SLG,アスミック,F-15スーパーストライクイーグル,"￥9,600","￥9,500代",0,-,,,,,,,,
1993-11-26,SFC,8M,SPT,サミー,ダイナミックスタジアム,"￥8,500","￥8,500代",0,-,,,,,,,,
1993-11-26,SFC,4M,SPT,ジャレコ,武田修宏のスーパーカップサッカー,"￥9,500","￥9,500代",0,-,,,,,,,,
1993-11-26,SFC,8M,SPT,ソフエル,鬼塚勝也スーパーバーチャルボクシング,"￥9,800","￥10,000代",0,-,,,,,,,,
1993-11-26,SFC,12M,SPT,テクモ,テクモスーパーボウル,"￥9,800","￥10,000代",0,31,,,,,,,,
1993-11-26,SFC,8M,SPT,データイースト,ABCマンデーナイトフットボール,"￥9,000","￥9,000代",0,-,,,,,,,,
1993-11-26,SFC,4M,TAB,サミー,実戦パチスロ必勝法,"￥9,500","￥9,500代",0,-,,,,,,,,
1993-11-27,SFC,16M,RPG,エニックス,ガイア幻想紀,"￥9,800","￥10,000代",0,-,,橋本昌哉,橋本昌哉|北ノ原昭,宮崎友好|萩尾望都,川崎康宏,大原まり子,曽根康征,
1993-11-30,SFC,12M,RPG,バンプレスト、ザムス,Soul＆Sword(ソウルアンドソード),"￥9,800","￥10,000代",0,-,,,,,,,,
1993-12-02,SFC,4M,TAB,アイマックス,スーパー麻雀2本格4人打ち,"￥8,800","￥9,000代",0,-,,,,,,,,
1993-12-03,SFC,16M,ACT,コナミ,T.M.N.T.ミュータントウォーリアーズ,"￥9,800","￥10,000代",0,-,,,,,Genesis/MD|東野美紀|SNES/SFC|上原和彦|井上秀人|上高治己|NES|兼田潤一郎|西垣綾子,,,
1993-12-03,SFC,8M,SPT,EAV,NBAプロバスケットボール'94ブルズVSサンズ,"￥9,800","￥10,000代",0,-,,,,,,,,
1993-12-03,SFC,12M,SPT,タイトー,スーパー究極ハリキリスタジアム,"￥9,500","￥9,500代",0,-,,,,,,,,
1993-12-03,SFC,8M,TAB,POW,喜国雅彦の雀闘士銅鑼王2,"￥8,900","￥9,000代",0,-,,,,,,,,
1993-12-09,SFC,16M,SLG,光栄,信長の野望・覇王伝,"￥12,800","￥13,000代",0,-,,,,,菅野よう子,,シブサワ・コウ,
1993-12-10,SFC,8M,ACT,アクティビジョンジャパン,プロック,"￥8,900","￥9,000代",0,-,,,,,,,,
1993-12-10,SFC,8M,ACT,ヴァージンゲーム,クールスポット,"￥8,900","￥9,000代",0,-,,,,,,,,
1993-12-10,SFC,8M,ETC,ミサワエンターテインメント,競馬エイトスペシャル(秘)馬券購入術,"￥9,000","￥9,000代",0,-,,,,,,,,
1993-12-10,SFC,8M,PUZ,バンプレスト,す～ぱ～ぷよぷよ,"￥8,200","￥8,000代",170,-,,,,,,,,
1993-12-10,SFC,16M,RPG,スクウェア,ロマンシングサ・ガ2,"￥9,900","￥10,000代",117,-,,河津秋敏,穴澤友樹,河津秋敏|小林智美|高井浩,伊藤賢治,河津秋敏,水野哲夫,
1993-12-10,SFC,16M,SHT,アイレム,R-TYPEⅢ(アールタイプ3),"￥9,800","￥10,000代",0,-,,,SUM|MISACHIN,ABIKO|AKIO|YOSHIGE,石崎正人,,,
1993-12-10,SFC,8M,SPT,エピック・ソニーレコード,白熱プロ野球'94ガンバリーグ3,"￥8,900","￥9,000代",0,-,,,,,,,,
1993-12-10,SFC,8M,TAB,アスミック,決戦!ドカポン王国Ⅳ伝説の勇者たち,"￥8,900","￥9,000代",0,-,,,,,,,,
1993-12-17,SFC,8M,ACT,エポック社,ドラえもん2のび太のトイズランド大冒険,"￥8,000","￥8,000代",0,-,,堀越丈広|星野重和|高橋直樹,あそうまさあき|いとうしん|池田慎一|今井敏彦|梅木元博|佐藤久志,加藤栄吾|おきやまじゅん|ますやまゆういち|井上崇|長谷川香織,小川寿夫|堀江正幸|沓掛隆志|松島友子,,沓掛隆志,
1993-12-17,SFC,12M,ACT,カプコン,ロックマンX,"￥9,500","￥9,500代",0,-,,,,稲船敬二|田崎一軌|吉川達哉|加治勇人,岩井由紀,,藤原得郎,
1993-12-17,SFC,16M,ACT,ジャレコ,ラッシング・ビート修羅,"￥9,700","￥9,500代",0,-,,星和明|おおたしげゆき,吉田明広|大原健志|あきやまのぼる,倉持伸幸|前川恵一,伊勢村篤義|鈴木康行,,"TEAM PURE HEART",
1993-12-17,SFC,8M,ACT,スクウェア,アルカエスト,"￥8,800","￥9,000代",0,-,,角田敦,菅浩秋,角田敦|吉川仁志|橋口茂|若山強|石田聡|能登谷哲也,石川淳,,,
1993-12-17,SFC,16M,ACT,バンダイ,ドラゴンボールZ超武闘伝2,"￥9,800","￥10,000代",120,-,,島田晋作,まるこ父|JCパジャマズ|まるこ,久保田昭史|田島昭司|清水厚二|竹花欣也|玉井裕和|高橋雅行|荒井翔子|M.柏木|ボージャック鈴木|ザンギャそば|TAKO仙人|服部大三郎,山本健司|SWITCH・E|くまたろう,小山高生|植竹須美男,鈴木敏弘,
1993-12-17,SFC,12M,ACT,ビクターエンタテインメント,スーパー・スター・ウォーズ帝国の逆襲,"￥9,800","￥10,000代",0,-,,,,,,,,
1993-12-17,SFC,16M,RPG,アスキー,ワンダラスマジック,"￥9,800","￥10,000代",0,-,,,,,,,,
1993-12-17,SFC,12M,RPG,インテック,歴史大河RPG夢幻の如く,"￥9,800","￥10,000代",0,-,,,,,,,,
1993-12-17,SFC,16M,SPT,イマジニアズーム,ドラッキーの草やきう,"￥9,800","￥10,000代",0,-,,,,,,,,
1993-12-17,SFC,12M,SPT,テクノスジャパン,ダウンタウン熱血べーすぼーる物語,"￥9,800","￥10,000代",0,-,,関本弘之,南波靖一郎|酢屋直樹|西村成孝|福原元栄|大日方忠道|松本康宏|T.SAITO|Y.OKADA|吉田まさかず,並木毅|白井誠|中津英一朗|泉山武久|金物昌人,CUBE|飯塚千晶|上原麗子|片岡清美,,,
1993-12-17,SFC,8M,TAB,ココナッツジャパンエンターテイメント,パチンコウォーズ2,"￥9,800","￥10,000代",0,-,,,,,,,,
1993-12-17,SFC,8M,TAB,ヘクト,ホーリーストライカー,"￥8,800","￥9,000代",0,-,,,,,,,,
1993-12-18,SFC,12M,RPG,エニックス,ドラゴンクエストⅠ・Ⅱ,"￥9,600","￥9,500代",120,35,,,,,,,,
1993-12-22,SFC,8M,ACT,アイレム,がんばれ大工の源さん,"￥8,900","￥9,000代",0,-,,,,,,,"Max Matsuura",
1993-12-22,SFC,8M,ACT,EAV,スペース・ファンキーB.O.B.,"￥8,900","￥9,000代",0,-,,,,,,,,
1993-12-22,SFC,16M,ACT,コナミ,がんばれゴエモン2奇天烈将軍マッギネス,"￥9,800","￥10,000代",0,31,,蛭子悦延,蛭子悦延|山口誠|丸山修|奥谷友春|岸和田聡|梅崎重治,小川公一|小川公一|薬師寺健雄|堀江浩司|山内円|近藤哲哉|濱垣和恵,上原和彦|冨田朋也|安慶名伸行,,梅崎重治,
1993-12-22,SFC,16M,ACT,サンソフト,フラッシュバック,"￥9,600","￥9,500代",0,33,,,,,,,,
1993-12-22,SFC,16M,ACT,タカラ,キング・オブ・ザ・モンスターズ2,"￥9,800","￥10,000代",0,-,,,,,田中敬一|清水敏夫|北村芳彦,,,
1993-12-22,SFC,8M,ETC,ケイエスエス,BINGBING!BINGO(ビンビンビンゴ),"￥8,900","￥9,000代",0,-,,,,,,,,
1993-12-22,SFC,8M,PUZ,サンソフト,へべれけのぽぷーん,"￥8,200","￥8,000代",0,-,,,,,,,,
1993-12-22,SFC,8M,RAC,ケムコ,トップレーサー2,"￥8,500","￥8,500代",0,-,,,,,,,,
1993-12-22,SFC,12M,SLG,東宝,超ゴジラ,"￥9,800","￥10,000代",0,-,,,,加藤直之,蓮谷通治|横山じゅんこ,,竹野雅人|角田純一|谷口清悟|蓮谷通治|MIS,
1993-12-22,SFC,16M,SLG,ナムコ,幽☆遊☆白書,"￥9,600","￥9,500代",0,-,,,,,やまだ豊,三嶋龍朗,,
1993-12-22,SFC,8M,SPT,日本テレネット,エースをねらえ!,"￥9,400","￥9,500代",0,-,,,,,,,,
1993-12-24,SFC,16M,ACT,アクレイムジャパン,モータルコンバット,"￥9,800","￥10,000代",0,30,,,,エド・ブーン|ジョン・トビアス,ダン・フォーデン,,,
1993-12-24,SFC,20M,ACT,東映動画,北斗の拳7聖剣列伝伝承者への道,"￥9,700","￥9,500代",0,-,,,,,フランク・ワイルドホーン,高橋亜子,,
1993-12-24,SFC,4M,PUZ,アルトロン,リトルマジック,"￥8,900","￥9,000代",0,-,,,,,,,,
1993-12-24,SFC,8M,PUZ,BPS,テトリス武闘外伝,"￥8,000","￥8,000代",0,-,,,,,,,,
1993-12-24,SFC,8M,RAC,ヒューマン,ヒューマングランプリ2,"￥9,500","￥9,500代",0,-,,,,,,,,
1993-12-24,SFC,16M,RPG,ソフエル,モンスターメーカー3,"￥9,800","￥10,000代",0,-,,,,,,,,
1993-12-24,SFC,16M,RPG,ハドソン,新桃太郎伝説,"￥9,800","￥10,000代",0,-,,さくまあきら,三上哲|青山光(青山公士)|若林哲也,土居孝幸,関口和之,,,
1993-12-24,SFC,8M,SPT,EAV,NFLプロフットボール'94,"￥9,800","￥10,000代",0,-,,,,,,,,
1993-12-25,SFC,16M,ACT,マジファクト,美神伝説Zoku,"￥9,800","￥10,000代",0,-,,,,,,,,
1993-12-28,SFC,10M,ACT,やのまん,サッカーキッド,"￥8,800","￥9,000代",0,-,,,,,,,,
1993-12-28,SFC,16M,SPT,日本コンピュータシステム,全日本プロレスダッシュ世界最強タッグ,"￥9,800","￥10,000代",0,-,,,,,,,,
1993-12-29,SFC,16M,ACT,バンダイ,美少女戦士セーラームーンR,"￥9,800","￥10,000代",0,-,,"佐藤順一 → 幾原邦彦 → 五十嵐卓哉",,"(※ 作画チーフ)|只野和子 → 伊藤郁子 → 爲我井克美",有澤孝紀,武内直子,,
1993-12-29,SFC,12M,SLG,エンジェル,横山光輝三国志Ⅱ,"￥9,800","￥10,000代",0,-,,,,,,,,
1993-12-29,SFC,12M,SPT,ヒューマン,スーパーファイヤープロレスリング3ファイナルバウト,"￥9,700","￥9,500代",0,30,,,,,,小山内美江子・清水有生ほか,竹之下寛次,
1994-01-03,SFC,8M,RAC,ナムコ,ロックンロールレーシング,"￥7,900","￥8,000代",0,-,,,,,,,,
1994-01-07,SFC,8M,ACT,コナミ,ツインビーレインボーベルアドベンチャー,"￥9,000","￥9,000代",0,-,,神戸良治,南方章宏|柴田裕治|吉田晃之|上中直人,Shuzilow.HA|福田裕貴|中川潤,松原健一|森本ゆきえ|三木彩子,,,
1994-01-07,SFC,8M,ACT,日本コンピュータシステム,バトルトードインバトルマニアック,"￥9,800","￥10,000代",0,-,,,,,,,,
1994-01-07,SFC,8M,SPT,ミサワエンターテインメント,ワールドクラスラグビー2国内激闘編'93,"￥9,300","￥9,500代",0,-,,,,,,,,
1994-01-08,SFC,8M,TAB,メルダック,スーパーピンボールビハインドザマスク,"￥9,800","￥10,000代",0,-,,,,,,,,
1994-01-14,SFC,4M,TAB,バップ,必勝777ファイターパチスロ竜宮伝説,"￥9,500","￥9,500代",0,-,,,,,,,,
1994-01-21,SFC,8M,PUZ,BPS,スーパーテトリス2+ボンブリス限定版,"￥8,500","￥8,500代",0,-,,,,,,,,
1994-01-21,SFC,24M,SLG,任天堂,ファイアーエムブレム紋章の謎,"￥9,800","￥10,000代",78,36,,寺崎啓祐,成広通,加賀昭三|小屋勝義,辻横由佳,加賀昭三,横井軍平,
1994-01-28,SFC,12M,ACT,コブラチーム,バスタード!暗黒の破壊神,"￥9,800","￥10,000代",0,-,,,,,,,,
1994-01-28,SFC,12M,ACT,タイトー,ザ・ニンジャウォーリアーズアゲイン,"￥9,300","￥9,500代",0,-,,,宮部寿保,谷口俊一|谷口俊一|新保孝|わだしんや,岩月博之|楯直樹,,,
1994-01-28,SFC,10M,ACT,バンプレスト,ザ・グレイトバトル外伝2祭だワッショイ,"￥9,500","￥9,500代",0,-,,,,,,,,
1994-01-28,SFC,12M,RPG,エニックス,ブレインロード,"￥9,600","￥9,500代",0,30,,,すみたたけお,今田真二|神村幸子,赤堀正直,鈴木俊之,菊本裕智,
1994-01-28,SFC,12M,RPG,バンプレスト,ガイアセイバーヒーロー最大の作戦,"￥9,800","￥10,000代",0,-,,,,,,,,
1994-01-28,SFC,12M,SLG,アスミック,鋼鉄の騎士2砂漠のロンメル軍団,"￥12,800","￥13,000代",0,-,,,,,,,,
1994-01-28,SFC,12M,SLG,アトラス,魔神転生,"￥9,800","￥10,000代",0,-,,,,,,,,
1994-02-04,SFC,8M,PUZ,アルトロン,オリビアのミステリー,"￥9,800","￥10,000代",0,-,,,,,,,,
1994-02-04,SFC,12M,SPT,ヒューマン,スーパーファイヤープロレスリング3イージータイプ,"￥7,900","￥8,000代",0,-,,,,,,小山内美江子・清水有生ほか,竹之下寛次,
1994-02-04,SFC,8M,TAB,アスク講談社,伊藤果六段の将棋道場,"￥9,600","￥9,500代",0,-,,,,,,,,
1994-02-10,SFC,12M,ACT,イマジニア,ウルフェンシュタイン3D,"￥9,800","￥10,000代",0,32,,,,,,,,
1994-02-11,SFC,8M,ACT,ココナッツジャパンエンターテイメント,バーチャルウォーズ,"￥11,000","￥11,000代",0,-,,,,,ジョン・ワイマン,スティーヴン・キング|『芝刈り機の男』,,
1994-02-11,SFC,8M,ACT,東芝EMI,ソード・マニアック,"￥8,800","￥9,000代",0,-,,もりしまなおき|はかまだのぶゆき|小山英二,藤島聡,小山英二|中井覚,"松尾早人|崎元仁| サイコソニック(英語版)",,大橋良彦|梅木克彦,
1994-02-11,SFC,12M,SLG,ウルフ・チーム,緋王伝魔物達との誓い,"￥11,800","￥12,000代",0,-,,,,,,,,
1994-02-11,SFC,12M,SLG,光栄,トップマネジメントⅡ,"￥14,800","￥15,000代",0,-,,,,,,チャン・ウンミ|キム・ジョンヒ|イム・ジョンミン|パク・スルギ|ユ・スジ|ユン・ヤンウン,グレッグ・リー|ソン・ジョンハン|ユ・ヘミン,
1994-02-11,SFC,8M,TAB,EAV,スーパーヅガンハコテン城からの招待状,"￥8,800","￥9,000代",0,-,,,,,,,,
1994-02-18,SFC,8M,ACT,エピック・ソニーレコード,迦楼羅王(カルラオウ),"￥8,900","￥9,000代",0,-,,,,,,,,
1994-02-18,SFC,8M,ACT,データイースト,戦え原始人3主役はやっぱりJOE＆MAC,"￥8,500","￥8,500代",0,-,,,,,,,,
1994-02-18,SFC,10M,ACT,バンプレスト、ザムス,鉄腕アトム,"￥9,000","￥9,000代",0,-,,,,,,,,
1994-02-18,SFC,16M,ETC,アスキー,ダービースタリオンⅡ,"￥12,800","￥13,000代",0,33,,,,,,,,
1994-02-18,SFC,8M,SLG,セタ,デザートファイター,"￥9,800","￥10,000代",0,-,,,,,,,,
1994-02-25,SFC,12M,ACT,キングレコード,総合格闘技アストラルバウト2,"￥9,700","￥9,500代",0,-,,,,,,,,
1994-02-25,SFC,8M,ACT,ベック,サイボーグ009,"￥8,800","￥9,000代",0,-,,,,牧由尚,"KEN THE 390",亀田真二郎,,
1994-02-25,SFC,8M,RAC,メルダック,宇宙レースアストロゴー!ゴー!,"￥9,800","￥10,000代",0,-,,,,,,,,
1994-02-25,SFC,8M,SHT,アクレイムジャパン,T-2ザ・アーケードゲーム,"￥8,900","￥9,000代",0,-,,,,,,,,
1994-02-25,SFC,16M,SLG,光栄,大航海時代Ⅱ,"￥11,800","￥12,000代",0,-,,,,,菅野よう子,,シブサワ・コウ,
1994-02-25,SFC,8M,SPT,パック・イン・ビデオ,ラモス瑠偉のワールドワイドサッカー,"￥9,500","￥9,500代",0,-,,,,,,,,
1994-02-25,SFC,8M,SPT,ビーアイ,ストバスヤロウ将,"￥9,000","￥9,000代",0,-,,,,,,,,
1994-02-25,SFC,4M,TAB,カロッツェリアジャパン,パチスロランドぱちぱちコインの伝説,"￥9,800","￥10,000代",0,-,,,,,,,,
1994-02-26,SFC,12M,TAB,エニックス,いただきストリート2ネオンサインはバラ色に,"￥9,800","￥10,000代",0,34,,,,堀井雄二|大川清介,筒美京平|すぎやまこういち(street15のみ),,,
1994-02-28,SFC,12M,ETC,日本物産,スーパー本命GⅠ制覇,"￥9,800","￥10,000代",0,-,,,,,,,,
1994-03-04,SFC,16M,ACT,カプコン,ザ・キングオブドラゴンズ,"￥9,800","￥10,000代",0,-,,,,,下村陽子|里村由紀|西垣俊,,,
1994-03-04,SFC,4M,PUZ,イマジニア,スーパーループス,"￥8,900","￥9,000代",0,-,,,,,,,,
1994-03-04,SFC,12M,RPG,アトラス,カブキロックス,"￥9,800","￥10,000代",0,-,,,,,,,,
1994-03-04,SFC,8M,SPT,EAV,ジーコサッカー,"￥9,800","￥10,000代",0,-,,,,,,,,
1994-03-04,SFC,8M,SPT,ナムコ,スーパーファミスタ3,"￥8,800","￥9,000代",0,-,,,,きっしい|三瓶山|しましま,"DONALD KAWAGEN|GAKO KOJIMARO",,,
1994-03-11,SFC,10M,ACT,サンソフト,すごいへべれけ,"￥8,900","￥9,000代",0,-,,,,,,,,
1994-03-11,SFC,12M,ACT,バンダイ,機動戦士Vガンダム,"￥9,800","￥10,000代",0,-,,,,"逢坂浩司|大河原邦男|カトキハジメ|石垣純哉|佐野浩敏(デザイン協力)[注 1]",千住明,矢立肇|富野由悠季,,
1994-03-11,SFC,8M,RPG,カルチャーブレーン,ファーストクィーンオルニック戦記,"￥9,800","￥10,000代",0,-,,,,,,,,
1994-03-11,SFC,12M,SLG,イマジニア,ギャラクシーロボ,"￥9,800","￥10,000代",0,-,,,,,,,,
1994-03-11,SFC,16M,SLG,日本テレネット、ウルフ・チーム,斬IIIスピリッツ,"￥12,800","￥13,000代",0,-,,,,,,,,
1994-03-11,SFC,16M,SPT,コナミ,実況パワフルプロ野球'94,"￥9,000","￥9,000代",0,34,,,,,,,赤田勲,
1994-03-11,SFC,16M,SPT,コナミ,リーサルエンフォーサーズ,"￥9,800","￥10,000代",0,-,,波多野よしあき,波多野よしあき,スティーヴ・ジョンソン,福井健一郎,,,
1994-03-18,SFC,12M,ACT,タイトー,ソニックブラストマンⅡ,"￥9,500","￥9,500代",0,-,,,,,,,,
1994-03-18,SFC,8M,ETC,アスミック,ダービージョッキー騎手王への道,"￥9,800","￥10,000代",0,-,,,,,,,,
1994-03-18,SFC,16M,ETC,ジャレコ,きんぎょ注意報!とびだせ!ゲーム学園,"￥9,800","￥10,000代",0,-,,,,,,,,
1994-03-18,SFC,16M,RPG,アトラス,真・女神転生Ⅱ,"￥9,990","￥10,000代",0,33,,,,,,,,
1994-03-18,SFC,8M,RPG,カプコン,アイ・オブ・ザ・ビホルダー,"￥12,800","￥13,000代",0,-,,ブルット・W・スペリー(英語版),フィリップ・W・ゴロー,フィリップ・W・ゴロー|イーディ・ララモア|ポール・S・ムードラ|ジョセフ・ボスティック|リック・パークス|アーロン・E・パウエル|ジョセフ・B・ヒューイット4世,ポール・S・ムードラ,イーディ・ララモア,,
1994-03-18,SFC,16M,RPG,ショウエイシステム,イデアの日,"￥9,700","￥9,500代",0,-,,たけくらたかし,さとうしろう|高山智博|よくらはるえ|にしもとくにこ|にしもとつとむ,相原コージ|しみずちえこ,知久光康(J-WALK),相原コージ,まついこうじ,
1994-03-18,SFC,10M,SLG,光栄,独立戦争,"￥11,800","￥12,000代",0,-,,,,,,,,
1994-03-18,SFC,8M,SPT,ナグザット,スーパーナグザットオープンゴルフで勝負だどらぼっちゃん,"￥9,500","￥9,500代",0,-,,,,,,,,
1994-03-18,SFC,12M,SPT,ハドソン,Jリーグスーパーサッカー,"￥9,500","￥9,500代",0,-,,,,,,,,
1994-03-18,SFC,10M,TAB,タカラ,スーパー人生ゲーム,"￥9,800","￥10,000代",0,-,,,,,,,,
1994-03-18,SFC,8M,TAB,データイースト,サイド・ポケット,"￥8,500","￥8,500代",0,-,,,,,,,,
1994-03-18,SFC,8M,TAB,バンプレスト、ザムス,あさめしまえにゃんこ,"￥8,800","￥9,000代",0,-,,,,,,,,
1994-03-18,SFC,8M,TAB,パック・イン・ビデオ,ぎゅわんぶらあ自己中心派2ドラポンクエスト,"￥8,900","￥9,000代",0,-,,,,,,,,
1994-03-19,SFC,24M,ACT,任天堂,スーパーメトロイド,"￥9,800","￥10,000代",71,32,,坂本賀勇,,松岡洋史|真下雅彦|木村浩之|大澤徹|山根知美,山本健誌|濱野美奈子,,横井軍平(ゼネラルマネージャー)|加納誠,
1994-03-25,SFC,12M,ACT,アスキー,メルファンドストーリーズ,"￥9,800","￥10,000代",0,-,,,,,,,,
1994-03-25,SFC,8M,ACT,イマジニア,スペースエース,"￥9,800","￥10,000代",0,-,,,,,,,,
1994-03-25,SFC,8M,ACT,エニックス,南国少年パプワくん,"￥8,800","￥9,000代",0,-,,,,武内啓,中村暢之,柴田亜美,,
1994-03-25,SFC,4M,ACT,ケムコ,スーパートロールアイランド,"￥8,900","￥9,000代",0,-,,,,,,,,
1994-03-25,SFC,16M,ADV,ナムコ,ザブルークリスタルロッド,"￥9,800","￥10,000代",0,-,,,,遠藤雅伸|篠崎雄一郎,小沢純子,遠藤雅伸,,
1994-03-25,SFC,8M,PUZ,日本コンピュータシステム,あらいぐまラスカル,"￥8,900","￥9,000代",0,-,,,,遠藤政治,渡辺岳夫,トーマス・スターリング・ノース|『はるかなるわがラスカル』,,
1994-03-25,SFC,4M,RPG,キャラクターソフト,けろけろけろっぴの冒険日記,"￥6,980","￥7,000代",0,-,,,,,,,,
1994-03-25,SFC,10M,RPG,データイースト,シャドウラン,"￥9,800","￥10,000代",0,31,,,,,,,,
1994-03-25,SFC,12M,RPG,バンプレスト,剣勇伝説ヤイバ(YAIBA),"￥9,800","￥10,000代",0,-,,,,,,,,
1994-03-25,SFC,4M,SHT,タイトー,スペースインベーダーTHEORIGINALGAME,"￥4,980","￥5,000代",0,-,,,,,,,,
1994-03-25,SFC,12M,SLG,バンプレスト,スーパーロボット大戦EX,"￥9,800","￥10,000代",37,-,,阪田雅彦,庄真宏,福地仁|守谷淳一|レイアップ,細井一司|田中伸一|山根昇,阪田雅彦,じっぱひとからげ,
1994-03-25,SFC,8M,SPT,アクレイムジャパン,チャンピオンズワールドクラスサッカー,"￥8,900","￥9,000代",0,-,,,,,,,,
1994-03-25,SFC,10M,SPT,カプコン,ロックマンズサッカー,"￥9,000","￥9,000代",0,-,,,谷口蛙,三並達也,岡本智郎|富沢賢一|富樫則彦,,藤原得郎,
1994-03-25,SFC,8M,SPT,ヨネザワ,スーパーホッケー'94,"￥8,900","￥9,000代",0,-,,,,,,,,
1994-03-25,SFC,16M,TAB,セタ,スーパーリアル麻雀PIV,"￥9,800","￥10,000代",0,-,,,,,,,,
1994-03-25,SFC,8M,TAB,ナグザット,スーパー五目ならべ連珠,"￥8,800","￥9,000代",0,-,,,,,,,,
1994-03-26,SFC,12M,SPT,バンダイ,テレビアニメスラムダンク四強激突!!,"￥9,800","￥10,000代",0,-,,西沢信孝,,佐藤正樹,増田隆宣(第69話まで)|BMF(第70話以降),井上雄彦,,
1994-03-30,SFC,24M,SPT,カプコン,マッスルボマー,"￥9,980","￥10,000代",0,-,,,松嶋延幸,"佐渡敬|原哲夫(キャラクターデザイン)[注 1]",泉谷雅樹|梶野俊夫|西垣俊|水月陵|大内伸弘,,,
1994-03-30,SFC,4M,TAB,コナミ,真・麻雀,"￥9,000","￥9,000代",0,-,,,,,,,,
1994-03-31,SFC,4M,SPT,日本物産,アンドレ・アガシテニス,"￥8,800","￥9,000代",0,-,,,,,,,,
1994-04-01,SFC,8M,RAC,フォーラム,スーパーインディチャンプ,"￥9,200","￥9,000代",0,-,,,,,,,,
1994-04-01,SFC,4M,TAB,バップ,スーパーダブル役満,"￥9,000","￥9,000代",0,-,,,,,ナオト・インティライミ(作詞・作曲),,,
1994-04-02,SFC,24M,RPG,スクウェア,ファイナルファンタジーⅥ,"￥11,400","￥11,500代",255,37,,北瀬佳範,成田賢,天野喜孝,植松伸夫,坂口博信(原案)|北瀬佳範|野島一成,坂口博信,
1994-04-06,SFC,12M,SLG,光栄,項劉記,"￥12,800","￥13,000代",0,-,,,,,長谷川智樹,,シブサワ・コウ,
1994-04-08,SFC,16M,ACT,ダイナミック企画,紫炎ザ・ブレイドチェイサー,"￥9,600","￥9,500代",0,-,,,,,,,,
1994-04-08,SFC,8M,SPT,EAV,NHLプロホッケー'94,"￥9,800","￥10,000代",0,-,,,,,,,,
1994-04-08,SFC,4M,TAB,ナグザット,スーパー囲碁碁王,"￥14,800","￥15,000代",0,-,,,,,,,,
1994-04-15,SFC,8M,ACT,アルトロン,ピンクパンサー,"￥9,500","￥9,500代",0,-,,,,,クリストフ・ベック|ヘンリー・マンシーニ(テーマ曲),レン・ブラム|スティーヴ・マーティン,,
1994-04-15,SFC,12M,ACT,バンダイ,ろくでなしBLUES対決!東京四天王,"￥9,800","￥10,000代",0,-,,,,,,,,
1994-04-15,SFC,8M,RPG,ヘクト,夢迷宮きぐるみ大冒険,"￥9,800","￥10,000代",0,-,,,,,,,,
1994-04-22,SFC,16M,RAC,ビデオシステム,F-1GRANDPRIXPARTⅢ,"￥9,900","￥10,000代",0,-,,,,,,,,
1994-04-22,SFC,16M,SHT,データム・ポリスター,メルヘンアドベンチャーコットン100%,"￥9,300","￥9,500代",0,-,,,,,,,,
1994-04-22,SFC,12M,SLG,ベック,機動警察パトレイバー,"￥9,800","￥10,000代",0,-,,,,ゆうきまさみ(原案)|高田明美|出渕裕|高田明美|出渕裕|佐山善則,,押井守|横手美智子|伊藤和典他,,
1994-04-28,SFC,20M,ACT,東宝、小学館プロダクション,らんま1／2超技乱舞篇,"￥9,980","￥10,000代",0,-,,賀川邦彦,瓦吹隆|富沢賢一|坪井哲央,丸哲郎|丸哲郎|中林勝則|竹村浩,岡本智郎,木村初,盛武源|角田純一|竹野雅人|頼経康史,
1994-04-28,SFC,8M,ACT,ハドソン,スーパーボンバーマン2,"￥8,500","￥8,500代",0,-,,"KYON KYON",清本哲郎|B.HANAWA|鈴木俊之,平井隆之|平井隆之|沼宮内純也|日下純,福田裕彦,,"RAOH SHIMADA",
1994-04-28,SFC,8M,ETC,アテナ,笑っていいとも!タモリンピック,"￥9,500","￥9,500代",0,-,,,,樋上いたる|門之園恵美|池田和美,折戸伸治|戸越まごめ|麻枝准,志茂文彦,馬場隆博,
1994-04-28,SFC,8M,ETC,ヴァージンゲーム,ダイナマイト・ザ・ラスベガス,"￥8,900","￥9,000代",0,-,,,,,,,,
1994-04-28,SFC,4M,SPT,タカラ,平成イヌ物語バウポップンスマッシュ!!,"￥7,800","￥8,000代",0,-,,,,,,,,
1994-04-28,SFC,8M,TAB,日本物産,スーパーパチスロマージャン,"￥9,500","￥9,500代",0,-,,,,,,,,
1994-04-28,SFC,8M,TAB,バンプレスト、ザムス,フォーチュン・クエストダイスをころがせ!,"￥9,800","￥10,000代",0,-,,,,,,深沢美潮,,
1994-04-29,SFC,16M,ACT,テクノスジャパン,新・熱血硬派くにおたちの挽歌,"￥9,800","￥10,000代",0,-,,,山彦寛子,岸本未来|早川直行|桂木龍|松井龍作|ダップ|中村孝子,山根一史,横倉廣,富山徳之,
1994-04-29,SFC,12M,RPG,日本テレネット,ダークキングダム,"￥9,800","￥10,000代",0,-,,,"岩附宏和 山本雅康(tool) 後藤洋平(tool)",折原綱義|土屋広継|牧由尚,,,大友美智男,
1994-04-29,SFC,16M,SPT,アクレイムジャパン,NBAJAM(ジャム),"￥9,800","￥10,000代",0,-,,,,,,,,
1994-04-29,SFC,12M,SPT,アスク講談社,ナイスDEショット,"￥9,800","￥10,000代",0,-,,,,,,大場つぐみ,,
1994-05-01,SFC,12M,SPT,エポック社,Jリーグエキサイトステージ'94,"￥9,800","￥10,000代",0,31,,,,,,,,
1994-05-13,SFC,8M,SPT,ビーアイ,伊達公子のバーチャルテニス,"￥9,000","￥9,000代",0,-,,,,,,,,
1994-05-20,SFC,8M,TAB,ココナッツジャパンエンターテイメント,パチ夫くんSPECIAL2,"￥9,980","￥10,000代",0,-,,,,,,,,
1994-05-27,SFC,20M,ACT,データイースト,ファイターズヒストリー,"￥9,800","￥10,000代",0,-,,,,,,,,
1994-05-27,SFC,4M,ACT,バンダイ,クレヨンしんちゃん2大魔王の逆襲,"￥6,800","￥7,000代",0,-,,,,尾形和正|田中庸介|牛村憲彦,,,,
1994-05-27,SFC,4M,ETC,ケイエスエス,競馬予想馬券錬金術,"￥9,500","￥9,500代",0,-,,,,,,,,
1994-05-27,SFC,4M,PUZ,テクノスジャパン,くにおのおでん,"￥6,900","￥7,000代",0,-,,,,,,,,
1994-05-27,SFC,12M,RAC,BPS,ドリフトキング首都高バトル'94土屋圭市＆坂東正明,"￥9,800","￥10,000代",0,-,,,,,,,,
1994-05-27,SFC,16M,SHT,パック・イン・ビデオ,スーパーバトルタンク2,"￥9,800","￥10,000代",0,-,,,,,,,,
1994-05-27,SFC,8M,SLG,バンダイ,SDガンダムGX,"￥9,800","￥10,000代",0,-,,,,,,,,
1994-06-04,SFC,8M,RAC,任天堂,ワイルドトラックス,"￥9,800","￥10,000代",0,32,,菱田達也,ジャイルズ・ゴダード|木村真人|山本健二|コリン・リード,高橋伸也|森直樹|黒梅知明|今村孝矢,天宅しのぶ,,宮本茂,
1994-06-08,SFC,16M,ETC,ヘクト,サラブレッドブリーダーⅡ,"￥12,800","￥13,000代",0,-,,,,,,,,
1994-06-10,SFC,12M,ACT,カプコン,ナイツオブザラウンド,"￥9,500","￥9,500代",0,-,,,綱崎裕三,,阿部功,,,
1994-06-10,SFC,16M,ACT,ナムコ,幽☆遊☆白書2格闘の章,"￥9,600","￥9,500代",0,-,,,,,,,,
1994-06-10,SFC,8M,ACT,日本ファルコム,ぽっぷるメイル,"￥8,800","￥9,000代",0,-,,木屋善夫,永嶋純,今井浩之|塩田雄一|田中久仁彦,石川三恵子|白川篤史,,加藤正幸,
1994-06-14,SFC,2M,ETC,任天堂,スーパーゲームボーイ,"￥7,000","￥7,000代",0,-,,,,,,,,
1994-06-17,SFC,16M,ACT,カルチャーブレーン,SD飛龍の拳,"￥9,800","￥10,000代",0,-,,,,,,,,
1994-06-17,SFC,12M,ACT,ナツメ,奇々怪界-月夜草子-,"￥9,500","￥9,500代",0,-,,,,藤川純一,岩月博之|山下絹代|大橋春男|やまおあすか,,,
1994-06-17,SFC,16M,ACT,パック・イン・ビデオ,やまねこバブジーの大冒険,"￥9,800","￥10,000代",0,-,,,,,,,,
1994-06-17,SFC,8M,RAC,日本物産,スーパー4WDTHEBAJA(バハ),"￥8,800","￥9,000代",0,-,,,,,,,,
1994-06-17,SFC,8M,RPG,EAV,ウルティマ外伝黒騎士の陰謀,"￥9,800","￥10,000代",0,-,,,,,,,,
1994-06-17,SFC,8M,SPT,ココナッツジャパンエンターテイメント,ワールドカップストライカー,"￥9,980","￥10,000代",0,-,,,,,,,,
1994-06-17,SFC,8M,SPT,ヒューマン,スーパーフォーメーションサッカー'94,"￥9,800","￥10,000代",0,-,,,,,,,,
1994-06-17,SFC,8M,SPT,ビクターエンタテインメント,FIFAインターナショナル・サッカー,"￥9,800","￥10,000代",0,-,,,,,,,,
1994-06-17,SFC,12M,TAB,アイマックス,スーパー将棋2,"￥9,800","￥10,000代",0,-,,,,,,,,
1994-06-24,SFC,12M,ACT,サンソフト,バックス・バニーはちゃめちゃ大冒険,"￥9,200","￥9,000代",0,-,,,,,ナオト・インティライミ(作詞・作曲),,,
1994-06-24,SFC,16M,ACT,ジャレコ,ジュラシック・パーク,"￥9,800","￥10,000代",0,-,,,,,,"『Jurassic Park Adventures: Survivor』(2001年) 『Jurassic Park Adventures: Prey』(2001年) 『Jurassic Park Adventures: Flyers』(2002)",,
1994-06-24,SFC,12M,PUZ,DEN'Z,ジグザグキャットダチョウ倶楽部も大騒ぎダ,"￥9,500","￥9,500代",0,-,,佐藤良一|藤井大輔,はやしさとし|まつざわつよし,おおかわまこと|永井満夫|佐藤良一|藤井大輔|きずはじめ|ながせよういち,稲田昌子,佐藤良一,おおかわまこと|ダチョウ倶楽部,
1994-06-24,SFC,12M,RPG,バンプレスト,スレイヤーズ,"￥9,800","￥10,000代",0,-,,,,,,,,
1994-06-24,SFC,16M,SHT,パック・イン・ビデオ,スーパードッグファイト,"￥9,800","￥10,000代",0,-,,,,,,,,
1994-06-24,SFC,8M,TAB,イマジニア,スーパービリヤード,"￥9,800","￥10,000代",0,-,,,,,,,,
1994-06-25,SFC,32M,ACT,カプコン,スーパーストリートファイターⅡ,"￥10,900","￥11,000代",129,30,,,,,,,,
1994-06-25,SFC,12M,RPG,光栄,ブランディッシュ,"￥10,800","￥11,000代",0,-,,,,,,,,
1994-06-25,SFC,8M,SPT,日本コンピュータシステム,全日本プロレスファイトだポン!,"￥9,800","￥10,000代",0,-,,,,,,,,
1994-06-28,SFC,8M,SPT,ヒューマン,テコンドー,"￥8,900","￥9,000代",0,-,,,,,,,,
1994-07-01,SFC,24M,ACT,ザウルス,ワールドヒーローズ2,"￥9,980","￥10,000代",0,-,,,,,,,,
1994-07-01,SFC,8M,TAB,POW,遊人のふりふりガールズ,"￥8,900","￥9,000代",0,-,,,,,,,,
1994-07-08,SFC,8M,ACT,ハドソン,美女と野獣,"￥8,500","￥8,500代",0,-,,,,,,,,
1994-07-08,SFC,8M,PUZ,BPS,テトリスフラッシュ,"￥8,000","￥8,000代",0,-,,山本雅央|山上仁志,,,高野充彦|上村みゆき,,横井軍平,
1994-07-08,SFC,12M,RPG,エニックス,スラップスティック,"￥9,600","￥9,500代",0,-,,,,,,,,
1994-07-08,SFC,12M,SPT,イマジニアズーム,ドラッキーのAりーぐさっかー,"￥9,800","￥10,000代",0,-,,,,,,,,
1994-07-08,SFC,8M,SPT,パック・イン・ビデオ,つり太郎,"￥9,800","￥10,000代",0,-,,,,,,,,
1994-07-15,SFC,12M,ACT,アスミック,バトルZEQUE伝(ゼクウ),"￥9,800","￥10,000代",0,-,,,,,,,,
1994-07-15,SFC,16M,ACT,ヴァージンゲーム,ジャングルブック,"￥9,800","￥10,000代",0,-,,,,,,,,
1994-07-15,SFC,4M,PUZ,データム・ポリスター,キーパー,"￥7,200","￥7,000代",0,-,,,,,,,,
1994-07-15,SFC,4M,PUZ,バンダイ,美少女戦士セーラームーンSこんどはパズルでおしおきよ!,"￥6,800","￥7,000代",0,-,,,,,,,,
1994-07-15,SFC,16M,RAC,日本物産,スーパーF1サーカス3,"￥9,900","￥10,000代",0,-,,,,,,,,
1994-07-15,SFC,16M,RPG,T＆Eソフト,ソード・ワールドSFC2いにしえの巨人伝説,"￥9,900","￥10,000代",0,-,,,,,,,,
1994-07-15,SFC,12M,RPG,ビクターエンタテインメント,サンサーラ・ナーガ2,"￥9,800","￥10,000代",0,-,,押井守,松木善勝|山木光人|いちやまたまき,永井努|柿之本ゆう|桜玉吉,川井憲次,伊藤和典,吉岡賢,
1994-07-15,SFC,4M,TAB,ポニーキャニオン,歌舞伎町リーチ麻雀東風戦,"￥8,800","￥9,000代",0,-,,,,,,,,
1994-07-15,SFC,4M,TAB,魔法,パチスロ研究,"￥9,500","￥9,500代",0,-,,,,,,,,
1994-07-22,SFC,4M,ACT,カプコン,グーフィーとマックス海賊島の大冒険,"￥7,800","￥8,000代",0,-,,,,,,,,
1994-07-22,SFC,12M,ACT,ハドソン,超原人,"￥8,800","￥9,000代",0,-,,吉川昇一,荒居弘之|白谷守,吉川昇一|青木コブ太,西澤正明|植木啓示|末村謙之輔,,宮本徳人,
1994-07-22,SFC,8M,PUZ,ホリ電機,ジグソーパーティ,"￥8,200","￥8,000代",0,-,,,,,,,,
1994-07-22,SFC,16M,RAC,メディアリング,ゼロヨンチャンプRR,"￥9,980","￥10,000代",0,-,,,,,M・M・キーラヴァーニ,S・S・ラージャマウリ|サーイ・マーダヴ・ブッラ(英語版)(台詞),,
1994-07-22,SFC,16M,SPT,ヒューマン,ファイプロ女子オールスタードリームスラム,"￥9,500","￥9,500代",0,-,,,,,,,,
1994-07-22,SFC,4M,TAB,アテナ,プロ麻雀極Ⅱ,"￥9,800","￥10,000代",0,-,,,,,,,,
1994-07-28,SFC,4M,SPT,カルチャーブレーン,スーパーウルトラベースボール2,"￥9,800","￥10,000代",0,-,,,,,,,,
1994-07-29,SFC,8M,ACT,インフォコム,ズールのゆめぼうけん,"￥8,800","￥9,000代",0,-,,,,,,,,
1994-07-29,SFC,32M,ACT,タカラ,餓狼伝説SPECIAL,"￥10,900","￥11,000代",0,-,,,,塚本高史,清水敏夫|山田泰正|北村芳彦,,川崎英吉,
1994-07-29,SFC,8M,PUZ,T＆Eソフト,ロードランナーツインジャスティとリバティの大冒険,"￥8,800","￥9,000代",0,-,,,,,ナオト・インティライミ(作詞・作曲),,,
1994-07-29,SFC,12M,RPG,日本テレネット,天使の詩白き翼の祈り,"￥9,980","￥10,000代",0,-,,,,,,,,
1994-07-29,SFC,12M,SPT,サンソフト,ワールドカップUSA'94,"￥9,800","￥10,000代",0,-,,,,,,,,
1994-07-29,SFC,8M,SPT,タイトー,ハットトリックヒーロー2,"￥8,900","￥9,000代",0,-,,,中村辰男|岩崎雄二|征矢野伸二|ながはらくさご|つねきよこうじ|黒沢孝,こぼりたけし|こぼりたけし|関本努|平松信宏|PEACOCK,小倉久佳|渡部恭久,,,
1994-07-29,SFC,12M,SPT,魔法,甲子園3,"￥9,800","￥10,000代",0,-,,,,,,,,
1994-07-29,SFC,8M,TAB,アイマックス,スーパーパチンコ,"￥9,800","￥10,000代",0,-,,,,,,,,
1994-07-29,SFC,8M,TAB,ケイエスエス,パチスロ物語ユニバーサル・スペシャル,"￥9,800","￥10,000代",0,-,,,,,,,,
1994-07-29,SFC,16M,TAB,日本物産,スーパーニチブツマージャン3吉本劇場篇,"￥10,800","￥11,000代",0,-,,,,,,,,
1994-08-03,SFC,20M,SPT,ハドソン,スーパーパワーリーグ2,"￥9,800","￥10,000代",0,-,,,,,,,,
1994-08-05,SFC,16M,ACT,ケムコ,G2ジェノサイド,"￥9,800","￥10,000代",0,-,,,,,,,,
1994-08-05,SFC,8M,ACT,ジャレコ,すーぱー忍者くん,"￥7,900","￥8,000代",0,-,,,,,,,,
1994-08-05,SFC,8M,PUZ,アルトロン,アリョールうごく絵Ver2.0,"￥9,800","￥10,000代",0,-,,,,,,,,
1994-08-05,SFC,8M,PUZ,タカラ,魔法ぽいぽいぽいっと!,"￥8,800","￥9,000代",0,-,,,,,,,,
1994-08-05,SFC,12M,RPG,バンプレスト,鬼神降臨伝ONI,"￥9,800","￥10,000代",0,-,,,,,,,,
1994-08-05,SFC,8M,SPT,アイマックス,スーパー高校野球一球入魂,"￥9,800","￥10,000代",0,-,,,,,,,,
1994-08-05,SFC,12M,SPT,ナムコ,Jリーグサッカープライムゴール2,"￥8,800","￥9,000代",0,-,,,,,,,,
1994-08-05,SFC,4M,TAB,アイマックス,スーパー花札,"￥8,800","￥9,000代",0,-,,,,,,,,
1994-08-05,SFC,8M,TAB,ココナッツジャパンエンターテイメント,PinballPINBALL,"￥9,980","￥10,000代",0,-,,,,,,,,
1994-08-12,SFC,8M,ACT,タイトー,ザ・フリントストーンズ,"￥8,500","￥8,500代",0,-,,,,,,,,
1994-08-12,SFC,16M,PUZ,サンソフト,レミングス2,"￥9,800","￥10,000代",0,-,,,,,,,,
1994-08-12,SFC,8M,SHT,ナツメ,WILDGUNS(ワイルドガンズ),"￥9,200","￥9,000代",0,-,,,,,,,,
1994-08-12,SFC,8M,SLG,光栄,スーパー三國志,"￥9,800","￥10,000代",0,-,,,,,菅野よう子,,シブサワ・コウ,
1994-08-12,SFC,12M,SPT,タイトー,スーパー究極ハリキリスタジアム2,"￥9,500","￥9,500代",0,-,,,,,,,,
1994-08-12,SFC,20M,SPT,バリエ,新日本プロレスリング'94バトルフィールドIN闘強導夢,"￥11,800","￥12,000代",0,-,,,,,,,,
1994-08-12,SFC,8M,SPT,ヒューマン,スーパーファイナルマッチテニス,"￥8,900","￥9,000代",0,-,,,,,,,,
1994-08-12,SFC,12M,TAB,テクノスジャパン,ポパイいじわる魔女シーハッグの巻,"￥9,500","￥9,500代",0,-,,,,,,,,
1994-08-19,SFC,4M,TAB,シャノアール,麻雀悟空天竺,"￥9,800","￥10,000代",0,-,,,,,,,,
1994-08-19,SFC,4M,TAB,バップ,必勝777ファイターⅡパチスロ(秘)情報,"￥9,500","￥9,500代",0,-,,,,,,,,
1994-08-26,SFC,16M,ACT,ヴィジット,アップルシードプロメテウスの神託,"￥9,800","￥10,000代",0,-,,,,,,,,
1994-08-26,SFC,24M,ACT,カルチャーブレーン,押忍!!空手部,"￥10,800","￥11,000代",0,-,,,,,,,,
1994-08-26,SFC,16M,ACT,ケムコ,スーパードラッケン,"￥9,800","￥10,000代",0,-,,,戸野文雄|増野宏之|たにおさむ,すえだきみなり,小松真理,ひらはらしょうこ,道浦忍,
1994-08-26,SFC,24M,ACT,ショウエイシステム,松村邦洋伝最強の歴史をぬりかえろ!,"￥9,900","￥10,000代",0,-,,たけくらたかし,高山智博|よくらはるえ|にしもとくにこ|にしもとつとむ,,,,まついこうじ,
1994-08-26,SFC,12M,ACT,ナムコ,ハロー!パックマン,"￥8,300","￥8,500代",0,-,,,,,田島勝朗,,水野一実,
1994-08-26,SFC,16M,RPG,トンキンハウス,サイバーナイトⅡ地球帝国の野望,"￥9,900","￥10,000代",0,-,,かわいやすゆき,まさきたかきよ,水野良|松浦まさふみ,酒井能克|酒井恭子,山本弘,浦井郁郎,
1994-08-26,SFC,8M,SPT,ケイエスエス,横綱物語,"￥9,800","￥10,000代",0,-,,,,,,,,
1994-08-27,SFC,24M,RPG,任天堂,MOTHER2ギーグの逆襲(マザー2),"￥9,800","￥10,000代",0,-,,,,,,,,
1994-08-31,SFC,4M,PUZ,キャラクターソフト,サンリオ上海,"￥6,980","￥7,000代",0,-,,,,,,,,
1994-08-31,SFC,10M,PUZ,サンソフト,へべれけのおいしいパズルはいりませんか,"￥8,900","￥9,000代",0,-,,,,,,,,
1994-09-02,SFC,16M,RPG,スクウェア,ライブ・ア・ライブ,"￥9,900","￥10,000代",0,-,,時田貴司,深谷文明,小林よしのり|青山剛昌|藤原芳秀|石渡治|皆川亮二|島本和彦|田村由美,下村陽子,時田貴司|井上信行,,
1994-09-09,SFC,8M,ACT,ヒューマン,ザ・ファイヤーメン,"￥9,300","￥9,500代",0,-,,,藤井伸宏,いしづかたいち|しみずゆういち|徳森英二|よしおかまさゆき,前田英人|伊藤このみ|田中宏典|那珂裕之,,,
1994-09-09,SFC,4M,SHT,ビクターエンタテインメント,チョップリフターⅢ,"￥7,800","￥8,000代",0,-,,,,ダン・ゴーリン,,,,
1994-09-15,SFC,8M,ACT,コナミ,スパークスター,"￥9,800","￥10,000代",0,-,,,,,,,,
1994-09-15,SFC,8M,PUZ,サンソフト,上海Ⅲ,"￥8,900","￥9,000代",0,-,,,,,,,,
1994-09-16,SFC,8M,ACT,アスミック,おでかけレスタ～れれれのれ,"￥8,900","￥9,000代",0,-,,,,,,,,
1994-09-16,SFC,4M,ETC,カロッツェリアジャパン,リーディングジョッキー,"￥9,800","￥10,000代",0,-,,,,,,,,
1994-09-16,SFC,8M,TAB,サミー,実戦パチスロ必勝法2,"￥9,980","￥10,000代",0,-,,,,,,,,
1994-09-18,SFC,8M,ACT,バンダイ,ジャングルの王者ターちゃん世界漫遊大格闘の巻,"￥8,800","￥9,000代",0,-,,,,,,,,
1994-09-20,SFC,4M,ETC,アテナ,描いて・作って・遊べるデザエモン,"￥12,900","￥13,000代",0,-,,,,,,,,
1994-09-21,SFC,12M,ACT,任天堂,カービィボウル,"￥7,900","￥8,000代",0,-,,齋藤崇,阿部哲也|郡司照幸|乙黒誠二|高橋芳美|金井誠|三津原敏|中島圭,菱田達也|高橋伸也|橋口茂|橋倉正|三浦和弥,安藤浩和,,山内溥|宮本茂|清水隆雄,
1994-09-22,SFC,32M,ACT,タカラ,サムライスピリッツ,"￥10,900","￥11,000代",0,-,,,,,,,,
1994-09-22,SFC,4M,ACT,ナムコ,リブルラブル,"￥6,300","￥6,500代",0,-,,,黒須一雄,岩谷徹|佐藤誠市,大野木宜幸|小沢純子,,岩谷徹,
1994-09-22,SFC,8M,RAC,バリエ,中嶋悟監修F-1HERO'94,"￥9,800","￥10,000代",0,-,,,,,,,,
1994-09-22,SFC,16M,RPG,アスキー,ウィザップ!暗黒の王,"￥9,900","￥10,000代",0,-,,,,,,,,
1994-09-22,SFC,12M,SPT,キングレコード,ラリー・ニクソン・スーパー・バスフィッシング,"￥9,800","￥10,000代",0,-,,,,,,,,
1994-09-22,SFC,8M,SPT,ヒューマン,スーパーフォーメーションサッカー'94ワールドカップファイナルデータ,"￥9,800","￥10,000代",0,-,,,,,,,,
1994-09-22,SFC,8M,TAB,イマジニア,本家花札,"￥9,800","￥10,000代",0,-,,,,,,,,
1994-09-23,SFC,16M,ACT,バンプレスト,ゴーストチェイサー電精,"￥9,800","￥10,000代",0,-,,,大矢晋一,山岸望|坂木和史,山根昇,,川島利文,
1994-09-23,SFC,16M,SLG,光栄,アンジェリーク,"￥9,800","￥10,000代",0,-,,,,,,,,
1994-09-23,SFC,16M,SPT,スターフィッシュデータ,スーパーブラックバス2,"￥9,800","￥10,000代",0,-,,,,,,,,
1994-09-23,SFC,8M,TAB,ビック東海,TOKORO'Sマージャン,"￥9,500","￥9,500代",0,-,,,,,,,,
1994-09-23,SFC,8M,TAB,四次元,麻雀戦国物語,"￥9,300","￥9,500代",0,-,,,,,,,,
1994-09-29,SFC,16M,ACT,バンダイ,ドラゴンボールZ超武闘伝3,"￥9,800","￥10,000代",90,-,,,TNK|MOTOR-OM|まるこぱぱ,"SOBA|ぬーぴー|J DESIGNS|ポチっと犬じろう|NAKANOKUN|ひでさん",山本健司|AMAYANG|CHATRASCH|SWITCH.E,,磯貝健夫,
1994-09-30,SFC,8M,ACT,アクレイムジャパン,クラッシュ・ダミー,"￥8,900","￥9,000代",0,-,,,,,,,,
1994-09-30,SFC,16M,ACT,アクレイムジャパン,バーチャルバート,"￥9,800","￥10,000代",0,-,,,,,,,,
1994-09-30,SFC,8M,ETC,イマジニア,競馬エイトスペシャル2,"￥9,980","￥10,000代",0,-,,,,,,,,
1994-09-30,SFC,8M,ETC,コナミ,タイニー・トゥーンアドベンチャーズ～ドタバタ大運動会～,"￥9,000","￥9,000代",0,-,,,,,,,,
1994-09-30,SFC,4M,RAC,日本コンピュータシステム,バイク大好き!走り屋魂,"￥9,600","￥9,500代",0,-,,,,,,,,
1994-09-30,SFC,16M,RAC,ヒューマン,ヒューマングランプリ3F1トリプルバトル,"￥10,500","￥10,500代",0,-,,,,,,,,
1994-09-30,SFC,16M,RPG,アスキー,ダウン・ザ・ワールド,"￥9,800","￥10,000代",0,-,,かわのひろみつ,かわのひろみつ|すずきひさし|いのうえたくみ|たかとりみつはる|なかやませいじ|わたなべたくや,杉山一郎|なかやませいじ|松下進,ジェフ・ファイファー|ロブ・ファイファー,康珍化,浜村弘一|金田剛|吉田穂積,
1994-09-30,SFC,16M,SPT,ジャレコ,天龍源一郎のプロレスレヴォリューション,"￥9,800","￥10,000代",0,-,,,,,,,,
1994-09-30,SFC,12M,SPT,DEN'Z,バークレーのパワーダンク,"￥9,200","￥9,000代",0,-,,,,,,,,
1994-09-30,SFC,8M,TAB,光栄,麻雀大会Ⅱ,"￥9,800","￥10,000代",0,-,,,,,,,シブサワ・コウ,
1994-10-07,SFC,16M,ACT,セタ,ノスフェラトゥ,"￥9,800","￥10,000代",0,-,,,,,,,,
1994-10-07,SFC,8M,ACT,ソフエル,MR.NUTZ,"￥8,800","￥9,000代",0,-,,,,,,,,
1994-10-07,SFC,12M,SLG,アスミック,シヴィライゼーション世界七大文明,"￥12,800","￥13,000代",0,-,,,,,,,,
1994-10-14,SFC,24M,ACT,アトラス,豪血寺一族,"￥10,500","￥10,500代",0,-,,,,,,,,
1994-10-14,SFC,8M,ACT,DEN'Z,UFO仮面ヤキソバンケストラーの黒い陰謀,"￥5,890","￥6,000代",0,-,,,,,,,,
1994-10-15,SFC,8M,TAB,POW,パチンコファン勝利宣言,"￥9,800","￥10,000代",0,-,,,,,,,,
1994-10-16,SFC,8M,SPT,ナツメ,下野正希のFishingToBassing,"￥9,800","￥10,000代",0,-,,,,,,,,
1994-10-19,SFC,2M,PUZ,魔法,はらぺこバッカ,"￥4,980","￥5,000代",0,-,,,,,,,,
1994-10-21,SFC,16M,ACT,カプコン,デモンズ・ブレイゾン魔界村紋章編,"￥9,800","￥10,000代",0,-,,宮崎亮,,岩尾賢一,堀山俊彦,,藤原得郎,
1994-10-21,SFC,8M,ACT,ケムコ,キッドクラウンのクレイジーチェイス,"￥8,800","￥9,000代",0,-,,,しんどうこういち|かねゆききくお|まつおやすあき|T.MASUMURA,佐々木晃,ふるたしんいち|古田瑶子|折重由美子|ムジカ・プレスト,寺田憲史,,
1994-10-21,SFC,8M,RAC,ナムコ,スーパーファミリーサーキット,"￥8,800","￥9,000代",0,-,,,,,,,,
1994-10-21,SFC,16M,RPG,データイースト,ヘラクレスの栄光IV神々からの贈り物,"￥9,900","￥10,000代",0,-,,,,,,,,
1994-10-21,SFC,16M,SPT,テクノスジャパン,船木誠勝HYBRIDWRESTLER闘技伝承,"￥9,800","￥10,000代",0,-,,,,,,,,
1994-10-21,SFC,8M,SPT,トンキンハウス,スーパーラグビー,"￥9,000","￥9,000代",0,-,,,,,,,,
1994-10-21,SFC,8M,TAB,サンソフト,必殺パチンココレクション,"￥9,800","￥10,000代",0,-,,,,,ナオト・インティライミ(作詞・作曲),,,
1994-10-21,SFC,4M,TAB,ナグザット,本格麻雀徹萬Ⅱ,"￥8,900","￥9,000代",0,-,,,,,,,,
1994-10-28,SFC,4M,ACT,アルトロン,化学者ハリーの波乱万丈,"￥8,900","￥9,000代",0,-,,,,,,,,
1994-10-28,SFC,12M,ACT,サンソフト,少年忍者サスケ,"￥9,800","￥10,000代",0,-,,,,,,,,
1994-10-28,SFC,8M,ACT,BPS,爆投ドッチャーズバンプス島は大さわぎ,"￥8,500","￥8,500代",0,-,,,,,,,,
1994-10-28,SFC,4M,ETC,ココナッツジャパンエンターテイメント,スーパーカジノ2,"￥9,800","￥10,000代",0,-,,,,,,,,
1994-10-28,SFC,4M,PUZ,イマジニアズーム,ドラッキーのパズルツアー'94,"￥8,200","￥8,000代",0,-,,,,,,,,
1994-10-28,SFC,16M,RPG,アトラス,真・女神転生if…,"￥9,990","￥10,000代",0,-,,岡田耕始,佐藤雅実|迎一彌|金田直美|矢部直也,伊藤龍太郎|藤岡一樹|礒貝正吾|藤木真一|細野雄士|橋野桂|金子一馬|佐藤佐和子|村上哲也|岩崎智美|片岡いずみ|池永美奈子|野口暁,増子司,,横山秀幸,
1994-10-28,SFC,16M,SLG,日本クラリービジネス,イルバニアンの城,"￥9,980","￥10,000代",0,-,,,,,,,,
1994-10-28,SFC,20M,SLG,やのまん,フェーダ(FEDA)エンブレムオブジャスティス,"￥9,990","￥10,000代",0,-,,,,,,,,
1994-10-28,SFC,12M,SPT,テクモ,テクモスーパーベースボール,"￥9,800","￥10,000代",0,-,,,,,,,,
1994-10-28,SFC,8M,SPT,パック・イン・ビデオ,マルチプレイバレーボール,"￥8,900","￥9,000代",0,-,,,,,,,,
1994-10-28,SFC,12M,SPT,ユタカ,DEARBOYS,"￥9,800","￥10,000代",0,-,,,,加野晃,井上日徳,八神ひろき,,
1994-10-28,SFC,8M,TAB,ケイエスエス,卒業番外篇ねぇ麻雀しよ!,"￥9,800","￥10,000代",0,-,,,,,,,,
1994-10-28,SFC,8M,TAB,タイトー,本格派囲碁碁聖,"￥14,800","￥15,000代",0,-,,,,,,,,
1994-10-28,SFC,8M,TAB,日本テレネット,SANKYOFever!フィーバー!,"￥9,800","￥10,000代",0,-,,,,,,,,
1994-11-11,SFC,24M,ACT,アクレイムジャパン,モータルコンバットⅡ究極神拳,"￥11,800","￥12,000代",0,-,,,,,,,,
1994-11-11,SFC,16M,ACT,カプコン,ミッキーとミニーマジカルアドベンチャー2,"￥9,500","￥9,500代",0,-,,,篠原雅嗣,,友澤眞,,ノア・ダッドレー|ゲーリー・グレイパー,
1994-11-11,SFC,8M,ACT,ジャレコ,ファイヤー・ファイティング,"￥9,890","￥10,000代",0,-,,,大原健志|秋山望,松田信|前川恵一|さとうひろき,緒方貴宏,,,
1994-11-11,SFC,8M,ACT,バンダイ,ゴン,"￥8,800","￥9,000代",0,-,,,,,,,,
1994-11-11,SFC,16M,SPT,コナミ,実況ワールドサッカーPERFECTELEVEN,"￥9,980","￥10,000代",0,-,,,,,,,,
1994-11-18,SFC,16M,ACT,ハドソン,鋼HAGANE,"￥9,500","￥9,500代",0,-,,,,,,,,
1994-11-18,SFC,4M,ACT,バンダイ,パニックインなかよしワールド,"￥6,800","￥7,000代",0,-,,,,,,,,
1994-11-18,SFC,16M,ACT,四次元,花の慶次-雲のかなたに-,"￥9,800","￥10,000代",0,-,,,,,,,,
1994-11-18,SFC,4M,ETC,ココナッツジャパンエンターテイメント,中野浩一監修競輪王,"￥9,980","￥10,000代",0,-,,,,,,,,
1994-11-18,SFC,8M,PUZ,コナミ,ツヨシしっかりしなさい対戦ぱずるだま,"￥8,500","￥8,500代",0,-,,,,,,,,
1994-11-18,SFC,12M,RAC,アトラス,GP-1RS(ラピッドストリーム),"￥9,800","￥10,000代",0,-,,,,,,,,
1994-11-18,SFC,12M,RPG,アスク講談社,マグナブラバン遍歴の勇者,"￥9,800","￥10,000代",0,-,,水足淳一,すずきよういち,杉浦俊朗|村瀬修功,佐藤天平,高山克彦,小山秀一,
1994-11-18,SFC,8M,RPG,ポニーキャニオン,ウルティマⅦザ・ブラックゲート,"￥9,800","￥10,000代",0,-,,,,,,,,
1994-11-18,SFC,12M,SLG,ナムコ,ミリティア,"￥8,800","￥9,000代",0,-,,,中村隆徳,,柴野浩美,大場惑,,
1994-11-18,SFC,12M,SPT,ヒューマン,ドリームバスケットボールDUNK＆HOOP,"￥9,600","￥9,500代",0,-,,,,,,,,
1994-11-18,SFC,8M,TAB,ソフエル,モンスターメーカーキッズ王様になりたい,"￥9,200","￥9,000代",0,-,,,,,,,,
1994-11-18,SFC,8M,TAB,日本物産,スーパー五目・将棋定跡研究篇,"￥9,500","￥9,500代",0,-,,,,,,,,
1994-11-18,SFC,8M,TAB,バップ,パチンコ(秘)必勝法,"￥9,800","￥10,000代",0,-,,,,,,,,
1994-11-18,SFC,16M,TAB,バリエ,遊人雀獣学園2,"￥9,800","￥10,000代",0,-,,,,,,,,
1994-11-25,SFC,24M,ADV,チュンソフト,かまいたちの夜,"￥10,800","￥11,000代",70,30,,麻野一哉,斉藤昌快|二位真裕|山田信洋|小川一美|中島康雄|大森田不可止,小泉冬彦|落合信也|佐々木真治|佐藤圭子|長谷川薫|原田久美子,加藤恒太|中嶋康二郎,我孫子武丸,中村光一,
1994-11-25,SFC,12M,ETC,トミー,なるほど!ザ・ワールド,"￥9,500","￥9,500代",0,-,,,,,,,王東順,
1994-11-25,SFC,4M,PUZ,ビクターエンタテインメント,ノンタンといっしょくるくるぱずる,"￥7,800","￥8,000代",0,-,,,,,,,,
1994-11-25,SFC,16M,SHT,コナミ,極上パロディウス,"￥9,800","￥10,000代",0,-,,,徳田典|もりとめやすゆき,Shuzilow.HA|あさりよしとお,深見誠一|宮脇聡子|妹尾和浩,,,
1994-11-25,SFC,8M,SPT,ジャレコ,武田修宏のスーパーリーグサッカー,"￥9,800","￥10,000代",0,-,,,,,,,,
1994-11-25,SFC,12M,SPT,バンプレスト,バトルサッカー2,"￥8,800","￥9,000代",0,-,,,,,,,,
1994-11-25,SFC,8M,SPT,四次元,全国高校サッカー,"￥9,800","￥10,000代",0,-,,,,,,,,
1994-11-25,SFC,8M,TAB,アイマックス,スーパー麻雀3辛口,"￥9,800","￥10,000代",0,-,,,,,,,,
1994-11-25,SFC,8M,TAB,ココナッツジャパンエンターテイメント,元祖パチスロ日本一,"￥9,980","￥10,000代",0,-,,,,,,,,
1994-11-25,SFC,8M,TAB,タイトー,大爆笑人生劇場大江戸日記,"￥9,000","￥9,000代",0,-,,西角友宏,たじませいいち|いとうわりゅー|みずの,くろさわきょうこ|さかべゆかり|東京省,わたなべよしお|草津きよし,,,
1994-11-25,SFC,16M,TAB,ヒューマン,ただいま勇者募集中おかわり,"￥9,900","￥10,000代",0,-,,,,,,,,
1994-11-26,SFC,32M,ACT,任天堂,スーパードンキーコング,"￥9,800","￥10,000代",300,31,,ティム・スタンパー,クリス・サザーランド|ブレンダン・ガン,グレッグ・メイレス|スティーヴ・メイルズ|ケヴィン・ベイリス|マーク・スティーヴンソン,デヴィッド・ワイズ|イーブリン・フィッシャー|ロビン・ビーンランド,,,
1994-12-02,SFC,16M,ACT,イマジニア,制服伝説プリティファイター,"￥9,980","￥10,000代",0,-,,大須賀篤,荻原務,黒田愛美|中村鉄嗣,森彰彦,,飯田祥一,
1994-12-02,SFC,8M,RAC,UBIソフト,ストリートレーサー,"￥9,200","￥9,000代",0,-,,,,,,,,
1994-12-02,SFC,20M,RPG,カプコン,ブレスオブファイアⅡ使命の子,"￥9,980","￥10,000代",0,-,,,,,,,,
1994-12-02,SFC,16M,RPG,テイチク,ザ・ラストバトル,"￥9,800","￥10,000代",0,-,,山口健司,富沢賢一,木村初|土居孝幸,岡本智郎,木村初|石川雅之|長崎剛志,高野泰博,
1994-12-02,SFC,16M,RPG,やのまん,アレサⅡ(ARETHA2)アリエルの不思議な旅,"￥9,900","￥10,000代",0,-,,,,,,,,
1994-12-02,SFC,12M,TAB,アスミック,ドカポン3・2・1嵐を呼ぶ友情,"￥9,600","￥9,500代",0,-,,,,,,,,
1994-12-09,SFC,24M,ACT,ヴァージンゲーム,ライオン・キング,"￥9,980","￥10,000代",0,-,,,,,ハンス・ジマー,なし,,
1994-12-09,SFC,24M,ACT,東宝,ゴジラ怪獣大決戦,"￥9,980","￥10,000代",0,-,,森永由美子,ひげぴん|宮崎和久|中村巧,吉良かつや|ひげぴん|横沼公理|横沼公理|永田竜也|梅田健志|有吉陽平,森永由美子|安田拓也|吉川雄二,,角田純一|竹野雅人,
1994-12-09,SFC,24M,ADV,エニックス,ワンダープロジェクトJ機械の少年ピーノ,"￥11,800","￥12,000代",0,-,,米田喬,山彦寛子|返町孝|塩谷博光,米田喬|川元利弘,森彰彦,米田喬,藤本広貴,
1994-12-09,SFC,8M,PUZ,タカラ,牌砦,"￥8,800","￥9,000代",0,-,,,,,,,,
1994-12-09,SFC,8M,RAC,イマジニア,バトルクロス,"￥9,800","￥10,000代",0,-,,,,,,,,
1994-12-09,SFC,4M,SHT,パック・イン・ビデオ,ヴォルテックス,"￥9,900","￥10,000代",0,-,,,,,,,,
1994-12-09,SFC,24M,SLG,光栄,三國志Ⅳ,"￥14,800","￥15,000代",0,-,,,,,長生淳|久保田邦夫,,シブサワ・コウ,
1994-12-09,SFC,16M,SPT,テクモ,キャプテン翼V覇者の称号カンピオーネ,"￥9,980","￥10,000代",0,-,,,,,,,,
1994-12-09,SFC,16M,TAB,テクノスジャパン,すごろクエスト++-ダイスニクス-,"￥9,900","￥10,000代",0,-,,,高橋満,scirocco,澤和雄,,白戸政男,
1994-12-09,SFC,8M,TAB,ハドソン,スーパー桃太郎電鉄Ⅲ,"￥9,500","￥9,500代",0,-,,さくまあきら|友野信彦|浅野耕一郎,楊裕治|中谷伸司|駒井一夫,土居孝幸,関口和之,,浦敏治,
1994-12-16,SFC,12M,ACT,エポック社,ドラえもん3のび太と時の宝玉,"￥9,500","￥9,500代",0,-,,葭原智|桑原悟,中川徹|しらいはじめ|うらぐちひろき,安部淳也|宍倉典幸|今入昭治|ちわたみちよ|ほんだみちひろ,濱田智之,田島大輔,沓掛隆志,
1994-12-16,SFC,20M,ACT,エンジェル,美少女戦士セーラームーンS場外乱闘!?主役争奪戦,"￥9,980","￥10,000代",0,-,,,,,,,,
1994-12-16,SFC,12M,ACT,カプコン,ロックマンX2,"￥9,800","￥10,000代",0,-,,,,つげしょう|津田祥寿|稲船敬二|加治勇人,岩井由紀,,藤原得郎,
1994-12-16,SFC,16M,ACT,コナミ,がんばれゴエモン3獅子重禄兵衛のからくり卍固め,"￥9,800","￥10,000代",0,32,,蛭子悦延,蛭子悦延|山口誠|丸山修,小川公一|ゴエ3制作委員会|小川公一|堀江浩司|山内円,上原和彦|森本ゆきえ|高橋紀子,小川公一|ゴエ3制作委員会,梅崎重治,
1994-12-16,SFC,12M,ACT,トミー,ミッキーの東京ディズニーランド大冒険,"￥9,800","￥10,000代",0,-,,,,,益子重徳|鈴木陽子|桐岡麻季,,,
1994-12-16,SFC,12M,ACT,ナムコ,ワギャンパラダイス,"￥8,800","￥9,000代",0,30,,,,,,,,
1994-12-16,SFC,8M,PUZ,アイマックス,どっすん!岩石バトル,"￥8,800","￥9,000代",0,-,,,,,,,,
1994-12-16,SFC,8M,PUZ,BPS,スーパーテトリス3,"￥8,500","￥8,500代",0,-,,小栗真一|松中太郎,おおたのぶかず,原典史|高取雅好|かつのかずとく,後藤重満,,しいなあきら,
1994-12-16,SFC,4M,PUZ,四次元,スーパースネーキー,"￥7,800","￥8,000代",0,-,,,,,,,,
1994-12-16,SFC,8M,RAC,アクレイムジャパン,ナイジェルマンセル・インディカー,"￥10,900","￥11,000代",0,-,,,,,,,,
1994-12-16,SFC,16M,RAC,ココナッツジャパンエンターテイメント,FULLPOWER,"￥11,000","￥11,000代",0,-,,,,,,,,
1994-12-16,SFC,8M,SPT,EAV,海釣り名人～スズキ編～,"￥9,800","￥10,000代",0,-,,,,,,,,
1994-12-16,SFC,12M,SPT,EAV,NBALIVE'95,"￥9,800","￥10,000代",0,-,,,,,,,,
1994-12-16,SFC,12M,SPT,イマジニア,スーパーレッスルエンジェルス,"￥9,980","￥10,000代",0,-,,,,,なし,,,
1994-12-16,SFC,12M,SPT,ケイエスエス,蒼き伝説シュート!,"￥10,800","￥11,000代",0,-,,西尾大介,,荒木伸吾|姫野美智|秋山由樹子,"Command S.inc",大島司,,
1994-12-16,SFC,12M,SPT,ナグザット,スーパーフィッシングビッグファイト,"￥9,800","￥10,000代",0,-,,,,,,,,
1994-12-16,SFC,8M,SPT,パック・イン・ビデオ,スキーパラダイスWITHスノーボード,"￥8,900","￥9,000代",0,-,,,,,,,,
1994-12-16,SFC,4M,TAB,アスク講談社,ビッグ一撃!パチスロ大攻略,"￥9,800","￥10,000代",0,-,,,,,,,,
1994-12-16,SFC,4M,TAB,ココナッツジャパンエンターテイメント,花札王,"￥8,980","￥9,000代",0,-,,,,,,,,
1994-12-16,SFC,8M,TAB,日本物産,祇園花,"￥7,980","￥8,000代",0,-,,,,,,,,
1994-12-16,SFC,8M,TAB,POW,必勝!パチスロファン,"￥9,800","￥10,000代",0,-,,,,,,,,
1994-12-16,SFC,4M,TAB,ボトムアップ,スーパー詰将棋1000,"￥9,800","￥10,000代",0,-,,,,,,,,
1994-12-17,SFC,12M,ACT,バンプレスト,ザ・グレイトバトルⅣ,"￥9,600","￥9,500代",0,-,,,,,,,,
1994-12-20,SFC,16M,SPT,テクモ,テクモスーパーボウルⅡSPECIALEDITION,"￥9,980","￥10,000代",0,-,,,,,,,,
1994-12-21,SFC,32M,ACT,ザウルス,龍虎の拳2,"￥10,900","￥11,000代",0,-,,,,,,,,
1994-12-21,SFC,8M,SPT,ツクダオリジナル,岡本綾子とマッチプレイゴルフコ･オリナゴルフクラブINハワイ,"￥9,700","￥9,500代",0,-,,,,,,,,
1994-12-22,SFC,16M,ACT,ケムコ,アニマル武乱伝ブルータル,"￥9,800","￥10,000代",0,-,,,,,,,,
1994-12-22,SFC,32M,ACT,T＆Eソフト,ライズオブザロボッツ,"￥10,900","￥11,000代",0,-,,,,,,,,
1994-12-22,SFC,8M,ACT,東宝,ポコニャン!へんぽこりんアドベンチャー,"￥8,800","￥9,000代",0,-,,,,,,,,
1994-12-22,SFC,8M,ETC,ヴァージンゲーム,バトルジョッキー,"￥9,800","￥10,000代",0,-,,,,,,,,
1994-12-22,SFC,10M,RAC,サンソフト,はしれへべれけ,"￥9,500","￥9,500代",0,-,,,,,,,,
1994-12-22,SFC,24M,RPG,ハドソン,大貝獣物語,"￥10,900","￥11,000代",0,-,,藤原茂樹,若林哲也,中田伸一|及川英紀|桑原司|野中俊也|多田知美,六土開正,原裕朗|野中俊也,藤原茂樹,
1994-12-22,SFC,12M,RPG,バンダイ,覇王大系リューナイトトロード･オブ･パラディン,"￥9,800","￥10,000代",0,-,,,,,,,,
1994-12-22,SFC,16M,SLG,サンソフト,アルバートオデッセイ2邪神の胎動,"￥9,980","￥10,000代",0,-,,,,,,,,
1994-12-22,SFC,16M,SLG,ナムコ,幽☆遊☆白書特別篇,"￥9,800","￥10,000代",0,-,,,,,,,,
1994-12-22,SFC,12M,SLG,日本コンピュータシステム,パワーオブザハイアード,"￥9,800","￥10,000代",0,-,,,松沢高広,百瀬成寿|藤岡勝利|長谷川努,天現寺広尾|窪寺義明|藤岡央|曳地正則|遠藤智博,,薮崎久也,
1994-12-22,SFC,8M,SLG,ビクターエンタテインメント,スーパー・キャッスルズ,"￥9,800","￥10,000代",0,-,,,,,,,,
1994-12-22,SFC,10M,SPT,イマジニア,サンスポフィッシング渓流王,"￥9,980","￥10,000代",0,-,,,,,,,,
1994-12-22,SFC,8M,SPT,カルチャーブレーン,ウルトラベースボール実名版2,"￥9,800","￥10,000代",0,-,,,,,,,,
1994-12-22,SFC,32M,SPT,ヒューマン,スーパーファイヤープロレスリングスペシャル,"￥11,500","￥11,500代",0,-,,,,,,,,
1994-12-22,SFC,8M,TAB,ヴァージンゲーム,本格将棋風雲児龍王,"￥9,800","￥10,000代",0,-,,,,,,,,
1994-12-22,SFC,12M,TAB,エンジェル,横山光輝三国志盤戯スゴロク英雄記,"￥9,800","￥10,000代",0,-,,,,,,,,
1994-12-22,SFC,8M,TAB,ココナッツジャパンエンターテイメント,元祖パチンコ王,"￥9,980","￥10,000代",0,-,,,,,,,,
1994-12-22,SFC,2M,TAB,ヘクト,麻雀倶楽部,"￥4,980","￥5,000代",0,-,,,,,,,,
1994-12-23,SFC,8M,ACT,TNN,海腹川背,"￥9,800","￥10,000代",0,-,,酒井潔,酒井潔,近藤敏信,中野雅仁|本山淳弘|立川伸治,,樋口秀夫|酒井悦夫|外崎希世至,
1994-12-23,SFC,10M,ACT,バンプレスト,GOGOACKMAN,"￥9,000","￥9,000代",0,-,,,,,,,,
1994-12-23,SFC,16M,SPT,ジャレコ,JWP女子プロレスピュア・レッスル・クイーンズ,"￥9,800","￥10,000代",0,-,,,,,,,,
1994-12-23,SFC,12M,SPT,ジャレコ,スーパー燃えろ!!プロ野球,"￥9,800","￥10,000代",0,-,,,,,,,,
1994-12-23,SFC,8M,TAB,日本物産,パチスロ勝負師(ギャンブラー),"￥8,980","￥9,000代",0,-,,,,,,,,
1994-12-27,SFC,12M,ACT,エポック社,ルパン三世伝説の秘宝を追え!,"￥9,800","￥10,000代",0,-,,沢田幸一|桑原悟|菅原和昭,梅木元博|伊藤伸|日向圭一|阿曽政昭|今井敏彦|池田慎一|佐藤久志|今井裕行,大塚康生,小川寿夫,,沓掛隆志,
1994-12-27,SFC,16M,ACT,バンダイ,機動武闘伝Gガンダム,"￥9,800","￥10,000代",0,-,,,,逢坂浩司|島本和彦(協力)|大河原邦男|カトキハジメ|山根公利,田中公平,矢立肇|富野由悠季|(『機動戦士ガンダム』より),,
1994-12-29,SFC,24M,RPG,アイマックス,デュアルオーブⅡ,"￥10,800","￥11,000代",0,-,,,,,,北角浩一,宗清紀之,
1994-12-30,SFC,12M,TAB,J・ウイング,スーパーヅガン2ツカンポファイター,"￥9,980","￥10,000代",0,-,,,,,,,,
1995-01-01,SFC,16M,ETC,カタパルト,XBAND,"￥6,800","￥7,000代",0,-,,,,,,,,
1995-01-03,SFC,16M,ACT,カプコン,X-MEN,"￥9,980","￥10,000代",0,-,,,,,,,,
1995-01-03,SFC,8M,ACT,カプコン,ボンカーズ-ハリウッド大作戦!,"￥8,500","￥8,500代",0,-,,,,,マーク・ワターズ,グレッグ・ワイズマン,,
1995-01-03,SFC,16M,ACT,カルチャーブレーン,スーパーチャイニーズファイター,"￥9,800","￥10,000代",0,-,,,,,,,,
1995-01-03,SFC,8M,ACT,ナムコ,パックインタイム,"￥7,900","￥8,000代",0,-,,オリビエ・ゴゲル,アラン・ギュイ,シリル・フォンテーヌ|フランソワ・リマッソン,フレデリック・モット,,ティエリー・ロビン,
1995-01-03,SFC,12M,ACT,ハドソン,高橋名人の大冒険島Ⅱ,"￥9,500","￥9,500代",0,-,,,,,,,,
1995-01-03,SFC,8M,ACT,マジファクト,YOGIBEAR,"￥8,800","￥9,000代",0,-,,,,,,,,
1995-01-13,SFC,4M,PUZ,タイトー,パズルボブル,"￥6,800","￥7,000代",0,-,,,津森康男,中久木成一|木下一洋|木下一洋|こまいりょうた|神谷美和,海野和子|山田靖子,,,
1995-01-13,SFC,2M,SHT,イマジニア,ギャラクシーウォーズ,"￥5,980","￥6,000代",0,-,,,,,,,,
1995-01-13,SFC,8M,SPT,ヒューマン,わくわくスキーわんだあシュプール,"￥9,600","￥9,500代",0,-,,,,,,,,
1995-01-13,SFC,8M,TAB,アスク講談社,実戦!麻雀指南,"￥9,800","￥10,000代",0,-,,,,,,,,
1995-01-13,SFC,8M,TAB,ヴァージンゲーム,雀遊記悟空乱打,"￥8,900","￥9,000代",0,-,,,,,,,,
1995-01-20,SFC,32M,ETC,アスキー,ダービースタリオンⅢ,"￥12,800","￥13,000代",120,34,,,,,,,,
1995-01-20,SFC,8M,RAC,BPS,マイケル・アンドレッティインディカーチャレンジ,"￥9,800","￥10,000代",0,-,,,,,,,,
1995-01-20,SFC,24M,SPT,バリエ,スターダストスープレックス,"￥9,980","￥10,000代",0,-,,,,,,,,
1995-01-27,SFC,16M,ACT,アクレイムジャパン,ウルヴァリン,"￥10,900","￥11,000代",0,-,,,,,,,,
1995-01-27,SFC,12M,SLG,アスミック,鋼鉄の騎士3突撃ヨーロッパ戦線,"￥12,800","￥13,000代",0,-,,,,,,,,
1995-01-27,SFC,8M,TAB,カロッツェリアジャパン,みらくるカジノパラダイス,"￥9,800","￥10,000代",0,-,,,,,,,,
1995-01-27,SFC,12M,TAB,ケイエスエス,パチンコ物語2名古屋シャチホコの帝王,"￥9,800","￥10,000代",0,-,,,,,,,,
1995-01-27,SFC,10M,TAB,ビデオシステム,キテレツ大百科超時空すごろく,"￥8,900","￥9,000代",0,-,,,,,,藤子・F・不二雄,,
1995-02-03,SFC,12M,SLG,イマジニア,放課後inBeppin女学院,"￥9,980","￥10,000代",0,-,,,,,,,,
1995-02-10,SFC,10M,ACT,ポッポ,アイアンコマンドー鋼鉄の戦士,"￥9,800","￥10,000代",0,-,,,,,,,,
1995-02-10,SFC,8M,ETC,ヴィジット,ザ・心理ゲーム2マジカルトリップ,"￥8,800","￥9,000代",0,-,,,,,,,,
1995-02-10,SFC,4M,PUZ,カロッツェリアジャパン,ジャムズ,"￥7,800","￥8,000代",0,-,,,,,,,,
1995-02-10,SFC,8M,PUZ,DEN'Z,だるま道場,"￥8,800","￥9,000代",0,-,,永井満夫|服部明美|なかじゅんたつや,,,,,おおかわまこと,
1995-02-10,SFC,12M,SLG,バンダイ,機動戦士ガンダムクロスディメンション0079,"￥9,800","￥10,000代",0,-,,,,,,,,
1995-02-10,SFC,4M,TAB,タイトー,さいばらりえこのまあじゃんほうろうき,"￥9,800","￥10,000代",0,-,,,,,,西原理恵子,,
1995-02-13,SFC,8M,ETC,任天堂,BS-Xそれは名前を盗まれた街の物語,"￥18,000","￥18,000代",0,-,,,,,,,,
1995-02-17,SFC,24M,ACT,データイースト,ファイターズヒストリー溝口危機一髪,"￥9,900","￥10,000代",0,-,,,,,,,,
1995-02-17,SFC,12M,ACT,バンダイ,ヤムヤム,"￥9,800","￥10,000代",0,-,,,,,フランク・デ・ヴォール,ローレンス・ロマン,,
1995-02-17,SFC,16M,ACT,ビクターエンタテインメント,タイムコップ,"￥9,800","￥10,000代",0,-,,,,,マーク・アイシャム,マイク・リチャードソン|マーク・ヴァーヘイデン,,
1995-02-17,SFC,24M,SLG,光栄,提督の決断Ⅱ,"￥14,800","￥15,000代",0,-,,,,,,,,
1995-02-17,SFC,16M,SPT,バップ,柏木重孝のTOPWATERBASSING(トップウォーターバッシング),"￥14,800","￥15,000代",0,-,,,,,,,,
1995-02-17,SFC,4M,TAB,アルトロン,チェスマスター,"￥9,800","￥10,000代",0,-,,,,,,,,
1995-02-17,SFC,12M,TAB,サミー,銀玉親方の実戦パチンコ必勝法,"￥10,500","￥10,500代",0,-,,,,,,,,
1995-02-19,SFC,24M,SLG,アトラス,魔神転生Ⅱスパイラルネメシス,"￥10,800","￥11,000代",0,-,,,,,,,,
1995-02-24,SFC,16M,ETC,ビクターエンタテインメント,クラシック・ロードⅡ,"￥12,800","￥13,000代",0,-,,,,,,,,
1995-02-24,SFC,16M,ETC,ベック,TurfMemories,"￥11,600","￥11,500代",0,-,,,,,,,,
1995-02-24,SFC,4M,PUZ,バンダイ,美少女戦士セーラームーンSくるっくりん,"￥6,800","￥7,000代",0,-,,,,,,,,
1995-02-24,SFC,12M,RAC,BPS,ドリフトキング首都高バトル2,"￥9,800","￥10,000代",0,-,,,,,,,,
1995-02-24,SFC,16M,RAC,ビスコ,スーパードリフトアウト,"￥9,980","￥10,000代",0,-,,,,,,,,
1995-02-24,SFC,20M,RPG,タイトー,エストポリス伝記Ⅱ,"￥9,980","￥10,000代",0,30,,宮田正英,すずきあきひろ,くるがみ龍|安藤謙次,塩生康範,宮田正英,,
1995-02-24,SFC,24M,SLG,スクウェア,FRONTMISSION(フロントミッション),"￥11,400","￥11,500代",0,31,,岩崎秀雄,大矢哲也|小山田衛|国吉徹|松澤高広,天野喜孝,下村陽子|松枝賀子,岩崎秀雄,土田俊郎|橋本真司,
1995-02-24,SFC,12M,SLG,バリエ,NAGELIBRE静寂の水深,"￥9,800","￥10,000代",0,-,,中嶌彩姫,谷雅人|ガク,岡本稔,高浜祐輔|志知道彦,,,
1995-02-24,SFC,16M,SLG,バンプレスト,ファーランドストーリー,"￥10,800","￥11,000代",0,-,,,,,,,,
1995-02-24,SFC,24M,SPT,アクレイムジャパン,NFLクォーターバッククラブ'95,"￥11,800","￥12,000代",0,-,,,,,,,,
1995-02-24,SFC,24M,SPT,アクレイムジャパン,NBAJAMトーナメントエディション,"￥11,800","￥12,000代",0,-,,,,,,,,
1995-02-24,SFC,20M,SPT,コナミ,実況パワフルプロ野球2,"￥9,980","￥10,000代",0,31,,,,,,,,
1995-02-24,SFC,24M,SPT,バンダイ,テレビアニメスラムダンク2IH予選完全版!!,"￥10,800","￥11,000代",0,-,,,,,,,,
1995-02-24,SFC,12M,TAB,ショウエイシステム,HEIWAパチンコワールド,"￥9,900","￥10,000代",0,-,,,,,仲里幸広,,,
1995-02-24,SFC,10M,TAB,バンプレスト,バトルピンボール,"￥6,800","￥7,000代",0,-,,,,,,,,
1995-02-24,SFC,2M,TAB,ヘクト,将棋倶楽部,"￥8,800","￥9,000代",0,-,,,,,,,,
1995-02-25,SFC,8M,ACT,インテック,おとぼけ忍者コロシアム,"￥8,800","￥9,000代",0,-,,,,,,,,
1995-02-25,SFC,12M,RPG,徳間書店インターメディアカンパニー,永遠のフィレーナ,"￥9,800","￥10,000代",0,-,,,,小泉謙三,,首藤剛志,,
1995-03-01,SFC,8M,PUZ,ハドソン,スーパーボンバーマンぱにっくボンバーW,"￥8,900","￥9,000代",0,-,,豊嶋真人,落合雄一,藤原茂樹|水野祥司,竹間淳|小谷野謙一|崎元仁,,松永智史|堀尾孝文,
1995-03-03,SFC,16M,ACT,バリエ,アンダーカバーコップス,"￥9,800","￥10,000代",0,-,,,,,冷牟田卓志,,,
1995-03-03,SFC,10M,SHT,アスミック,スーパーエアダイバー2,"￥9,800","￥10,000代",0,-,,,,,,,,
1995-03-03,SFC,16M,SPT,ナムコ,スーパーファミスタ4,"￥9,500","￥9,500代",0,-,,,,石田太輔|岸本好弘(きっしい)|しましま〜〜〜,中川浩二|堀込高樹|ずん,,,
1995-03-04,SFC,24M,ACT,アトラス,ラストバイブルⅢ,"￥10,800","￥11,000代",0,-,,,,,,,,
1995-03-04,SFC,12M,RAC,ツクダオリジナル,スーパーマッドチャンプ,"￥9,600","￥9,500代",0,-,,,,,,,,
1995-03-10,SFC,16M,ACT,パック・イン・ビデオ,マジカルポップン,"￥9,800","￥10,000代",0,-,,,谷広幸,谷広幸|中嶋秀敏|田尻一直|保屋野潤|赤井孝美,石橋一郎,,和田康宏|原昭太郎,
1995-03-11,SFC,32M,RPG,スクウェア,クロノ・トリガー,"￥11,400","￥11,500代",203,34,,北瀬佳範|時田貴司|松井聡彦,小久保啓三|樋口勝久,鳥山明|野村哲也|直良有祐|本根康之,光田康典|植松伸夫|松枝賀子,堀井雄二(監修)|加藤正人,坂口博信(EP)|青木和彦,
1995-03-17,SFC,12M,ACT,エポック社,スパイダーマンリーサルフォーズ,"￥9,800","￥10,000代",0,-,,,,,,,,
1995-03-17,SFC,16M,ACT,カプコン,キャプテンコマンドー,"￥9,800","￥10,000代",0,-,,,江川陽一|横山顕広|上野智弘|吉住延也,安田朗|大野純一|栗原明美|おうじよしあき|中村会里,泉谷雅樹,,,
1995-03-17,SFC,16M,ACT,データム・ポリスター,負けるな!魔剣道2決めろ!妖怪総理大臣,"￥9,500","￥9,500代",0,-,,,,,,,,
1995-03-17,SFC,12M,ETC,バップ,スプリンター物語めざせ一攫千金,"￥12,800","￥13,000代",0,-,,,,,,,,
1995-03-17,SFC,4M,PUZ,BPS,スーパーボンブリス,"￥7,500","￥7,500代",0,-,,,,,,,,
1995-03-17,SFC,4M,PUZ,ビック東海,おらがランド主催ベストファーマー収穫祭,"￥7,800","￥8,000代",0,-,,,,,,,,
1995-03-17,SFC,8M,RAC,バンプレスト,バトルレーサーズ,"￥9,800","￥10,000代",0,-,,山田俊彦|金谷明,田端紀行,熊倉賢一,林克洋,,下道隆,
1995-03-17,SFC,16M,RPG,エニックス,熱血大陸バーニングヒーローズ,"￥10,800","￥11,000代",0,-,,,渡辺紀之|菊地正彦|佃皇治|地場衛,佐野一直|横塚英一郎|田村純一|竹浪秀行,榎木淳|赤堀正直,田村純一,菊本裕智|斉藤陽介,
1995-03-17,SFC,12M,RPG,徳間書店インターメディアカンパニー,ラブクエスト,"￥9,800","￥10,000代",0,-,,なかむらふみお,おおかわひろき|かとうみえこ|みとおさむ|さわだたけし|なかがわひろゆき,弓月光|まがたたかゆき,みゃ～んすずき|もりかわこうじ,イワタカヅト,山森尚,
1995-03-17,SFC,24M,SLG,バンプレスト,第4次スーパーロボット大戦,"￥12,800","￥13,000代",38,31,,阪田雅彦,庄真宏,戸田篤樹,山根昇|藤本大輔,阪田雅彦,じっぱひとからげ,
1995-03-17,SFC,16M,SPT,ハドソン,Jリーグスーパーサッカー'95実況スタジアム,"￥9,980","￥10,000代",0,-,,,,,,,,
1995-03-17,SFC,8M,TAB,ビクターエンタテインメント,スーパー雀豪,"￥9,800","￥10,000代",0,-,,,,,,,,
1995-03-17,SFC,12M,TAB,メルダック,スーパーピンボール2ザ・アメージングオデッセイ,"￥9,800","￥10,000代",0,-,,,,,,,,
1995-03-18,SFC,24M,ETC,光栄,ウイニングポスト2,"￥12,800","￥13,000代",0,-,,,,,タケカワユキヒデ|新井智詞|山崎洋一|楠瀬誠志郎|小西貴雄,,シブサワ・コウ,
1995-03-21,SFC,16M,ETC,テクモ,TURFHERO,"￥12,800","￥13,000代",0,-,,,,,,,,
1995-03-24,SFC,16M,ACT,カプコン,ロックマン7宿命の対決!,"￥9,800","￥10,000代",0,-,,,,,,,,
1995-03-24,SFC,24M,ACT,ナムコ,幽☆遊☆白書FINAL魔界最強列伝,"￥9,800","￥10,000代",0,-,,,,,,,,
1995-03-24,SFC,16M,ADV,バンダイ,ドラゴンボールZ超悟空伝突撃編,"￥10,800","￥11,000代",0,-,,島田晋作,干焼蝦仁|蓮蓉寿桃,竹花欣也|清水厚二|うりぼう|玉井裕和|荒井翔子|柴田正伸|そば|MIP,山本健司,,鈴木敏弘,
1995-03-24,SFC,8M,ETC,テイチク,スーパー馬券王'95,"￥9,980","￥10,000代",0,-,,,,,,,,
1995-03-24,SFC,16M,SLG,パック・イン・ビデオ,ジ・アトラス,"￥10,800","￥11,000代",0,-,,,,,,,,
1995-03-24,SFC,8M,TAB,イマジニア,高速思考将棋皇,"￥12,800","￥13,000代",0,-,,,,,,,,
1995-03-24,SFC,16M,TAB,サンソフト,必殺パチンココレクション2,"￥9,980","￥10,000代",0,-,,,,,,,,
1995-03-25,SFC,24M,ETC,光栄,エミットvol.1時の迷子,"￥11,800","￥12,000代",0,-,,,,,,,,
1995-03-25,SFC,24M,ETC,光栄,エミットvol.2命がけの旅,"￥11,800","￥12,000代",0,-,,,,,,,,
1995-03-25,SFC,24M,ETC,光栄,エミットvol.3私にさよならを,"￥11,800","￥12,000代",0,-,,,,,,,,
1995-03-30,SFC,8M,SLG,光栄,復刻版スーパー三國志Ⅱ,"￥9,800","￥10,000代",0,-,,,,,,,,
1995-03-30,SFC,16M,TAB,日本テレネット,京楽・三洋・豊丸Parlor!パーラー!(パーラーパーラー),"￥11,800","￥12,000代",0,-,,,,,,,,
1995-03-31,SFC,16M,ACT,カプコン,ミッキーマニア,"￥9,500","￥9,500代",0,-,,,,,,,,
1995-03-31,SFC,12M,ACT,サンソフト,であえ殿様あっぱれ一番,"￥9,800","￥10,000代",0,-,,,,,,,,
1995-03-31,SFC,12M,ACT,トミー,エスパークス異次空からの来訪者,"￥9,500","￥9,500代",0,-,,,,,,,,
1995-03-31,SFC,8M,ETC,アスキー,RPGツクールSUPERDANTE,"￥9,800","￥10,000代",0,31,,,,,,,,
1995-03-31,SFC,4M,ETC,バリエ,最高速思考将棋・麻雀,"￥9,800","￥10,000代",0,-,,,,,,,,
1995-03-31,SFC,16M,RPG,アトラス,旧約・女神転生,"￥10,800","￥11,000代",0,-,,,,,MACCO(サウンドコンポジション)|YMOH.S(サウンドコンポーザー),,,
1995-03-31,SFC,12M,SPT,TNN,史上最強リーグセリエAAceStriker,"￥9,980","￥10,000代",0,-,,,,,,,,
1995-03-31,SFC,12M,SPT,ヒューマン,スーパーフォーメーションサッカー'95dellaセリエA,"￥9,980","￥10,000代",0,-,,,,,,,,
1995-03-31,SFC,8M,TAB,イマジニア,近代麻雀スペシャル,"￥9,800","￥10,000代",0,-,,,,,,,,
1995-03-31,SFC,12M,TAB,トミー,ザ・モノポリーゲーム2,"￥11,500","￥11,500代",0,30,,,,,,,,
1995-03-31,SFC,8M,TAB,トミー,羽生名人のおもしろ将棋,"￥12,000","￥12,000代",0,-,,,,,,,,
1995-04-01,SFC,20M,RPG,タイトー,レディーストーカー過去からの挑戦,"￥9,980","￥10,000代",0,-,,西垣伸也,内藤寬,玉木美孝|吉田英博|平下陽二郎,菅井えり,西垣伸也|田川佳紀,,
1995-04-07,SFC,24M,SPT,日本コンピュータシステム,全日本プロレス23・4武闘館,"￥10,080","￥10,000代",0,-,,進藤恭佐,菱川裕,石塚輝,水谷郁|岩月博之|大橋春男|山下絹代,,石塚輝,
1995-04-10,SFC,12M,SPT,リコー,Getinthehole(レーザーバーディー付属カセット),"￥46,800","￥47,000代",0,-,,,,,,,,
1995-04-14,SFC,8M,ETC,ココナッツジャパンエンターテイメント,RESARCANAディアーナ・レイ占いの迷宮,"￥9,500","￥9,500代",0,-,,,,,,,,
1995-04-14,SFC,8M,PUZ,日本物産,ぱずるんでス!,"￥8,980","￥9,000代",0,-,,,,,,,,
1995-04-21,SFC,24M,ACT,エンジェル,なつきクライシスバトル,"￥10,800","￥11,000代",0,-,,,,藤川太|島村秀一,,鶴田洋久,,
1995-04-21,SFC,16M,RPG,エニックス,魔法陣グルグル,"￥10,800","￥11,000代",0,-,,,,,,,,
1995-04-21,SFC,16M,RPG,やのまん,アレサ外伝リジョイスアレサ王国の彼方,"￥9,900","￥10,000代",0,-,,,,,,,,
1995-04-21,SFC,12M,RPG,ユタカ,真・聖刻ラ・ワース,"￥9,800","￥10,000代",0,-,,,,,,,,
1995-04-21,SFC,8M,SLG,バンダイ,ママレード・ボーイ,"￥9,800","￥10,000代",0,-,,矢部秋則,,馬越嘉彦,奥慶一,,,
1995-04-21,SFC,12M,SLG,ベック,新SD戦国伝大将軍列伝,"￥9,800","￥10,000代",0,-,,とどろきよしふみ,石神宏紀|おおのかつお|鈴木敏弘|あべかくま|カイザー,山田大夏|横井孝二|今石進,平沢道也|佐々木筑柴,平松昭彦|ますだけんいち,飯田和憲,
1995-04-21,SFC,12M,SPT,EAV,タクティカルサッカー,"￥9,800","￥10,000代",0,-,,,,,,,,
1995-04-21,SFC,12M,TAB,セタ,スーパーリアル麻雀PVパラダイスオールスター4人打ち,"￥9,800","￥10,000代",0,-,,,,,,,,
1995-04-21,SFC,8M,TAB,POW,宮路社長のパチンコファン勝利宣言2,"￥9,800","￥10,000代",0,-,,,,,,,,
1995-04-21,SFC,4M,TAB,ボトムアップ,スーパートランプコレクション,"￥8,900","￥9,000代",0,-,,,,,,,,
1995-04-28,SFC,16M,ACT,アクレイムジャパン,トゥルーライズ,"￥10,900","￥11,000代",0,-,,,,,ブラッド・フィーデル,クロード・ジディ|シモン・ミシェル|ディディエ・カミンカ,,
1995-04-28,SFC,12M,ACT,ハドソン,スーパーボンバーマン3,"￥8,900","￥9,000代",0,-,,藤原茂樹,青山光(青山公士)|三上哲|増田竜一,渡辺達光|水野祥司|吉見直人,竹間淳|星恵太,,,
1995-04-28,SFC,16M,ACT,ケムコ,ストーンプロテクターズ,"￥9,800","￥10,000代",0,-,,,,,,,,
1995-04-28,SFC,8M,ACT,メディアリング,3次元格闘ボールズ,"￥9,800","￥10,000代",0,-,,,,,,,,
1995-04-28,SFC,8M,ETC,ヴィジット,タロットミステリー,"￥9,800","￥10,000代",0,-,,,,,,,,
1995-04-28,SFC,8M,RAC,ケムコ,プラネットチャンプTG3000,"￥9,500","￥9,500代",0,-,,,,,,,,
1995-04-28,SFC,12M,SPT,エポック社,Jリーグエキサイトステージ'95,"￥9,800","￥10,000代",0,34,,,,,,,,
1995-04-28,SFC,12M,SPT,パック・イン・ビデオ,川のぬし釣り2,"￥10,800","￥11,000代",0,31,,,,,林克洋|菅井健司,,,
1995-04-28,SFC,16M,SPT,ヘクト,シミュレーションプロ野球,"￥12,800","￥13,000代",0,-,,,,,,,,
1995-04-28,SFC,8M,TAB,アスキー,牌勢麻雀凌駕,"￥12,800","￥13,000代",0,-,,,,,,,,
1995-04-28,SFC,4M,TAB,ギャップス,初段位認定初段プロ麻雀,"￥9,800","￥10,000代",0,-,,,,,,,,
1995-04-28,SFC,4M,TAB,バンプレスト,スーパーパチンコ大戦,"￥6,900","￥7,000代",0,-,,,,,,,,
1995-05-19,SFC,16M,ACT,三井不動産、電通,スヌーピーコンサート,"￥9,800","￥10,000代",0,-,,清水一伸,鈴木彦孝|住知之|かわしまこういち,高橋英子|清水一伸|小山隆,田中宏和|濱野美奈子,,たかみひろお,
1995-05-19,SFC,24M,ACT,ライトスタッフ,バトルタイクーン,"￥10,980","￥11,000代",0,-,,,佐野敬之,チキンヘッド|赤石龍彌,澤下禎,山本剛,,
1995-05-19,SFC,12M,ETC,アイマックス,スーパー競馬2,"￥11,800","￥12,000代",0,-,,,,,,,,
1995-05-19,SFC,8M,SLG,EAV,シンジケート,"￥9,800","￥10,000代",0,-,,,,,,,,
1995-05-26,SFC,16M,ACT,アクレイムジャパン,ウォーロック,"￥10,900","￥11,000代",0,-,,,,,,,,
1995-05-26,SFC,16M,ACT,アクレイムジャパン,スターゲイト,"￥10,900","￥11,000代",0,-,,,,,,,,
1995-05-26,SFC,4M,ACT,DEN'Z,スパークワールド,"￥8,500","￥8,500代",0,-,,,,,,,,
1995-05-26,SFC,8M,ACT,ビクターエンタテインメント,グール・パトロール,"￥8,800","￥9,000代",0,-,,,,,,,,
1995-05-26,SFC,8M,ETC,カルチャーブレーン,コンピュータ脳力解析ウルトラ馬券,"￥12,800","￥13,000代",0,-,,,,,,,,
1995-05-26,SFC,4M,ETC,日本物産,ニチブツアーケードクラシックス,"￥5,980","￥6,000代",0,-,,,,,,,,
1995-05-26,SFC,8M,PUZ,バンプレスト,す～ぱ～なぞぷよルルーのルー,"￥9,200","￥9,000代",0,-,,,,,,,,
1995-05-26,SFC,16M,SLG,イマジニア,シムシティ2000,"￥12,800","￥13,000代",0,-,,,,,,,,
1995-05-26,SFC,4M,TAB,セタ,早指し二段森田将棋2,"￥14,900","￥15,000代",0,-,,,,,,,,
1995-05-26,SFC,4M,TAB,バップ,パチンコ連チャン天国スーパーCRスペシャル,"￥9,800","￥10,000代",0,-,,,,,,,,
1995-06-02,SFC,8M,TAB,J・ウイング,真髄対局囲碁碁仙人,"￥15,500","￥15,500代",0,-,,,,,,,,
1995-06-09,SFC,8M,ACT,角川書店,妖怪バスタールカの大冒険,"￥8,800","￥9,000代",0,-,,,,,,,,
1995-06-09,SFC,16M,RPG,ハドソン,エルファリアⅡ,"￥9,980","￥10,000代",0,-,,小崎整|桶谷正剛,桶谷正剛|さとうまさと,松下進,タケカワユキヒデ,あだちひろし|刈部雅章,和気正則|小林雅樹,
1995-06-10,SFC,12M,TAB,DEN'Z,本家・SANKYOFEVER実機シミュレーション,"￥10,800","￥11,000代",0,-,,,,,,,,
1995-06-16,SFC,16M,ADV,アテナ,夜光虫,"￥10,800","￥11,000代",0,-,,,,,,,,
1995-06-23,SFC,2M,ACT,イマジニア,Mr.Do!(ミスタードゥ),"￥5,980","￥6,000代",0,-,,,,上田和敏,,,,
1995-06-23,SFC,8M,ACT,ケムコ,Pマン,"￥9,200","￥9,000代",0,-,,,,,,,,
1995-06-23,SFC,24M,ACT,タカラ,アースワーム・ジム,"￥9,800","￥10,000代",0,30,,,,,,,,
1995-06-23,SFC,16M,ACT,ビクターエンタテインメント,スーパー・スター・ウォーズジェダイの復讐,"￥10,800","￥11,000代",0,-,,,,,,,,
1995-06-23,SFC,12M,ETC,イマジニア,実戦競艇,"￥11,800","￥12,000代",0,-,,,,,,,,
1995-06-23,SFC,20M,RPG,バンダイ,ルインアーム,"￥10,800","￥11,000代",0,-,,,,,,,,
1995-06-23,SFC,16M,RPG,ビック東海,プリンセス・ミネルバ,"￥9,900","￥10,000代",0,-,,池本浩司,福田淳|横山欣也,石田走|松本文夫|井上博明,岩谷弘明,舞阪洸,鈴木理香,
1995-06-23,SFC,8M,TAB,ケイエスエス,西陣パチンコ物語,"￥10,800","￥11,000代",0,-,,,,,,,,
1995-06-23,SFC,4M,TAB,パック・イン・ビデオ,トランプアイランド,"￥8,900","￥9,000代",0,-,,,,,,,,
1995-06-30,SFC,10M,ETC,日本物産,スーパー競艇,"￥9,500","￥9,500代",0,-,,,,,,,,
1995-06-30,SFC,16M,RAC,ヴァージンインタラクティブ,CircuitUSA(サーキットUSA),"￥9,800","￥10,000代",0,-,,,,,,,,
1995-06-30,SFC,8M,RPG,バンダイ,とっても!ラッキーマンラッキークッキールーレットで突撃～!!,"￥8,800","￥9,000代",0,-,,,,,,,,
1995-06-30,SFC,16M,RPG,バンプレスト,グランヒストリア幻史世界記,"￥11,400","￥11,500代",0,-,,,,福地仁,武内基朗,會川昇|南原順,場崎順一|田中憲一|なかむらともあき,
1995-06-30,SFC,10M,SLG,光栄,復刻版提督の決断,"￥9,800","￥10,000代",0,-,,,,,,,,
1995-06-30,SFC,12M,SLG,サミー,ガメラギャオス撃滅作戦,"￥9,980","￥10,000代",0,-,,,,,,,,
1995-06-30,SFC,16M,SLG,徳間書店インターメディアカンパニー,リトルマスター～虹色の魔石～,"￥9,900","￥10,000代",0,-,,川野忠仁,武田寧,川野忠仁|山本浩史|関本努|後藤滋,やまだゆうじ,川野忠仁,川野忠仁|中村文雄|真形隆之,
1995-06-30,SFC,16M,SLG,日本コンピュータシステム,デアラングリッサー,"￥10,800","￥11,000代",0,31,,,,,,,,
1995-06-30,SFC,16M,SPT,アクレイムジャパン,大物ブラックバスフィッシング人造湖編,"￥12,800","￥13,000代",0,-,,,,,,,,
1995-06-30,SFC,24M,SPT,バリエ,新日本プロレスリング公認'95闘強導夢BATTLE7,"￥11,800","￥12,000代",0,-,,,,,,,,
1995-06-30,SFC,24M,SPT,ヒューマン,スーパーファイヤープロレスリングクイーンズスペシャル,"￥11,400","￥11,500代",0,-,,高橋大輔,小林伸隆,高橋大輔|田村季章,奥村弥生,,,
1995-06-30,SFC,8M,TAB,アテナ,プロ麻雀極Ⅲ,"￥9,800","￥10,000代",0,-,,,,,,,,
1995-07-07,SFC,8M,ETC,バップ,真・一攫千金,"￥9,800","￥10,000代",0,-,,,,,,,,
1995-07-07,SFC,10M,RAC,日本物産,スーパーF1サーカス外伝,"￥9,900","￥10,000代",0,-,,,,,,,,
1995-07-07,SFC,12M,RPG,アウトリガー工房,史記英雄伝,"￥10,800","￥11,000代",0,-,,,,,,,,
1995-07-07,SFC,4M,SHT,ハドソン,キャラバンシューティングコレクション,"￥6,800","￥7,000代",0,-,,,,,,,,
1995-07-07,SFC,16M,SLG,BPS,できたてハイスクール,"￥9,990","￥10,000代",0,-,,,,,なし,,,
1995-07-07,SFC,8M,TAB,カロッツェリアジャパン,パチンコチャレンジャー,"￥9,800","￥10,000代",0,-,,,,,,,,
1995-07-07,SFC,8M,TAB,サミー,実戦パチスロ必勝法クラシック,"￥9,500","￥9,500代",0,-,,,,,,,,
1995-07-14,SFC,16M,ACT,ポニーキャニオン,ピットフォールマヤの大冒険,"￥9,800","￥10,000代",0,-,,,,,ナオト・インティライミ(作詞・作曲),,,
1995-07-14,SFC,12M,ETC,アイマックス,スーパー競輪,"￥9,800","￥10,000代",0,-,,,,,,,,
1995-07-14,SFC,8M,ETC,日本物産,攻略カジノバー,"￥7,800","￥8,000代",0,-,,,,,,,,
1995-07-14,SFC,24M,RAC,アトラス,KAT'SRUN全日本Kカー選手権,"￥10,800","￥11,000代",0,-,,,,,,,,
1995-07-14,SFC,32M,RPG,エニックス,ミスティックアーク,"￥11,800","￥12,000代",0,-,,,すみたたけお,今田真二|鈴木俊之|平井隆之|わたなべおさむ|山田章博|米田仁士,森彰彦,,菊本裕智|斉藤陽介,
1995-07-14,SFC,16M,RPG,ビック東海,ラプラスの魔,"￥9,900","￥10,000代",0,-,,,,,,,,
1995-07-14,SFC,16M,SPT,魔法,甲子園4,"￥9,800","￥10,000代",0,-,,,,,,,,
1995-07-14,SFC,4M,TAB,POW,4人将棋,"￥9,800","￥10,000代",0,-,,,,,,,,
1995-07-21,SFC,16M,ACT,コナミ,悪魔城ドラキュラXX,"￥9,800","￥10,000代",0,-,,山下和之,,山田章博,木村雅彦|上高治己|冨田朋也|岩田昌成,,樹下國昭,
1995-07-21,SFC,24M,ACT,テイジイエル(TGL),スーパーヴァリアブル・ジオ,"￥9,980","￥10,000代",0,-,,,,木村貴宏|雨宮まこと,山本はるきち,服部理子,,
1995-07-21,SFC,12M,ACT,バンプレスト,GOGOACKMAN2,"￥9,500","￥9,500代",0,-,,,,,,,,
1995-07-21,SFC,24M,ETC,NGP,武豊G1メモリー,"￥12,800","￥13,000代",0,-,,,,,,,,
1995-07-21,SFC,8M,PUZ,東宝、小学館プロダクション,らんま1／2奥義邪暗拳,"￥8,800","￥9,000代",0,-,,,,,,,,
1995-07-21,SFC,16M,RPG,テクノスジャパン,ダンクエスト魔神封印の伝説,"￥9,900","￥10,000代",0,-,,,,,,,,
1995-07-21,SFC,12M,TAB,アスク講談社,ビッグ一撃パチスロ大攻略2ユニバーサル・コレクション,"￥10,800","￥11,000代",0,-,,,,,,,,
1995-07-21,SFC,8M,TAB,魔法,将棋最強,"￥14,800","￥15,000代",0,-,,,,,,,,
1995-07-28,SFC,12M,ACT,カルチャーブレーン,忍たま乱太郎,"￥9,800","￥10,000代",0,-,,,,"藤森雅也(第1期 - 第21期)|新山恵美子(第22期 - )[注 1]",馬飼野康二,尼子騒兵衛,,
1995-07-28,SFC,12M,ACT,ハドソン,超原人2,"￥8,900","￥9,000代",0,-,,吉川昇一,白谷守,吉川昇一|松澤運生|青木コブ太,中村暢之,,宮本徳人,
1995-07-28,SFC,16M,ACT,ビクターエンタテインメント,インディ・ジョーンズ,"￥10,800","￥11,000代",0,-,,,,,,,,
1995-07-28,SFC,4M,PUZ,サンソフト,ポポイっとへべれけ,"￥8,900","￥9,000代",0,-,,,,,,,,
1995-07-28,SFC,12M,RPG,ポニーキャニオン,ウルティマ恐竜帝国,"￥9,800","￥10,000代",0,-,,,,,,,,
1995-07-28,SFC,16M,RPG,メディアワークス,エメラルドドラゴン,"￥9,800","￥10,000代",0,-,,,,,,,,
1995-07-28,SFC,12M,SLG,イマジニア,就職ゲーム,"￥11,800","￥12,000代",0,-,,松田隆,鈴木陽一,藤岡勝利,佐藤天平,高山克彦,飯田祥一,
1995-07-28,SFC,16M,SLG,ユーメディア,キャリアエース,"￥12,800","￥13,000代",0,-,,,,,,,,
1995-07-28,SFC,12M,SPT,アルトロン,バスマスターズクラシック,"￥11,800","￥12,000代",0,-,,,,,,,,
1995-07-28,SFC,12M,SPT,ユタカ,ウルトラリーグ燃えろ!サッカー大決戦!!,"￥9,800","￥10,000代",0,-,,,,,,,,
1995-07-28,SFC,4M,TAB,日本物産,麻雀繁盛記,"￥6,800","￥7,000代",0,-,,,,,,,,
1995-08-04,SFC,16M,ACT,ハドソン,鬼神童子ZENKI烈闘雷伝,"￥9,800","￥10,000代",0,-,,,,,,,,
1995-08-04,SFC,24M,ADV,バンプレスト,学校であった怖い話,"￥11,800","￥12,000代",0,-,,飯島健男,伊藤真也,飯島健男|岡山憲一|喜久川馨|中島まゆみ|矢野史子,渡部陽子,飯島健男,飯島健男,
1995-08-04,SFC,24M,RPG,BPS,超魔法大陸WOZZ(ウォズ),"￥10,800","￥11,000代",0,-,,,,,,,,
1995-08-04,SFC,8M,SPT,ヴァージンインタラクティブ,稲妻サーブだ!スーパービーチバレー,"￥9,800","￥10,000代",0,-,,,,,,,,
1995-08-04,SFC,16M,SPT,ナムコ,Jリーグサッカープライムゴール3,"￥9,800","￥10,000代",0,-,,,,,,,,
1995-08-05,SFC,16M,ACT,任天堂,スーパーマリオヨッシーアイランド,"￥9,800","￥10,000代",177,33,,手塚卓志|中郷俊彦|日野重文|紺野秀樹,,日野重文|野上恒|飯村正宏|黒梅知明,近藤浩治,,宮本茂,
1995-08-10,SFC,24M,SPT,ハドソン,スーパーパワーリーグ3,"￥9,980","￥10,000代",0,-,,,,,,小山内美江子・清水有生ほか,竹之下寛次,
1995-08-11,SFC,12M,ACT,エポック社,ドナルドダックの魔法のぼうし,"￥9,800","￥10,000代",0,-,,,,,,,,
1995-08-11,SFC,8M,ACT,ケムコ,ブラックソーン復讐の黒き棘,"￥9,400","￥9,500代",0,-,,,フランク・ピアス・ジュニア|パトリック・ワイヤット(英語版),ロナルド・ミラー・シニア|ロマン・ケニー|スチュアート・ローズ|ジェーソン・マグネス|ロナルド・ミラー・シニア|サムワイズ・ディディエ,グレン・スタッフォード,ミッキー・ネイルソン|ロナルド・ミラー・シニア|フランク・ピアス・ジュニア,ロナルド・ミラー・シニア|マシュー・フィンドリー,
1995-08-11,SFC,12M,ACT,テクモ,忍者龍剣伝巴,"￥7,980","￥8,000代",0,-,,吉沢秀雄,,加藤正人|河内厚典|他,山岸継司|新田竜一|HAKASE,吉沢秀雄,,
1995-08-11,SFC,12M,PUZ,バンプレスト,すーぱーぐっすんおよよ,"￥9,980","￥10,000代",0,-,,,,,冷牟田卓志,,,
1995-08-11,SFC,24M,RPG,光栄,ブランディッシュ2,"￥10,800","￥11,000代",0,30,,,,,,,,
1995-08-11,SFC,12M,SLG,カプコン,天地を喰らう三国志群雄伝,"￥12,800","￥13,000代",0,-,,,,,,,,
1995-08-11,SFC,8M,SPT,ココナッツジャパンエンターテイメント,ファイティングベースボール,"￥9,400","￥9,500代",0,-,,,,,,,,
1995-08-11,SFC,4M,TAB,ケイエスエス,武宮正樹九段の囲碁大将,"￥14,800","￥15,000代",0,-,,,,,,,,
1995-08-11,SFC,16M,TAB,サンソフト,ゲームの達人,"￥12,800","￥13,000代",0,-,,,,,,,,
1995-08-25,SFC,12M,ACT,ケイエスエス,魔獣王,"￥10,800","￥11,000代",0,-,,古橋秀幸,荘埜毅明|杉本尚志,福島了|古橋秀幸|河野満|青木千恵,遠藤智博|飯塚博,,加藤功,
1995-08-25,SFC,8M,ACT,ユーメディア,ころんらんど,"￥6,800","￥7,000代",0,-,,,,,,,,
1995-08-25,SFC,8M,ETC,ヴィジット,ザ・心理ゲーム3,"￥9,800","￥10,000代",0,-,,,,,,,,
1995-08-25,SFC,16M,RAC,ヒューマン,ヒューマングランプリ4F1ドリームバトル,"￥11,400","￥11,500代",0,-,,,,,,,,
1995-08-25,SFC,12M,SPT,サミー,実戦!バスフィッシング必勝法INUSA,"￥9,800","￥10,000代",0,-,,,,,,,,
1995-08-25,SFC,16M,SPT,トンキンハウス,松方弘樹のスーパートローリング,"￥9,900","￥10,000代",0,-,,,,,,,,
1995-08-25,SFC,16M,TAB,日本テレネット,京楽・三洋・豊丸・大一・マルホンParlor!パーラー!2(パーラーパーラー2),"￥11,800","￥12,000代",0,-,,,,,,,,
1995-09-01,SFC,24M,SLG,バンプレスト,バトルロボット烈伝,"￥12,800","￥13,000代",0,-,,,長田剛,松本剛|石垣純哉|逢坂浩司,芦沢英志|紫ナコ|三垣敦史,松本剛,石川肇,
1995-09-01,SFC,12M,TAB,アスキー,柿木将棋,"￥12,800","￥13,000代",0,-,,,,,,,,
1995-09-08,SFC,24M,SLG,パイオニアLDC,バウンティ・ソード,"￥11,400","￥11,500代",0,-,,,,,,,,
1995-09-08,SFC,10M,TAB,タカラ,スーパー人生ゲーム2,"￥9,800","￥10,000代",0,-,,,,,,,,
1995-09-14,SFC,24M,ADV,ヒューマン,クロックタワー,"￥11,400","￥11,500代",0,31,,河野一二三,薗田直樹|AKABO|藤井伸宏,飯島章嘉|貴山由妃,新倉浩司,,市崎裕康,
1995-09-14,SFC,8M,PUZ,任天堂,マリオのスーパーピクロス,"￥7,900","￥8,000代",0,31,,石原恒和,寺本憲明|緒方旗生,目黒徳親|石原恒和|黒岩誠司,上野利幸,,川口孝司|中山誠,
1995-09-14,SFC,8M,TAB,サミー,桜井章一の雀鬼流麻雀必勝法,"￥9,980","￥10,000代",0,-,,,,,,,,
1995-09-15,SFC,10M,ACT,バンプレスト,スーパー鉄球ファイト!,"￥9,000","￥9,000代",0,-,,,,,,,,
1995-09-15,SFC,8M,ADV,エポック社,アリスのペイントアドベンチャー,"￥8,800","￥9,000代",0,-,,,,,,,,
1995-09-15,SFC,12M,SPT,エポック社,セント・アンドリュース栄光と歴史のオールドコース,"￥9,800","￥10,000代",0,-,,,,,,,,
1995-09-15,SFC,8M,TAB,バップ,必勝777ファイターⅢ黒竜王の復活,"￥10,800","￥11,000代",0,-,,,,,,,,
1995-09-22,SFC,16M,ACT,日本コンピュータシステム,超兄貴爆烈乱闘篇,"￥11,800","￥12,000代",0,-,,,,,,,,
1995-09-22,SFC,16M,ADV,バンダイ,ドラゴンボールZ超悟空伝覚醒編,"￥10,800","￥11,000代",0,-,,島田晋作,干焼蝦仁|蓮蓉寿桃,竹花欣也|清水厚二|金子孝治|玉井裕和|荒井翔子|そば|MIP|ぬーぴー|E.S.E.,山本健司,,鈴木敏弘,
1995-09-22,SFC,12M,ETC,バンプレスト,四柱推命学入門真桃源郷,"￥11,800","￥12,000代",0,-,,,,,,,,
1995-09-22,SFC,4M,PUZ,バンプレスト,陣牌,"￥7,800","￥8,000代",0,-,,,,,,,,
1995-09-22,SFC,4M,PUZ,ヘクト,新・将棋倶楽部,"￥12,800","￥13,000代",0,-,,,,,,,,
1995-09-22,SFC,24M,RPG,エンジェル,美少女戦士セーラームーン～AnotherStory～,"￥11,800","￥12,000代",0,-,,,,,,,有澤孝紀,
1995-09-22,SFC,16M,SHT,EAV,ジャングルストライク,"￥9,900","￥10,000代",0,-,,,,,,,,
1995-09-22,SFC,24M,SPT,コナミ,実況ワールドサッカー2FIGHTINGELEVEN,"￥9,980","￥10,000代",0,-,,,,,,,,
1995-09-22,SFC,8M,TAB,バリエ,朝日新聞連載加藤一二三九段将棋心技流,"￥12,300","￥12,500代",0,-,,,,,,,,
1995-09-29,SFC,16M,ACT,ヴァージンインタラクティブ,美食戦隊薔薇野郎,"￥9,800","￥10,000代",0,-,,,藤島聡,斎藤智晴|延東史朗|山崎友幸|斎藤智晴|延東史朗|山崎友幸,おがわいっこう,,柏木章|野中市郎|梅木克彦,
1995-09-29,SFC,12M,ACT,エニックス,ハーメルンのバイオリン弾き,"￥9,600","￥9,500代",0,-,,,,中嶋敦子,田中公平,今川泰宏,,
1995-09-29,SFC,12M,ETC,アスミック,ダービージョッキー2,"￥9,800","￥10,000代",0,-,,,,,,,,
1995-09-29,SFC,8M,ETC,ケイエスエス,ウェディングピーチ,"￥9,800","￥10,000代",0,-,,,,只野和子,長谷川智樹|神津裕之,富田祐弘|谷沢直|テンユウ,,
1995-09-29,SFC,16M,RAC,KANEKO,全日本GT選手権,"￥9,980","￥10,000代",0,-,,,,,,,,
1995-09-29,SFC,24M,RPG,アスキー,ウィザードリィⅥ禁断の魔筆,"￥12,800","￥13,000代",0,-,,,,,,,,
1995-09-29,SFC,32M,RPG,データイースト,METALMAXRETURNS(メタルマックス･リターンズ),"￥12,800","￥13,000代",0,-,,,,,,,,
1995-09-29,SFC,24M,RPG,東宝,火の皇子ヤマトタケル,"￥10,800","￥11,000代",0,-,,,,,,,,
1995-09-29,SFC,12M,RPG,トミー,魔法騎士レイアース,"￥9,800","￥10,000代",0,-,,,,石田敦子|山根理宏(モンスター)|門之園恵美,松尾早人,CLAMP,,
1995-09-29,SFC,20M,RPG,ナグザット,ホーリーアンブレラドンデラの無謀!!,"￥9,800","￥10,000代",0,-,,,,,,,,
1995-09-29,SFC,20M,RPG,バンプレスト,ヴェルヌ・ワールド,"￥11,800","￥12,000代",0,-,,,,,,,,
1995-09-29,SFC,12M,SLG,アスキー,サージェント・サンダース・コンバット!,"￥12,800","￥13,000代",0,-,,,,,,,,
1995-09-29,SFC,12M,SLG,ケイエスエス,平安風雲伝,"￥11,800","￥12,000代",0,-,,,,政田拡志|森本幸雄|新田真一|服部嘉人|梶原秀一,山下絹代|倉橋真也|水谷郁,森本幸雄,高野秀夫,
1995-09-29,SFC,16M,SLG,パック・イン・ビデオ,AⅢS.V.,"￥10,800","￥11,000代",0,-,,,,,,,,
1995-09-29,SFC,24M,SPT,コナミ,NBA実況バスケットウイニングダンク,"￥10,800","￥11,000代",0,30,,,,,,,,
1995-09-29,SFC,8M,TAB,エニックス,常勝麻雀天牌,"￥8,900","￥9,000代",0,-,,,,,,,,
1995-09-29,SFC,12M,TAB,エンジェル,ノーマーク爆牌党史上最強の雀士達,"￥10,800","￥11,000代",0,-,,,,,,,,
1995-09-29,SFC,24M,TAB,ショウエイシステム,HEIWAパチンコワールド2,"￥10,800","￥11,000代",0,-,,,,,仲里幸広,,,
1995-09-30,SFC,32M,RPG,スクウェア,聖剣伝説3,"￥11,400","￥11,500代",80,-,,田中弘道,吉枝悟|村田琢|斉藤正明|宮川義之|小方悟史|鈴木秀典|守屋俊|鈴木和夫,石井浩一|結城信輝|磯野宏夫,菊田裕樹,,鶴園哲久,
1995-10-06,SFC,4M,ACT,ユタカ,すぱぽ～ん,"￥5,800","￥6,000代",0,-,,,,,,,,
1995-10-06,SFC,24M,RPG,ビック東海,神聖紀オデッセリアⅡ,"￥10,800","￥11,000代",0,-,,うめはらきみお,佐藤孝保|蛭田浩二,,玉山文人|益子重徳,,,
1995-10-06,SFC,24M,SLG,クエスト,タクティクスオウガ,"￥11,400","￥11,500代",50,34,,松野泰己,,皆川裕史|吉田明彦,岩田匡治|崎元仁,松野泰己,,
1995-10-06,SFC,20M,SPT,BPS,激闘バーニングプロレス,"￥10,800","￥11,000代",0,-,,,,,,,,
1995-10-13,SFC,12M,ACT,バンプレスト,ハイパーイリア,"￥9,600","￥9,500代",0,-,,,,,,,,
1995-10-13,SFC,16M,PUZ,サンソフト,ゲームの鉄人THE上海,"￥9,980","￥10,000代",0,-,,,,,,,,
1995-10-20,SFC,16M,ACT,キングレコード,RINGSアストラルバウト3,"￥9,800","￥10,000代",0,-,,,,,,,,
1995-10-20,SFC,8M,PUZ,データイースト,マジカルドロップ,"￥8,500","￥8,500代",0,-,,,,,,,,
1995-10-20,SFC,32M,RPG,エニックス,天地創造,"￥11,800","￥12,000代",0,30,,,,,,,,
1995-10-20,SFC,8M,TAB,アイマックス,スーパー花札2,"￥9,800","￥10,000代",0,-,,,,,,,,
1995-10-27,SFC,20M,ACT,アクレイムジャパン,ジャスティス・リーグ,"￥11,800","￥12,000代",0,-,,,,,,,,
1995-10-27,SFC,16M,ACT,アクレイムジャパン,ジャッジ・ドレッド,"￥10,900","￥11,000代",0,-,,,,,アラン・シルヴェストリ,キャラクター創造|ジョン・ワグナー|カルロス・エスクエラ,,
1995-10-27,SFC,24M,ACT,アクレイムジャパン,バットマンフォーエヴァー,"￥11,800","￥12,000代",0,-,,,,,エリオット・ゴールデンサール,キャラクター創造|ボブ・ケイン,,
1995-10-27,SFC,8M,ACT,マジファクト,ガンガンガンチャン,"￥8,800","￥9,000代",0,-,,,,,,,,
1995-10-27,SFC,8M,PUZ,任天堂,パネルでポン,"￥5,800","￥6,000代",0,-,,,,,,,,
1995-10-27,SFC,16M,RAC,ビデオシステム,SDF-1グランプリ,"￥10,900","￥11,000代",0,-,,,,,,,,
1995-10-27,SFC,24M,RPG,タカラ,魔天伝説戦慄のオーパーツ,"￥10,800","￥11,000代",0,-,,,,,,,,
1995-10-27,SFC,16M,RPG,トンキンハウス,LightFantasyⅡ(ライトファンタジー2),"￥9,900","￥10,000代",0,-,,,,,,,,
1995-10-27,SFC,12M,RPG,ハドソン,クリスタルビーンズフロムダンジョンエクスプローラー,"￥9,500","￥9,500代",0,-,,,,,,,,
1995-10-27,SFC,16M,SLG,バンプレスト,天地無用!げ～む編,"￥10,800","￥11,000代",0,-,,,,,,,,
1995-10-27,SFC,24M,SPT,アクレイムジャパン,フォアマンフォーリアル,"￥11,800","￥12,000代",0,-,,,,,,,,
1995-10-27,SFC,12M,SPT,カルチャーブレーン,ウルトラベースボール実名版3,"￥9,800","￥10,000代",0,-,,,,,,,,
1995-10-27,SFC,12M,SPT,バンダイ,テレビアニメスラムダンクSDヒートアップ!!,"￥9,800","￥10,000代",0,-,,,,,,,,
1995-10-27,SFC,12M,SPT,ポニーキャニオン,白いリングへTwinkleLittleStar,"￥9,980","￥10,000代",0,-,,,,,,,,
1995-10-27,SFC,10M,TAB,ケイエスエス,パチスロ物語パル工業スペシャル,"￥10,800","￥11,000代",0,-,,,,,,,,
1995-10-27,SFC,8M,TAB,ベック,真哭きの竜麻雀飛翔伝,"￥8,900","￥9,000代",0,-,,,,,,,,
1995-11-02,SFC,12M,SLG,エンジェル,紺碧の艦隊,"￥10,800","￥11,000代",0,-,,,,,,,,
1995-11-02,SFC,16M,TAB,サンソフト,必殺パチンココレクション3,"￥9,980","￥10,000代",0,-,,,,,,,,
1995-11-10,SFC,8M,ETC,ヴィジット,全国縦断ウルトラ心理ゲーム,"￥9,800","￥10,000代",0,-,,,,,,,,
1995-11-11,SFC,32M,RPG,スクウェア,ロマンシングサ・ガ3,"￥11,400","￥11,500代",130,34,,リマスター|杉村幸子|河津秋敏(総合ディレクター),,河津秋敏|小林智美リマスター|真島真太郎,伊藤賢治,河津秋敏,岡宮道生リマスター|市川雅統,
1995-11-17,SFC,16M,ACT,ヴァージンインタラクティブ,レンダリング・レンジャーR2,"￥10,800","￥11,000代",0,-,,,,"en:Manfred Trenz|Jørgen Trolle Ørberg|Stephan Lethaus|Tobias J. Richter","Jesper Olsen|Stefan Kramer",,"Thomas Brockhage",
1995-11-17,SFC,4M,ACT,POW,ブロックくずし,"￥5,980","￥6,000代",0,-,,,,,,,,
1995-11-17,SFC,20M,ADV,徳間書店,新スタートレックザ・ネクストジェネレーション(大いなる遺産IFDの謎を追え),"￥9,800","￥10,000代",0,-,,,,,,,,
1995-11-17,SFC,8M,PUZ,サンソフト,上海万里の長城,"￥9,800","￥10,000代",0,-,,,,,,,,
1995-11-17,SFC,10M,PUZ,ユタカ,ロゴス・パニックごあいさつ,"￥9,800","￥10,000代",0,-,,,,,,,,
1995-11-17,SFC,16M,SPT,バンダイ,キャプテン翼Jザ･ウェイ･トゥ･ワールド･ユース,"￥9,800","￥10,000代",0,-,,,,,,,,
1995-11-17,SFC,8M,SPT,四次元,全国高校サッカー2,"￥9,800","￥10,000代",0,-,,,,,,,,
1995-11-21,SFC,32M,ACT,任天堂,スーパードンキーコング2,"￥9,800","￥10,000代",221,32,,,クリス・サザーランド,グレッグ・メイレス|アンドリュー・コラード|スティーヴ・メイレス,デビッド・ワイズ,リー・ラブデー(英語版),グレッグ・メイレス(英語版),
1995-11-24,SFC,16M,ACT,ハドソン,鬼神童子ZENKI電影雷舞,"￥9,980","￥10,000代",0,-,,,,,,,,
1995-11-24,SFC,16M,ACT,バンダイ,MIGHTYMORPHINPOWERRANGERS,"￥9,800","￥10,000代",0,-,,,,,,,,
1995-11-24,SFC,24M,ADV,パック・イン・ビデオ,魔女たちの眠り,"￥10,800","￥11,000代",0,-,,長嶋健,小春日のどか|本田登|井上亮,富田千穂|荒木雅子,松平あこ|田中利明,笠原邦暁|濱島真理|尾崎宏之,金沢十三男,
1995-11-24,SFC,8M,ETC,カロッツェリアジャパン,リーディングジョッキー2,"￥9,800","￥10,000代",0,-,,,,,,,,
1995-11-24,SFC,8M,TAB,タカラ,スーパー億万長者ゲーム,"￥9,800","￥10,000代",0,-,,,,,,,,
1995-11-25,SFC,24M,RAC,メディアリング,ゼロヨンチャンプRR-Z,"￥11,900","￥12,000代",0,-,,,,,M・M・キーラヴァーニ,S・S・ラージャマウリ|サーイ・マーダヴ・ブッラ(英語版)(台詞),,
1995-12-01,SFC,16M,ACT,カプコン,ロックマンX3,"￥9,800","￥10,000代",0,-,,稲船敬二,,稲船敬二|加治勇人|吉川達哉|小牧信介|伊藤和司,山下絹代,,藤原得郎,
1995-12-01,SFC,16M,ACT,コナミ,ちびまる子ちゃんめざせ!南のアイランド!!,"￥9,000","￥9,000代",0,-,,"シリーズ監督:|石崎すすむ(第1期第1話 - 第34話)|棚橋一徳(第1期第35話-第116話)",,"重国勇二(第1期第1話 - 第113話)|河内日出夫(第1期第114話 - 第142話)|船越英之(第2期)|中原久文(第2期第1話 - 第132話[注 3])","中村暢之|川原伸司(第2期第1話 - 74話)",富永淳一|田嶋久子|髙橋幹子|石山優子|熊谷那美|平岡秀章|鈴谷梨乃|松島恵利子|加賀未恵|田中孝晃,,
1995-12-01,SFC,4M,PUZ,サンソフト,おーちゃんのお絵かきロジック,"￥6,980","￥7,000代",0,-,,,,,,,,
1995-12-01,SFC,32M,RPG,チュンソフト,不思議のダンジョン2風来のシレン,"￥11,800","￥12,000代",0,38,,,,,,,,
1995-12-01,SFC,12M,SLG,アイマックス,B.B.GUN(ボールバレットガン),"￥11,800","￥12,000代",0,-,,,,,,,,
1995-12-01,SFC,24M,SPT,アクレイムジャパン,BIGHURTベースボール,"￥11,800","￥12,000代",0,-,,,,,,,,
1995-12-01,SFC,8M,TAB,アスミック,ドカポン外伝炎のオーディション,"￥8,800","￥9,000代",0,-,,,,,,,,
1995-12-01,SFC,8M,TAB,ココナッツジャパンエンターテイメント,パチ夫くんSPECIAL3,"￥10,800","￥11,000代",0,-,,,,,,,,
1995-12-08,SFC,16M,ACT,カプコン,ミッキーとドナルドマジカルアドベンチャー3,"￥9,800","￥10,000代",0,-,,,,,山口真理|西村達也,,,
1995-12-08,SFC,8M,ACT,ツクダオリジナル,アメリカンバトルドーム,"￥9,800","￥10,000代",0,-,,,,,,,,
1995-12-08,SFC,16M,PUZ,コンパイル,す～ぱ～ぷよぷよ通,"￥8,800","￥9,000代",0,-,,,,,,,,
1995-12-08,SFC,4M,PUZ,徳間書店,クロックワークス,"￥7,800","￥8,000代",0,-,,,,,,,,
1995-12-08,SFC,8M,PUZ,バンダイ,美少女戦士セーラームーンSuperSふわふわパニック,"￥7,980","￥8,000代",0,-,,,,,,,,
1995-12-08,SFC,16M,SLG,光栄,アンジェリークプレミアムBOX,"￥9,800","￥10,000代",0,-,,,,,,,,
1995-12-08,SFC,16M,SPT,T＆Eソフト,MASTERSNew遙かなるオーガスタ3,"￥11,800","￥12,000代",0,-,,,,,,,,
1995-12-08,SFC,16M,TAB,ハドソン,スーパー桃太郎電鉄DX,"￥9,500","￥9,500代",0,30,,さくまあきら(監督)|友野信彦,中道雅史|安田哲章|楊裕治,土居孝幸,関口和之,,浦敏治,
1995-12-09,SFC,32M,RPG,エニックス,ドラゴンクエストVI幻の大地,"￥11,400","￥11,500代",320,34,,山名学,山名学,堀井雄二|鳥山明|中鶴勝祥|眞島真太郎,すぎやまこういち,堀井雄二,千田幸信,
1995-12-15,SFC,12M,ACT,エポック社,ドラえもん4のび太と月の王国,"￥9,500","￥9,500代",0,-,,桑原悟|嶋田由美子|中込彰|並木亮,小林貴樹,松野誠一|とよさわやすき,冨井昭次|遠藤稔|五十嵐真理|大高亮,,沢田幸一,
1995-12-15,SFC,4M,ACT,日本物産,ニチブツアーケードクラシックス2平安京エイリアン,"￥5,980","￥6,000代",0,-,,,,,,,,
1995-12-15,SFC,16M,ACT,バンプレスト,GOGOACKMAN3,"￥9,800","￥10,000代",0,-,,,,,,,,
1995-12-15,SFC,不明,ETC,光栄,エミットバリューセット,"￥19,800","￥20,000代",0,-,,,,,,,,
1995-12-15,SFC,48M,RPG,ナムコ,テイルズオブファンタジア,"￥11,800","￥12,000代",0,-,,菊池栄二,,藤島康介|松竹徳幸,埜邑紀見男,金月龍之介,横山茂|原口洋一,
1995-12-15,SFC,24M,SHT,コナミ,実況おしゃべりパロディウス,"￥9,980","￥10,000代",0,32,,松岡伸浩,松岡伸浩,あさりよしとお,岩田昌成|冨田朋也|三木彩子|上西隆仁|安慶名伸行,,梅崎重治,
1995-12-15,SFC,16M,SLG,EAV,テーマパーク,"￥11,800","￥12,000代",0,31,,,,,,,,
1995-12-15,SFC,16M,SLG,タカラ,プリンセスメーカーLegendofAnotherWorld,"￥9,980","￥10,000代",0,-,,,,赤井孝美,FM音源(PC-98|MSX2|X68000)|PSG音源(MSX2)|MIDI音源(PC/AT|X68000),,,
1995-12-15,SFC,24M,SLG,BPS,聖獣魔伝ビースト＆ブレイド,"￥11,000","￥11,000代",0,-,,,,,,,,
1995-12-15,SFC,24M,SPT,NGP,JBザ・スーパーバス,"￥11,800","￥12,000代",0,-,,,,,,,,
1995-12-15,SFC,32M,SPT,スターフィッシュデータ,スーパーブラックバス3,"￥11,800","￥12,000代",0,-,,,,,,,,
1995-12-15,SFC,12M,TAB,データイースト,もってけOh!ドロボー,"￥9,800","￥10,000代",0,-,,,,,,,,
1995-12-15,SFC,12M,TAB,バンダイ,商人よ、大志を抱け!!,"￥9,800","￥10,000代",0,-,,,,,,,,
1995-12-15,SFC,12M,TAB,BOSSコミュニケーションズ,本家・SANKYOFEVER実機シミュレーション2,"￥10,800","￥11,000代",0,-,,,,,,,,
1995-12-20,SFC,16M,TAB,ケイエスエス,水木しげるの妖怪百鬼夜行,"￥11,800","￥12,000代",0,-,,,,,,,,
1995-12-22,SFC,24M,ACT,カプコン,ファイナルファイトタフ,"￥9,980","￥10,000代",0,-,,,,,北嶋克成,,藤原得郎,
1995-12-22,SFC,24M,ACT,コナミ,がんばれゴエモンきらきら道中僕がダンサーになった理由.,"￥9,980","￥10,000代",0,-,,蛭子悦延,蛭子悦延|山口誠|丸山修|奥谷友春,小川公一|小川公一|山内円|濱垣和恵|大橋慶子|松本留美子|なりたかな,上原和彦|森本ゆきえ|冨田朋也|木村雅彦|安慶名伸行,小川公一,梅崎重治,
1995-12-22,SFC,8M,ACT,バップ,黄龍の耳,"￥9,980","￥10,000代",0,-,,,,ゴトウマサユキ,,寺田憲史,,
1995-12-22,SFC,16M,ACT,バンプレスト,3×3EYES(サザンアイズ)獣魔奉還,"￥10,800","￥11,000代",0,-,,,,,,,,
1995-12-22,SFC,12M,ACT,バンプレスト,ザ・グレイトバトルV,"￥9,800","￥10,000代",0,-,,,小林俊一|佐々木勇二郎,中川泰久|ひらのなおみ|かいほうかずゆき|岩井直樹|笹島薫|くしぶちのりかず|こばやしりえこ|むらかみただひろ|くらはしつとむ,富樫則彦|末村謙之輔,,,
1995-12-22,SFC,24M,ADV,イマジニア,月面のアヌビス,"￥11,800","￥12,000代",0,-,,浦本昌宏|志羽貴,PON高橋|木村信明|NOB,石岡信寛|江良哲智|道園重成|古野裕一,天現寺広尾|窪寺義明|藤岡央|飯塚博|柴田浩明|岩田昇|遠藤智博,志羽貴|石岡信寛|江良哲智|津田浩一,飯田祥一,
1995-12-22,SFC,16M,ADV,イマジニア,ざくろの味,"￥11,800","￥12,000代",0,-,,大須賀篤,スタジオ・クリップス|戦う坊さん,菅田具視|りんだ,禎清宏,聖咲奇,飯田祥一,
1995-12-22,SFC,24M,RPG,角川書店,ロードス島戦記,"￥10,800","￥11,000代",0,-,,,,,,安田均(テーブルトークRPG),,
1995-12-22,SFC,12M,RPG,カルチャーブレーン,スーパーチャイニーズワールド3,"￥9,800","￥10,000代",0,-,,阿迦手観屋夢之助,,,沢彰記,かずゆきまる,阿迦手観屋夢之助,
1995-12-22,SFC,40M,RPG,ハドソン,天外魔境ZERO,"￥9,980","￥10,000代",0,-,,広井王子(企画・監修)|竹部隆司(監督),青山光(メインプログラム),辻野寅次郎(絵師)|久保久(美術監督),笹川敏幸|田中公平(天神・水貴のテーマ)|田中あや(ゲーム内のカラオケ楽曲),荒井弘二,,
1995-12-22,SFC,12M,SLG,バンダイ,SDガンダムGNEXT,"￥12,800","￥13,000代",0,-,,,,,,,,
1995-12-22,SFC,16M,SLG,バンプレスト,戦国の覇者天下布武への道,"￥12,800","￥13,000代",0,-,,,,,,,,
1995-12-22,SFC,24M,SLG,バンプレスト,ファーランドストーリー2,"￥12,800","￥13,000代",0,-,,,,,,,,
1995-12-22,SFC,8M,SLG,パック・イン・ビデオ,バトルサブマリン,"￥9,800","￥10,000代",0,-,,,,,,,,
1995-12-22,SFC,16M,SPT,テクモ,テクモスーパーボウルⅢFINALEDITION,"￥12,800","￥13,000代",0,30,,,,,,,,
1995-12-22,SFC,32M,SPT,ヒューマン,スーパーファイヤープロレスリングX,"￥11,900","￥12,000代",0,-,,山崎正通,三浦義広,山崎正通|田島弘喜|露崎尊幸|島崎洋一郎,志倉千代丸,,,
1995-12-22,SFC,8M,TAB,ヴァージンインタラクティブ,将棋三昧,"￥9,800","￥10,000代",0,-,,,,,,,,
1995-12-27,SFC,24M,SPT,ハドソン,最強高田延彦,"￥10,900","￥11,000代",0,-,,,,,,,,
1995-12-28,SFC,24M,SLG,光栄,三國志英傑伝,"￥12,800","￥13,000代",0,-,,,,,吉田明永,,フクザワ・エイジ,
1995-12-29,SFC,24M,RPG,日本ファルコム,イースV失われた砂の都ケフィン,"￥12,800","￥13,000代",0,-,,,,,,糸井賢,,
1995-12-29,SFC,12M,TAB,アイマックス,スーパー将棋3棋太平,"￥12,800","￥13,000代",0,-,,,,,,,,
1995-12-29,SFC,16M,TAB,タイトー,大爆笑人生劇場ずっこけサラリーマン編,"￥9,800","￥10,000代",0,-,,,草津きよし,ふくやまきょうこ|はただまなぶ|すずきしんいち|東京省,草津きよし|わたなべよしお|たなべよしひこ,,高橋章二,
1995-12-29,SFC,16M,TAB,日本テレネット,京楽・三洋・豊丸・奥村・大一・マルホンParlor!パーラー!ⅣCR(パーラーパーラー4),"￥11,800","￥12,000代",0,-,,,,,,,,
1995-12-29,SFC,8M,TAB,BPS,対局囲碁韋駄天,"￥14,800","￥15,000代",0,-,,,,,,,,
1996-01-12,SFC,16M,RPG,徳間書店インターメディアカンパニー,魔導物語はなまる大幼稚園児,"￥9,900","￥10,000代",0,-,,,,,,,,
1996-01-19,SFC,8M,ETC,バンプレスト,的中競馬塾,"￥9,980","￥10,000代",0,-,,,,,,,,
1996-01-19,SFC,16M,SPT,パック・イン・ビデオ,磯釣り離島編,"￥10,800","￥11,000代",0,-,,,,,,,,
1996-01-19,SFC,24M,TAB,日本テレネット,京楽・三洋・豊丸・奥村・太陽Parlor!パーラー!3(パーラーパーラー3),"￥11,800","￥12,000代",0,-,,,,,,,,
1996-01-26,SFC,8M,PUZ,バンダイ,SDガンダムPowerFormationPuzzle,"￥8,800","￥9,000代",0,-,,,,,,,,
1996-01-26,SFC,16M,RPG,データム・ポリスター,MADARASAGA幼稚園戦記まだら,"￥9,800","￥10,000代",0,-,,,,,,,,
1996-01-26,SFC,16M,SLG,ケイエスエス,無人島物語,"￥12,800","￥13,000代",0,-,,下瀬貴祐,小林眞,佐藤茂夫,佐藤智志,勝部真琴,高野秀夫,
1996-01-26,SFC,24M,SLG,光栄,信長の野望天翔記,"￥12,800","￥13,000代",0,-,,,,,,,,
1996-01-26,SFC,12M,SPT,バンプレスト,スーパー野球道,"￥12,800","￥13,000代",0,-,,,,,,,,
1996-01-26,SFC,4M,TAB,カロッツェリアジャパン,平成軍人将棋,"￥9,800","￥10,000代",0,-,,,,,,,,
1996-01-26,SFC,8M,TAB,ヘクト,囲碁倶楽部,"￥12,800","￥13,000代",0,-,,,,,,,,
1996-01-31,SFC,16M,ETC,アスキー,RPGツクール2,"￥12,800","￥13,000代",0,31,,,,,,,,
1996-02-02,SFC,32M,RPG,バンプレスト,幕末降臨伝ONI,"￥12,800","￥13,000代",0,-,,,,,,,,
1996-02-09,SFC,32M,SLG,コナミ,ときめきメモリアル伝説の樹の下で,"￥9,980","￥10,000代",0,-,,永田義明,,立石流牙|小倉雅史,"Metal Yuhki|村井聖夜|莊司朗|Sanoppi|中村地獄車",五十嵐孝司,桐田富和,
1996-02-09,SFC,32M,SLG,スクウェア,バハムートラグーン,"￥11,400","￥11,500代",47,-,,野島一成,村上和久|小野宏史,佐々木等,松枝賀子,鳥山求,野村匡,
1996-02-09,SFC,4M,TAB,魔法,将棋最強Ⅱ実戦対局編,"￥10,800","￥11,000代",0,-,,,,,,,,
1996-02-16,SFC,8M,TAB,アトラス,プロ棋士人生シミュレーション将棋の花道,"￥12,800","￥13,000代",0,-,,,,,,,,
1996-02-23,SFC,24M,ACT,スクウェア,ガンハザード,"￥11,400","￥11,500代",0,-,,鈴木英夫,鈴木英夫,天野喜孝,植松伸夫|光田康典|仲野順也|濱渦正志,,前田靖幸|橋本真司,
1996-02-23,SFC,12M,SHT,アスク講談社,バトルテック3050,"￥9,800","￥10,000代",0,-,,,,,,,,
1996-02-23,SFC,16M,TAB,ハドソン,鬼神童子ZENKI天地鳴動,"￥9,980","￥10,000代",0,-,,,,,,,,
1996-02-29,SFC,24M,SPT,コナミ,実況パワフルプロ野球3,"￥7,500","￥7,500代",0,30,,,,,,,,
1996-02-29,SFC,20M,SPT,ナムコ,スーパーファミスタ5,"￥6,980","￥7,000代",38,-,,,,岸本好弘|島本昌弘,堀込高樹,,,
1996-03-01,SFC,32M,ADV,バンプレスト,晦-つきこもり-,"￥7,800","￥8,000代",0,-,,喜久川馨,五反田成高,喜久川馨|濱本浩志|中島まゆみ|朝桐三喜|岡山憲一|平田慎弥|藤田正美|矢野史子,堀口貴史,早川奈津子|古川猛|川上俊則|小嶋早紀子|大池叙子,飯島健男,
1996-03-01,SFC,20M,PUZ,ハドソン,鮫亀+キャラカセット(付属品BSMC-ZS5J-JPN),"￥8,980","￥9,000代",0,-,,,,,,,,
1996-03-01,SFC,16M,SHT,アクレイムジャパン,レボリューションX,"￥11,800","￥12,000代",0,-,,,,,クリストファー・レナーツ,,アシーナ・ウィッカム|ロバート・M・ウィリアムズ・ジュニア,
1996-03-01,SFC,16M,SHT,イマジニア,ドゥーム(DOOM),"￥12,800","￥13,000代",0,-,,,ジョン・D・カーマック|ジョン・ロメロ|デイブ・テイラー,ジョン・ロメロ|トム・ホール|サンディ・ピーターセン|エイドリアン・カーマック|ケヴィン・クラウド,ボビー・プリンス,,,
1996-03-01,SFC,24M,SLG,バンダイ,機動戦士ZガンダムAwaytoTheNewtype,"￥11,800","￥12,000代",0,-,,,,,,,,
1996-03-01,SFC,24M,SPT,アクレイムジャパン,NFLクォーターバッククラブ'96,"￥11,800","￥12,000代",0,-,,,,,,,,
1996-03-01,SFC,24M,SPT,アクレイムジャパン,レッスルマニア・ジ・アーケードゲーム,"￥11,800","￥12,000代",0,-,,,,,,,,
1996-03-08,SFC,16M,PUZ,コンパイル,す～ぱ～ぷよぷよ通リミックス,"￥6,800","￥7,000代",0,-,,,,,,,,
1996-03-08,SFC,16M,SLG,エンジェル,銀河戦国群雄伝ライ,"￥10,800","￥11,000代",0,-,,,,高鉾誠|寺岡賢司,和田薫,真鍋譲治,,
1996-03-08,SFC,12M,TAB,サミー,実戦パチンコ必勝法!2,"￥7,800","￥8,000代",0,-,,,,,,,,
1996-03-09,SFC,32M,RPG,任天堂,スーパーマリオRPG,"￥7,500","￥7,500代",147,32,,藤岡千尋|前川嘉彦,深谷文明|青山伸一|武藤竜|吉岡光生,太田顕喜|工藤太郎|松原啓介|松村靖|長谷部裕之|皆葉英夫|加藤清文|波多江由布子|倉島一幸|高橋伸也,下村陽子,,山内溥|宮本茂,
1996-03-15,SFC,24M,ETC,アスキー,ダービースタリオン96,"￥12,800","￥13,000代",110,30,,,,,,,,
1996-03-15,SFC,24M,RAC,BPS,峠・伝説最速バトル,"￥10,800","￥11,000代",0,-,,,,,,,,
1996-03-15,SFC,24M,RPG,光栄,ブランディッシュ2エキスパート,"￥8,800","￥9,000代",0,-,,,,,,,,
1996-03-15,SFC,20M,SLG,タイトー,カオスシード風水回廊記,"￥9,980","￥10,000代",0,-,,,小倉唯克,柏木准一|船戸明里,塩生康範|林克洋|中島享生,宮田正英,高田誠,
1996-03-21,SFC,32M,ACT,任天堂,星のカービィスーパーデラックス,"￥7,500","￥7,500代",110,-,,桜井政博,,若山強|小澤和|竹下裕生|望月哲也,石川淳|宮川弾,,山内溥|岩田聡|宮本茂,
1996-03-22,SFC,16M,ACT,ハドソン,ドレミファンタジーミロンのドキドキ大冒険,"￥6,800","￥7,000代",0,-,,三上由起子,小坂恭洋|永田淳夫|高島哲治,"川田忠之|印南好司|水野祥司|吉見直人|佐藤梢[注釈 1]",竹間淳,,藤原茂樹|澤口岳志,
1996-03-22,SFC,12M,ACT,ユタカ,NEWヤッターマン難題かんだいヤジロベエ,"￥8,800","￥9,000代",0,-,,,,,,,,
1996-03-22,SFC,32M,ETC,コナミ,実況競馬シミュレーションステイブルスター厩舎物語,"￥11,800","￥12,000代",0,-,,,,,,,,
1996-03-22,SFC,24M,RPG,光栄,イースVエキスパート,"￥11,800","￥12,000代",0,-,,,,,,糸井賢,,
1996-03-22,SFC,24M,SLG,バンプレスト,スーパーロボット大戦外伝魔装機神,"￥7,800","￥8,000代",0,-,,,,,,,,
1996-03-22,SFC,12M,SPT,魔法,96全国高校サッカー選手権,"￥7,800","￥8,000代",0,-,,,,,,,,
1996-03-22,SFC,12M,TAB,アスク講談社,林海峯九段の囲碁大道,"￥14,800","￥15,000代",0,-,,,,,,,,
1996-03-22,SFC,8M,TAB,バップ,ギャンブル放浪記,"￥8,500","￥8,500代",0,-,,,,,,,,
1996-03-29,SFC,24M,ACT,エンジェル,美少女戦士セーラームーンSuperS全員参加!!主役争奪戦,"￥7,980","￥8,000代",0,-,,,,,,,,
1996-03-29,SFC,8M,ACT,カルチャーブレーン,忍たま乱太郎2,"￥7,800","￥8,000代",0,-,,,,,池頼広,浦沢義雄,,
1996-03-29,SFC,16M,ACT,バンダイ,新機動戦記ガンダムWEndlessDuel,"￥7,500","￥7,500代",0,-,,,宮部寿保|小室裕達,谷口俊一|谷口俊一|鈴木邦夫,岩月博之|大橋春男,,牛村憲彦,
1996-03-29,SFC,24M,ACT,バンダイ,ドラゴンボールZHyperDimension,"￥7,800","￥8,000代",0,-,,,,,高野充彦,,磯貝健夫|鈴木敏弘,
1996-03-29,SFC,4M,ETC,バンダイ,マップ＆コレクション(SDガンダムGNEXT専用),"￥3,800","￥4,000代",0,-,,,,,,,,
1996-03-29,SFC,8M,PUZ,コナミ,それいけエビス丸からくり迷路,"￥5,800","￥6,000代",0,-,,,小川光章,,,,,
1996-03-29,SFC,16M,RAC,イマジニア,GTレーシング,"￥10,800","￥11,000代",0,-,,,,,,,,
1996-03-29,SFC,24M,SLG,光栄,アンジェリークヴォイス・ファンタジー,"￥9,800","￥10,000代",0,-,,,,,,,,
1996-03-29,SFC,20M,SPT,ケイエスエス,美少女レスラー列伝ブリザードYuki乱入,"￥8,000","￥8,000代",0,-,,,,,,,,
1996-03-29,SFC,32M,SPT,ヒューマン,スーパーファイヤープロレスリングXプレミアム,"￥8,000","￥8,000代",0,-,,山崎正通,三浦義広,山崎正通|田島弘喜|露崎尊幸|島崎洋一郎,志倉千代丸,,,
1996-03-29,SFC,12M,SPT,ヒューマン,スーパーフォーメーションサッカー'96WCE,"￥7,500","￥7,500代",0,-,,,,,,,,
1996-03-29,SFC,12M,TAB,日本テレネット,京楽・三洋・マルホンParlor!パーラー!5(パーラーパーラー5),"￥10,800","￥11,000代",0,-,,,,,,,,
1996-04-05,SFC,32M,RPG,スクウェア,ルドラの秘宝,"￥8,000","￥8,000代",0,-,,井出康二,五藤聖高,雨宮慶太,笹井隆司,井出康二|河原勝吉|京念秀史,,
1996-04-05,SFC,8M,TAB,サミー,実戦パチスロ必勝法!山佐伝説,"￥6,900","￥7,000代",0,-,,,,,,,,
1996-04-12,SFC,8M,ETC,アスキー,音楽ツクールかなでーる,"￥9,980","￥10,000代",0,-,,,,,,,,
1996-04-12,SFC,24M,RPG,エニックス,魔法陣グルグル2,"￥8,000","￥8,000代",0,-,,,,,,,,
1996-04-19,SFC,16M,RPG,J・ウイング,蓬莱学園の冒険!転校生スクランブル,"￥7,980","￥8,000代",0,-,,,,,,,,
1996-04-26,SFC,32M,ACT,カプコン,トイ・ストーリー,"￥7,500","￥7,500代",0,-,,,,,ランディ・ニューマン,ジョス・ウィードン|アンドリュー・スタントン|ジョエル・コーエン|アレック・ソコロウ,,
1996-04-26,SFC,16M,ACT,ハドソン,スーパーボンバーマン4,"￥7,777","￥8,000代",36,-,,藤原伸介|今田真二,すみたたけお,平井隆之|水野祥司|吉見直人,竹間淳|福田裕彦(編曲)|星恵太(2曲),,小崎整,
1996-04-26,SFC,16M,ETC,ナグザット,Jumpin'Derby(ジャンピンダービー),"￥9,800","￥10,000代",0,-,,,,,,,,
1996-04-26,SFC,8M,ETC,日本物産,スーパー競艇2,"￥8,500","￥8,500代",0,-,,,,,,,,
1996-04-26,SFC,8M,ETC,POW,一発逆転!!競馬・競輪・競艇,"￥9,800","￥10,000代",0,-,,,,,,,,
1996-04-26,SFC,16M,SPT,エポック社,Jリーグエキサイトステージ'96,"￥7,980","￥8,000代",0,-,,,,,,,,
1996-04-26,SFC,24M,TAB,ショウエイシステム,HEIWAパチンコワールド3,"￥7,800","￥8,000代",0,-,,,,,仲里幸広,,,
1996-04-26,SFC,8M,TAB,日本テレネット,Parlor!Mini(パーラーミニ),"￥4,900","￥5,000代",0,-,,,,,,,,
1996-05-14,SFC,32M,SLG,任天堂,ファイアーエムブレム聖戦の系譜,"￥7,500","￥7,500代",43,-,,,,,,加賀昭三,,
1996-05-24,SFC,16M,PUZ,バンプレスト,すーぱーぐっすんおよよ2,"￥7,800","￥8,000代",0,-,,,,,冷牟田卓志,,,
1996-05-24,SFC,24M,RPG,スクウェア,トレジャーハンターG,"￥7,900","￥8,000代",0,-,,米光一成,山藤武志|平健次郎|阿部真一,米光一成|牛久宏治,岩田匡治|迫田敏明|崎元仁|他,米光一成,,
1996-05-24,SFC,24M,RPG,パイオニアLDC,ごきんじょ冒険隊,"￥7,980","￥8,000代",0,-,,,,須藤真澄,,黒田洋介,,
1996-05-31,SFC,8M,ACT,ユタカ,すぱぽーんDX,"￥5,800","￥6,000代",0,-,,,,,,,,
1996-05-31,SFC,24M,ETC,アスキー,サウンドノベルツクール,"￥8,200","￥8,000代",0,-,,池田国人|高見大三郎,笹瑞穂|小嶋俊晴,今正史,有坂光弘,寺田憲史(サンプルゲーム),川村篤,
1996-05-31,SFC,24M,RPG,エニックス,ダークハーフ,"￥8,000","￥8,000代",0,-,,西澤龍一|坂本慎一,,平田豊|大空真紀|木脇哲治,濱田智之,安田尚樹,渡辺泰仁,
1996-05-31,SFC,16M,SPT,キングレコード,フィッシング甲子園,"￥9,800","￥10,000代",0,-,,,,,,,,
1996-06-01,SFC,20M,SPT,ハドソン,Jリーグ'96ドリームスタジアム,"￥7,980","￥8,000代",0,-,,,,,,,,
1996-06-14,SFC,24M,RPG,タカラ,アラビアンナイト砂漠の精霊王,"￥7,800","￥8,000代",0,-,,河西貴則|木村昭彦,河西貴則,川上俊則|久保聡宏,根本一郎|田村大輔|堀口貴史,早川奈津子,中野隆幸,
1996-06-14,SFC,32M,SLG,アスキー,ベストショットプロゴルフ,"￥8,200","￥8,000代",0,-,,,,,,,,
1996-06-28,SFC,12M,ACT,バンダイ,スーファミターボ専用SDウルトラバトルウルトラマン伝説,"￥3,980","￥4,000代",0,-,,,,,,,,
1996-06-28,SFC,12M,ACT,バンダイ,スーファミターボ専用SDウルトラバトルセブン伝説,"￥3,980","￥4,000代",0,-,,,,,,,,
1996-06-28,SFC,12M,ACT,バンダイ,スーファミターボ専用ぽいぽい忍者ワールド,"￥3,980","￥4,000代",0,-,,,,,,,,
1996-06-28,SFC,2M,ETC,バンダイ,スーファミターボ,"￥3,980","￥4,000代",0,-,,,,,,,,
1996-06-28,SFC,4M,PUZ,カルチャーブレーン,パズル忍たま乱太郎忍術学園パズル大会の段,"￥6,980","￥7,000代",0,-,,,,,,,,
1996-06-28,SFC,12M,PUZ,コンパイル,す～ぱ～なぞぷよ通ルルーの鉄腕繁盛記,"￥9,800","￥10,000代",0,-,,,,,,,,
1996-06-28,SFC,12M,RPG,バンダイ,空想科学世界ガリバーボーイ,"￥7,800","￥8,000代",0,-,,芦田豊雄,,芦田豊雄|神志那弘志|工藤誉寿治|井上邦彦,田中公平,広井王子|芦田豊雄,,
1996-06-28,SFC,32M,RPG,バンプレスト,トラバース,"￥7,800","￥8,000代",0,-,,,,,,,,
1996-06-28,SFC,16M,TAB,ケイエスエス,西陣パチンコ物語2,"￥10,800","￥11,000代",0,-,,,,,,,,
1996-06-28,SFC,8M,TAB,日本テレネット,Parlor!Mini2(パーラーミニ2),"￥4,900","￥5,000代",0,-,,,,,,,,
1996-07-19,SFC,48M,RPG,エニックス,スターオーシャン,"￥8,500","￥8,500代",0,-,,浅沼穣,五反田義治,則本真樹|MEIMU,桜庭統,五反田義治,山岸功典,
1996-07-19,SFC,24M,SPT,コナミ,実況パワフルプロ野球'96開幕版,"￥7,500","￥7,500代",0,-,,,,,,,,
1996-07-19,SFC,16M,SPT,パック・イン・ビデオ,海のぬし釣り,"￥7,800","￥8,000代",0,-,,,,,,,,
1996-07-19,SFC,12M,TAB,バンダイ,スーファミターボ専用ゲゲゲの鬼太郎妖怪ドンジャラ,"￥3,980","￥4,000代",0,-,,,,,,,,
1996-07-19,SFC,4M,TAB,ボトムアップ,スーパートランプコレクション2,"￥5,800","￥6,000代",0,-,,,,,,,,
1996-07-26,SFC,32M,RPG,アスミック,レナスⅡ封印の使徒,"￥9,980","￥10,000代",0,-,,柴尾英令,楫泰行,加藤洋之|後藤啓介,田中公平,柴尾英令,岡本博|小川真司,
1996-07-26,SFC,8M,SHT,ナグザット,スプリガン・パワード,"￥9,800","￥10,000代",0,-,,,,,,,,
1996-07-26,SFC,16M,SLG,イマジニア,シムシティJr.,"￥8,200","￥8,000代",0,-,,,ダニエル・ブロウニング|ジョン・ルイス,オーロラ・デザイン|ジェニー・マーティン,ジョーイ・エデルマン,,クレア・カーティン,
1996-07-26,SFC,24M,SLG,タイトー,エナジーブレイカー,"￥7,980","￥8,000代",0,-,,,わたなべおさむ,内藤泰弘,中島享生|塩生康範,角田哲信|みやさかたかし,,
1996-07-26,SFC,24M,SLG,ハドソン,アースライトルナ・ストライク,"￥7,980","￥8,000代",0,-,,うめずひろあき,平野二郎|垣崎正司,皆川浩治|塩飽利昭|大河原邦男,黒岩東彦|川崎康宏,,堀尾孝文|永井知彦,
1996-07-26,SFC,12M,SLG,バンダイ,スーファミターボ専用SDガンダムジェネレーション一年戦争記,"￥3,980","￥4,000代",0,-,,,,,,,,
1996-07-26,SFC,12M,SLG,バンダイ,スーファミターボ専用SDガンダムジェネレーショングリプス戦記,"￥3,980","￥4,000代",0,-,,,,,,,,
1996-07-26,SFC,8M,TAB,バリエ,テーブルゲーム大集合!将棋・麻雀・花札・トゥーサイド,"￥6,800","￥7,000代",0,-,,,,,,,,
1996-08-02,SFC,40M,RPG,ハドソン,大貝獣物語Ⅱ,"￥8,200","￥8,000代",0,-,,三井啓介|澤口岳志,中川徹,宍倉典幸|田島大輔|松井淳|渡辺英嗣,六土開正,原裕朗|さわふじたけし|野中俊也,井上佳典,
1996-08-09,SFC,4M,ACT,カルチャーブレーン,忍たま乱太郎すぺしゃる,"￥8,800","￥9,000代",0,-,,,,,,,,
1996-08-09,SFC,12M,RPG,トミー,赤ずきんチャチャ,"￥7,800","￥8,000代",0,-,,,,渡辺はじめ,佐橋俊彦|手塚理,,,
1996-08-09,SFC,16M,SLG,パック・イン・ビデオ,牧場物語,"￥7,800","￥8,000代",0,-,,,山楯知巳|井上浩史,和田康宏|宮越節子|高橋健|故山研二,田中剛,,和田康宏,
1996-08-09,SFC,16M,SPT,ハドソン,スーパーパワーリーグ4,"￥7,980","￥8,000代",0,-,,,,,,,,
1996-08-23,SFC,12M,ACT,バンダイ,スーファミターボ専用激走戦隊カーレンジャー全開!レーサー戦士,"￥3,980","￥4,000代",0,-,,,,,,,,
1996-08-23,SFC,12M,SLG,バンダイ,スーファミターボ専用SDガンダムジェネレーションアクシズ戦記,"￥3,980","￥4,000代",0,-,,,,,,,,
1996-08-23,SFC,12M,SLG,バンダイ,スーファミターボ専用SDガンダムジェネレーションバビロニア建国戦記,"￥3,980","￥4,000代",0,-,,,,,,,,
1996-08-24,SFC,16M,SPT,ヘクト,古田敦也のシミュレーションプロ野球2,"￥8,000","￥8,000代",0,-,,,,,,,,
1996-08-30,SFC,4M,ETC,アクレイムジャパン,ナンバーズパラダイス,"￥8,800","￥9,000代",0,-,,,,,,,,
1996-08-30,SFC,16M,SLG,アスキー,大戦略エキスパートWWⅡ,"￥9,800","￥10,000代",0,-,,,,,,,,
1996-08-30,SFC,16M,TAB,サンソフト,必殺パチンココレクション4,"￥9,980","￥10,000代",0,-,,,,,,,,
1996-08-30,SFC,8M,TAB,BOSSコミュニケーションズ,本家・SANKYOFEVER実機シミュレーション3,"￥7,480","￥7,500代",0,-,,,,,,,,
1996-09-13,SFC,32M,SPT,コナミ,実況パワープロレスリング'96,"￥7,980","￥8,000代",0,-,,薬師寺健雄,下野俊典,薬師寺健雄|矢内一則,安慶名伸行,,福井博幸,
1996-09-13,SFC,16M,SPT,T＆Eソフト,ペブルビーチの波濤Newトーナメントエディション,"￥8,000","￥8,000代",0,-,,,,,,,,
1996-09-20,SFC,16M,PUZ,データイースト,マジカルドロップ2,"￥7,800","￥8,000代",0,-,,,,,,,,
1996-09-20,SFC,32M,RPG,アスキー,ウィザードリィ・外伝Ⅳ胎魔の鼓動,"￥8,000","￥8,000代",0,-,,,,,,,,
1996-09-27,SFC,12M,PUZ,バンダイ,スーファミターボ専用クレヨンしんちゃん長ぐつドボン,"￥3,980","￥4,000代",0,-,,,,,,,,
1996-09-27,SFC,16M,PUZ,バンダイ,スーファミターボ専用美少女戦士セーラームーンセーラースターズふわふわパニック2,"￥3,980","￥4,000代",0,-,,,,,,,,
1996-09-27,SFC,24M,RPG,パック・イン・ビデオ,モンスタニア,"￥7,800","￥8,000代",0,-,,,,,,,,
1996-09-27,SFC,12M,SLG,バンダイ,スーファミターボ専用SDガンダムジェネレーションコロニー格闘記,"￥3,980","￥4,000代",0,-,,,,,,,,
1996-09-27,SFC,12M,SLG,バンダイ,スーファミターボ専用SDガンダムジェネレーションザンスカール戦記,"￥3,980","￥4,000代",0,-,,,,,,,,
1996-09-27,SFC,8M,TAB,日本テレネット,Parlor!Mini3(パーラーミニ3),"￥4,900","￥5,000代",0,-,,,,,,,,
1996-09-27,SFC,8M,TAB,日本物産,スーパーニチブツマージャン4基礎研究編,"￥7,500","￥7,500代",0,-,,,,,,,,
1996-10-04,SFC,24M,ETC,光栄,ウイニングポスト2プログラム'96,"￥9,800","￥10,000代",0,-,,,,,,,,
1996-10-18,SFC,16M,ACT,カプコン,マーヴルスーパーヒーローズウォーオブザジェム,"￥7,800","￥8,000代",0,-,,,,,大久保高嶺|北嶋克成,,,
1996-10-18,SFC,16M,ETC,ヘクト,サラブレッドブリーダーⅢ,"￥8,200","￥8,000代",0,-,,,,,,,,
1996-10-25,SFC,16M,TAB,アスキー,タワードリーム,"￥8,000","￥8,000代",0,-,,,,宮岡寛|折尾一則|柳澤健二|桜玉吉(キャラクターデザイン),斉藤ノブ,,塩崎剛三,
1996-10-26,SFC,24M,ADV,任天堂,マーヴェラスもうひとつの宝島,"￥6,800","￥7,000代",0,-,,小野塚英二,副島康成,小野塚英二,尾崎裕一,,上村雅之,
1996-11-23,SFC,32M,ACT,任天堂,スーパードンキーコング3謎のクレミス島,"￥6,800","￥7,000代",177,-,,,マーク・ウィルソン,アンドリュー・コラード|ポール・ウェイバー|マーク・スティーヴンソン,イーブリン・フィッシャー|デビッド・ワイズ,,アンドリュー・コラード,
1996-11-29,SFC,4M,ETC,ボトムアップ,VS.コレクション,"￥6,980","￥7,000代",0,-,,,,,,,宮崎鉄平|金佐智絵|鈴木浩史|工藤江美子|桐谷太一|三浦淳(CP),
1996-11-29,SFC,16M,TAB,タカラ,スーパー人生ゲーム3,"￥5,980","￥6,000代",0,-,,,,,,,,
1996-11-29,SFC,12M,TAB,日本テレネット,Parlor!Mini4(パーラーミニ4),"￥5,800","￥6,000代",0,-,,,,,,,,
1996-11-29,SFC,16M,TAB,日本物産,ニチブツコレクション1,"￥7,980","￥8,000代",0,-,,,,,,,,
1996-12-06,SFC,32M,RPG,エニックス,ドラゴンクエストⅢそして伝説へ…,"￥8,700","￥8,500代",140,-,,中村光一,内藤寬,鳥山明,すぎやまこういち,堀井雄二,千田幸信,
1996-12-06,SFC,24M,TAB,ハドソン,桃太郎電鉄HAPPY,"￥8,300","￥8,500代",0,-,,さくまあきら(監督),安田哲章|吉岡孝展|中道雅史,土居孝幸,関口和之|宮路一昭,,浦敏治,
1996-12-19,SFC,8M,TAB,ボトムアップ,すごろく銀河戦記,"￥6,980","￥7,000代",0,-,,,,,,,,
1996-12-20,SFC,32M,ACT,カプコン,ストリートファイターZERO2,"￥7,800","￥8,000代",0,-,,,,,,,,
1996-12-20,SFC,24M,ACT,カプコン,ドナルドダックのマウイマラード,"￥7,500","￥7,500代",0,-,,,,,,,,
1996-12-20,SFC,24M,ACT,カプコン,ピノキオ,"￥7,500","￥7,500代",0,-,,,,,,,,
1996-12-20,SFC,8M,PUZ,T＆Eソフト,Cu-On-PaSFC(クオンパ),"￥6,800","￥7,000代",0,-,,,,,,,,
1996-12-20,SFC,24M,RPG,イマジニア,G.O.D目覚めよと呼ぶ声が聴こえ,"￥7,980","￥8,000代",0,-,,伝田由紀,小田典広,小松信夫|江川達也|斉藤明宏,松崎雄一|松前真奈美|松前公高,鴻上尚史|戸田山雅司,斉藤明宏|岡比呂志,
1996-12-20,SFC,8M,SHT,ハドソン,ボンバーマンビーダマン,"￥5,980","￥6,000代",0,-,,川田忠之(川田名人),白谷守|すずきのりお,水野祥司,"貫田顕勇 相原真人",,いのうえよしのり,
1996-12-20,SFC,32M,SLG,アスキー,ミニ四駆シャイニングスコーピオンレッツ＆ゴー!!,"￥8,800","￥9,000代",58,-,,,,,,,,
1996-12-20,SFC,12M,TAB,ケイエスエス,西陣パチンコ3,"￥7,800","￥8,000代",0,-,,,,,,,,
1996-12-27,SFC,16M,ACT,ヴァージンインタラクティブ,マスク,"￥9,800","￥10,000代",0,-,,,,,,,,
1996-12-27,SFC,24M,SLG,バンプレスト,ドラゴンナイト4,"￥7,980","￥8,000代",0,-,,,,,無し,,,
1996-12-27,SFC,12M,TAB,日本物産,ニチブツコレクション2,"￥7,980","￥8,000代",0,-,,,,,,,,
1997-01-15,SFC,4M,ACT,タイトー,アルカノイド-DohItAgain-,"￥4,980","￥5,000代",0,-,,,,,,,,
1997-01-17,SFC,24M,RPG,T＆Eソフト,BUSHI青龍伝二人の勇者,"￥7,980","￥8,000代",0,-,,,曽我部仙史,田尻智|一之瀬剛|松島賢二|杉森建|藤原基史,増田順一,松島賢二,吉川泰生,
1997-01-17,SFC,8M,SPT,カルチャーブレーン,プロ野球スター,"￥6,800","￥7,000代",0,-,,,,,,,,
1997-01-31,SFC,16M,PUZ,アスキー,ピキーニャ!,"￥6,800","￥7,000代",0,-,,,,,,,,
1997-01-31,SFC,24M,RPG,アスキー,ガンプル,"￥8,000","￥8,000代",0,-,,,,,,,,
1997-01-31,SFC,24M,RPG,アスキー,ミランドラ,"￥7,800","￥8,000代",0,-,,,,,,,,
1997-02-21,SFC,32M,SPT,任天堂,糸井重里のバス釣りNo.1,"￥7,800","￥8,000代",0,-,,ふるみまさと|あいかわきょういち,たきぐちあきお|おのせけんいち|たかはしごろう|三津原敏|高橋芳美|みずしまけんいち,斉藤明宏,池上正,,岩田聡|小関昭彦|大和聡,
1997-02-28,SFC,8M,ACT,カルチャーブレーン,忍たま乱太郎3,"￥6,980","￥7,000代",0,-,,,,,,,,
1997-02-28,SFC,16M,ACT,ハドソン,スーパーボンバーマン5,"￥6,980","￥7,000代",0,-,,小崎整,"外山裕樹|Mittu Takahashi|飛澤正人",佐々木伸|水野祥司|吉見直人|佐藤梢,竹間淳|福田裕彦|松前公高(編曲),,和気正則,
1997-03-07,SFC,8M,ACT,コナミ,アニマニアクス,"￥5,800","￥6,000代",0,-,,,,,リチャード・ストーン|カール・ジョンソン|スティーヴン・バーンスタイン|ジュリー・バーンスタイン|ゴードン・グッドウィン,スティーヴン・スピルバーグ,,
1997-03-07,SFC,4M,TAB,日本シスコン,パチスロ完全攻略ユニバーサル新台入荷Vol.1,"￥5,980","￥6,000代",0,-,,,,,,,,
1997-03-14,SFC,8M,ACT,KSS,キャスパー,"￥4,980","￥5,000代",0,-,,,,,,,,
1997-03-14,SFC,4M,TAB,バップ,スーパーダブル役満Ⅱ,"￥7,500","￥7,500代",0,-,,,,,ナオト・インティライミ(作詞・作曲),,,
1997-03-15,SFC,4M,TAB,サミー,実戦パチスロ必勝法!TWIN,"￥5,980","￥6,000代",0,-,,,,,,,,
1997-03-20,SFC,24M,SPT,コナミ,実況パワフルプロ野球3'97春,"￥6,800","￥7,000代",0,-,,,,,,,,
1997-03-28,SFC,24M,RPG,アスキー,ソリッドランナー,"￥8,000","￥8,000代",0,-,,わたなべまこと,木村俊章,冨田佳寿|沖一,田中光人|迫田敏明,ORCA,池田浩一,
1997-03-28,SFC,32M,RPG,アスキー,ダークロウMeaningofDeath,"￥8,000","￥8,000代",0,-,,,,,,,,
1997-03-28,SFC,8M,TAB,日本テレネット,Parlor!Mini5(パーラーミニ5),"￥4,900","￥5,000代",0,-,,,,,,,,
1997-04-18,SFC,4M,TAB,カルチャーブレーン,プロ麻雀兵(つわもの),"￥6,980","￥7,000代",0,-,,,,,,,,
1997-04-25,SFC,4M,PUZ,ココナッツジャパンエンターテイメント,プロ野球熱闘ぱずるスタジアム,"￥7,800","￥8,000代",0,-,,,,,,,,
1997-05-30,SFC,8M,TAB,日本テレネット,Parlor!Mini6(パーラーミニ6),"￥4,980","￥5,000代",0,-,,,,,,,,
1997-08-01,SFC,16M,SPT,ビクターインタラクティブ(パックインソフト),ふね太郎,"￥7,800","￥8,000代",0,-,,,,,,,,
1997-08-29,SFC,8M,TAB,日本テレネット,Parlor!Mini7(パーラーミニ7),"￥4,900","￥5,000代",0,-,,,,,,,,
1997-09-12,SFC,4M,TAB,サミー,実戦パチスロ必勝法!Twinvol.2,"￥5,980","￥6,000代",0,-,,,,,,,,
1997-09-30,SFC,32M,ETC,任天堂,SFメモリカセット,"￥3,980","￥4,000代",0,-,,,,,,,,
1997-12-19,SFC,16M,SHT,ハドソン,爆球連発!!スーパービーダマン,"￥4,980","￥5,000代",0,-,,,,池上太郎|友杉達也|今石進|斉藤まさかつ,渡部チェル,,,
1998-01-01,SFC,8M,ETC,NTTデータ,JRAPAT(NDSF付属カセット),"￥12,000","￥12,000代",0,-,,,,,,,,
1998-01-30,SFC,4M,ETC,任天堂,スーパーゲームボーイ2,"￥5,800","￥6,000代",0,-,,,,,,,,
1998-01-30,SFC,8M,TAB,日本テレネット,HEIWAParlor!Mini8パチンコ実機シミュレーションゲーム,"￥5,200","￥5,000代",0,-,,,,,,,,
1998-03-19,SFC,24M,SPT,コナミ,実況パワフルプロ野球BASIC'98,"￥5,800","￥6,000代",0,-,,,,,,,,
1998-03-27,SFC,32M,ACT,任天堂,星のカービィ3,"￥4,800","￥5,000代",36,-,,,,,,,,
1998-04-24,SFC,32M,ACT,カプコン,ロックマン＆フォルテ,"￥5,800","￥6,000代",0,-,,,篠原雅嗣|清水睦民|桑名正,鶴逸人|竹村学|有賀ヒトシ|岩本佳浩|出月こーじ,堀山俊彦|水田直志|海田明里,,稲船敬二,
1998-05-23,SFC,24M,ADV,任天堂,平成新・鬼ヶ島前編,"￥3,800","￥4,000代",0,-,,,,,,,,
1998-05-23,SFC,24M,ADV,任天堂,平成新・鬼ヶ島後編,"￥3,800","￥4,000代",0,-,,,,,,,,
1998-05-23,SFC,16M,PUZ,任天堂,レッキングクルー'98,"￥3,800","￥4,000代",0,-,,高橋英子,なかしまなるみ|荒木泰介|かとうひろたか,高橋英子|えのきのりゆき|渡辺直樹|こやまたかし|かじがやれいこ,田中宏和,,菱田達也,
1998-08-25,SFC,24M,ETC,任天堂,ダービースタリオン98,"￥6,000","￥6,000代",0,-,,,,,,,,
1998-12-04,SFC,16M,RPG,任天堂,ミニ四駆レッツ＆ゴー!!POWERWGP2,"￥3,800","￥4,000代",0,-,,,,,,,,
1999-06-25,SFC,8M,PUZ,任天堂,POWER倉庫番,"￥4,200","￥4,000代",0,-,,,,,,,,
1999-06-25,SFC,16M,PUZ,任天堂,カービィのきらきらきっず,"￥4,200","￥4,000代",0,-,,山上仁志,迫田勝弘,小澤和|能登谷哲也,石川淳|安藤浩和,,岩田聡|菅浩秋,
1999-06-25,SFC,24M,PUZ,任天堂,すってはっくん,"￥4,200","￥4,000代",0,-,,中田雅康,原啓二,田中伸明|田中伸明|橘田望美,中塚章人,,上村雅之,
1999-12-01,SFC,8M,ETC,NTTデータ,JRAPATワイド対応(NDSF付属カセット),不明,不明,0,-,,,,,,,,
2000-01-21,SFC,32M,SLG,任天堂,ファイアーエムブレムトラキア776,"￥5,200","￥5,000代",0,-,,,成広通,加賀昭三|広田麻由美,辻横由佳|松本敦子,加賀昭三|堀川将之,出石武宏,
2000-11-29,SFC,24M,ADV,任天堂,メタルスレイダーグローリーディレクターズカットプリライト版,"￥5,780","￥6,000代",0,-,,,,,,,,
1983-07-15,FC,128K,ACT,任天堂,ドンキーコング,"￥4,500","￥4,500代",88,-,,宮本茂,"駒野目裕久|飯沼実|西田充裕|村田泰裕(AC) |中郷俊彦(FC)",宮本茂,兼岡行男,,山内溥|横井軍平(AC)|上村雅之(FC),
1983-07-15,FC,128K,ACT,任天堂,ドンキーコングJr.,"￥4,500","￥4,500代",0,-,,,緒方旗生(AC)|中郷俊彦(FC),宮本茂|宮本茂|坂本賀勇,兼岡行男,,横井軍平|岡田智(AC)|上村雅之(FC)|山内溥,
1983-07-15,FC,128K,ACT,任天堂,ポパイ,"￥4,500","￥4,500代",0,-,,,,,,,,
1983-08-27,FC,128K,TAB,任天堂,五目ならべ連珠,"￥4,500","￥4,500代",0,-,,,,,兼岡行男,,,
1983-08-27,FC,128K,TAB,任天堂,麻雀,"￥4,500","￥4,500代",213,-,,,,,,,,
1983-09-09,FC,128K,ACT,任天堂,マリオブラザーズ,"￥4,500","￥4,500代",163,-,,,,宮本茂,兼岡行男,,山内溥|横井軍平,
1983-11-22,FC,128K,ETC,任天堂,ポパイの英語遊び,"￥4,500","￥4,500代",0,-,,,,,,,宮本茂,
1983-12-07,FC,128K,SPT,任天堂,ベースボール,"￥4,500","￥4,500代",235,-,,,,,,,,
1983-12-12,FC,128K,ETC,任天堂,ドンキーコングJr.の算数遊び,"￥4,500","￥4,500代",0,-,,,中郷俊彦,宮本茂,兼岡行男,,山内溥|上村雅之,
1984-01-14,FC,128K,SPT,任天堂,テニス,"￥4,500","￥4,500代",156,-,,,,,,,,
1984-02-02,FC,128K,TAB,任天堂,ピンボール,"￥4,500","￥4,500代",0,-,,,,,,,,
1984-02-18,FC,128K,SHT,任天堂,ワイルドガンマン,"￥4,500","￥4,500代",0,-,,,,,,,,
1984-04-21,FC,128K,SHT,任天堂,ダックハント,"￥4,500","￥4,500代",0,-,,,,清武博二,田中宏和,,横井軍平,
1984-05-01,FC,128K,SPT,任天堂,ゴルフ,"￥4,500","￥4,500代",246,-,,,,,,,,
1984-06-12,FC,128K,SHT,任天堂,ホーガンズアレイ,"￥4,500","￥4,500代",0,-,,,,,,,,
1984-06-21,FC,256K,ETC,任天堂,ファミリーベーシック,"￥14,800","￥15,000代",0,-,,,,,,,,
1984-07-04,FC,128K,SHT,任天堂,ドンキーコング3,"￥4,500","￥4,500代",0,-,,,,宮本茂|宮本茂|坂本賀勇,田中宏和,,山内博|横井軍平|岡田智,
1984-07-28,FC,128K,ACT,ハドソン,ナッツ＆ミルク,"￥4,500","￥4,500代",0,-,,,菊田昌昭|野沢勝広,菊田昌昭,,,,
1984-07-31,FC,128K,PZL,ハドソン,ロードランナー,"￥4,500","￥4,500代",110,-,,,,ダグラス・E・スミス,,,,
1984-09-07,FC,128K,SHT,ナムコ,ギャラクシアン,"￥4,500","￥4,500代",0,-,,,田城幸一,澤野和則(企画)|石村繁一(基板設計)|山下正|中馬義明|小野浩,石村繁一|安江正樹|甲斐敏夫,,,
1984-10-05,FC,128K,ACT,任天堂,デビルワールド,"￥4,500","￥4,500代",0,-,,宮本茂,湯上裕之,手塚卓志,中塚章人|近藤浩治,,山内溥|宮本茂,
1984-11-02,FC,128K,TAB,任天堂,4人打ち麻雀,"￥4,500","￥4,500代",145,-,,,,,,,,
1984-11-02,FC,128K,RAC,任天堂,F1レース,"￥4,500","￥4,500代",152,-,,,,,,,,
1984-11-02,FC,128K,ACT,ナムコ,パックマン,"￥4,500","￥4,500代",0,-,,,舟木茂雄,岩谷徹|山下正,石村繁一|甲斐敏夫,,,
1984-11-08,FC,256K,SHT,ナムコ,ゼビウス,"￥4,900","￥5,000代",127,-,,,遠藤雅伸|深谷正一|小島伸一,遠藤雅伸|池上正寿|佐藤誠市|岡本進一郎|遠山茂樹|遠藤雅伸|小野浩|山下正,慶野由利子,,,
1984-11-14,FC,128K,ACT,任天堂,アーバンチャンピオン,"￥4,500","￥4,500代",0,-,,,,加納誠,田中宏和,,山内博|横井軍平,
1984-11-14,FC,128K,ACT,ナムコ,マッピー,"￥4,500","￥4,500代",0,-,,,大野木宜幸|黒須一雄,佐藤英治(企画)|佐藤茂(基板設計)|小野浩(ドットデザイン),大野木宜幸,,,
1984-11-22,FC,128K,PZL,任天堂,クルクルランド,"￥4,500","￥4,500代",0,-,,,,加納誠|加納誠|清武博二,中塚章人,,山内博|横井軍平,
1984-11-30,FC,128K,RAC,任天堂,エキサイトバイク,"￥5,500","￥5,500代",157,-,,宮本茂,中郷俊彦,前田実|手塚卓志,中塚章人,,山内溥|宮本茂,
1985-01-22,FC,128K,ACT,任天堂,バルーンファイト,"￥4,500","￥4,500代",0,-,,,"中郷俊彦| 副島康成(AC)|岩田聡(FC)",坂本賀勇,田中宏和,,山内溥|横井軍平,
1985-01-30,FC,128K,ACT,任天堂,アイスクライマー,"￥4,500","￥4,500代",100,-,,三木研次,森田和明|中郷俊彦,宮本茂|杉山直,中塚章人,,山内溥|上村雅之,
1985-02-11,FC,128K,SHT,ジャレコ,エクセリオン,"￥4,500","￥4,500代",0,-,,,,,,,,
1985-02-21,FC,256K,ETC,任天堂,ファミリーベーシックV3,"￥9,800","￥10,000代",0,-,,,,,,,,
1985-02-22,FC,128K,SHT,ハドソン,バンゲリングベイ,"￥4,900","￥5,000代",0,-,,,,ウィル・ライト,,,,
1985-03-14,FC,128K,SHT,ナムコ,ギャラガ,"￥4,500","￥4,500代",0,-,,,小川徹,横山茂,大野木宜幸,,,
1985-04-04,FC,128K,SHT,ジャレコ,フォーメーションZ,"￥4,500","￥4,500代",0,-,,,,,渥美徳弘,,,
1985-04-09,FC,256K,SPT,任天堂,サッカー,"￥4,900","￥5,000代",153,-,,,,,,,,
1985-04-17,FC,128K,SHT,タイトー,スペースインベーダー,"￥4,500","￥4,500代",0,-,,,西角友宏,西角友宏,亀井道行,,,
1985-04-17,FC,128K,PZL,ハドソン,チャンピオンシップロードランナー,"￥4,900","￥5,000代",0,-,,,,ダグラス・E・スミス,,,,
1985-04-22,FC,128K,ACT,コナミ,イーアルカンフー,"￥4,500","￥4,500代",0,-,,,,,東野美紀,,,
1985-04-22,FC,128K,ACT,コナミ,けっきょく南極大冒険,"￥4,500","￥4,500代",0,-,,,,,,,,
1985-05-10,FC,128K,ACT,ジャレコ,忍者くん魔城の冒険,"￥4,500","￥4,500代",0,-,,,西澤龍一|藤沢勉,西澤龍一|藤沢勉,,,,
1985-05-24,FC,128K,PZL,タイトー,ちゃっくんぽっぷ,"￥4,500","￥4,500代",0,-,,,,,今村善雄,,,
1985-06-04,FC,128K,ACT,ナムコ,ディグダグ,"￥4,500","￥4,500代",0,-,,,さかいとしお|深谷正一,池上まさとし,慶野由利子,,,
1985-06-14,FC,256K,PZL,デービーソフト,フラッピー,"￥5,500","￥5,500代",0,-,,,,,,,,
1985-06-18,FC,256K,ACT,任天堂,レッキングクルー,"￥5,500","￥5,500代",0,-,,岡田智,"中村俊之|TOMOYO-chan|YASE SOBAJIMA|AKINA-chan",坂本賀勇|坂本賀勇|加納誠,田中宏和,,山内溥|横井軍平,
1985-06-21,FC,256K,ACT,任天堂,スパルタンX,"￥4,900","￥5,000代",142,-,,,,,キース・モリソン,エドワード・タン|ジョニー・リー,,
1985-06-21,FC,128K,SPT,コナミ,ハイパーオリンピック,"￥4,500","￥4,500代",0,-,,,森下繁,,福武茂,,石原祥吉,
1985-06-21,FC,256K,SPT,コナミ,ハイパーオリンピック殿様版(限定発売),"￥4,500","￥4,500代",0,-,,,,,,,,
1985-06-25,FC,128K,SHT,ハドソン,スターフォース,"￥4,900","￥5,000代",0,-,,,,,増子司|坂本慎一(ドライバー・効果音のみ),,,
1985-06-28,FC,256K,ACT,タイトー,エレベーターアクション,"￥4,900","￥5,000代",0,-,,,,,今村善雄,,,
1985-07-01,FC,128K,ACT,ジャレコ,フィールドコンバット,"￥4,500","￥4,500代",0,-,,,,,,,,
1985-07-11,FC,128K,RAC,コナミ,ロードファイター,"￥4,500","￥4,500代",0,-,,,,,佐々木嘉則,,,
1985-07-12,FC,128K,ACT,ナムコ,ワープマン,"￥4,500","￥4,500代",0,-,,,深谷正一|大森田不可止,小野浩,慶野由利子|小沢純子|大野木宜幸,,,
1985-07-18,FC,128K,RAC,アイレム,ジッピーレース,"￥4,500","￥4,500代",0,-,,,,,高木一郎,,,
1985-07-18,FC,128K,PZL,エニックス,ドアドア,"￥4,900","￥5,000代",0,-,,,,中村光一,,,,
1985-07-25,FC,128K,ACT,サンソフト,スーパーアラビアン,"￥4,500","￥4,500代",0,-,,,,,,,,
1985-07-26,FC,256K,ETC,任天堂,ブロック,"￥4,800","￥5,000代",0,-,,,,,,,,
1985-08-01,FC,128K,ACT,タイトー,フロントライン,"￥4,500","￥4,500代",0,-,,,,,,,,
1985-08-01,FC,128K,TAB,セタ,本将棋内藤九段将棋秘伝,"￥4,500","￥4,500代",0,-,,,,,,,,
1985-08-06,FC,256K,ACT,ナムコ,ドルアーガの塔,"￥4,900","￥5,000代",0,-,,,内藤智,遠藤雅伸|篠崎雄一郎,小沢純子,,,
1985-08-09,FC,256K,ACT,アスキー,アストロロボSASA,"￥5,500","￥5,500代",0,-,,,,,,,,
1985-08-13,FC,256K,ETC,任天堂,ジャイロ,"￥5,800","￥6,000代",0,-,,,,,,,,
1985-08-28,FC,256K,SHT,アスキー,ゲイモス,"￥5,500","￥5,500代",0,-,,,,,,,,
1985-08-30,FC,128K,SPT,アイレム,10ヤードファイト,"￥4,900","￥5,000代",0,-,,,,,,,,
1985-09-09,FC,128K,ACT,ナムコ,バトルシティー,"￥4,500","￥4,500代",0,-,,,大久保良一,兵藤岳史|小野浩,小沢純子,,,
1985-09-13,FC,256K,ACT,任天堂,スーパーマリオブラザーズ,"￥4,900","￥5,000代",681,-,,宮本茂,中郷俊彦|森田和明|西田泰也,宮本茂|宮本茂|手塚卓志,近藤浩治,,山内溥|池田宏|宮本茂,
1985-09-20,FC,128K,ACT,ハドソン,プーヤン,"￥4,900","￥5,000代",0,-,,藤原得郎,,藤原得郎,,,,
1985-09-27,FC,128K,SPT,コナミ,ハイパースポーツ,"￥4,500","￥4,500代",0,-,,,町口浩康,,福武茂,,石原祥吉,
1985-09-27,FC,128K,RAC,ジャレコ,シティコネクション,"￥4,900","￥5,000代",0,-,,,,,,,,
1985-10-04,FC,256K,RAC,サンソフト,ルート16ターボ,"￥4,900","￥5,000代",0,-,,,,,,,,
1985-10-15,FC,256K,ACT,ハドソン,チャレンジャー,"￥4,900","￥5,000代",0,-,,,,,,,,
1985-11-08,FC,128K,ACT,バンダイ,キン肉マンマッスルタッグマッチ,"￥4,900","￥5,000代",105,-,,,,,,,仲田隆司,
1985-11-14,FC,128K,SHT,タイトー,スカイデストロイヤー,"￥4,500","￥4,500代",0,-,,,,,,,,
1985-11-15,FC,256K,ACT,ポニーキャニオン,おにゃんこTOWN,"￥4,900","￥5,000代",0,-,,,,,,,,
1985-11-15,FC,128K,ACT,ジャレコ,忍者じゃじゃ丸くん,"￥4,900","￥5,000代",100,-,,,,,,,関雅行,
1985-11-21,FC,256K,TAB,東芝ＥＭＩ,パチコン,"￥4,900","￥5,000代",0,-,,,,,,,,
1985-11-21,FC,256K,ACT,ナムコ,パックランド,"￥4,500","￥4,500代",0,-,,,岸本好弘,佐藤誠市|根來司|小野浩,慶野由利子,,,
1985-11-21,FC,256K,RAC,任天堂,マッハライダー,"￥4,900","￥5,000代",0,-,,,,,金指英樹,,,
1985-11-27,FC,128K,ACT,ナムコ,バーガータイム,"￥4,500","￥4,500代",0,-,,,,,,,,
1985-11-28,FC,128K,ACT,サンソフト,いっき,"￥4,900","￥5,000代",0,-,,,,,小井洋明,,,
1985-11-29,FC,256K,ADV,エニックス,ポートピア連続殺人事件,"￥5,500","￥5,500代",0,-,,堀井雄二,堀井雄二,堀井雄二,,堀井雄二,,
1985-12-05,FC,128K,ACT,ソフトプロ,カラテカ,"￥4,900","￥5,000代",0,-,,,,,,,,
1985-12-05,FC,128K,TAB,ポニーキャニオン,ルナーボール,"￥4,900","￥5,000代",0,-,,仁井谷正充,新谷憲司,新谷憲司,宮本昌知,,,
1985-12-06,FC,256K,SHT,ナムコ,スターラスター,"￥4,900","￥5,000代",0,-,,,,岡本進一郎|遠山茂樹,川田宏行,,,
1985-12-06,FC,256K,ACT,アイレム,スペランカー,"￥4,900","￥5,000代",0,-,,,,ティム・マーティン,,,,
1985-12-07,FC,256K,ACT,デービーソフト,高機動戦闘メカヴォルガードⅡ,"￥4,900","￥5,000代",0,-,,,,,斉藤康仁,,,
1985-12-10,FC,128K,ACT,ナムコ,超時空要塞マクロス,"￥4,500","￥4,500代",0,-,,石黒昇,,美樹本晴彦|宮武一貴|河森正治,羽田健太郎,山口宏,,
1985-12-11,FC,256K,SHT,カプコン,1942,"￥4,900","￥5,000代",0,-,,,,,,,,
1985-12-11,FC,256K,ACT,ケムコ,ダウボーイ,"￥5,300","￥5,500代",0,-,,,,ケン・コーテス,,,,
1985-12-14,FC,256K,RPG,アスキー,ボコスカウォーズ,"￥5,500","￥5,500代",0,-,,,,住井浩司,,,,
1985-12-14,FC,256K,SHT,デービーソフト,頭脳戦艦ガル,"￥4,900","￥5,000代",0,-,,,ボス大森|ナンデ西村,バッキー松野|テツ加倉,斉藤康仁,,ベティ林,
1985-12-16,FC,256K,ACT,バンダイ,オバケのQ太郎ワンワンパニック,"￥4,900","￥5,000代",0,-,,,,,,,,
1985-12-19,FC,256K,ACT,スクウェア,テグザー,"￥5,500","￥5,500代",0,-,,,,五代響|上坂哲,五代響,,,
1985-12-19,FC,128K,PZL,ハドソン,バイナリィランド,"￥4,900","￥5,000代",0,-,,,菊田昌昭,菊田昌昭,,,,
1985-12-19,FC,128K,ACT,ハドソン,ボンバーマン,"￥4,900","￥5,000代",80,-,,,,,,,,
1985-12-21,FC,256K,SHT,徳間書店,エグゼドエグゼス,"￥5,200","￥5,000代",0,-,,,青木隆,岡本吉起,河本圭代,,,
1985-12-21,FC,256K,PZL,徳間書店,ロットロット,"￥5,200","￥5,000代",0,-,,,,,,,,
1985-12-25,FC,256K,ACT,アスキー,ぺんぎんくんWARS,"￥5,500","￥5,500代",0,-,,,,藤沢勉,,,,
1986-01-04,FC,256K,SHT,コナミ,ツインビー,"￥4,900","￥5,000代",100,-,,,青山和浩,青山和浩,福武茂|佐々木嘉則,,廣下宏治,
1986-02-08,FC,256K,ACT,カプコン,ソンソン,"￥4,900","￥5,000代",0,-,,,藤中博和,岡本吉起,河本圭代|森安也子,,,
1986-02-21,FC,256K,ACT,コナミ,グーニーズ,"￥4,900","￥5,000代",0,-,,,,,デイヴ・グルーシン,クリス・コロンバス,,
1986-03-01,FC,256K,SHT,東映動画,バルトロン,"￥4,900","￥5,000代",0,-,,,,,,,,
1986-03-04,FC,128K,ACT,ソフトプロ,サーカスチャーリー,"￥4,900","￥5,000代",0,-,,,,,,,,
1986-03-05,FC,256K,ACT,ハドソン,忍者ハットリくん忍者は修行でござるの巻,"￥4,900","￥5,000代",150,-,,,,,,,,
1986-03-13,FC,256K,SHT,タイトー,ジャイロダイン,"￥4,900","￥5,000代",0,-,,,,,弓削雅稔,,,
1986-03-18,FC,256K,RPG,東芝ＥＭＩ,ハイドライドスペシャル,"￥4,900","￥5,000代",0,-,,,,,,,,
1986-03-19,FC,256K,SHT,日本物産,マグマックス,"￥4,900","￥5,000代",0,-,,藤原茂樹,,藤原茂樹,山田良一,,,
1986-04-02,FC,256K,ACT,ナムコ,タッグチームプロレスリング,"￥4,900","￥5,000代",0,-,,,,,,,,
1986-04-17,FC,256K,SHT,ジャレコ,アーガス,"￥4,900","￥5,000代",0,-,,,中里民雄,,坂本慎一,,,
1986-04-17,FC,256K,ACT,サンソフト,アトランチスの謎,"￥4,900","￥5,000代",0,-,,,竹内昭人|酒井敦史,竹内昭人,小高直樹,,,
1986-04-17,FC,256K,ACT,バンダイ,ゲゲゲの鬼太郎妖怪大魔境,"￥4,900","￥5,000代",125,-,,,,,,,,
1986-04-18,FC,256K,ACT,タイトー,影の伝説,"￥4,900","￥5,000代",0,-,,,,,小倉久佳,,,
1986-04-19,FC,256K,ACT,ナムコ,ディグダグⅡ,"￥4,500","￥4,500代",0,-,,,,,慶野由利子|小沢純子,,,
1986-04-24,FC,256K,ACT,テクモ,マイティボンジャック,"￥4,980","￥5,000代",0,-,,,,,増子司|蓮谷通治,,,
1986-04-25,FC,256K,ACT,コナミ,グラディウス,"￥4,900","￥5,000代",100,-,,,,,,,,
1986-04-25,FC,256K,ETC,東京書籍,けいさんゲームさんすう1年,"￥4,900","￥5,000代",0,-,,,,,,,,
1986-04-25,FC,256K,ETC,東京書籍,けいさんゲーム算数2年,"￥4,900","￥5,000代",0,-,,,,,,,,
1986-04-25,FC,256K,ETC,東京書籍,けいさんゲーム算数3年,"￥4,900","￥5,000代",0,-,,,,,,,,
1986-04-26,FC,256K,ACT,ケムコ,スパイVSスパイ,"￥4,900","￥5,000代",0,-,,,,マイケル・J・リーデル,,,,
1986-05-19,FC,256K,ACT,日本物産,セクロス,"￥4,900","￥5,000代",0,-,,山下要介,,山下要介,,,,
1986-05-27,FC,256K,RPG,エニックス,ドラゴンクエスト,"￥5,500","￥5,500代",150,-,,中村光一,チュンソフト,鳥山明|榎本一夫|土居孝幸,すぎやまこういち,堀井雄二,千田幸信,
1986-06-03,FC,128K,ACT,東芝ＥＭＩ,バードウィーク,"￥4,900","￥5,000代",0,-,,,,,,,,
1986-06-03,FC,256K,SHT,データイースト,Bウイング(ビーウイング),"￥4,900","￥5,000代",0,-,,,,,,,,
1986-06-13,FC,256K,SHT,ハドソン,スターソルジャー,"￥4,900","￥5,000代",100,-,,,野沢勝広,山本次行,国本剛章,,,
1986-06-13,FC,1M,ACT,カプコン,魔界村,"￥5,500","￥5,500代",164,-,,,有馬俊夫,藤原得郎,森安也子,,,
1986-06-19,FC,256K,ACT,ナムコ,スーパーチャイニーズ,"￥3,900","￥4,000代",0,-,,,,,,,,
1986-06-26,FC,256K,ACT,アイレム,スクーン,"￥4,900","￥5,000代",0,-,,,,,,,,
1986-06-26,FC,256K,ACT,ジャレコ,チョップリフター,"￥4,900","￥5,000代",0,-,,,,ダン・ゴーリン,,,,
1986-07-03,FC,256K,ACT,サンソフト,東海道五十三次,"￥4,900","￥5,000代",0,-,,,,,,,,
1986-07-18,FC,256K,PZL,ナムコ,バベルの塔,"￥3,900","￥4,000代",0,-,,,,,,,,
1986-07-30,FC,1M,ACT,コナミ,がんばれゴエモン！からくり道中,"￥5,300","￥5,500代",0,-,,,梅崎重治|青山和浩,橋本和久,寺島里恵,,,
1986-07-30,FC,256K,PZL,テクモ,ソロモンの鍵,"￥4,900","￥5,000代",0,-,,,,,,,,
1986-08-01,FC,256K,RPG,ナムコ,ワルキューレの冒険時の鍵の伝説,"￥3,900","￥4,000代",0,-,,S.MACCO,A.WACHI,冨士宏,川田宏行,,,
1986-08-08,FC,256K,SPT,タイトー,六三四の剣ただいま修行中,"￥4,900","￥5,000代",0,-,,,宮成のぼる,,,,,
1986-08-10,FC,256K,ACT,東映動画,北斗の拳,"￥4,900","￥5,000代",0,-,,,,,フランク・ワイルドホーン,高橋亜子,,
1986-08-22,FC,256K,ACT,ジャレコ,じゃじゃ丸の大冒険,"￥4,900","￥5,000代",0,-,,,,,,,,
1986-08-22,FC,256K,ACT,ナムコ,スカイキッド,"￥3,900","￥4,000代",0,-,,,弓達公雄,永島洋武,小沢純子,,,
1986-08-28,FC,1M,SHT,バンダイ,機動戦士Zガンダムホットスクランブル,"￥5,500","￥5,500代",0,-,,遠藤雅伸,しまおかひろし|やまもとこういち,遠藤雅伸|内藤智|大河原邦男|藤田一己|永野護|小林誠,ニール・セダカ,富野由悠季,,
1986-09-03,FC,256K,SHT,SNK,ASO,"￥4,900","￥5,000代",0,-,,,,,,,,
1986-09-05,FC,1M,ACT,ポニーキャニオン,スーパーピットフォール,"￥5,500","￥5,500代",0,-,,,,,,,,
1986-09-08,FC,256K,PZL,ビクター音楽産業,バナナ,"￥4,900","￥5,000代",0,-,,,,,,,,
1986-09-12,FC,256K,ACT,ハドソン,高橋名人の冒険島,"￥4,900","￥5,000代",105,-,,,,,,,,
1986-09-18,FC,256K,SHT,スクウェア,キングスナイト,"￥4,900","￥5,000代",0,-,,,Workss,,植松伸夫,,,
1986-09-19,FC,1M,SHT,ナムコ,スーパーゼビウスガンプの謎,"￥4,900","￥5,000代",0,-,,,,横山茂|小野浩(監修|一部作業),,,,
1986-09-22,FC,256K,ACT,徳間書店,ゴーストバスターズ,"￥4,500","￥4,500代",0,-,,,,,エルマー・バーンスタイン,ダン・エイクロイド|ハロルド・ライミス,,
1986-09-26,FC,256K,ADV,ケムコ,スペースハンター,"￥4,900","￥5,000代",0,-,,,道浦忍|戸野文雄,,増野宏之,,,
1986-09-27,FC,1M,SHT,日本物産,テラクレスタ,"￥4,900","￥5,000代",0,-,,,,藤原茂樹,吉田健志,,,
1986-09-27,FC,1M,ACT,カプコン,戦場の狼,"￥5,500","￥5,500代",116,-,,,,藤原得郎,河本圭代,,,
1986-10-08,FC,256K,RAC,データイースト,バギーポッパー,"￥4,900","￥5,000代",0,-,,,,,,,,
1986-10-23,FC,256K,ACT,ジャレコ,うる星やつらラムのウェディングベル,"￥4,900","￥5,000代",0,-,,,,,,,,
1986-10-30,FC,256K,ETC,東京書籍,けいさんゲーム算数4年,"￥4,900","￥5,000代",0,-,,,,,,,,
1986-10-30,FC,256K,ETC,東京書籍,けいさんゲーム算数5・6年少数・分数のまとめ,"￥4,900","￥5,000代",0,-,,,,,,,,
1986-10-31,FC,1M,ADV,ジャレコ,ミシシッピー殺人事件,"￥5,200","￥5,000代",0,-,,,,アダム・ベリン|ヒラリー・ミルス,エド・ボガス(英語版),ロブ・スウィガート,ブラッド・フレガー(英語版),
1986-11-11,FC,1M,SHT,テクモ,スーパースターフォース時空歴の秘密,"￥5,300","￥5,500代",0,-,,,,,斎藤幹雄,,,
1986-11-12,FC,256K,SPT,バンダイ,ファミリートレーナーシリーズ1アスレチックワールド,"￥8,500","￥8,500代",0,-,,,,,,,,
1986-11-13,FC,256K,TAB,河田,Othello(オセロ),"￥4,900","￥5,000代",0,-,,,,,中西ゆういちろう,鈴木光司|久保幸湖|谷井美佳|中村真夕,山崎宏太(朝日放送テレビ)|南雄大(朝日放送テレビ)|齋藤浩司(ヒューマックスシネマ)|若山佑介(ヒューマックスシネマ)|山口誠(47style),
1986-11-13,FC,256K,ACT,ハドソン,迷宮組曲ミロンの大冒険,"￥4,900","￥5,000代",0,-,,,笹川敏幸,笹川敏幸,国本剛章|井上大介,笹川敏幸,,
1986-11-21,FC,1M,ACT,ビック東海,アイギーナの予言バルバルークの伝説より,"￥5,300","￥5,500代",0,-,,,,,,,,
1986-11-21,FC,256K,RPG,バップ,元祖西遊記スーパーモンキー大冒険,"￥4,900","￥5,000代",0,-,,,,高瀬俊一|中島薫,,,,
1986-11-21,FC,256K,ACT,東映動画,長靴をはいた猫世界一周80日大冒険,"￥4,900","￥5,000代",0,-,,,,,宇野誠一郎,シャルル・ペロー,,
1986-11-26,FC,1M,ACT,ナムコ,マッピーランド,"￥3,900","￥4,000代",0,-,,,,,,,,
1986-11-26,FC,1M,ACT,ケイアミューズメントリース,怒IKARI,"￥5,500","￥5,500代",0,-,,,,伊集桂子,,,,
1986-11-27,FC,1M,ACT,バンダイ,ドラゴンボール神龍の謎,"￥5,300","￥5,500代",125,-,,,,,,,,
1986-11-28,FC,256K,PZL,アスキー,キャッスルエクセレント,"￥4,900","￥5,000代",0,-,,,,吉田功|めるへんめーかー,,,,
1986-12-01,FC,256K,SPT,バンダイ,ファミリートレーナーシリーズ2ランニングスタジアム,"￥4,900","￥5,000代",0,-,,,,,,,,
1986-12-05,FC,256K,SHT,ポニーキャニオン,タイガーヘリ,"￥4,900","￥5,000代",0,-,,,,,上村建也,,,
1986-12-05,FC,1M,SLG,東芝ＥＭＩ,ディーヴァストーリー6ナーサティアの玉座,"￥5,500","￥5,500代",0,-,,,,,,,,
1986-12-05,FC,256K,ACT,タカラ,戦え超ロボット生命体トランスフォーマーコンボイの謎,"￥4,900","￥5,000代",0,-,,,,,,,,
1986-12-06,FC,256K,ACT,ユース,ホッターマンの地底探険,"￥4,900","￥5,000代",0,-,,,,,,,,
1986-12-10,FC,1M,ADV,タイトー,たけしの挑戦状,"￥5,300","￥5,500代",80,-,,福津浩(ノバ),森永英一郎(ノバ),ビートたけし,,ビートたけし,富士本淳(セタ)|宮成昇(アルュメ),
1986-12-10,FC,512K,SPT,ナムコ,プロ野球ファミリースタジアム,"￥3,900","￥4,000代",205,-,,,,岸本好弘|HIE(小野浩)|くんちゃん(小野泰),中潟憲雄,,永島洋武,
1986-12-11,FC,1M,ADV,トーワチキ,シャーロックホームズ伯爵令嬢誘拐事件,"￥5,000","￥5,000代",0,-,,,AYA|NEAR|MAKOTO,M.KUBOTA,,,,
1986-12-12,FC,1M,ACT,ハドソン,ドラえもん,"￥5,500","￥5,500代",115,-,,,,,,,,
1986-12-15,FC,1M,RPG,アイレム,魔鐘,"￥5,300","￥5,500代",0,-,,スコット津村|ロスふたみ|やまのじゅん|マハヴィシュヌ,R.NAGASU,R.NAGASU|水足淳一,粕川由伸,,,
1986-12-16,FC,256K,ACT,ナムコ,メトロクロス,"￥3,900","￥4,000代",0,-,,,田中京太,岡本達郎|小野浩|粕川由紀|北原聡,大野木宜幸,,,
1986-12-18,FC,1M,ACT,コナミ,キングコング2怒りのメガトンパンチ,"￥5,300","￥5,500代",0,-,,,山田善朗|MU-CHAN,霜出健治,坂元信也|寺島里恵|山下絹代|禎清宏,,,
1986-12-18,FC,256K,ACT,サンソフト,マドゥーラの翼,"￥4,900","￥5,000代",0,-,,,,もりけん,小高直樹,,,
1986-12-18,FC,256K,ACT,CBSソニー,聖飢魔Ⅱ悪魔の逆襲！,"￥4,900","￥5,000代",0,-,,,,,,,,
1986-12-20,FC,1M,ACT,デービーソフト,レイラ,"￥5,300","￥5,500代",0,-,,,,,,,,
1986-12-23,FC,256K,SLG,アスキー,コスモジェネシス,"￥4,900","￥5,000代",0,-,,,,,,,,
1986-12-24,FC,1M,ACT,カプコン,闘いの挽歌,"￥5,500","￥5,500代",0,-,,,江川陽一,西山隆志,森安也子,,,
1986-12-26,FC,256K,ETC,タイトー,アルカノイド,"￥5,400","￥5,500代",0,30,,,,,,,,
1986-12-26,FC,1M,ACT,日本物産,クレイジークライマー,"￥5,300","￥5,500代",0,-,,,,藤原茂樹,,,,
1986-12-26,FC,1M,ADV,ケムコ,時空の旅人,"￥4,900","￥5,000代",0,-,,,,,国吉良一,眉村卓|(『とらえられたスクールバス』より),,
1987-01-04,FC,1M,ACT,コナミ,火の鳥鳳凰編我王の冒険,"￥5,300","￥5,500代",0,-,,"LOVELY HIDEKI","LOVELY HIDEKI",霜出健治,水谷郁|前沢秀憲|山下絹代,,,
1987-01-07,FC,1M,ACT,ナムコ,ドラゴンバスター,"￥4,900","￥5,000代",0,-,,,是枝ひろき,佐藤英治,慶野由利子,,,
1987-01-07,FC,1M,ACT,徳間書店,ラビリンス魔王の迷宮,"￥4,900","￥5,000代",0,-,,,,,トレヴァー・ジョーンズ,テリー・ジョーンズ,,
1987-01-26,FC,1M,RPG,エニックス,ドラゴンクエストⅡ悪霊の神々,"￥5,500","￥5,500代",241,38,,中村光一,中村光一,堀井雄二|鳥山明,すぎやまこういち,堀井雄二,千田幸信,
1987-02-01,FC,256K,SPT,バンダイ,ファミリートレーナーシリーズ3エアロビスタジオ,"￥5,800","￥6,000代",0,-,,,,,,,,
1987-02-06,FC,1M,ETC,ホットビィ,ザ・ブラックバス,"￥5,300","￥5,500代",0,-,,,,,,,,
1987-02-10,FC,256K,ACT,リコーエレメックス,新人類,"￥4,900","￥5,000代",0,-,,,,,,,,
1987-02-14,FC,1M,ACT,カルチャーブレーン,飛龍の拳奥義の書,"￥5,500","￥5,500代",0,-,,,,,,,,
1987-02-27,FC,1M,ACT,バンダイ,ポケットザウルス十王剣の謎,"￥5,500","￥5,500代",0,-,,,,,,,,
1987-03-05,FC,256K,ETC,トンキンハウス,ファミリーシンセいきなりミュージシャン,"￥4,900","￥5,000代",0,-,,,,,,,,
1987-03-06,FC,256K,ACT,ハドソン,ミッキーマウス不思議の国の大冒険,"￥4,900","￥5,000代",0,-,,菊田昌昭,三上哲|黒田尚樹|菊田昌昭,山本次行|松浦浩司|輪島智美,国本剛章,,,
1987-03-06,FC,1M,ADV,ポニーキャニオン,LawoftheWest西部の掟,"￥5,500","￥5,500代",0,-,,,,,,,,
1987-03-14,FC,1M,ADV,東宝,タッチミステリーオブトライアングル,"￥4,900","￥5,000代",0,-,,,,,,,,
1987-03-17,FC,1M,ACT,ビクター音楽産業,花のスター街道,"￥5,300","￥5,500代",0,-,,,,,,,,
1987-03-18,FC,1M,ADV,コナミ,グーニーズ2フラッテリー最後の挑戦,"￥4,900","￥5,000代",0,-,,,,,寺島里恵,,,
1987-03-25,FC,1M,ACT,タカラ,失われたメッセージロストワードオブジェニー,"￥5,500","￥5,500代",0,-,,,,,,,,
1987-03-27,FC,1M,ACT,ケムコ,南国指令！！スパイVSスパイ,"￥4,900","￥5,000代",0,-,,,マイケル・J・リーデル,,,,,
1987-04-02,FC,1M,ADV,ナムコ,さんまの名探偵,"￥4,900","￥5,000代",0,34,,,普川隆志,"SKELETON HIE SAN|瀧上園枝",慶野由利子|小沢純子,兵藤岳史,,
1987-04-14,FC,1M,TAB,セタ,森田将棋,"￥5,500","￥5,500代",0,-,,,,,,,,
1987-04-14,FC,1M,ACT,カプコン,魔界島七つの島の大冒険,"￥4,980","￥5,000代",0,-,,,小林成光,黒川真圭,藤田晴美,,,
1987-04-15,FC,1M,ACT,テクノスジャパン,熱血硬派くにおくん,"￥5,300","￥5,500代",0,-,,岸本良久,富山徳之|熊谷慎太郎|佐藤博|西村成孝,緒方孝治|斉藤伸一|向井久美子|白戸政男,澤和雄,,,
1987-04-17,FC,1M,ACT,テクモ,アルゴスの戦士はちゃめちゃ大進撃,"￥4,980","￥5,000代",0,-,,,,,,,,
1987-04-17,FC,1M,ACT,東映動画,北斗の拳2世紀末救世主伝説,"￥5,300","￥5,500代",0,-,,,,,,,,
1987-04-24,FC,256K,SPT,ナムコ,ファミリージョッキー,"￥3,900","￥4,000代",0,31,,,T.FUKUMOTO|宇田川治久|はなおかくみ,,小沢純子,,,
1987-05-01,FC,256K,SPT,バンダイ,ファミリートレーナーシリーズ4ジョギングレース,"￥4,900","￥5,000代",0,-,,,,,,,,
1987-05-19,FC,1M,ACT,ジャレコ,妖怪倶楽部,"￥4,900","￥5,000代",0,-,,,,爬沼晻,村田幸史,,,
1987-05-24,FC,256K,SPT,東芝ＥＭＩ,ダイナマイトボウル,"￥4,900","￥5,000代",0,-,,,,,,,,
1987-06-01,FC,2M,ADV,アスキー,北海道連鎖殺人オホーツクに消ゆ,"￥5,800","￥6,000代",0,-,,,上野利幸,本山重人|のせみのる,,堀井雄二,塩崎剛三,
1987-06-05,FC,1M,ACT,SNK,アテナ,"￥5,500","￥5,500代",0,-,,,,,,,,
1987-06-05,FC,1M,ACT,ハドソン,高橋名人のBUGってハニー,"￥5,500","￥5,500代",0,-,,,,,国本剛章(7曲担当),,,
1987-06-12,FC,1M,RPG,データイースト,闘人魔境伝ヘラクレスの栄光,"￥5,300","￥5,500代",0,-,,,,,,,,
1987-06-19,FC,512K,SPT,ナムコ,ファミリーボクシング,"￥4,900","￥5,000代",0,30,,,,,,,,
1987-06-20,FC,1M,ACT,デービーソフト,うっでいぽこ,"￥5,500","￥5,500代",0,31,,,小林貴樹|松井文也,高殿収,斉藤康仁,,吉田めぐみ,
1987-06-26,FC,1M,SPT,ジャレコ,燃えろ！！プロ野球,"￥5,500","￥5,500代",158,32,,,おおたのぶかず,田中哲次,村田幸史|林音人,,関雅行,
1987-06-26,FC,1M,SPT,ジャレコ,燃えろ！！プロ野球(黒),"￥5,500","￥5,500代",0,-,,,おおたのぶかず,田中哲次,村田幸史|林音人,,関雅行,
1987-06-27,FC,256K,ACT,エピックソニー,所さんのまもるもせめるも,"￥4,900","￥5,000代",0,-,,長崎行男,ハル研究所,島武実|所ジョージ,澤和雄,,所ジョージ|北島肇,
1987-06-30,FC,2M,RPG,タイトー,未来神話ジャーヴァス,"￥5,500","￥5,500代",0,-,,,,,,,,
1987-07-03,FC,1M,RPG,ハイスコアメディアワーク,ゾンビハンター,"￥4,900","￥5,000代",0,-,,,,,,,,
1987-07-07,FC,1M,ACT,コナミ,月風魔伝,"￥4,900","￥5,000代",0,-,,,橋本和久|青山和浩|山下和之|風仁美|徳田典|小川光章,米田朗,前沢秀憲,,,
1987-07-10,FC,1M,ACT,日本物産,ブービーキッズ,"￥4,900","￥5,000代",0,-,,藤原茂樹,,藤原茂樹,吉田健志|船場洋志,,,
1987-07-16,FC,1M,SHT,ハドソン,ヘクター'87,"￥5,000","￥5,000代",0,-,,小山俊典,"小山俊典|永田淳夫|KINCHAN|CHARLEY NAKATA","奥村恵|高津敏之|野中和彦|SUGATA MORIMOTO|YASUAKI KUWAHARA|桑原司|YAMACHAM!|増尾隆幸(パッケージデザイン)",国本剛章,,,
1987-07-17,FC,1M,RPG,ナムコ,ドラゴンスレイヤーⅣ,"￥4,900","￥5,000代",0,-,,,秋葉紀好|木屋善夫,大浦孝浩|都築和彦|古代彩乃,古代祐三|石川三恵子,立川敏男|木屋善夫|畠山孝一|大浦孝浩|秋葉紀好,加藤正幸,
1987-07-18,FC,1M,ETC,ケイアミューズメントリース,ジャンボウ,"￥4,980","￥5,000代",0,-,,,,,,,,
1987-07-20,FC,1M,SHT,サンソフト,ファンタジーゾーン,"￥5,300","￥5,500代",0,34,,石井洋児,片木秀一,石井洋児|近藤正樹,川口博史,,,
1987-07-22,FC,1M,ACT,ユース,バツ＆テリー魔境の鉄人レース,"￥5,300","￥5,500代",0,-,,,,,,,,
1987-07-30,FC,1M,ETC,バンダイ,カラオケスタジオ基本セット,"￥7,500","￥7,500代",0,-,,,,,,,,
1987-07-30,FC,1M,RPG,ビック東海,チェスターフィールド暗黒神への挑戦,"￥5,300","￥5,500代",0,-,,,,,,,,
1987-07-31,FC,1M,SPT,バンダイ,ファミリートレーナーシリーズ5迷路大作戦,"￥4,900","￥5,000代",0,-,,,,,,,,
1987-08-07,FC,1M,RAC,スクウェア,ハイウェイスター,"￥4,500","￥4,500代",0,32,,,,,,,,
1987-08-07,FC,1M,ACT,ハドソン,ボンバーキング,"￥5,500","￥5,500代",0,-,,おおたひろし,笹川敏幸|おかだひろゆき,竹森得泰|山本次行|松浦浩司|輪島智美|桑原美生|増尾隆幸(パッケージデザイン),井上大介|国本剛章,,,
1987-08-07,FC,1M,ACT,キングレコード,ミラクルロピット2100年の冒険,"￥4,900","￥5,000代",0,-,,,,,,,,
1987-08-10,FC,1M,ACT,トーワチキ,エルナークの財宝,"￥5,300","￥5,500代",0,-,,,,,,,,
1987-08-10,FC,1M,RPG,バンダイ,聖闘士星矢黄金伝説,"￥5,500","￥5,500代",0,-,,,,,,,,
1987-08-11,FC,1M,TAB,ナムコ,ファミリーマージャン,"￥3,900","￥4,000代",0,-,,,,,吉田健志,,,
1987-08-11,FC,256K,TAB,BPS,囲碁九路盤対局,"￥5,500","￥5,500代",0,-,,,,,,,,
1987-08-11,FC,1M,ADV,サンソフト,天下のご意見番水戸黄門,"￥5,300","￥5,500代",0,-,,,,,,,,
1987-08-11,FC,1M,ACT,コナミ,魔城伝説Ⅱ大魔司教ガリウス,"￥4,900","￥5,000代",0,-,,きたもとしんじ,きたもとしんじ|岸和田聡|徳田典,T.UEYAMA|くぼゆうさく,前沢秀憲|坂元信也|藤尾敦|禎清宏|山下絹代,,,
1987-08-17,FC,1M,ACT,HAL研究所,エアーフォートレス,"￥5,300","￥5,500代",0,-,,,,,,,,
1987-08-21,FC,1M,ACT,徳間書店,夢幻戦士ヴァリスthefantasicsoldier,"￥5,500","￥5,500代",0,-,,,,,,,,
1987-08-28,FC,1M,ADV,タカラ,光の戦士フォトン惑星ゾルディアスの戦い,"￥5,500","￥5,500代",0,-,,,,,,,,
1987-08-31,FC,1M,SPT,バンダイ,ファミリートレーナーシリーズ6マンハッタンポリス,"￥4,900","￥5,000代",0,-,,,,,,,,
1987-09-03,FC,1M,RPG,カルチャーブレーン,シェラザードアラビアンドリーム,"￥5,500","￥5,500代",0,-,,,,,,,,
1987-09-05,FC,1M,RPG,東芝ＥＭＩ,ゾイド中央大陸の戦い,"￥5,300","￥5,500代",0,-,,,,,,,,
1987-09-11,FC,1M,ADV,東映動画,SWAT,"￥5,300","￥5,500代",0,-,,,,,,,,
1987-09-11,FC,1M,RPG,ナムコ,デジタルデビル物語女神転生,"￥4,900","￥5,000代",0,31,,,,北爪宏幸|江崎稔,増子司,,,
1987-09-18,FC,1M,ACT,アイレム,スペランカーⅡ勇者への挑戦,"￥5,300","￥5,500代",0,-,,,,,,,,
1987-09-18,FC,256K,ACT,テクモ,つっぱり大相撲,"￥4,900","￥5,000代",0,-,,,猪瀬祥希,吉沢秀雄,山岸継司,,,
1987-09-22,FC,1M,ACT,ジャレコ,バイオ戦士DANインクリーザーとの闘い,"￥4,900","￥5,000代",0,-,,,,爬沼庵,増子司,,,
1987-09-24,FC,128K,SHT,HAL研究所,スターゲイト,"￥3,900","￥4,000代",0,-,,,,,,,,
1987-09-24,FC,1M,TAB,カプコン,井出洋介名人の実践麻雀,"￥6,500","￥6,500代",0,-,,,,,,,,
1987-09-25,FC,1M,RPG,タイトー,キョンシーズ2,"￥5,500","￥5,500代",0,-,,,,,,,,
1987-09-25,FC,1M,ACT,コナミ,沙羅曼蛇,"￥4,900","￥5,000代",0,-,,,町口浩康|たけもとみつお|高取利明|みのわいくこ,町口浩康|櫻井潤|よしたかみき|ばんどういくこ,波多野よしあき(SE・プログラム)|東野美紀(作曲),,,
1987-10-01,FC,128K,SHT,HAL研究所,ミリピート巨大昆虫の逆襲,"￥3,900","￥4,000代",0,-,,,,,,,,
1987-10-01,FC,1M,RPG,トンキンハウス,ロマンシア,"￥5,300","￥5,500代",0,-,,,木屋善夫|秋葉紀好,木屋善夫|山根朝郎,阿部隆人|古代祐三,五十嵐哲也,,
1987-10-02,FC,2M,ACT,アイレム,快傑ヤンチャ丸,"￥5,500","￥5,500代",0,-,,,,,,,,
1987-10-09,FC,2M,RPG,ポニーキャニオン,ウルティマ～恐怖のエクソダス～,"￥5,900","￥6,000代",0,32,,,,,,,,
1987-10-13,FC,2M,ACT,ジャレコ,エスパ冒険隊魔王の砦,"￥5,300","￥5,500代",0,-,,,,,坂本慎一,,,
1987-10-20,FC,1M,RPG,ケムコ,インドラの光,"￥5,300","￥5,500代",0,-,,しみずげんぞう,,すえだきみなり|てらざわようこ,増野宏之,,道浦忍,
1987-10-23,FC,1M,RPG,タイトー,ミネルバトンサーガラゴンの復活,"￥5,500","￥5,500代",0,-,,,森田和郎,米田仁士,大山曜|津田治彦,羅門祐人,,
1987-10-23,FC,1M,RPG,アスキー,覇邪の封印,"￥5,800","￥6,000代",0,-,,,,,堺香子,阿賀伸宏|鬼良あきら,,
1987-10-26,FC,2M,RPG,ハドソン,桃太郎伝説,"￥5,800","￥6,000代",100,32,,さくまあきら,,土居孝幸,関口和之|国本剛章(金太郎の村の曲とレベルアップ時のジングル),,,
1987-10-27,FC,1M,RPG,ホットビィ,星をみるひと,"￥5,300","￥5,500代",0,-,,,,,,,,
1987-10-28,FC,2M,ETC,バンダイ,カラオケスタジオ専用カセットトップヒット20Vol.1,"￥3,980","￥4,000代",0,-,,,,,,,,
1987-10-30,FC,1M,SPT,ナムコ,サイドポケット,"￥3,900","￥4,000代",0,-,,,,,,,,
1987-10-30,FC,128K,ACT,HAL研究所,ジャウスト,"￥3,900","￥4,000代",0,-,,,ビル・プフツェンロイター,ジョン・ニューカマー(英語版)|ジャン・ヘンドリクス|パイソン・アンゲロ(英語版),ティム・マーフィ|ジョン・コトラリク(音声),,,
1987-10-30,FC,1M,PZL,サンソフト,上海,"￥5,300","￥5,500代",0,-,,,,,,,,
1987-11-01,FC,1M,SPT,任天堂,マイクタイソンパンチアウト,"￥5,500","￥5,500代",0,30,,,,宮本茂,,,竹田玄洋,
1987-11-06,FC,1M,ACT,ナムコ,ルパン三世パンドラの遺産,"￥3,900","￥4,000代",0,-,,,宇田川治久|はなおかくみ,,,,,
1987-11-06,FC,1M,SLG,ジャレコ,宇宙船コスモキャリア,"￥4,900","￥5,000代",0,-,,,,,,,,
1987-11-13,FC,1M,RPG,日本物産,アルテリオス,"￥5,500","￥5,500代",0,-,,,,,,,,
1987-11-16,FC,2M,RPG,ハドソン,ファザナドゥ,"￥5,900","￥6,000代",0,-,,,奥野仁|小山俊典,岡本敏郎,作曲:竹間ジュン|プログラミング:滝本利昭,,,
1987-11-27,FC,256K,SPT,バンダイ,ファミリートレーナーシリーズ7ファミトレ大運動会,"￥4,900","￥5,000代",0,-,,,,,,,,
1987-11-27,FC,1M,RPG,ナムコ,時空勇伝デビアス,"￥4,900","￥5,000代",0,-,,,,,,,,
1987-12-04,FC,1M,RPG,ビクター音楽産業,アウトランダーズ,"￥5,300","￥5,500代",0,-,,,,浜崎博嗣,,真鍋譲治,,
1987-12-04,FC,1M,ACT,ナムコ,スターウォーズ(ナムコ製),"￥4,900","￥5,000代",0,30,,,岸本好弘,"WAN WAN|SHIMADA",川田宏行,,中村雅哉,
1987-12-04,FC,1M,RPG,コナミ,ドラゴンスクロール蘇りし魔竜,"￥5,300","￥5,500代",0,-,,,,,,,,
1987-12-04,FC,1M,ACT,パックインビデオ,ランボー,"￥5,300","￥5,500代",0,-,,,,,ジェリー・ゴールドスミス,ディヴィッド・マレル|『一人だけの軍隊』,,
1987-12-07,FC,1M,SHT,スクウェア,JJ(ジェイジェイ),"￥4,500","￥4,500代",0,-,,,,,,,,
1987-12-09,FC,1M,SPT,データイースト,ゴルフ倶楽部バーディラッシュ,"￥5,500","￥5,500代",0,-,,,,,,,,
1987-12-11,FC,1M,SHT,コナミ,トップガン,"￥5,300","￥5,500代",0,-,,,,,,,,
1987-12-11,FC,512K,SPT,ナムコ,ファミリーテニス,"￥3,900","￥4,000代",0,-,,,弓達公雄,永島洋武,小沢純子,,中村雅哉,
1987-12-11,FC,1M,ADV,タイトー,京都龍の寺殺人事件山村美紗サスペンスシリーズ,"￥5,500","￥5,500代",0,-,,,,,,,,
1987-12-12,FC,256K,ETC,デービーソフト,鉄道王,"￥4,900","￥5,000代",0,34,,,,,,,,
1987-12-15,FC,1M,RPG,任天堂,銀河の三人,"￥5,000","￥5,000代",0,-,,,,,,,,
1987-12-16,FC,1M,ACT,コナミ,エキサイティングボクシング,"￥7,980","￥8,000代",0,-,,,,,,,,
1987-12-17,FC,1M,ACT,カプコン,ロックマン,"￥5,300","￥5,500代",120,-,,,,,,,,
1987-12-18,FC,1M,ACT,ナムコ,カルノフ,"￥4,900","￥5,000代",0,-,,,,,,,,
1987-12-18,FC,1M,SPT,ケイアミューズメントリース,スティックハンター,"￥5,500","￥5,500代",0,-,,,,,,,,
1987-12-18,FC,1M,RAC,タイトー,タイトーグランプリ栄光へのライセンス,"￥5,500","￥5,500代",0,-,,,,,,,,
1987-12-18,FC,2M,RPG,スクウェア,ファイナルファンタジー,"￥5,900","￥6,000代",0,34,,坂口博信,ナーシャ・ジベリ,田中弘道|河津秋敏|天野喜孝,植松伸夫,寺田憲史|河津秋敏,宮本雅史,
1987-12-18,FC,1M,TAB,ココナッツジャパン,目指せパチプロパチ夫くん,"￥5,500","￥5,500代",0,31,,,,,,,,
1987-12-22,FC,1M,RPG,アスキー,ウィザードリィ,"￥5,800","￥6,000代",0,33,,,,,,,,
1987-12-22,FC,1M,RPG,バンダイ,ゲゲゲの鬼太郎2妖怪軍団の挑戦,"￥5,500","￥5,500代",0,-,,,,,,,,
1987-12-22,FC,512K,SPT,ナムコ,プロ野球ファミリースタジアム87年度版,"￥3,900","￥4,000代",130,-,,,,,,,,
1987-12-22,FC,1M,ACT,コナミ,メタルギア,"￥5,300","￥5,500代",0,-,,,福井博幸|大塚友則,小島秀夫|たばたまさみ|ふじもとあずさ,水谷郁|たけのうちしげひろ|古川元亮,,,
1987-12-25,FC,1M,SHT,東芝ＥＭＩ,マグナム危機一髪エンパイアシティー1931,"￥5,300","￥5,500代",0,-,,,,,,,,
1987-12-26,FC,1M,SHT,ポニーキャニオン,アタックアニマル学園,"￥5,500","￥5,500代",0,-,,はっとりやすお,"TSUHKAI SQUASH YAROH",にしたにあや|ふじもりあつし,はっとりやすお,,,
1987-12-26,FC,1M,ACT,ケムコ,スーパーマン,"￥5,500","￥5,500代",0,-,,,,,,,,
1987-12-28,FC,256K,SPT,バンダイ,ファミリートレーナーシリーズ8突撃！風雲たけし城,"￥4,900","￥5,000代",0,-,,,,,,,,
1988-01-06,FC,1M,RAC,ナムコ,ファミリーサーキット,"￥3,900","￥4,000代",0,32,,,遠藤雅伸|もろぼしはずれ,遠藤雅伸,大野木宜幸,,今成一雄,
1988-01-07,FC,2M,ADV,HAL研究所,ソフトハウス連続殺人事件殺意の階層,"￥5,900","￥6,000代",0,-,,,,,,,,
1988-01-14,FC,1M,ACT,コナミ,コナミワイワイワールド,"￥5,500","￥5,500代",0,30,,,青山和浩|徳田典|小川光章,月仲本|日下進,坂元信也|松尾重政|藤尾敦,,,
1988-01-22,FC,1M,ACT,東映動画,スケバン刑事Ⅲ,"￥5,300","￥5,500代",0,-,,,,,新田一郎,土屋斗紀雄|橋本以蔵|我妻正義|武上純希|神戸一彦,石原隆|中曽根千治|手塚治,
1988-01-23,FC,1M,ADV,サンソフト,リップルアイランド,"￥4,900","￥5,000代",0,-,,,酒井敦史|東谷浩明,KIRITAN|もりけん|HIDECHAN|CHAPPY,小高直樹|RYU,,,
1988-01-29,FC,1M,ACT,データイースト,ドナルドランド,"￥5,500","￥5,500代",0,-,,中本博通,石井誠一|GUMON|R.IJYUIN,棈松和哉|TAKAYUKI.M|T.NAGAOKA|かんだあきら|MOTOKO.N,S.KAMIZONO|三浦孝史|酒井省吾,,兼安時紀,
1988-02-01,FC,1M,SPT,HAL研究所,ジャンボ尾崎のホールインワンプロフェッシュナル,"￥5,600","￥5,500代",0,-,,,,,,,,
1988-02-01,FC,1M,RAC,CBSソニー,パリダカールラリースペシャル,"￥5,300","￥5,500代",0,-,,,,,,,,
1988-02-03,FC,1M,ACT,バンダイ,仮面ライダー倶楽部,"￥5,500","￥5,500代",0,-,,,,,,,,
1988-02-05,FC,1M,SHT,アイレム,ガーディック外伝,"￥5,500","￥5,500代",0,30,,仁井谷正充,広野隆行,寺本耕二|頼近直純|加藤直之,宮本昌知|山藤武志,,,
1988-02-09,FC,1M,ACT,コナミ,魂斗羅(コントラ),"￥5,300","￥5,500代",0,-,,,,,,,大瀧詠一,
1988-02-10,FC,2M,RPG,エニックス,ドラゴンクエストⅢそして伝説へ…,"￥5,900","￥6,000代",380,38,,中村光一,内藤寬,鳥山明,すぎやまこういち,堀井雄二,千田幸信,
1988-02-18,FC,2M,ETC,バンダイ,カラオケスタジオ専用カセットトップヒット20Vol.2,"￥3,980","￥4,000代",0,-,,,,,,,,
1988-02-18,FC,2M,SLG,イマジニア,松本亨の株式必勝学,"￥9,800","￥10,000代",0,30,,,,山科けいすけ,,松本亨,,
1988-02-26,FC,1M,ADV,データイースト,探偵神宮寺三郎横浜港連続殺人事件,"￥5,500","￥5,500代",0,-,,佐原稔英,梅木元博|今井敏彦,寺田克也,中神紀之|K.SUZUKI|宮田やすお,"RABBIT HOUSE GROUP4",,
1988-02-26,FC,1M,ACT,コナミ,鉄腕アトム,"￥5,500","￥5,500代",0,-,,,,,,,,
1988-03-04,FC,1M,ACT,ポニーキャニオン,ボールブレイザー(ルーカスフィルムゲーム),"￥5,500","￥5,500代",0,-,,,,,,,,
1988-03-08,FC,512K,ETC,タイトー,アルカノイドⅡ,"￥5,900","￥6,000代",0,-,,,,,,,,
1988-03-10,FC,1M,ACT,パックインビデオ,シュワルツネッガーのプレデター,"￥5,500","￥5,500代",0,-,,,,,,,,
1988-03-17,FC,1M,ETC,ビクター音楽産業,釣りキチ三平ブルーマーリン編,"￥5,500","￥5,500代",0,-,,,,,,,,
1988-03-17,FC,1M,ACT,ナムコ,ローリングサンダー,"￥5,500","￥5,500代",0,-,,,,,,,,
1988-03-18,FC,1M,SLG,アイレム,ナポレオン戦記,"￥5,500","￥5,500代",0,-,,,,,,,,
1988-03-18,FC,2M,SLG,光栄,信長の野望全国版,"￥9,800","￥10,000代",0,-,,,,,菅野よう子,,シブサワ・コウ,
1988-03-18,FC,1M,TAB,ポニーキャニオン,谷川浩司の将棋指南Ⅱ名人への道,"￥5,500","￥5,500代",0,-,,,,,,,,
1988-03-24,FC,1M,SPT,SNK,ファイティングゴルフ,"￥5,500","￥5,500代",0,-,,,,,,,,
1988-03-26,FC,1M,ACT,ビック東海,ゴルゴ13第一章神々の黄昏,"￥5,700","￥5,500代",0,-,,ANGELA,八木としやす,吉川昇一|吉川昇一|佐藤博幸,蓮谷通治,倉本奈緒,さいとう・たかを,
1988-03-28,FC,1M,RPG,イマジニア,愛の伝説オリュンポスの戦い,"￥5,300","￥5,500代",0,-,,,,,,,,
1988-03-28,FC,1M,SLG,ホットビィ,武田信玄,"￥5,800","￥6,000代",0,-,,,,,,,,
1988-03-29,FC,256K,SLG,アスキー,フリートコマンダー,"￥5,500","￥5,500代",0,-,,,,,,,,
1988-03-29,FC,2M,ACT,タイトー,不動明王伝,"￥5,900","￥6,000代",0,-,,,,,,,,
1988-03-30,FC,1M,ADV,データイースト,ビーバップハイスクール高校生極楽伝説,"￥5,800","￥6,000代",0,-,,,,,,,,
1988-04-05,FC,1M,SLG,ナムコ,独眼竜政宗,"￥5,500","￥5,500代",0,-,,,,,,,,
1988-04-08,FC,1M,ACT,東宝,ジーキル博士の彷魔が刻,"￥5,300","￥5,500代",0,-,,,,,蓮谷通治,,,
1988-04-08,FC,1M,ACT,テクノスジャパン,双截龍(ダブルドラゴン),"￥5,800","￥6,000代",0,31,,,,,,,,
1988-04-15,FC,1M,SPT,ジャレコ,燃えろ！！プロテニス,"￥5,500","￥5,500代",0,-,,,,樋上いたる|門之園恵美|池田和美,折戸伸治|戸越まごめ|麻枝准,志茂文彦,馬場隆博,
1988-04-16,FC,2M,ACT,ケイアミューズメントリース,怒ⅡDOGOSOKEN,"￥5,500","￥5,500代",0,-,,,,,,,,
1988-04-28,FC,1M,RPG,トンキンハウス,エリュシオン,"￥5,500","￥5,500代",0,-,,,,,,,,
1988-04-28,FC,1M,SPT,テクモ,キャプテン翼,"￥5,500","￥5,500代",0,32,,,,,,高橋陽一,,
1988-04-28,FC,1M,SLG,ケムコ,砂漠の狐戦車戦略,"￥5,500","￥5,500代",0,-,,,,,,,,
1988-05-01,FC,2M,ADV,トーワチキ,名探偵ホームズ霧のロンドン殺人事件,"￥6,000","￥6,000代",0,-,,,,,,,,
1988-05-13,FC,2M,RPG,スクウェア,ディープダンジョンⅢ勇士への旅,"￥5,900","￥6,000代",0,-,,,,,,,,
1988-05-20,FC,1M,ACT,東映動画,仮面の忍者赤影,"￥5,300","￥5,500代",0,-,,石崎すすむ,,金山明博,知久光康,菅良幸|井上敏樹|照井啓司|渡辺麻実,,
1988-05-27,FC,1M,SLG,ヘクト,将軍(SHOGUN),"￥5,800","￥6,000代",0,-,,,,,モーリス・ジャール,エリック・バーコビッチ,エリック・バーコビッチ|ベン・チャップマン|ジェームズ・クラベル|ケリー・フェルザーン,
1988-05-27,FC,1M,ADV,ハドソン,サラダの国のトマト姫,"￥5,900","￥6,000代",0,-,,,,,,,,
1988-05-27,FC,2M,SPT,ナムコ,ナムコクラシック,"￥5,900","￥6,000代",0,30,,,,,,,,
1988-05-27,FC,1M,ACT,ユーピーエル,忍者くん阿修羅の章,"￥5,300","￥5,500代",0,-,,,西澤龍一|藤沢勉,西澤龍一|藤沢勉,,,,
1988-05-30,FC,1M,RPG,バンダイ,聖闘士星矢黄金伝説完結編,"￥5,800","￥6,000代",0,-,,,,,,,,
1988-06-03,FC,1M,ACT,日本物産,コスモポリスギャリバン,"￥5,900","￥6,000代",0,-,,藤原茂樹,つちいえとしお,藤原茂樹|なかがわきょうこ,吉田健志,,,
1988-06-17,FC,1M,SHT,サンソフト,超惑星戦記メタファイト,"￥5,300","￥5,500代",0,32,,東谷浩明|北角浩一,さだけんじ|かじたけんじ,さだけんじ|岩田義明|駕屋ひろゆき|リチャード・ロビンス,小高直樹,,,
1988-06-20,FC,1M,SHT,カプコン,1943,"￥5,300","￥5,500代",0,-,,,,,,,,
1988-06-24,FC,1M,RPG,ケムコ,真田十勇士,"￥5,600","￥5,500代",0,30,,,,,,,,
1988-06-24,FC,1M,ACT,ナムコ,妖怪道中記,"￥4,900","￥5,000代",0,30,,,デビル中村,水野一実|ナナチャン大石|木元昌洋|小森谷勇一郎|サラバジャ南|ホルスタイン安斎|カータン榊原,川田宏行,,,
1988-06-28,FC,1M,SPT,タイトー,究極ハリキリスタジアム,"￥5,500","￥5,500代",0,-,,,,,,,,
1988-07-14,FC,2M,RPG,BPS,スーパーブラックオニキス,"￥5,900","￥6,000代",0,-,,,ボブ・ラザフォード|小林孝志|リチャード・チャールズ・ロジャース|坂本隆志,ヘンク・ブラウアー・ロジャース|ハンス・ヤンセン,,松方哲也,,
1988-07-15,FC,1M,ADV,コナミ,じゃりん子チエばくだん娘のし幸せさがし,"￥5,800","￥6,000代",0,-,,,,,,,,
1988-07-15,FC,1M,SLG,アスキー,ベストプレープロ野球,"￥5,800","￥6,000代",0,30,,,,,,,,
1988-07-15,FC,1M,ACT,ジャレコ,伝説の騎士エルロンド,"￥5,500","￥5,500代",0,-,,,,,デビッド・ワイズ,,,
1988-07-20,FC,2M,ACT,カプコン,ヒットラーの復活トップシークレット,"￥5,900","￥6,000代",0,-,,,,,,,,
1988-07-21,FC,2M,ADV,ボーステック,めぞん一刻,"￥5,900","￥6,000代",0,-,,,,,周防義和,岡田惠和,,
1988-07-22,FC,1M,ACT,ナムコ,カイの冒険,"￥3,900","￥4,000代",0,-,,遠藤雅伸,内藤智,遠藤雅伸|篠崎雄一郎|ときた洸一,小沢純子,遠藤雅伸,,
1988-07-22,FC,1M,ACT,ビック東海,カケフくんのジャンプ天国スピード地獄,"￥5,300","￥5,500代",0,-,,はせがわとしひさ,"BIG HIT MACHIYA|河村知彦",はせがわとしひさ,蓮谷道治,,藤原明|曽我栄蔵,
1988-07-26,FC,1M,ACT,タイトー,レインボーアイランド,"￥5,500","￥5,500代",0,-,,,藤末一郎|みきこうじ|おくのこうじ,三辻富貴朗|三辻富貴朗|讃岐平,相澤静夫|小倉久佳,三辻富貴朗,,
1988-07-26,FC,1M,SPT,テクノスジャパン,熱血高校ドッジボール部,"￥5,800","￥6,000代",0,31,,,,,,,,
1988-07-29,FC,1M,SHT,SNK,グレートタンク,"￥5,500","￥5,500代",0,-,,,かねだゆきお,なかいとしゆき|小畑浩二|藤原秀樹|かわさきいさむ|かまだおさむ|さとうじゅんこ,ゆあさまさかず|田中敬一|西田和弘,,川崎英吉,
1988-07-29,FC,1M,SLG,ナムコ,三国志中原の覇者,"￥6,900","￥7,000代",0,-,,,,,,,,
1988-07-29,FC,1M,ACT,カルチャーブレーン,飛龍の拳Ⅱドラゴンの翼,"￥5,500","￥5,500代",0,-,,,,,,,,
1988-07-30,FC,1M,SPT,バップ,スーパーリアルベースボール'88,"￥5,500","￥5,500代",0,-,,,,,,,,
1988-08-03,FC,2M,ADV,東京書籍,太陽の神殿アステカⅡ,"￥5,900","￥6,000代",0,-,,加藤正幸,橋本昌哉,山根ともお|横山宏,阿部隆人,宮本恒之,,
1988-08-09,FC,1M,PZL,HAL研究所,エッガーランド迷宮の復活,"￥5,600","￥5,500代",0,-,,,,,,,,
1988-08-10,FC,1M,SLG,ソフエル,ザ・マネーゲーム,"￥5,900","￥6,000代",0,-,,,篠原正義|高橋範道|杉坂浩一|ドラゴン高橋|土津完保|山本忠行,山口裕司|山㟁栄一,大藤由美子(日本版)|村井俊夫(北米版),松沢博,,
1988-08-10,FC,1M,ADV,バンダイ,闘将！！拉麺男炸裂超人一○二芸,"￥5,800","￥6,000代",0,-,,明比正行,,山口泰弘,奥慶一,ゆでたまご,,
1988-08-10,FC,2M,SPT,ジャレコ,燃えろ！！プロ野球'88決定版,"￥5,800","￥6,000代",0,-,,,,,,,,
1988-08-11,FC,1M,ADV,サンソフト,水戸黄門Ⅱ世界漫遊記,"￥5,500","￥5,500代",0,-,,,,,,,,
1988-08-12,FC,1M,SPT,データイースト,サッカーリーグウィナーズカップ,"￥5,800","￥6,000代",0,-,,,,,,,,
1988-08-12,FC,1M,RPG,バンダイ,ドラゴンボール大魔王復活,"￥5,800","￥6,000代",0,-,,荻野目洋,しみずかずや,あきこ|ゆうこ|かつら|やすえ,安達春樹|ペルー,,,
1988-08-12,FC,1M,RAC,ナムコ,ファイナルラップ,"￥5,200","￥5,000代",0,-,,,,,細江慎治,,,
1988-08-12,FC,1M,SLG,任天堂,ファミコンウォーズ,"￥5,500","￥5,500代",0,33,,,,,,,,
1988-08-12,FC,1M,ACT,コナミ,マッドシティ,"￥5,500","￥5,500代",0,-,,,,,トーマス・ニューマン,トム・マシューズ,,
1988-08-19,FC,2M,SLG,アイレム,不如帰(ほととぎす),"￥6,500","￥6,500代",0,-,,,,,,,,
1988-08-23,FC,1M,ETC,ココナッツジャパン,スーパーピンボール,"￥5,800","￥6,000代",0,-,,,,,,,,
1988-08-26,FC,2M,RPG,ビクター音楽産業,イース,"￥6,200","￥6,000代",0,30,,,,,,,,
1988-08-26,FC,256K,SPT,バップ,スーパーダイナミックバトミントン,"￥4,900","￥5,000代",0,-,,,,,,,,
1988-08-26,FC,1M,SHT,ハドソン,亀の恩返し,"￥5,500","￥5,500代",0,-,,,,,高山博彦,,,
1988-09-02,FC,1M,TAB,SNK,ファミコン名人戦,"￥5,900","￥6,000代",0,-,,,,,,,,
1988-09-13,FC,2M,ADV,ジャレコ,マニアックマンション,"￥5,500","￥5,500代",0,-,,,ロン・ギルバート|デヴィッド・フォックス|カール・メイ,ロン・ギルバート|ゲイリー・ウィニック(英語版)|ゲイリー・ウィニック,クリス・グリッグス|デヴィッド・ローレンス,ロン・ギルバート|ゲイリー・ウィニック,,
1988-09-16,FC,1M,SPT,コナミ,コナミックスポーツインソウル,"￥5,500","￥5,500代",0,-,,,,,,,,
1988-09-16,FC,2M,ACT,ポニーキャニオン,霊幻道士,"￥5,900","￥6,000代",0,-,,,,,アンダース・ネルソン|メロディ・バンク,"バリー・ウォン(黄炳耀)[注釈 1]|シートゥ・チャホン",,
1988-09-21,FC,2M,ADV,ポニーキャニオン,孔雀王,"￥5,800","￥6,000代",0,-,,,,越智博之(1)|摩砂雪(2)|岸田隆宏(3)|小池健|阿部恒,,荻野真,,
1988-09-22,FC,1M,ETC,ケムコ,ドナルドダック,"￥5,800","￥6,000代",0,-,,,,,,,,
1988-09-27,FC,1M,ACT,セタ,エイトアイズ,"￥5,800","￥6,000代",0,-,,,,,レノン=マッカートニー,,ジョージ・マーティン,
1988-09-27,FC,1M,ADV,ナムコ,えりかとさとるの夢冒険,"￥4,900","￥5,000代",0,-,,,,,高山博彦,,,
1988-09-30,FC,1M,TAB,エピックソニー,VIVALASVEGAS,"￥5,900","￥6,000代",0,-,,,,,,,,
1988-09-30,FC,512K,RAC,パックインビデオ,ナイトライダー,"￥5,500","￥5,500代",0,-,,,,,,,,
1988-10-01,FC,1M,SLG,アスキー,ベストプレープロ野球新データ,"￥5,800","￥6,000代",0,-,,,,,,,,
1988-10-11,FC,1M,SLG,ボーステック,大戦略,"￥5,900","￥6,000代",0,-,,,,,,,,
1988-10-18,FC,1M,ETC,ホットビィ,ザ・ブラックバスⅡ,"￥5,800","￥6,000代",0,-,,,,,,,,
1988-10-21,FC,1M,SHT,データイースト,コブラコマンド,"￥5,800","￥6,000代",0,-,,,,,,,,
1988-10-21,FC,1M,RPG,ナムコ,源平討魔伝,"￥4,900","￥5,000代",0,-,,,大久保良一,阿部信彦|高橋由鬼夫|穴田悟,中潟憲雄,高橋由鬼夫|大久保良一|中潟憲雄,,
1988-10-23,FC,2M,ACT,任天堂,スーパーマリオブラザーズ3,"￥6,500","￥6,500代",384,35,,宮本茂|手塚卓志,中郷俊彦,宮本茂|手塚卓志|手塚卓志|紺野秀樹|木村浩之,近藤浩治,,宮本茂,
1988-10-28,FC,1M,SLG,ヘクト,アメリカ大統領選挙,"￥9,800","￥10,000代",0,-,,,,,,,,
1988-10-30,FC,2M,SLG,光栄,三國志,"￥9,800","￥10,000代",0,-,,,,,,,,
1988-11-10,FC,1M,ADV,ナツメ,東方見文録,"￥5,800","￥6,000代",0,-,,,キャプテンつぼはち,太田螢一,"HANA YAMUCHA",ウルトラかんさい|KONAN,,
1988-11-11,FC,1M,SPT,ケイアミューズメントリース,アメリカンフットボールタッチダウンフィーバー,"￥5,500","￥5,500代",0,-,,,,,,,,
1988-11-11,FC,2M,TAB,アスミック,ぎゅわんぶらあ自己中心派,"￥5,900","￥6,000代",0,-,,,,,,,,
1988-11-11,FC,1M,ACT,ジャレコ,西遊記ワールド,"￥5,500","￥5,500代",0,-,,,,,,,,
1988-11-16,FC,1M,ETC,アテナ,ファミリークイズ4人はライバル,"￥5,800","￥6,000代",0,-,,,,,,,,
1988-11-18,FC,1M,RPG,ナムコ,貝獣物語,"￥5,500","￥5,500代",0,-,,,スタジオD51,バースデイ|フロッピー野中,六土開正,バースデイ,,
1988-11-22,FC,1M,ADV,ケムコ,ディジャブ悪魔は本当にやって来た,"￥9,800","￥10,000代",0,30,,,,,,,,
1988-11-22,FC,1M,SPT,ジャレコ,燃えろ！！ジュニアバスケットTWOONTWO,"￥5,500","￥5,500代",0,-,,,,,,,,
1988-11-25,FC,1M,ETC,タイトー,たけしの戦国風雲児,"￥5,800","￥6,000代",0,-,,,,,,,,
1988-11-25,FC,1M,TAB,ナムコ,ファミリーマージャンⅡ上海への道,"￥4,900","￥5,000代",0,-,,,,,,,,
1988-11-29,FC,1M,ETC,ジャレコ,中国占星術,"￥5,900","￥6,000代",0,-,,,,,,,,
1988-12-02,FC,1M,ACT,サンソフト,エイリアンシンドローム,"￥5,500","￥5,500代",0,-,,,,,中林亨,,,
1988-12-02,FC,2M,TAB,ハドソン,桃太郎電鉄,"￥5,800","￥6,000代",0,-,,さくまあきら,,飯塚裕之|土居孝幸,関口和之,桝田省治|こいでたく|まつもとたづ,,
1988-12-02,FC,1M,ACT,ビック東海,突然！マッチョマン,"￥5,500","￥5,500代",0,-,,,おかだひろゆき,"竹森得泰|風間浩|MACKEY UENO",横山清|安藤童太,,いのうえあきお,
1988-12-02,FC,1M,SLG,スクウェア,半熟英雄,"￥5,800","￥6,000代",0,-,,,,,,,,
1988-12-09,FC,1M,SLG,ナムコ,キングオブキングス,"￥5,900","￥6,000代",0,30,,,,,,,,
1988-12-09,FC,1M,SLG,東宝,ゴジラ,"￥5,800","￥6,000代",0,-,,,,,,,,
1988-12-09,FC,1M,RAC,バリエ,中嶋悟監修F-1ヒーロー,"￥5,900","￥6,000代",0,-,,,,,,,,
1988-12-09,FC,1M,ACT,テクモ,忍者龍剣伝,"￥5,500","￥5,500代",0,-,,,,,斎藤幹雄,,,
1988-12-10,FC,2M,ETC,インダクショウンプロディース,89電脳九星占いbyGingukan,"￥9,800","￥10,000代",0,-,,,,,,,,
1988-12-13,FC,1M,ACT,東映動画,ファイティングロード,"￥6,200","￥6,000代",0,-,,,,,,,,
1988-12-16,FC,2M,ADV,ビクター音楽産業,かぐや姫伝説,"￥5,900","￥6,000代",0,-,,,"SPRING FIELD",富沢千夏,美羅亜樹,松本貢,本多慧,
1988-12-16,FC,1M,ACT,徳間書店,キャプテンシルバー,"￥5,500","￥5,500代",0,-,,,,,,,,
1988-12-16,FC,1M,ACT,コナミ,グラディウスⅡ,"￥5,900","￥6,000代",0,31,,,橋本和久|徳田典|松花賢和|高浜元,三好威正|H.MORII|すえながみかよ,村岡一樹|上原和彦|上高治巳|森本ゆきえ,,,
1988-12-16,FC,1M,RAC,ケイアミューズメントリース,ザトライアスロン,"￥5,600","￥5,500代",0,-,,,,,,,,
1988-12-16,FC,1M,SPT,タイトー,究極ハリキリスタジアム'88選手新データバージョン,"￥5,500","￥5,500代",0,-,,,,,,,,
1988-12-17,FC,1M,RAC,東京書籍,サイクルレースロードマン～激走！！日本一周4000km～,"￥5,500","￥5,500代",0,-,,,,,,,,
1988-12-17,FC,1M,RAC,バリエ,トップライダー,"￥9,800","￥10,000代",0,-,,,,,,,,
1988-12-17,FC,2M,RPG,スクウェア,ファイナルファンタジーⅡ,"￥6,500","￥6,500代",76,35,,坂口博信,ナーシャ・ジベリ,田中弘道|青木和彦|天野喜孝,植松伸夫,寺田憲史,宮本雅史,
1988-12-20,FC,256K,SPT,バンダイ,ファミリートレーナーシリーズ9風雲たけし城二,"￥4,900","￥5,000代",0,-,,,,,,,,
1988-12-20,FC,1M,SHT,サンソフト,ファンタジーゾーンⅡオパオパの涙,"￥5,500","￥5,500代",0,-,,,,,上保徳彦,,,
1988-12-20,FC,1M,SPT,ナムコ,プロ野球ファミリースタジアム'88年度版,"￥4,900","￥5,000代",109,-,,,,,,,,
1988-12-20,FC,1M,TAB,HAL研究所,ローラーボール,"￥5,600","￥5,500代",0,-,,,,,,,,
1988-12-21,FC,1M,SLG,ケムコ,銀河英雄伝説わが征くは星の大海,"￥5,900","￥6,000代",0,-,,,,本木久年|清水恵蔵|久米一成|田中精美|池田裕治|高橋英樹|清水恵蔵|清水恵蔵(全編)|今泉賢一(「汚名」),,河中志摩夫,,
1988-12-22,FC,256K,PZL,BPS,テトリス,"￥4,900","￥5,000代",181,-,,,,,,,,
1988-12-23,FC,2M,SPT,ジャレコ,燃えろ！！プロサッカー,"￥5,800","￥6,000代",0,-,,,,,,,,
1988-12-24,FC,1M,ADV,タイトー,アキラ,"￥6,800","￥7,000代",0,-,,,,,,,,
1988-12-24,FC,1M,ACT,九娯貿易,エアーウルフ,"￥5,900","￥6,000代",0,-,,,,,,,,
1988-12-24,FC,2M,ADV,フジテレビ,小公子セディ(ファミコンドラマ),"￥5,900","￥6,000代",0,-,,,,,,,,
1988-12-24,FC,2M,ADV,カプコン,プロ野球？殺人事件！,"￥5,900","￥6,000代",0,-,,西山隆志,,貞本友思|河野浩行|貞本友思|稲船敬二,殿村裕誠,,,
1988-12-24,FC,2M,ACT,カプコン,ロックマン2Dr.ワイリーの謎,"￥5,800","￥6,000代",151,-,,北村玲,松嶋延幸,北村玲|岸本泰明|稲船敬二|富田直哉|北村玲,立石孝|松前真奈美|坂口由洋,,藤原得郎,
1988-12-26,FC,1M,SHT,SNK,ゲバラ,"￥5,500","￥5,500代",0,-,,,,,,,,
1989-01-04,FC,1M,ACT,コナミ,がんばれゴエモン2,"￥5,500","￥5,500代",0,-,,,青山和浩|小川光章|蛭子悦延,日下進|西村汁子|汾陽桂太,村田幸史|山根ミチル,,,
1989-01-06,FC,1M,SHT,タカラ,スペースハリアー,"￥5,500","￥5,500代",0,-,,藤井睦弘(セガ・マークIII),三船敏(アーケード)|川竹英士(アーケード)|中裕司(セガ・マークIII),鈴木裕(アーケード)|麻生宏(アーケード)|津田知介(アーケード)|永田英朗(アーケード)|貞森康毅(セガ・マークIII),川口博史(アーケード)|鈴木裕(アーケード)|上保徳彦(セガ・マークIII),中裕司(セガ・マークIII)|藤井睦弘(セガ・マークIII)|百田浩司(セガ・マークIII),金成貫(アーケード)|中裕司(セガ・マークIII),
1989-01-06,FC,2M,TAB,ソフエル,100万$キッド幻の帝王編,"￥5,900","￥6,000代",0,-,,,,"のむら ただお",村井俊夫,,,
1989-01-20,FC,1M,ADV,アイレム,西村京太郎ミステリーブルートレイン殺人事件,"￥6,500","￥6,500代",0,-,,,,,,,,
1989-01-20,FC,1M,RPG,SNK,里見八犬伝,"￥5,900","￥6,000代",0,-,,,,,,,,
1989-01-27,FC,2M,RPG,東芝ＥＭＩ,ゾイド2ゼネバスの逆襲,"￥5,900","￥6,000代",0,-,,,,,,,,
1989-01-27,FC,1M,RAC,コナミ,モトクロスチャンピオン,"￥5,500","￥5,500代",0,-,,,,,,,,
1989-01-27,FC,1M,ACT,ビック東海,電撃ビッグバン,"￥5,800","￥6,000代",0,-,,,久松のりひろ|成澤都美子|佐野まゆみ,かわむらはるひこ|かわむらはるひこ|ピータンやまぐち|きのしたかずあき,蓮谷道治,,,
1989-01-30,FC,2M,TAB,ココナッツジャパン,パチ夫くん2,"￥6,500","￥6,500代",0,-,,,,,,,,
1989-01-31,FC,256K,SPT,バンダイ,ファミリートレーナーシリーズ10来来キョンシーズベビーキョンシーのあみだ大冒険,"￥4,900","￥5,000代",0,-,,,,,,,,
1989-01-31,FC,1M,RAC,データイースト,ワールドグランプリPOLEtoFINISH(ポール・トゥ・フィニッシュ),"￥5,800","￥6,000代",0,-,,,,,,,,
1989-02-06,FC,1M,ACT,セタ,トムソーヤの冒険,"￥5,900","￥6,000代",0,-,,,,,,,,
1989-02-09,FC,1M,ACT,ナムコ,ワギャンランド,"￥4,900","￥5,000代",0,-,,,,,,,,
1989-02-10,FC,1M,ADV,サンソフト,赤龍王,"￥5,500","￥5,500代",0,-,,,,,,,,
1989-02-11,FC,1M,ADV,タイトー,京都花の密室殺人事件山村美紗サスペンスシリーズ,"￥5,900","￥6,000代",0,-,,,,,,,,
1989-02-15,FC,2M,RPG,バンダイ,ファミコンジャンプ英雄列伝,"￥6,500","￥6,500代",110,-,,東海林隆|かみやはるき|大久保悌伸,"あさくさNABE|TRACY KAZUYA",荻野目洋,安達春樹|ペルー,杉本則之,橋本名人,
1989-02-17,FC,2M,RPG,ナムコ,ハイドライド3闇からの訪問者,"￥6,900","￥7,000代",0,-,,,,,,,,
1989-02-17,FC,1M,ACT,エピックソニー,飛ingヒーロー(フライングヒーロー),"￥5,500","￥5,500代",0,-,,,,,,,,
1989-02-20,FC,512K,SHT,バンダイ,スペースシャドー,"￥9,800","￥10,000代",0,-,,,,,,,,
1989-02-21,FC,1M,RPG,アスキー,ウィザードリィⅡリルガミンの遺産,"￥6,500","￥6,500代",0,32,,,,,,,,
1989-02-23,FC,1M,RPG,ユース,百鬼夜行,"￥6,200","￥6,000代",0,-,,,,,,,,
1989-02-28,FC,1M,SPT,コナミ,がんばれペナントレース！,"￥5,900","￥6,000代",0,-,,,上野雅弘|山村としき,荻窪一仁,藤尾敦,,,
1989-03-03,FC,1M,ACT,バンダイ,魁！男塾疾風一号生,"￥5,800","￥6,000代",0,-,,,,,,,,
1989-03-03,FC,256K,TAB,ナムコ,早打ちスーパー囲碁,"￥5,900","￥6,000代",0,-,,,,,,,,
1989-03-17,FC,2M,ADV,キングレコード,ジーザス恐怖のバイオモンスター,"￥5,900","￥6,000代",0,-,,,,,,,,
1989-03-17,FC,2M,TAB,タイトー,爆笑！！人生劇場,"￥5,900","￥6,000代",0,-,,,,,,,,
1989-03-24,FC,1M,TAB,ナムコ,ファミリーピンボール,"￥4,900","￥5,000代",0,-,,,,,,,,
1989-03-24,FC,2M,ADV,トンキンハウス,暗黒神話ヤマトタケル伝説,"￥5,900","￥6,000代",0,-,,,,,,,,
1989-03-28,FC,1M,RPG,ジャレコ,じゃじゃ丸忍法帳,"￥5,800","￥6,000代",0,-,,,かずひろ,二条院翁|えいさく,岡村静良,,,
1989-03-28,FC,1M,SPT,データイースト,ペナントリーグホームランナイター,"￥5,800","￥6,000代",0,-,,,,,,,,
1989-03-30,FC,1M,SHT,サンソフト,アフターバーナー,"￥6,200","￥6,000代",0,-,,,,,,,,
1989-03-31,FC,1M,SHT,タイトー,オペレーションウルフ,"￥5,900","￥6,000代",0,-,,,,,,,,
1989-03-31,FC,1M,ADV,ケムコ,シャドウゲイト,"￥6,200","￥6,000代",0,-,,デヴィッド・マーシュ|カール・ローロフス,,,,,スコット・バーフィールド,
1989-03-31,FC,2M,SLG,イマジニア,松本亨の株式必勝学Ⅱ,"￥9,800","￥10,000代",0,-,,,,山科けいすけ,澤和雄,松本亨,,
1989-04-07,FC,1M,ACT,トーワチキ,ガーフィールドの一週間,"￥5,500","￥5,500代",0,-,,,イトイ・マサシ,,,,,
1989-04-14,FC,1M,SHT,ナムコ,ドラゴンスピリット新たなる伝説,"￥5,200","￥5,000代",0,-,,"YOKO BOSS",田中京太,"OJISAN TRIO PLUS 1|石川達也|MACCHAN|ARAKAWA DA!",細江慎治,,,
1989-04-18,FC,1M,ETC,ナムコ,マインドシーカー,"￥6,500","￥6,500代",0,-,,,,鈴木浩司,,,岩谷徹,
1989-04-20,FC,2M,SLG,光栄,蒼き狼と白き牝鹿ジンギスカン,"￥9,800","￥10,000代",0,-,,,,,菅野よう子,,シブサワ・コウ,
1989-04-25,FC,1M,ACT,テクノスジャパン,ダウンタウン熱血物語,"￥5,900","￥6,000代",0,-,,関本弘之|吉田晄浩|W.S.LITTLE,谷本敦|熊谷慎太郎|ふくはらげんえい|SHIN,白戸政男,澤和雄,,,
1989-04-25,FC,1M,ADV,ナムコ,デビルマン,"￥5,500","￥5,500代",0,-,,,,小松原一男|神志那弘志,三沢郷,永井豪,,
1989-04-27,FC,1M,ACT,ナムコ,ドラゴンバスターⅡ闇の封印,"￥5,200","￥5,000代",0,-,,,,,,,,
1989-04-28,FC,1M,ACT,アイレム,HOLYDIVER(ホーリーダイヴァー),"￥5,500","￥5,500代",0,-,,,,,,,,
1989-04-28,FC,1M,SLG,日本物産,KEIBASIMULATION本命(競馬シュミレーション本命),"￥9,800","￥10,000代",0,-,,,,,,,,
1989-05-01,FC,2M,ADV,トーワチキ,名探偵ホームズMからの挑戦状,"￥6,000","￥6,000代",0,-,,,,,,,,
1989-05-02,FC,2M,SLG,ヘクト,株式道場実践編,"￥9,800","￥10,000代",0,-,,,,,,,,
1989-05-12,FC,1M,ACT,コナミ,激亀忍者伝,"￥5,800","￥6,000代",0,-,,,,,"船橋淳(FC)|Kris Hatlelid(MS-DOS)|Tony Williams(AST/C64)",,,
1989-05-19,FC,1M,SPT,SNK,めざせ三冠王ベースボールスター,"￥5,900","￥6,000代",0,31,,,,,,,,
1989-05-19,FC,2M,RPG,カプコン,天地を喰らう,"￥5,900","￥6,000代",0,-,,,,,,,,
1989-05-26,FC,1M,RPG,カルチャーブレーン,スーパーチャイニーズ2ドラゴンキッド,"￥5,900","￥6,000代",0,-,,,,,,,,
1989-05-26,FC,1M,TAB,ソフエル,帰って来た！軍人将棋なんやそれ？,"￥5,500","￥5,500代",0,-,,,,,,,,
1989-06-23,FC,1M,RPG,ナムコ,ラサール石井のチャイルズクエスト,"￥5,500","￥5,500代",0,-,,,,,小沢純子,,ラサール石井,
1989-06-25,FC,1M,SLG,バンダイ,SDガンダムワールドガチャポン戦士2カプセル戦記,"￥6,800","￥7,000代",0,-,,,,,,,,
1989-06-27,FC,1M,ACT,ナムコ,クインティ,"￥4,900","￥5,000代",0,-,,田尻智,新改裕二,田尻智|杉森建,増田順一,,田尻智,
1989-06-30,FC,1M,ADV,セタ,マーダークラブ,"￥6,800","￥7,000代",0,-,,,,,,,,
1989-06-30,FC,1M,ACT,ケイアミューズメントリース,脱獄PRISONERSOFWAR,"￥5,600","￥5,500代",0,-,,,西田和弘,前田義久|藤原秀樹|かまだおさむ,田中敬一|おさかようこ|西田和弘,,ごとうあきら,
1989-07-13,FC,2M,SPT,ジャレコ,新燃えろプロ野球,"￥6,300","￥6,500代",0,-,,,,,,,,
1989-07-14,FC,1M,ACT,ナムコ,ドラゴンニンジャ,"￥5,800","￥6,000代",0,-,,,,,,,,
1989-07-14,FC,1M,RPG,ケムコ,ホワイトライオン伝説ピラミットの彼方に,"￥5,900","￥6,000代",0,-,,,,,,,,
1989-07-14,FC,256K,TAB,ヘクト,囲碁指南,"￥5,800","￥6,000代",0,-,,,,,,,,
1989-07-18,FC,1M,RPG,カプコン,ウィロー,"￥5,900","￥6,000代",0,-,,,,,ジェームズ・ホーナー,ボブ・ドルマン,,
1989-07-18,FC,1M,ACT,シグマ商事,必殺道場破り,"￥6,500","￥6,500代",0,-,,,,,,,,
1989-07-21,FC,1M,ACT,ナムコ,ケルナグール,"￥4,900","￥5,000代",0,-,,,内藤智,遠藤雅伸,大野木宜幸,,,
1989-07-21,FC,1M,RPG,ハイスコアメディアワーク,ファリア封印の剣,"￥6,200","￥6,000代",0,-,,,,,,,,
1989-07-21,FC,1M,SPT,タイトー,究極ハリキリスタジアム平成元年版,"￥6,800","￥7,000代",0,-,,,,,,,,
1989-07-21,FC,1M,SPT,ビック東海,全米プロバスケット,"￥5,800","￥6,000代",0,-,,,,,,,,
1989-07-25,FC,1M,SPT,トンキンハウス,パーフェクトボウリング,"￥5,500","￥5,500代",0,-,,,,,,,,
1989-07-25,FC,2M,RPG,任天堂,MOTHER(マザー),"￥6,500","￥6,500代",0,31,,,,,岩代太郎,大森立嗣|港岳彦,,
1989-07-25,FC,1M,ADV,バンダイ,美味しんぼ究極のメニュー三本勝負,"￥5,800","￥6,000代",0,-,,,,,,,,
1989-07-28,FC,1M,SPT,ナムコ,ファミスタ'89開幕版,"￥4,900","￥5,000代",0,-,,,,,,,,
1989-07-31,FC,1M,ACT,ナムコ,スプラッターハウスわんぱくグラフィティ,"￥4,900","￥5,000代",0,-,,,"篠原伸之|MYT JUSO",ながやまたいじ|JUNCHA|BAGUCHAN|HIDEBOU,"ANNA PURUNA",,"JJ PAGE",
1989-08-04,FC,1M,SLG,コナミ,コズミックウォーズ,"￥6,500","￥6,500代",0,-,,,松岡伸浩|村田司朗|山根秀直,霜出健治|木下まり,前沢秀憲|上高治己,,,
1989-08-04,FC,1M,SHT,CBSソニー,究極タイガー,"￥5,900","￥6,000代",0,-,,,弓削雅稔|上村建也,,弓削雅稔|上村建也,,,
1989-08-08,FC,1M,ACT,東宝,燃えるお兄さん,"￥5,800","￥6,000代",0,-,,,,山田みちしろ,馬飼野康二,佐藤正,,
1989-08-08,FC,1M,SPT,バンダイ,名門第三野球部,"￥5,800","￥6,000代",0,-,,,,,,,,
1989-08-11,FC,1M,SLG,学習研究社,ムーランルージュ戦記メルヴィルの炎,"￥5,900","￥6,000代",0,-,,,,,,,,
1989-08-21,FC,2M,SLG,ホットビィ,武田信玄2スーパー戦国シュミレーションゲーム,"￥6,800","￥7,000代",0,-,,,,,,,,
1989-08-24,FC,2M,SHT,CBSソニー,キャプテンED(えど),"￥5,900","￥6,000代",0,-,,,,迫由里香,平野義久,真島ヒロ,,
1989-08-25,FC,1M,RAC,コナミ,レーサーミニ四駆ジャパンカップ,"￥5,900","￥6,000代",0,-,,,亀和田光|永田昭彦|近藤隆司,戸隠のりやす,船橋淳,,,
1989-08-25,FC,1M,ACT,データイースト,ロボコップ,"￥5,800","￥6,000代",0,-,,,,,ベイジル・ポールドゥリス,エドワード・ニューマイヤー|マイケル・マイナー,,
1989-09-01,FC,1M,ACT,テクモ,激闘プロレス！！闘魂伝説,"￥5,800","￥6,000代",0,-,,,,,,,,
1989-09-14,FC,1M,ADV,トーワチキ,アイドル八犬伝,"￥6,000","￥6,000代",0,-,,,大平浩|キャプテンつぼはち|吉川聡,近藤ゆたか,禎清宏|見里朝生,安藤尚彦,ウルトラかんさい|禎清宏,
1989-09-14,FC,1M,TAB,ポニーキャニオン,谷川浩司の将棋指南Ⅲ,"￥5,800","￥6,000代",0,-,,,,,,,,
1989-09-19,FC,1M,ADV,カプコン,マルサの女,"￥5,900","￥6,000代",0,-,,,,,本多俊之,伊丹十三,,
1989-09-20,FC,2M,RPG,ポニーキャニオン,ウルティマ聖者への道,"￥5,900","￥6,000代",0,31,,,,,,,,
1989-09-22,FC,1M,SHT,タイトー,中華大仙,"￥5,800","￥6,000代",0,-,,,,阿部幸雄|藤原英裕,,,,
1989-09-23,FC,1M,TAB,ココナッツジャパン,アメリカンドリーム(AMERICANDREAM),"￥5,900","￥6,000代",0,-,,,,,,,,
1989-09-29,FC,1M,SHT,パックインビデオ,サンダーバード,"￥5,500","￥5,500代",0,-,,,,,,,,
1989-09-29,FC,1M,SHT,コナミ,ツインビー3ポコポコ大魔王,"￥5,500","￥5,500代",0,-,,,T.ひぐち|井上秀登,Y.たかき|D.そうま|小玉紀年,藤尾敦|船内秀浩|鈴木勝彦,,,
1989-09-29,FC,1M,ADV,サンソフト,マハラジャ,"￥6,200","￥6,000代",0,-,,,,,,,,
1989-09-29,FC,1M,ADV,ケムコ,悪魔の招待状,"￥6,200","￥6,000代",0,-,,,,,,,,
1989-09-29,FC,2M,RPG,ユース,明治維新,"￥6,200","￥6,000代",0,-,,,,,,,,
1989-09-29,FC,1M,PZL,ジャレコ,落っことしパズルとんじゃん,"￥5,600","￥5,500代",0,-,,,,,,,,
1989-10-06,FC,1M,SPT,ケイアミューズメントリース,甲子園,"￥5,900","￥6,000代",0,-,,,,,,,,
1989-10-13,FC,1M,SPT,アスミック,ワールドスーパーテニス,"￥5,900","￥6,000代",0,-,,,,,,,,
1989-10-14,FC,1M,SLG,バリエ,ヴィナス戦記,"￥5,800","￥6,000代",0,-,,,,,久石譲,笹本祐一|安彦良和,,
1989-10-19,FC,2M,RPG,東映動画,北斗の拳3新世紀創造凄拳列伝,"￥6,200","￥6,000代",0,-,,,,,,,,
1989-10-27,FC,1M,SPT,トンキンハウス,ソフトボール天国,"￥5,800","￥6,000代",0,-,,,,,,,,
1989-10-27,FC,1M,RPG,バンダイ,ドラゴンボール3悟空伝,"￥6,800","￥7,000代",0,-,,,,,安達春樹,,,
1989-10-27,FC,1M,SPT,アイレム,メジャーリーグ,"￥6,000","￥6,000代",0,-,,,,,,,,
1989-10-27,FC,1M,SPT,カルチャーブレーン,超人ウルトラベースボール,"￥6,500","￥6,500代",0,-,,,,,,,,
1989-10-27,FC,1M,ACT,エピックソニー,田代まさしのプリンセスがいっぱい,"￥5,500","￥5,500代",0,-,,,,,,,,
1989-10-31,FC,1M,TAB,光栄,麻雀大会,"￥7,800","￥8,000代",0,-,,,,,,,シブサワ・コウ,
1989-11-07,FC,2M,ADV,HAL研究所,御存知弥次喜多珍道中,"￥6,800","￥7,000代",0,-,,,,,,,,
1989-11-10,FC,1M,SPT,テクノスジャパン,U.S.チャンピオンシップV'BALL,"￥5,900","￥6,000代",0,-,,,,,,,,
1989-11-10,FC,1M,RPG,ナツメ,ダンジョン＆マジックSWORDSOFELEMENT(ソードオブエレメント),"￥6,500","￥6,500代",0,-,,,,,,,,
1989-11-17,FC,1M,RAC,アイレム,激突四駆バトル,"￥4,800","￥5,000代",0,-,,二見浩司,さいとうひろ,"岡野修身|BEBOLDER HIROSHIMA",御守郁子,,,
1989-11-17,FC,1M,ACT,九娯貿易,忍者COPサイゾウ,"￥5,900","￥6,000代",0,-,,,"TARO MACHIDA","NORIPI SAGAMI|DANICHI OONO","YOKI SHINJYUKU",,,
1989-11-24,FC,1M,SHT,アスミック,コズミックイプシロン,"￥6,500","￥6,500代",0,-,,,Kazenoofuu,Wozl,Endooo,,,
1989-11-24,FC,2M,TAB,シグマ商事,ベガスコネクションカジノより愛をこめて,"￥9,600","￥9,500代",0,-,,,,,,,,
1989-11-24,FC,1M,ACT,ジャレコ,寺尾のどすこい大相撲,"￥5,900","￥6,000代",0,-,,,,,,,,
1989-11-25,FC,1M,SPT,タイトー,ゴルフッ子オープン,"￥5,900","￥6,000代",0,-,,,,,,,,
1989-11-30,FC,2M,RPG,スクウェア,スクウェアのトムソーヤ,"￥6,500","￥6,500代",0,-,,,安達景太郎|吉井清史|中村博史,ほしののぶゆき|伊藤裕之|みうらまさあき|星野雅紀|時田貴司,植松伸夫,小森豪人,,
1989-12-01,FC,1M,SLG,ビック東海,コンフリクト,"￥6,200","￥6,000代",0,-,,,,,,,,
1989-12-01,FC,1M,RPG,バップ,TAO(タオ)道,"￥5,500","￥5,500代",0,-,,,,,,,,
1989-12-01,FC,1M,ACT,ケムコ,ホステージ,"￥5,900","￥6,000代",0,-,,,,,アレクサンドル・デプラ,ロバート・クレイス,,
1989-12-01,FC,2M,SLG,パックインビデオ,未来戦史ライオス,"￥6,300","￥6,500代",0,-,,,,,,,,
1989-12-08,FC,1M,ADV,バンダイ,おそ松くんバックトゥザミーの出っ歯の巻,"￥5,800","￥6,000代",0,-,,,,,,,,
1989-12-08,FC,256K,ACT,アイジーエス,スーパーモグラたたきぽっくんモグラー,"￥6,900","￥7,000代",0,-,,,,,,,,
1989-12-08,FC,1M,RAC,タイトー,タイトーチェイスH.Q.,"￥5,900","￥6,000代",0,-,,,,酒匂弘幸,浅野孝已,,,
1989-12-08,FC,2M,RPG,東映動画,光と闇の戦い新里見八犬伝,"￥6,200","￥6,000代",0,-,,,,,,,,
1989-12-08,FC,2M,ADV,ハドソン,星霊狩り,"￥5,800","￥6,000代",0,-,,,,,,,,
1989-12-09,FC,1M,ACT,ポニーキャニオン,SUPERSTARプロレスリング,"￥5,900","￥6,000代",0,-,,,,,"ミュージック・ビデオ 「Superstar」 - YouTube「I Don't Know」 - YouTube",,,
1989-12-15,FC,1M,SHT,ナツメ,アバドックス,"￥5,800","￥6,000代",0,-,,,,,,,,
1989-12-15,FC,1M,ADV,CBSソニー,かってにシロクマもりをすくえのまき,"￥5,900","￥6,000代",0,-,,,,,,,,
1989-12-15,FC,2M,RPG,カプコン,スウィートホーム,"￥6,500","￥6,500代",0,-,,,,,,,,
1989-12-15,FC,1M,SHT,コナミ,トップガンデュアルファイターズ,"￥6,000","￥6,000代",0,-,,,,,,,,
1989-12-15,FC,1M,TAB,ジャレコ,ピンボールクエスト,"￥5,600","￥5,500代",0,-,,,,,林安芸人,,,
1989-12-15,FC,1M,SPT,エポック社,ファミコン野球盤,"￥6,200","￥6,000代",0,-,,,,,,,,
1989-12-15,FC,256K,PZL,タイトー,フリップル,"￥3,900","￥4,000代",0,-,,,,,古川典裕,,,
1989-12-15,FC,1M,SPT,テクモ,激闘スタジアム,"￥5,500","￥5,500代",0,-,,,,,,,,
1989-12-15,FC,2M,RPG,アイレム,神仙伝,"￥6,300","￥6,500代",0,-,,,,,,,,
1989-12-19,FC,1M,SPT,ココナッツジャパン,ILOVEソフトボール,"￥6,500","￥6,500代",0,-,,,,,,,,
1989-12-19,FC,1M,SPT,ヘクト,エモやんの10倍プロ野球セリーグ編,"￥9,700","￥9,500代",0,-,,,,,,,,
1989-12-19,FC,1M,SPT,ポニーキャニオン,クォーターバックスクランブル,"￥5,900","￥6,000代",0,-,,,,,,,,
1989-12-19,FC,1M,SPT,ナムコ,ファミスタ'90,"￥5,800","￥6,000代",0,30,,,,,,,,
1989-12-20,FC,1M,SLG,ソフエル,ザ・マネーゲームⅡ兜町の奇跡,"￥5,900","￥6,000代",0,-,,,篠原正義|高橋範道|杉坂浩一|ドラゴン高橋|土津完保|山本忠行,山口裕司|山㟁栄一,大藤由美子(日本版)|村井俊夫(北米版),松沢博,,
1989-12-21,FC,1M,ACT,ジャレコ,ザロードオブキング,"￥5,600","￥5,500代",0,-,,竹森得泰,きんじょうさとる,竹森得泰|西村年幸|西村年幸|すごうともこ,横山清,,竹森得泰,
1989-12-22,FC,1M,ADV,エピックソニー,TMNETWORKLIVEINPOWERBOWL,"￥6,200","￥6,000代",0,-,,"RYOTARO HASEGAWA","PARASOL TSUNAKAWA","HEADBAD KASAHARA|MUCHIUCHI KODAMA|DARK KOHJIRO|TOBOKETA OKAMOTO","TM NETWORK","HIROYUKI NAKADA",山元哲治,
1989-12-22,FC,1M,ACT,サンソフト,バットマン,"￥6,200","￥6,000代",0,-,,,,,,,,
1989-12-22,FC,1M,ACT,ナムコ,マッピーキッズ,"￥5,800","￥6,000代",0,-,,,,,岩永敦子,,,
1989-12-22,FC,2M,ACT,コナミ,悪魔城伝説,"￥6,500","￥6,500代",0,30,,赤松仁司,赤松仁司|たけもとみつお|奥田康雄|きたもとしんじ,I.Urata,船橋淳|森本幸恵|前沢秀憲|佐々木嘉則(欧米版),,,
1989-12-22,FC,1M,ACT,テクノスジャパン,双截龍ⅡTheRevenge,"￥5,900","￥6,000代",0,-,,,,,,,,
1989-12-23,FC,2M,RPG,データイースト,ヘラクレスの栄光Ⅱタイタンの滅亡,"￥5,900","￥6,000代",0,-,,,,,,,,
1989-12-23,FC,1M,TAB,ナツメ,中国雀士物語東風(トンフー),"￥5,800","￥6,000代",0,-,,,,,,,,
1989-12-25,FC,1M,SLG,アスミック,名門！多古西応援団,"￥6,500","￥6,500代",0,-,,,,,,,,
1989-12-27,FC,1M,SPT,ティーエスエス,スーパーラグビー,"￥5,900","￥6,000代",0,-,,,,,,,,
1990-01-05,FC,2M,RPG,コナミ,がんばれゴエモン外伝きえた黄金キセル,"￥6,980","￥7,000代",0,-,,,青山和浩|小川光章|山根秀直|亀和田光|近藤隆司,日下進|石原かずみち|寺田泰二|野崎助平|汾陽桂太,小倉努|場伶花|山根ミチル|上高治己|宮脇聡子,汾陽桂太,,
1990-01-06,FC,256K,PZL,HAL研究所,アドベンチャーズオブロロ,"￥4,900","￥5,000代",0,30,,,,,金指英樹,,,
1990-01-12,FC,256K,TAB,青木書店,囲碁名鑑,"￥9,680","￥9,500代",0,-,,,,,,,,
1990-01-26,FC,1M,ACT,カプコン,わんぱくダック夢冒険DUCKTALES,"￥5,800","￥6,000代",0,-,,,,,,,,
1990-02-02,FC,256K,PZL,ヘクト,キャデラック,"￥4,900","￥5,000代",0,-,,,,,,,,
1990-02-02,FC,1M,ACT,コナミ,SUPER魂斗羅(スーパーコントラ),"￥5,800","￥6,000代",0,-,,,,,,,,
1990-02-03,FC,2M,SLG,光栄,信長の野望戦国群雄伝,"￥11,800","￥12,000代",0,-,,,,,菅野よう子|山本光男,,シブサワ・コウ,
1990-02-06,FC,1M,ACT,東映動画,もっともあぶない刑事,"￥5,300","￥5,500代",0,-,,,,,都志見隆,柏原寛司,,
1990-02-11,FC,4M,RPG,エニックス,ドラゴンクエストⅣ導かれし者たち,"￥8,500","￥8,500代",310,37,,中村光一,内藤寬|山名学,鳥山明,すぎやまこういち,堀井雄二,千田幸信,
1990-02-23,FC,1M,PZL,ポニーキャニオン,アークティック,"￥5,500","￥5,500代",0,-,,,,,,,,
1990-02-23,FC,1M,ACT,エポック社,キテレツ大百科,"￥5,900","￥6,000代",0,-,,,,,,藤子・F・不二雄,,
1990-02-23,FC,1M,ACT,カプコン,デッドフォックス,"￥5,800","￥6,000代",0,-,,,,,下村陽子|民谷淳子,,,
1990-02-24,FC,1M,RPG,バンダイ,悪魔くん魔界の罠,"￥5,800","￥6,000代",0,-,,,,,,,,
1990-02-27,FC,1M,ACT,アテナ,ドラゴンユニット,"￥5,800","￥6,000代",0,-,,,,,,,,
1990-03-02,FC,1M,ADV,アイレム,西村京太郎ミステリースーパーエクスプレス殺人事件,"￥6,500","￥6,500代",0,-,,,,,,,,
1990-03-02,FC,2M,SLG,ホットビィ,プレジデントの選択,"￥9,800","￥10,000代",0,-,,,,,,,,
1990-03-02,FC,1M,ACT,データイースト,ヘビーバレル,"￥5,800","￥6,000代",0,-,,,,,,,,
1990-03-09,FC,1M,RPG,アスキー,ウィザードリィⅢダイヤモンドの騎士,"￥6,500","￥6,500代",0,32,,,,,,,,
1990-03-09,FC,1M,ACT,タイトー,ドンドコドン,"￥5,900","￥6,000代",0,-,,,石田一朋|木下昌也,河上聖治|石川幸生|阿部幸雄|いしのみのり|沼田和博|五十嵐恒三|しのだてつや|V.A.P,高木正彦|山田靖子,,河上聖治|松本俊明|酒匂弘幸,
1990-03-09,FC,256K,ACT,コナミ,モアイくん,"￥4,800","￥5,000代",0,-,,村木摂|梅崎重治,柴田裕治,岸本方彰,上高治己,,,
1990-03-16,FC,1M,SHT,アイレム,イメージファイト,"￥6,500","￥6,500代",0,-,,,,,石田雅彦,,,
1990-03-16,FC,1M,ACT,カプコン,仮面の忍者花丸,"￥5,800","￥6,000代",0,-,,,東尾直樹,,,,,
1990-03-16,FC,1M,ACT,ケイアミューズメントリース,怒Ⅲ,"￥5,600","￥5,500代",0,-,,,,かまだおさむ,幡谷希久子|田中敬一,,,
1990-03-23,FC,2M,RPG,ビクター音楽産業,サンサーラナーガ,"￥7,500","￥7,500代",0,-,,押井守,藤沢昇,桜玉吉,川井憲次|笠井治|原田昌亮|なかやましんじ,伊藤和典,小森治信,
1990-03-23,FC,256K,ACT,データイースト,バルダーダッシュ,"￥4,900","￥5,000代",0,-,,,ピーター・リエパ|クリストファー・グレー,ピーター・リエパ|クリストファー・グレー,,,,
1990-03-23,FC,2M,RPG,ハドソン,魔神英雄伝ワタル外伝,"￥6,800","￥7,000代",0,-,,税所義仁|西澤龍一,渡辺勉|石塚路志人,吉原正訓|盛岡三奈,坂本慎一,,青山英治|川田忠之,
1990-03-30,FC,256K,SPT,徳間書店,パワーサッカー,"￥4,900","￥5,000代",0,-,,,,,,,,
1990-03-30,FC,2M,SLG,アスキー,ベストプレープロ野球Ⅱ,"￥6,800","￥7,000代",0,-,,,,,,,,
1990-03-30,FC,2M,ETC,イマジニア,井崎脩五郎の競馬必勝学,"￥9,800","￥10,000代",0,-,,,,,,,,
1990-03-30,FC,2M,RPG,コナミ,魍魎戦記MADARA(魔陀羅マダラ),"￥8,500","￥8,500代",0,-,,,,,,,,
1990-04-06,FC,2M,RPG,アスミック,ディープダンジョンⅣ黒の妖術師,"￥6,500","￥6,500代",0,-,,,,,,,,
1990-04-06,FC,2M,RPG,ナムコ,デジタルデビル物語女神転生Ⅱ,"￥7,800","￥8,000代",0,33,,,,金子一馬,増子司,,,
1990-04-06,FC,1M,ACT,テクモ,忍者龍剣伝Ⅱ暗黒の邪神剣,"￥5,900","￥6,000代",0,-,,,,,,,,
1990-04-07,FC,1M,RPG,バンダイ,ウルトラマン倶楽部2帰ってきたウルトラマン倶楽部,"￥6,000","￥6,000代",0,-,,,,,,,,
1990-04-13,FC,1M,SLG,バリエ,ガンヘッド新たなる戦い,"￥6,500","￥6,500代",0,-,,,,,,,,
1990-04-13,FC,256K,PZL,コナミ,クォース,"￥4,900","￥5,000代",0,-,,,"WADA 891006|石田和彦",井内洋|鮫島宗治|高野泰,半澤一雄,,,
1990-04-13,FC,2M,RPG,SNK,ゴッドスレイヤーはるか天空のソナタ,"￥7,600","￥7,500代",0,-,,河野和人,ぐうゆきお|おかださとる,前田義久,おさかようこ,冨田聖司,河野和人,
1990-04-20,FC,1M,ACT,バンプレスト,SDバトル大相撲平成ヒーロー場所,"￥6,300","￥6,500代",0,-,,,,,,,,
1990-04-20,FC,1M,ACT,タイトー,パワーブレイザー,"￥5,900","￥6,000代",0,-,,,岩佐俊和,,山下絹代,,,
1990-04-20,FC,2M,SLG,任天堂,ファイアーエムブレム暗黒竜と光の剣,"￥6,000","￥6,000代",0,-,,寺崎啓祐,たにまさはる|いまにしまさゆき|吉田康二|ふくらけい,加賀昭三|大澤徹|大西直孝|町田敏|村松敏孝,技術指導:田中宏和|作曲:馬場由佳,加賀昭三,横井軍平,
1990-04-20,FC,1M,ETC,日本物産,黒鉄ヒロシの予想大好き！勝馬伝説,"￥8,000","￥8,000代",0,-,,,,,,,,
1990-04-27,FC,4M,RPG,スクウェア,ファイナルファンタジーⅢ,"￥8,400","￥8,500代",140,36,,坂口博信,ナーシャ・ジベリ,田中弘道|青木和彦|天野喜孝,植松伸夫,寺田憲史,宮本雅史,
1990-05-11,FC,1M,RPG,ピクセル,影狼伝説,"￥6,200","￥6,000代",0,-,,,,,小倉久佳,,,
1990-05-18,FC,1M,ETC,ハドソン,キャッスルクエスト,"￥4,900","￥5,000代",0,-,,,,,,,,
1990-05-18,FC,1M,SPT,テクノスジャパン,熱血高校ドッジボール部サッカー編,"￥5,900","￥6,000代",0,-,,,とみやまひろこ|熊谷慎太郎|松本康裕,富山徳之|関本弘之|吉田晄浩|小山俊明|根立克行,澤和雄,,,
1990-05-25,FC,4M,RPG,ビクター音楽産業,イースⅡANCIENTYSVANISHEDTHEFINALCHAPTER,"￥7,500","￥7,500代",0,-,,,,,,,,
1990-05-25,FC,2M,SLG,ケイアミューズメントリース,馬券必勝学ゲートイン,"￥9,800","￥10,000代",0,-,,,,,,,,
1990-05-29,FC,1M,RPG,ジャレコ,じゃじゃ丸撃魔伝幻の金魔城,"￥5,900","￥6,000代",0,-,,,,,多和田吏,,,
1990-06-08,FC,1M,ACT,カプコン,チップとデールの大作戦,"￥5,800","￥6,000代",0,-,,,,,グレン・ダウム,,,
1990-06-15,FC,1M,RAC,ビスコ,ダッシュ野郎,"￥5,800","￥6,000代",0,-,,,和田悦拓,,太田理,,,
1990-06-23,FC,1M,SLG,ナムコ,バトルフリート,"￥5,900","￥6,000代",0,-,,,,,,,,
1990-06-23,FC,1M,ACT,ナツメ,ファイナルミッション,"￥5,800","￥6,000代",0,-,,,,,,,,
1990-06-29,FC,2M,SLG,光栄,水滸伝天命の誓い,"￥11,800","￥12,000代",0,-,,,,,木下伸司|三井一正|滝沢洋一,,シブサワ・コウ,
1990-06-29,FC,1M,SPT,ジャレコ,燃えろ！！柔道WARRIORS,"￥5,600","￥5,500代",0,-,,,,,,,,
1990-06-29,FC,1M,PZL,アイレム,迷宮島,"￥5,800","￥6,000代",0,-,,,にしけんじ|松本茂一,北浩也,石田雅彦,,,
1990-07-06,FC,1M,PZL,BPS,ハットリス,"￥5,500","￥5,500代",0,-,,,,アレクセイ・パジトノフ|ウラジーミル・ポヒルコ,,,,
1990-07-06,FC,256K,PZL,ホットビィ,パラメデス,"￥5,500","￥5,500代",0,-,,,,,,,,
1990-07-06,FC,1M,ACT,カルチャーブレーン,飛龍の拳Ⅲ五人の龍戦士,"￥6,300","￥6,500代",0,-,,,,,,,,
1990-07-07,FC,1M,ACT,バンプレスト,SDヒーロー総決戦倒せ悪の軍団,"￥6,300","￥6,500代",0,-,,飯野賢治,,青木健太,飯野賢治|平沢道也,三浦秀樹,,
1990-07-13,FC,1M,ACT,アテナ,wit's(ウイッツ),"￥5,800","￥6,000代",0,-,,,,,,,,
1990-07-20,FC,2M,SPT,テクモ,キャプテン翼Ⅱスーパーストライカー,"￥6,900","￥7,000代",0,31,,,,,山岸継司|斎藤幹雄|おかむらまゆこ,,,
1990-07-20,FC,1M,ACT,エピックソニー,ソルスティス三次元迷宮の狂獣,"￥5,900","￥6,000代",0,-,,,マイケル・ウェブ,マイケル・ウェブ|マーク・ウィルソン,ティム・フォリン,,ソルスティスチーム,
1990-07-20,FC,1M,TAB,日本物産,ニチブツマージャンⅢマージャンGメン,"￥6,400","￥6,500代",0,-,,,,,,,,
1990-07-20,FC,256K,SHT,タイトー,無頼戦士(ブライファイター),"￥5,900","￥6,000代",0,-,,,,,,,,
1990-07-20,FC,1M,ACT,アスミック,獣王記,"￥5,900","￥6,000代",0,-,,,穂苅健一(AC)|浅井敏典(MD)|松田達夫(MD)|百田浩司(MD),"内田誠(AC)|安原広和(AC)|NO NUKES(MD)|HAGA(AC)|梶本隆博(AC)|小玉理恵子(MD)|UDI(MD)",中林亨(AC)|長井和彦(MD),,,
1990-07-24,FC,1M,SPT,データイースト,ザ・ペナントリーグホームランナイター'90ペナントリーグ,"￥6,300","￥6,500代",0,-,,,,,,,,
1990-07-27,FC,1M,ACT,ビック東海,ゴルゴ13第二章イカロスの謎,"￥6,000","￥6,000代",0,-,,,もりもとりざえもん,いけだくにと|なかざわつとむ|やくしじみゆき|たかすぎよしみ,田崎寿子,,,
1990-07-27,FC,1M,RPG,ケイアミューズメントリース,ステッド遺跡惑星の野望,"￥5,900","￥6,000代",0,-,,,,,,,,
1990-07-27,FC,256K,PZL,任天堂,Dr.マリオ(ドクターマリオ),"￥4,900","￥5,000代",153,31,,,,岩佐裕子,"加藤達也|堤博明|YUKI KANESAKA",稲垣理一郎・Boichi,,
1990-07-27,FC,2M,RPG,ハドソン,ビックリマンワールド激突聖戦士,"￥6,800","￥7,000代",0,-,,,,,,,,
1990-07-27,FC,2M,SPT,ジャレコ,燃えプロ！'90感動編,"￥6,500","￥6,500代",0,-,,,,,,,,
1990-07-31,FC,2M,RPG,学習研究社,MightandMagic(マイトアンドマジック),"￥8,500","￥8,500代",0,-,,,,,,,,
1990-08-03,FC,1M,ETC,ココナッツジャパン,ゲームパーティー,"￥6,500","￥6,500代",0,-,,,,,,,,
1990-08-03,FC,1M,ACT,ケムコ,ハッピーバースディバックス,"￥5,900","￥6,000代",0,-,,,,,,,,
1990-08-08,FC,1M,ACT,カプコン,2010ストリートファイター,"￥5,800","￥6,000代",0,-,,,松嶋延幸|吉田幸司,山本尚司,民谷淳子,,,
1990-08-08,FC,4M,RPG,アスキー,忍者らホイ！痛快うんがちょこ忍法伝,"￥7,800","￥8,000代",0,-,,さくまあきら,,土居孝幸,関口和之,,"アイ アンド エス",
1990-08-10,FC,1M,ACT,ナツメ,闇の仕事人KAGE,"￥5,900","￥6,000代",0,-,,,いしはらかずひこ,谷口俊一,水谷郁|山西浩一,,,
1990-08-10,FC,1M,ACT,ソフエル,タイタン,"￥5,900","￥6,000代",0,-,,,,,,,,
1990-08-10,FC,1M,ACT,トーワチキ,ドラゴンファイター,"￥5,700","￥5,500代",0,-,,,,,アンソニー・サーシャハビッチ,,,
1990-08-10,FC,1M,PZL,バリエ,ぱられるワールド,"￥5,980","￥6,000代",0,-,,,,,,,,
1990-08-10,FC,256K,PZL,サンリツ電気,ピーパータイム,"￥4,900","￥5,000代",0,-,,,,,,,,
1990-08-10,FC,1M,ACT,サンソフト,ラフ,"￥5,500","￥5,500代",0,-,,,,,,,,
1990-08-10,FC,1M,RPG,パックインビデオ,川のぬし釣り,"￥6,300","￥6,500代",0,-,,,,,,,,
1990-08-10,FC,2M,SPT,アスミック,日本一の名監督,"￥6,800","￥7,000代",0,-,,,,,,,,
1990-08-11,FC,2M,RPG,バンダイ,SDガンダム外伝ナイトガンダム物語,"￥6,800","￥7,000代",0,-,,荻野目洋,,伴内弁太|島田晋作|粕谷小百合,安達春樹,,,
1990-08-11,FC,1M,PZL,トンキンハウス,ブロディアランド,"￥5,600","￥5,500代",0,-,,,,,,,,
1990-08-21,FC,1M,ADV,ポニーキャニオン,孔雀王Ⅱ,"￥6,800","￥7,000代",0,-,,,"SEXY DYNAMITE|BENJO KOUROGI","小玉理恵子(PHENIX RIE)|UD1|川口貴子",鎌谷千佳子,,,
1990-08-24,FC,1M,PZL,サンソフト,上海Ⅱ,"￥5,500","￥5,500代",0,-,,,,,,,,
1990-08-24,FC,1M,ACT,クエスト,魔天童子,"￥6,500","￥6,500代",0,-,,,,,,,,
1990-08-30,FC,2M,TAB,ビクター音楽産業,雀豪,"￥6,700","￥6,500代",0,-,,,,,,,,
1990-08-31,FC,1M,ETC,クエスト,ダンジョンキッド,"￥6,500","￥6,500代",0,-,,,,,岩田匡治,,,
1990-09-07,FC,1M,SHT,HAL研究所,宇宙警備隊SDF,"￥6,900","￥7,000代",0,-,,,,,,,,
1990-09-08,FC,1M,SLG,バンプレスト,SD戦国武将列伝烈火のごとく天下を盗れ！,"￥6,800","￥7,000代",0,-,,,,,,,,
1990-09-08,FC,1M,SPT,ティーエスエス,ワールドボクシング,"￥5,900","￥6,000代",0,-,,,,,,,,
1990-09-14,FC,2M,RPG,エポック社,ドラえもんギガゾンビの逆襲,"￥6,800","￥7,000代",0,-,,堀江正幸,おいかわさとし|しのみやさとし|わたなべやすお,長崎剛志|いなざわともえ,沓掛隆志,レッドカンパニー|ポップハウス,浮洲博,
1990-09-14,FC,1M,SLG,データイースト,リトルマジック,"￥6,300","￥6,500代",0,-,,,,,,,,
1990-09-14,FC,1M,TAB,パックインビデオ,爆笑！スターものまね四天王,"￥6,200","￥6,000代",0,-,,,,,さいとうじゅんいち,,,
1990-09-15,FC,2M,SLG,光栄,維新の嵐,"￥11,800","￥12,000代",0,-,,,,,菅野よう子|山本光男,,シブサワ・コウ,
1990-09-21,FC,1M,ACT,タイトー,インセクターX,"￥5,900","￥6,000代",0,-,,,,,,,,
1990-09-21,FC,1M,TAB,ポニーキャニオン,田村光昭麻雀ゼミナール,"￥5,800","￥6,000代",0,-,,,,,,,,
1990-09-28,FC,1M,SLG,ケムコ,ノースアンドサウスわくわく南北戦争,"￥6,200","￥6,000代",0,-,,,,,,,,
1990-09-28,FC,1M,ACT,ジャレコ,マジックジョン,"￥5,600","￥5,500代",0,-,,,,川野一博|小宮山慶太,澤和雄|田崎寿子,,,
1990-09-28,FC,2M,ACT,カプコン,ロックマン3Dr.ワイリーの最期！？,"￥6,500","￥6,500代",108,-,,,桑名正,黒川真圭|稲船敬二|岸本泰明|岩崎あけみ|木嶋美紀,藤田靖明,,藤原得郎,
1990-09-28,FC,1M,ADV,データイースト,探偵神宮寺三郎時の過ぎゆくままに・・・,"￥4,900","￥5,000代",0,-,,吉田穂積,淵上和男,寺田克也,酒井省吾|浜田誠一|三浦孝史|鈴木雄司|高浜祐輔|山仲清二,野島一成,竹内倫,
1990-10-05,FC,1M,SHT,トンキンハウス,ガンナック,"￥6,000","￥6,000代",0,-,,,,,,,,
1990-10-12,FC,1M,SPT,テクノスジャパン,ダウンタウン熱血行進曲それゆけ大運動会,"￥6,200","￥6,000代",0,-,,関本弘之,南波靖一郎|松本康宏|熊谷慎太郎,根立克行(キャラ担当)|東郷和代(背景担当),澤和雄,,,
1990-10-19,FC,2M,RPG,東映動画,ブラッディウァリアーズシャンゴーの逆襲,"￥6,200","￥6,000代",0,-,,,,,,,,
1990-10-19,FC,1M,TAB,徳間書店,まじゃべんちゃー麻雀戦記,"￥5,800","￥6,000代",0,-,,,,,,,,
1990-10-19,FC,1M,ACT,コナミ,悪魔城すぺしゃるぼくドラキュラくん,"￥5,800","￥6,000代",0,-,,村田司朗,村田司朗|蛭子悦延|山本泰弘,吉本陽一|吉本陽一|藤岡謙治|矢内一則,田坂真二|宮脇聡子,,,
1990-10-21,FC,1M,SPT,ポニーキャニオン,シャッフルパックカフェ,"￥6,200","￥6,000代",0,-,,,,,,,,
1990-10-25,FC,1M,ETC,バンダイ,おえかキッズアンパンマンとおえかきしよう,"￥13,800","￥14,000代",0,-,,,,,,,,
1990-10-26,FC,1M,RAC,A-WAVE,アストロファング,"￥6,700","￥6,500代",0,-,,,,,,,,
1990-10-26,FC,1M,SPT,サンソフト,なんてったって！！ベースボール,"￥5,900","￥6,000代",0,-,,,,岩田義明,小高直樹,,,
1990-10-26,FC,2M,SLG,カプコン,水島新司の大甲子園,"￥6,500","￥6,500代",0,-,,,,,下村陽子,,,
1990-10-27,FC,2M,RPG,バンダイ,ドラゴンボールZ強襲！サイヤ人,"￥7,800","￥8,000代",0,-,,荻野目洋,しみずかずや|たかみやすし,荻野目洋,足立ハルキ,荻野目洋,バンダイ,
1990-10-27,FC,2M,TAB,ココナッツジャパン,パチ夫くん3帰ってきたパチ夫くん,"￥7,980","￥8,000代",0,33,,,,,,,"川原慎(第1回 - 1996年12月)|佐藤哲也(1997年1月 - 2001年3月)|桜井卓也(2001年4月 - 最終回)",
1990-11-02,FC,1M,ACT,九娯貿易,クロスファイヤー,"￥6,200","￥6,000代",0,-,,,,,,,,
1990-11-02,FC,2M,SLG,光栄,三國志Ⅱ,"￥11,800","￥12,000代",0,30,,,,,向谷実,,シブサワ・コウ,
1990-11-02,FC,1M,ADV,ヘクト,京都財テク殺人事件(山村美紗サスペンスシリーズ),"￥8,500","￥8,500代",0,-,,,,,,,,
1990-11-10,FC,4M,ADV,ユタカ,ラストハルマゲドン,"￥9,800","￥10,000代",0,-,,,渡辺裕志,飯島健男|武井一昌|小林功一郎|西塚耕一|中井覚,葉山宏治|猪瀬勝幸,飯島健男,,
1990-11-22,FC,256K,PZL,キャラクターソフト,サンリオカーニバル,"￥3,980","￥4,000代",0,-,,,,,,,,
1990-11-29,FC,1M,ACT,ジャレコ,ふしぎなブロビー-ブロバニアの危機-,"￥5,900","￥6,000代",0,-,,,デイヴィッド・クレイン|リック・ブース,"デイヴィッド・クレイン(英語版)|ガリー・キッチン(英語版)|Jesse Kapili","Mark Van Hecke",,,
1990-11-30,FC,1M,SPT,テクモ,テクモボウル,"￥6,900","￥7,000代",0,-,,,,,,,,
1990-11-30,FC,1M,SHT,コナミ,パロディウスだ！,"￥5,800","￥6,000代",0,-,,,徳田典,"GAKINCHO|TOUYOU SYOUTAROU|三好威正|MORY-WANDAYU|MIKACHAN",村岡一樹,,,
1990-11-30,FC,1M,ACT,エポック社,迷宮の達人大迷路,"￥5,800","￥6,000代",0,-,,,,,,,,
1990-12-07,FC,2M,ACT,コナミ,ティーンエージミュータントニンジャタートルズ,"￥7,000","￥7,000代",0,-,,,,,山根ミチル,,,
1990-12-07,FC,2M,TAB,アスミック,ぎゅわんぶらあ自己中心派2,"￥6,500","￥6,500代",0,-,,,,,,,,
1990-12-07,FC,1M,RPG,東宝,タイムズオブロア～失われたメダリオン,"￥5,300","￥5,500代",0,-,,,,,,,,
1990-12-07,FC,512K,SPT,テクモ,テクモワールドカップサッカー,"￥5,800","￥6,000代",0,-,,,,,,,,
1990-12-07,FC,1M,ACT,カプコン,パジャマヒーローNEMO,"￥6,200","￥6,000代",0,-,,,,,,,,
1990-12-07,FC,1M,SPT,ビスコ,グレートボクシングRUSHUP(ラッシュアップ),"￥6,800","￥7,000代",0,-,,,,,,,,
1990-12-07,FC,1M,ACT,ジャレコ,西遊記ワールドⅡ天上界の魔神,"￥5,600","￥5,500代",0,-,,,,,,,,
1990-12-07,FC,1M,ACT,フェイス,千代の富士の大銀杏,"￥5,800","￥6,000代",0,-,,,,,,,,
1990-12-08,FC,2M,ACT,ナムコ,ワギャンランド2,"￥5,800","￥6,000代",0,-,,,,,,,,
1990-12-12,FC,2M,SLG,光栄,ファミコントップマネジメント,"￥9,800","￥10,000代",0,-,,,,,,,,
1990-12-13,FC,2M,SLG,アスキー,ベストプレープロ野球'90,"￥6,800","￥7,000代",0,-,,,,,,,,
1990-12-14,FC,512K,PZL,ハドソン,KLAX(クラックス),"￥5,800","￥6,000代",0,-,,,,,,,,
1990-12-14,FC,1M,ACT,サンソフト,グレムリン2-新種誕生-,"￥6,500","￥6,500代",0,-,,,,,ジェリー・ゴールドスミス,チャーリー・ハース,,
1990-12-14,FC,1M,ACT,サミー工業,龍牙忍者クルセイダーズ,"￥5,500","￥5,500代",0,-,,,,,,,,
1990-12-14,FC,1M,ACT,ビック東海,まじかるキッズどろぴー,"￥6,000","￥6,000代",0,-,,,T.ISHIHARA|岡田覚|蛭田浩二,t.seki|S.KAGAWA,横山清|加瀬正紀,,,
1990-12-14,FC,1M,ACT,ジャレコ,メタルフレームサイバスター,"￥5,900","￥6,000代",0,-,,,,,,,,
1990-12-14,FC,2M,ADV,バンプレスト,必殺仕事人のさばる悪のある限り、仕事人の血が騒ぐ,"￥7,600","￥7,500代",0,-,,,,,,,,
1990-12-14,FC,1M,ACT,メルダック,暴れん坊天狗,"￥6,500","￥6,500代",0,-,,中潟憲雄,平松邦仁,"大久保高嶺|吉羽孝雄|Shin-ichi Ogawa",中潟憲雄|大久保高嶺,,河副純一郎,
1990-12-19,FC,1M,ACT,アスミック,ジャンピンキッドジャックと豆の木ものがたり,"￥5,800","￥6,000代",0,-,,,,,,,,
1990-12-19,FC,1M,ACT,アイレム,パーマン,"￥5,500","￥5,500代",0,-,,,,,若草恵,渡辺歩,,
1990-12-20,FC,1M,SPT,アイジーエス,バトルスタジアム選抜プロ野球,"￥6,800","￥7,000代",0,-,,,,,,,,
1990-12-21,FC,1M,SLG,トミー,メカ生命体ゾイド黙示録,"￥6,700","￥6,500代",0,-,,,,,,,,
1990-12-21,FC,1M,ACT,アテナ,剣の達人ソードマスター,"￥5,900","￥6,000代",0,-,,,,,,,,
1990-12-21,FC,2M,RPG,ポニーキャニオン,バーズテイル知られざる物語,"￥6,800","￥7,000代",0,-,,,,,,,,
1990-12-21,FC,1M,SPT,ナムコ,ファミスタ'91,"￥4,900","￥5,000代",0,-,,,,,,,,
1990-12-21,FC,1M,SLG,データイースト,大怪獣デブラス,"￥6,500","￥6,500代",0,-,,そぎよういち,,みしまひろみ|むらたとしゆき|かわぐちしゅうじ,酒井省吾|桃井聖司|岩崎正明,神谷春輝,中本博通,
1990-12-21,FC,1M,ACT,パックインビデオ,地獄極楽丸,"￥6,200","￥6,000代",0,-,,,,,,,,
1990-12-22,FC,1M,SLG,バンダイ,SDガンダムガチャポン戦士3英雄戦記,"￥6,800","￥7,000代",0,-,,,,,,,,
1990-12-22,FC,1M,ACT,シグマ商事,ムサシの冒険,"￥6,500","￥6,500代",0,-,,,,吉田晶彦|ほりえとよじ,岩田匡治,ほりえとよじ,,
1990-12-26,FC,1M,ACT,HAL研究所,NEWゴーストバスターズ2,"￥5,900","￥6,000代",0,-,,,,,,,亀卦川佳史(制作プロデューサー),
1990-12-26,FC,1M,PZL,HAL研究所,アドベンチャーズオブロロⅡ,"￥5,900","￥6,000代",0,-,,,,,金指英樹,,,
1990-12-29,FC,1M,TAB,ココナッツジャパン,爆笑！愛の劇場,"￥7,300","￥7,500代",0,-,,,,,,,,
1991-01-04,FC,2M,RPG,ナムコ,じゅうべえくえすと,"￥7,800","￥8,000代",0,-,,,,,六土開正,,,
1991-01-05,FC,2M,ACT,コナミ,ワイワイワールド2SOS！パセリ城,"￥6,500","￥6,500代",0,-,,,青山和浩|小川光章|山口誠|吉田晃之,汾陽桂太|いしはらかずみち|福田裕貴,坂倉雄一|松原健一|宮脇聡子,,,
1991-01-25,FC,1M,ACT,ハドソン,ジャッキーチェン,"￥5,800","￥6,000代",0,-,,,,,,,,
1991-01-25,FC,1M,TAB,ナツメ,ドラドラドラ幸運を呼ぶゲーム,"￥5,800","￥6,000代",0,-,,,,,,,,
1991-01-25,FC,1M,ACT,コナミ,夢ペンギン物語,"￥5,800","￥6,000代",0,-,,,井上秀登|ひがしとしふみ,T.TAKAKI|しんどうまさみつ,鈴木勝彦|藤尾敦,,,
1991-01-30,FC,256K,ACT,アルトロン,ペーパーボーイ,"￥5,500","￥5,500代",0,-,,,ジョン・サルウィッツ,デイヴ・ラルストン,ハル・キャノン|アール・ヴィッカーズ,,,
1991-01-31,FC,1M,SPT,ヘクト,ゴルフグランドスラム,"￥9,700","￥9,500代",0,-,,,,,,,,
1991-02-08,FC,2M,RPG,データイースト,ダークロード,"￥6,800","￥7,000代",0,-,,,,,,,,
1991-02-08,FC,256K,SPT,アテナ,チャンピオンシップボーリング,"￥4,900","￥5,000代",0,-,,,,,,,,
1991-02-08,FC,2M,ADV,キングレコード,赤川次郎の幽霊列車,"￥6,800","￥7,000代",0,-,,,,,,長野洋|岡本喜八|松木ひろし|窪田篤人|渡邉祐介|長野洋|尾中洋一,,
1991-02-15,FC,1M,ACT,エポック社,パラソルヘンべえおとぎの国は大さわぎ！,"￥6,500","￥6,500代",0,-,,,,,,,,
1991-02-15,FC,1M,TAB,アイマックス,ファミコン将棋竜王戦,"￥6,500","￥6,500代",0,-,,,,,,,,
1991-02-15,FC,1M,SHT,バップ,マックスウォーリアー～惑星戒厳令～,"￥5,800","￥6,000代",0,-,,,,,,,,
1991-02-15,FC,1M,SPT,A-WAVE,ミニパット,"￥6,700","￥6,500代",0,-,,,,,,,,
1991-02-22,FC,2M,TAB,カプコン,井出洋介名人の実践麻雀Ⅱ,"￥8,500","￥8,500代",0,-,,,,,富樫則彦,,,
1991-02-22,FC,1M,ACT,テクノスジャパン,双截龍ⅢTheRosettaStone,"￥6,200","￥6,000代",0,-,,,,,,,,
1991-02-22,FC,2M,RPG,ビクター音楽産業,虹のシルクロード～ジグザグ冒険記～,"￥7,500","￥7,500代",0,-,,,,,,,,
1991-02-26,FC,2M,ACT,バリエ,グランドマスター,"￥6,500","￥6,500代",0,-,,,,,,,,
1991-02-28,FC,2M,SPT,サンソフト,なんてったってベースボール子ガメカセットOBオールスター編,"￥2,280","￥2,500代",0,-,,,,,,,,
1991-03-01,FC,1M,RPG,カルチャーブレーン,スーパーチャイニーズ3,"￥6,300","￥6,500代",0,-,,阿迦手観屋夢之助,たちばなあきら,しいなつかさ|かわはらひとみ|ましばけいこ,沢彰記,さとうけんたろう,阿迦手観屋夢之助,
1991-03-01,FC,1M,SPT,タイトー,究極ハリキリスタジアムⅢ,"￥6,900","￥7,000代",0,-,,,,,,,,
1991-03-08,FC,1M,RPG,ポニーキャニオン,AdvancedDungeon＆Dragonsヒーローオブランス,"￥6,800","￥7,000代",0,-,,,,,,,,
1991-03-08,FC,1M,TAB,ナムコ,ナムコット麻雀Ⅲマージャン天国,"￥4,900","￥5,000代",0,-,,,,,,,,
1991-03-15,FC,1M,SHT,コナミ,ガンサイト,"￥6,000","￥6,000代",0,-,,,,すめらぎ琥珀,あり,かずきふみ,,
1991-03-15,FC,1M,SLG,東宝,ふしぎの海のナディア,"￥6,500","￥6,500代",0,-,,,,貞本義行,鷺巣詩郎,大川久男|梅野かおる,,
1991-03-15,FC,4M,SLG,光栄,大航海時代,"￥11,800","￥12,000代",0,-,,,,,,,,
1991-03-21,FC,2M,RPG,ポニーキャニオン,AdvancedDungeon＆Dragonsヒルズファー,"￥7,800","￥8,000代",0,-,,,,,,,,
1991-03-21,FC,1M,ETC,アスキー,いただきストリート私のお店によってって,"￥6,800","￥7,000代",0,-,,,大森田不可止,堀井雄二|荒井清和,上野利幸,,,
1991-03-21,FC,1M,RPG,ポニーキャニオン,シャドウブレイン,"￥9,800","￥10,000代",0,-,,,,長沢英夫|今井修司|野田弘一|スクリーミング・マッド・ジョージ,中村一気|大野木宜幸|高見沢俊彦,千葉智宏|黒田洋介,小尾一介,
1991-03-21,FC,1M,ACT,バンダイ,まじかる☆タルるートくんFANTASTICWORLD(ファンタスティックワールド),"￥5,800","￥6,000代",0,-,,,,,"LOVE PSYCHEDELICO",,,
1991-03-22,FC,1M,TAB,タイトー,爆笑！！人生劇場2,"￥5,900","￥6,000代",0,-,,,,,,,,
1991-03-26,FC,1M,ETC,バンダイ,おえかキッズアンパンマンのひらがなだいすき,"￥6,800","￥7,000代",0,-,,,,,,,,
1991-03-29,FC,256K,ACT,キャラクターソフト,けろけろけろっぴの大冒険,"￥3,980","￥4,000代",0,-,,,,,ナオト・インティライミ(作詞・作曲),,,
1991-03-29,FC,1M,ACT,ジャレコ,忍者じゃじゃ丸銀河大作戦,"￥5,800","￥6,000代",0,-,,,,,高芝泰彦|鈴木康行,,,
1991-03-29,FC,2M,RPG,東映動画,北斗の拳4七星覇拳伝北斗神拳の彼方へ,"￥6,500","￥6,500代",0,-,,,,,,,,
1991-04-02,FC,1M,ACT,データイースト,ロボコップ2,"￥6,500","￥6,500代",0,-,,,,,レナード・ローゼンマン,キャラクター創造|エドワード・ニューマイヤー|マイケル・マイナー,,
1991-04-05,FC,1M,ACT,アトラス,ニューヨークニャンキーズ,"￥6,200","￥6,000代",0,-,,,,,,,,
1991-04-05,FC,1M,ETC,テクモ,おぼっちゃまくん,"￥6,500","￥6,500代",0,-,,,,藤田宗克,宮原恵太,桶谷顕|桜井正明|真保裕一ほか,,
1991-04-05,FC,4M,RPG,カプコン,天地を喰らうⅡ諸葛孔明伝,"￥8,500","￥8,500代",0,-,,,上山真一,藤原得郎|岡本吉起|竹中善則,藤田靖明,,,
1991-04-12,FC,256K,PZL,徳間書店,ゴルビーのパイプライン大作戦,"￥4,900","￥5,000代",0,-,,,,若林賢人,迫田敏明,,,
1991-04-12,FC,1M,SHT,ビスコ,ツインイーグル,"￥5,800","￥6,000代",0,-,,,,K.SATO|玖村麻子|かさじまみゆき|たけだみつひろ,"四元久|鈴木隆之|Conrad T. Kozawa",,富士本淳,
1991-04-21,FC,1M,ACT,アテナ,ファミリーブロック,"￥5,500","￥5,500代",0,-,,,,,,,,
1991-04-25,FC,4M,TAB,ヘクト,麻雀倶楽部永田町-総裁戦-,"￥9,700","￥9,500代",0,-,,つるやじゅん,さとうしょうじ,おだちひろよ|さかいゆきお,,,関雅行,
1991-04-26,FC,1M,ACT,サミー工業,ガンデック(GUN-DEC),"￥6,000","￥6,000代",0,-,,,,,,,,
1991-04-26,FC,1M,SHT,ホットビィ,オーバーホライゾン,"￥6,800","￥7,000代",0,-,,,,,,,,
1991-04-26,FC,1M,SPT,タイトー,タイトーバスケットボール,"￥5,900","￥6,000代",0,-,,,,,,,,
1991-04-26,FC,1M,TAB,セタ,マジックダーツ,"￥7,700","￥7,500代",0,-,,,,,,,,
1991-04-26,FC,4M,RPG,コナミ,ラグランジュポイント,"￥8,500","￥8,500代",0,-,,,,,,,,
1991-04-26,FC,1M,ACT,ハドソン,高橋名人の冒険島Ⅱ,"￥5,800","￥6,000代",0,-,,,,,,,,
1991-04-26,FC,1M,PZL,東映動画,紫禁城,"￥5,300","￥5,500代",0,-,,,,,,,,
1991-05-03,FC,2M,ACT,タケル,ココロン,"￥6,500","￥6,500代",0,-,,,,,,,,
1991-05-17,FC,256K,PZL,ホットビィ,パラメデスⅡ,"￥5,500","￥5,500代",0,-,,,,,,,,
1991-05-17,FC,1M,SHT,シグマ商事,ファジカルファイター,"￥6,200","￥6,000代",0,-,,,,,,,,
1991-05-23,FC,2M,SLG,光栄,ランペルール,"￥11,800","￥12,000代",0,-,,,,,石黒彰,,シブサワ・コウ,
1991-05-24,FC,2M,SHT,タイトー,テトラスター,"￥7,400","￥7,500代",0,-,,,,,,,,
1991-05-24,FC,2M,RPG,データイースト,メタルマックス,"￥7,800","￥8,000代",0,-,,吉田穂積|兼安時紀,菅原康弘|福島純|田内智樹,宮岡寛|きむらはじめ|とみさわ昭仁|山本貴嗣,門倉聡,,桝田省治,
1991-05-31,FC,256K,PZL,ヒューマン,エジプト,"￥3,800","￥4,000代",0,-,,,,,,,,
1991-05-31,FC,2M,SPT,サンソフト,なんてったってベースボール子ガメカセット'91開幕編,"￥2,280","￥2,500代",0,-,,,,,,,,
1991-06-21,FC,1M,ACT,テクモ,忍者龍剣伝Ⅲ～黄泉の方舟～,"￥6,200","￥6,000代",0,-,,,,,,,,
1991-06-21,FC,1M,ACT,カルチャーブレーン,飛龍の拳スペシャルファイティングウォーズ,"￥6,300","￥6,500代",0,-,,,,,,,,
1991-06-28,FC,4M,RPG,ポニーキャニオン,AdvancedDungeon＆Dragonsプールオブレイディアンス,"￥9,800","￥10,000代",0,-,,,,,,,,
1991-06-28,FC,1M,ETC,テクノスジャパン,すごろクエストダイスの戦士たち,"￥6,500","￥6,500代",0,-,,,かしわやひでとし|まえだてるひろ|佐藤博|松本康裕|ふくはらげんえい|もりしんいち,白戸政男,中野テルヲ|かめおかよしひろ|平沢道也,,,
1991-06-28,FC,1M,ACT,サミー工業,つっぱりウォーズ,"￥6,800","￥7,000代",0,-,,,,,,,,
1991-06-28,FC,1M,ACT,ハドソン,ボンバーマンⅡ,"￥5,800","￥6,000代",0,-,,,小坂恭洋,奥野仁|佐々木みか,竹間淳,,藤原茂樹,
1991-06-28,FC,1M,ACT,タカラ,超人狼戦記ウォーウルフ,"￥6,500","￥6,500代",0,-,,,,,,,,
1991-06-28,FC,2M,TAB,任天堂,新4人打ちマージャン役満天国,"￥6,300","￥6,500代",0,-,,,,,,,,
1991-07-05,FC,2M,SPT,バップ,ベースボールファイター,"￥7,800","￥8,000代",0,-,,,,,,,,
1991-07-05,FC,1M,TAB,ヘクト,囲碁指南'91,"￥6,800","￥7,000代",0,-,,,,,,,,
1991-07-19,FC,1M,ACT,タイトー,JuJu伝説,"￥6,800","￥7,000代",0,-,,,佐久間明|西澤孝|青木司,北原春樹|かきうちひろ|藤咲淳一|松原順,あおきゆうさく|北原幸憩,,,
1991-07-19,FC,1M,ACT,テクモ,キャッ党忍伝てやんでえ,"￥6,500","￥6,500代",0,-,,,,知心水(アニマロイドデザイン)|鈴木典孝(アニマロイド設定),川井憲次,関島真頼ほか,,
1991-07-19,FC,1M,ACT,パックインビデオ,ダイハード,"￥6,500","￥6,500代",0,-,,,,,,,,
1991-07-19,FC,256K,PZL,アイジーエス,パズニック,"￥4,900","￥5,000代",0,-,,,,,,,,
1991-07-19,FC,1M,TAB,ココナッツジャパン,パチンコ大作戦1,"￥5,900","￥6,000代",0,-,,,,,,,,
1991-07-19,FC,4M,RAC,ナムコ,ファミリーサーキット'91,"￥7,800","￥8,000代",0,30,,,,,,,,
1991-07-19,FC,1M,ACT,カプコン,リトルマーメイド-人魚姫-,"￥5,800","￥6,000代",0,-,,,,,,,,
1991-07-26,FC,1M,ACT,テクノスジャパン,ダウンタウンスペシャルくにおくんの時代劇だよ全員集合,"￥6,500","￥6,500代",0,-,,吉田晄浩,南波靖一郎(メインプログラマー)|大日方忠道(背景チェック担当)|松本康宏(メニュー周り担当)|森真一(ショップ周り担当),根立克行(キャラ担当)|東郷和代(背景担当),田崎寿子,,,
1991-07-31,FC,2M,RPG,Ｍ＆Ｍ,おたくの星座,"￥6,900","￥7,000代",0,-,,てんまんしげのり,あーぴーぱー,"永井努|きむらひでのり|JIM BOY|江口寿史",笠井治|原田昌亮,本宮ひろ志|武田亨,武田亨,
1991-08-02,FC,1M,ACT,タイトー,SD刑事ブレイダー,"￥6,400","￥6,500代",0,-,,,,,,,,
1991-08-02,FC,2M,SHT,アイジーエス,ロボッ子ウォーズ,"￥6,900","￥7,000代",0,-,,,,,デイヴィッド・アーカンストーン,ジャクソン・バー,,
1991-08-03,FC,512K,RAC,アルトロン,スーパースプリント,"￥6,500","￥6,500代",0,-,,,,,,,,
1991-08-03,FC,2M,ETC,バンプレスト,マイライフマイラブぼくの夢わたしの願い,"￥9,600","￥9,500代",0,-,,,,,,,,
1991-08-09,FC,2M,ACT,アイジーエス,アルマジロ,"￥6,900","￥7,000代",0,-,,,,,,,,
1991-08-09,FC,256K,PZL,アテナ,DEBLOCK(デブロック),"￥4,980","￥5,000代",0,-,,,,,,,,
1991-08-09,FC,1M,ACT,バップ,ドキ！ドキ！遊園地～クレイジーランド大作戦～,"￥5,800","￥6,000代",0,-,,,,,,,,
1991-08-09,FC,2M,RPG,ケムコ,ドラゴンウォーズ,"￥6,800","￥7,000代",0,-,,,レベッカ・ハインマン,ポール・オコーナー|ブライアン・ファーゴ|トッド・J・キャマスタ,カート・ハイデン,,ブライアン・ファーゴ|ブルース・シュリックベルンド,
1991-08-09,FC,1M,RPG,アスク講談社,百の世界の物語,"￥6,200","￥6,000代",0,-,,高瀬俊一,MASAHIRO.A,わきあかつぐみ|鳥居雅博,浅川政夫,,ふたみひろし,
1991-08-10,FC,2M,RPG,バンダイ,ドラゴンボールZⅡ激神フリーザ！！,"￥8,200","￥8,000代",79,-,,杉本則之,しみずかずや,N.SUGIMOTO|T.EGUCHI|MUGARUTIE|SOBA,いちだたけし,杉本則之,,
1991-08-21,FC,1M,SLG,ポニーキャニオン,A列車で行こう,"￥7,800","￥8,000代",0,-,,,,,,,,
1991-08-27,FC,1M,SHT,コナミ,クライシスフォース,"￥6,000","￥6,000代",0,-,,,小川光章|山口誠,岸本方彰|片上史将,松原健一|まんのやすひこ|中馬淳,,,
1991-08-29,FC,2M,SLG,光栄,ロイヤルブラッド,"￥9,800","￥10,000代",0,-,,,,,伊藤ヨシユキ|新田真澄,,シブサワ・コウ,
1991-08-30,FC,4M,ADV,HAL研究所,メタルスレイダーグローリー,"￥8,900","￥9,000代",0,-,,☆よしみる,向井忠,☆よしみる|☆よしみる|おおのさとし,京田誠一,☆よしみる,,
1991-08-30,FC,1M,ACT,アイレム,快傑ヤンチャ丸2からくりランド,"￥5,800","￥6,000代",0,-,,,,,山崎憲司,,,
1991-09-13,FC,2M,ACT,ビスコ,ウエスタンキッズ,"￥7,800","￥8,000代",0,-,,うさみけいすけ,桑村英樹|斎藤潤,増田祐司|増田祐司|森賢一,岩田匡治,,秋山哲雄,
1991-09-13,FC,1M,ETC,アテナ,ゲームデザイナー養成ソフト絵描衛門(でざえもん),"￥9,800","￥10,000代",0,-,,,,,,,,
1991-09-20,FC,1M,ACT,エピックソニー,ドラゴンズレア,"￥5,900","￥6,000代",0,-,,,マイケル・クナウアー|ヴィンス・リー,リック・ダイアー|ビクター・ペンマン|マーティ・フォールガー|ダーリーン・ウォディントン|ドン・ブルース,クリストファー・ストーン,,,
1991-09-20,FC,1M,ACT,サンソフト,へべれけ,"￥6,200","￥6,000代",0,-,,,,,,,,
1991-09-20,FC,2M,SPT,任天堂,マリオオープンゴルフ,"￥5,825","￥6,000代",0,31,,,,,,,,
1991-09-27,FC,2M,RPG,ビクター音楽産業,イースⅢワンダラーズフロムイース,"￥7,500","￥7,500代",0,-,,,,,,,,
1991-09-27,FC,1M,ACT,アイレム,スパルタンX2,"￥5,500","￥5,500代",0,-,,,,"西山隆志[注 1]",,,津村建二,
1991-09-27,FC,1M,ACT,サンソフト,バトルフォーミュラ,"￥6,200","￥6,000代",0,-,,"CHO MUSOU",北川正昭|野村雅仁|Y.AZUMA,塚田雅士|さとうひろゆき,小高直樹|原伸幸|瀬谷辰宇,,,
1991-09-27,FC,1M,RAC,バリエ,中嶋悟監修F-1ヒーロー2,"￥5,900","￥6,000代",0,-,,,,,,,,
1991-10-04,FC,1M,ETC,ナムコ,ちびまる子ちゃんうきうきショッピング,"￥5,800","￥6,000代",0,-,,"シリーズ監督:|石崎すすむ(第1期第1話 - 第34話)|棚橋一徳(第1期第35話-第116話)",,"重国勇二(第1期第1話 - 第113話)|河内日出夫(第1期第114話 - 第142話)|船越英之(第2期)|中原久文(第2期第1話 - 第132話[注 3])","中村暢之|川原伸司(第2期第1話 - 74話)",富永淳一|田嶋久子|髙橋幹子|石山優子|熊谷那美|平岡秀章|鈴谷梨乃|松島恵利子|加賀未恵|田中孝晃,,
1991-10-05,FC,1M,RPG,ユタカ,からくり剣豪伝ムサシロード～からくり人疾走る～,"￥6,800","￥7,000代",0,-,,,,,,,,
1991-10-12,FC,2M,RPG,バンダイ,SDガンダム外伝ナイトガンダム物語2光の騎士,"￥8,200","￥8,000代",0,-,,荻野目洋,,伴内弁太|島田晋作|高橋雅行,,,鈴木敏弘,
1991-10-25,FC,2M,RPG,ナツメ,カオスワールド,"￥7,000","￥7,000代",0,-,,,,,,,,
1991-10-25,FC,1M,ACT,シグマ商事,たいむゾーン,"￥6,200","￥6,000代",0,-,,,,,,,,
1991-10-26,FC,1M,ACT,エンジェル,特救指令ソルブレイン,"￥6,000","￥6,000代",0,-,,,,,瑞木薫,"杉村升 他","宇都宮恭三 梶淳(テレビ朝日) 堀長文(東映)",
1991-10-30,FC,1M,PZL,ヘクト,グレートディール,"￥6,800","￥7,000代",0,-,,,,,,,,
1991-11-01,FC,2M,TAB,トミー,モノポリー,"￥6,800","￥7,000代",0,-,,,,チャールズ・B・ダロウ (en) ,,,,
1991-11-15,FC,1M,ACT,ビクター音楽産業,スターウォーズ(ビクター製),"￥6,700","￥6,500代",0,-,,,アンドリュー・カーター,アキーラ・レドマー|ジョン・ノレス|ギャリー・ウィニック|リック・スタンド|ジョン・バーキー,マーシャル・パーカー,,アキーラ・レドマー|ハワード・フィリップス,
1991-11-15,FC,2M,RPG,テクモ,ラディア戦記黎明篇,"￥6,900","￥7,000代",0,-,,,,,,,,
1991-11-15,FC,1M,ADV,タカラ,少年アシベネパール大冒険の巻,"￥6,980","￥7,000代",0,-,,,,,,,,
1991-11-15,FC,1M,ACT,アイレム,大工の源さん,"￥6,500","￥6,500代",0,-,,,,,,,,
1991-11-15,FC,1M,SHT,ソフエル,地底戦空バゾルダー,"￥6,300","￥6,500代",0,-,,,水谷英治|永倉正明,倉本奈緒|有賀正祐|吉川昇一,安藤童太,倉本奈緒,石川佳幸,
1991-11-22,FC,4M,TAB,ココナッツジャパン,パチ夫くん4,"￥8,800","￥9,000代",0,-,,,,,,,,
1991-11-22,FC,256K,PZL,キャラクターソフト,みんなのたあ坊のなかよし大作戦,"￥3,980","￥4,000代",0,-,,,,,,,,
1991-11-22,FC,2M,SPT,ジャレコ,燃えプロ！最強編,"￥6,700","￥6,500代",0,-,,,,,,,,
1991-11-29,FC,4M,TAB,トミー,アメリカ横断ウルトラクイズ史上最大の戦い,"￥7,800","￥8,000代",0,-,,,,,,,,
1991-11-29,FC,1M,TAB,アイマックス,ファミコン囲碁入門,"￥6,500","￥6,500代",0,-,,,,,,,,
1991-11-29,FC,1M,SLG,コナミ,ランパート,"￥5,800","￥6,000代",0,-,,,ジョン・サルウィッツ,ジョン・サルウィッツ|デヴィッド・ラルストン,ブラッド・フラー|ドン・ディークナイテ,,リンダ・ベンツァー,
1991-12-06,FC,1M,ACT,東亜プラン,スノーブラザーズ,"￥6,500","￥6,500代",0,-,,,,,太田理,,,
1991-12-06,FC,4M,ACT,カプコン,ロックマン4新たなる野望！？,"￥7,800","￥8,000代",0,-,,,,,,,,
1991-12-06,FC,1M,ACT,ナムコ,平成天才バカボン,"￥5,800","￥6,000代",0,-,,,,岸義之,本間勇輔,赤塚不二夫,,
1991-12-13,FC,1M,TAB,ヨネザワ,ギミアぶれいく史上最強のクイズ王決定戦,"￥9,800","￥10,000代",0,-,,,,,,,,
1991-12-13,FC,1M,ACT,ジャレコ,つるピカハゲ丸めざせ！つるセコの証,"￥6,300","￥6,500代",0,-,,,,,,,,
1991-12-13,FC,2M,ACT,コナミ,ティーンエージミュータントニンジャタートルズ2ザ・マンハッタンプロジェクト,"￥6,900","￥7,000代",0,-,,,,,坂倉優一|冨田朋也|中村康三,,,
1991-12-13,FC,2M,SPT,テクモ,テクモスーパーボウル,"￥7,980","￥8,000代",0,-,,,,,,,,
1991-12-13,FC,1M,PZL,BPS,テトリス2+ボンブリス,"￥6,500","￥6,500代",0,30,,,,,,,,
1991-12-14,FC,1M,PZL,任天堂,ヨッシーのたまご,"￥4,757","￥5,000代",0,-,,田尻智,新改裕二|郡山昭仁,丸山傑規|杉森建,増田順一,,宮本茂,
1991-12-20,FC,1M,ACT,アスミック,アスミッくんランド,"￥6,300","￥6,500代",0,-,,,,,,,,
1991-12-20,FC,1M,ETC,アルトロン,アンタッチャブル,"￥6,800","￥7,000代",0,-,,,,,,,,
1991-12-20,FC,1M,ACT,サンソフト,ダイナマイトバットマン,"￥6,500","￥6,500代",0,-,,,,,,,,
1991-12-20,FC,1M,ACT,コナミ,タイニートゥーンアドベンチャーズ,"￥4,900","￥5,000代",0,-,,,,,ブルース・ブロートン,ポール・ディニ,,
1991-12-20,FC,2M,ACT,アイレム,パーマンPART2秘密結社マドー団をたおせ！,"￥5,500","￥5,500代",0,-,,,,,,,,
1991-12-20,FC,2M,ACT,日本コンピュータシステム,バトルトード,"￥6,500","￥6,500代",0,30,,,クリス・スタンパー|マーク・ベターリッジ,ティム・スタンパー(英語版)|クリス・スタンパー(英語版)|ケヴィン・ベイリス,デビッド・ワイズ,,ジョエル・ホッホバーグ,
1991-12-20,FC,1M,ACT,タカラ,バナナン王子の大冒険,"￥5,900","￥6,000代",0,-,,,,,,,,
1991-12-20,FC,1M,SPT,ナムコ,ファミスタ'92,"￥5,000","￥5,000代",0,-,,,,,,,,
1991-12-20,FC,1M,SLG,アスキー,ベスト競馬ダービースタリオン,"￥6,800","￥7,000代",0,32,,,,,,,,
1991-12-20,FC,2M,RPG,ソフエル,モンスターメーカー7つの秘宝,"￥6,800","￥7,000代",0,-,,,,,,,,
1991-12-20,FC,1M,TAB,ココナッツジャパン,東京パチスロアドベンチャー,"￥6,800","￥7,000代",0,-,,,,,,,,
1991-12-20,FC,2M,TAB,タイトー,爆笑！！人生劇場3,"￥6,400","￥6,500代",0,-,,,みずのまさる,なかたしんじ|くろさわきょうこ|なりたたけし,神尾憲一,,,
1991-12-21,FC,2M,SLG,ユタカ,SDガンダムガチャポン戦士4ニュータイプストーリー,"￥8,500","￥8,500代",0,-,,,,,,,,
1991-12-21,FC,4M,SLG,光栄,信長の野望武将風雲録,"￥11,800","￥12,000代",0,-,,,,,菅野よう子,,シブサワ・コウ,
1991-12-21,FC,1M,ACT,エンジェル,鳥人戦隊ジェットマン,"￥6,000","￥6,000代",0,-,,,,,"KAZZ TOYAMA(外山和彦)","井上敏樹 他","宇都宮恭三 梶淳(テレビ朝日) 鈴木武幸(東映)",
1991-12-25,FC,1M,ACT,アトラス,チキチキマシン猛レース,"￥6,800","￥7,000代",0,-,,,,,"Hoyt Curtin","Larz Bourne Dalton Sandifer Tom Dagenais Michael Maltese","ウィリアム・ハンナ ジョセフ・バーベラ",
1991-12-26,FC,1M,SLG,ヨネザワ,バトルストーム,"￥5,800","￥6,000代",0,-,,,,,,けいじま潤,,
1991-12-27,FC,1M,ETC,ホットビィ,ザ・ブルーマリーン,"￥6,300","￥6,500代",0,-,,,,,,,,
1991-12-27,FC,1M,ACT,エピックソニー,ハドソンホーク,"￥5,900","￥6,000代",0,-,,,,,マイケル・ケイメン|ロバート・クラフト,スティーヴン・E・デ・スーザ|ダニエル・ウォーターズ,,
1991-12-29,FC,2M,RPG,ユタカ,ウルトラマン倶楽部3またまた出撃！！ウルトラ兄弟,"￥7,800","￥8,000代",0,-,,,,,,,,
1991-12-29,FC,4M,RPG,バンダイ,ファミコンジャンプⅡ最強の7人,"￥8,500","￥8,500代",0,-,,中村光一,斉藤昌快|おきたかひろ,秋本治|荒木飛呂彦|江川達也|徳弘正也|鳥山明|宮下あきら|森田まさのり,門倉聡,折尾一則|石川文則,橋本真司,
1991-12-29,FC,2M,RPG,バンプレスト,第2次スーパーロボット大戦,"￥8,200","￥8,000代",0,31,,,庄真宏,阪田雅彦|知見浩之|阪田雅彦,田中伸一,,"じっぱ ひとからげ",
1992-01-03,FC,2M,RPG,コナミ,がんばれゴエモン外伝2天下の財宝,"￥6,980","￥7,000代",0,-,,,山根秀直|丸山修|みやおかけんじ,神戸良治|丸尾純子|矢内一則,坂倉雄一|森本ゆきえ,汾陽桂太,,
1992-01-07,FC,1M,ACT,ジャレコ,ピザポップ,"￥6,300","￥6,500代",0,-,,,岩永研一,"KAMEKICHI|萱島啓子|KING JOE",小酒井順哉,,,
1992-01-11,FC,1M,SHT,アイレム,太陽の勇者ファイバード,"￥6,800","￥7,000代",0,-,,,,植田均|大河原邦男,渡辺俊幸,矢立肇,,
1992-01-24,FC,1M,PZL,テクモ,ソロモンの鍵2クールミン島救出作戦,"￥6,200","￥6,000代",0,-,,,,,,,,
1992-01-24,FC,2M,SLG,ヘクト,ビジネスウォーズ最強の企業戦略M＆A,"￥9,700","￥9,500代",0,-,,,,,,,,
1992-01-25,FC,2M,RPG,ポニーキャニオン,バーズテイルⅡTHEDISTINYKNIGHT,"￥7,000","￥7,000代",0,-,,,,,,,,
1992-01-30,FC,2M,TAB,ヘクト,将棋名鑑'92,"￥6,800","￥7,000代",0,-,,,,,,,,
1992-01-31,FC,2M,ACT,サンソフト,ギミック,"￥6,200","￥6,000代",0,-,,,,,,,,
1992-01-31,FC,1M,ACT,タイトー,ドンドコドン2,"￥5,900","￥6,000代",0,-,,,石田一朋|木下昌也,河上聖治|石川幸生|阿部幸雄|いしのみのり|沼田和博|五十嵐恒三|しのだてつや|V.A.P,高木正彦|山田靖子,,河上聖治|松本俊明|酒匂弘幸,
1992-01-31,FC,1M,ACT,コナミ,バッキーオヘア,"￥5,800","￥6,000代",0,-,,,,,,,,
1992-02-07,FC,2M,RAC,日本物産,F-1サーカス,"￥6,600","￥6,500代",0,-,,,,,,,,
1992-02-07,FC,1M,SPT,テクノスジャパン,いけいけ熱血ホッケー部「すべってころんで大乱闘」,"￥6,200","￥6,000代",0,-,,,,,,,,
1992-02-14,FC,1M,ETC,アイマックス,ネイビーブルー,"￥5,900","￥6,000代",0,-,,,,,,,,
1992-02-21,FC,1M,RPG,ポニーキャニオン,AdvancedDungeon＆Dragonsドラゴンオブフレイム,"￥6,800","￥7,000代",0,-,,,,,,,,
1992-02-28,FC,1M,PZL,サミー工業,パズロット,"￥5,600","￥5,500代",0,-,,,,,,,,
1992-03-06,FC,2M,RPG,サミー工業,マジックキャンドル,"￥7,800","￥8,000代",0,-,,,,,,,,
1992-03-06,FC,1M,ACT,タカラ,伝染るんです。かわうそハワイへ行く,"￥6,800","￥7,000代",0,-,,,,,,,,
1992-03-10,FC,1M,TAB,ヘクト,囲碁指南'92,"￥6,800","￥7,000代",0,-,,,,,,,,
1992-03-13,FC,2M,SPT,ナムコ,ナムコクラシックⅡ,"￥5,900","￥6,000代",0,-,,,,,,,,
1992-03-14,FC,2M,SLG,任天堂,ファイアーエムブレム外伝,"￥6,600","￥6,500代",0,-,,加賀昭三,いまにしまさゆき|たじまつねやす|吉田康二|ふくらけい|しみずまさひろ,加賀昭三|町田敏|村松敏孝|大西直孝,辻横由佳,,横井軍平,
1992-03-19,FC,1M,SPT,タイトー,究極ハリキリ甲子園,"￥6,900","￥7,000代",0,-,,,,,,,,
1992-03-20,FC,2M,ETC,ハドソン,SUPER桃太郎電鉄,"￥5,800","￥6,000代",0,-,,さくまあきら,飛田雅宏,土居孝幸,関口和之,,すずきとよじ,
1992-03-20,FC,1M,ETC,エンジェル,それいけ！アンパンマンみんなでハイキングゲーム！,"￥6,000","￥6,000代",0,-,,,,,,,,
1992-03-27,FC,1M,ACT,エピックソニー,HOOK,"￥5,900","￥6,000代",0,-,,,,,,,,
1992-03-27,FC,1M,ACT,ホットビィ,WWFレッスルマニアチャレンジ,"￥5,300","￥5,500代",0,-,,,,,,,,
1992-03-27,FC,1M,ACT,キャラクターソフト,ハローキティワールド,"￥4,800","￥5,000代",0,-,,坂本賀勇,小野寺正|鈴木英夫|安間基夫,杉野憲一,田中宏和,,横井軍平,
1992-03-27,FC,1M,ACT,ジャレコ,プラズマボール,"￥6,300","￥6,500代",0,-,,,,,,,,
1992-03-28,FC,1M,SPT,サンソフト,炎の闘球児ドッジ弾平,"￥6,500","￥6,500代",0,-,,,,はしもとかつみ|郷敏治,勝又隆一,こしたてつひろ,,
1992-04-17,FC,256K,ACT,タカラ,ひらけ！ポンキッキ,"￥4,980","￥5,000代",0,-,,,,,,,五社英雄|太地恒夫|野田宏一郎|大島正|藤田洋一|ほか,
1992-04-17,FC,4M,ADV,ココナッツジャパン,舛添要一朝までファミコン,"￥7,980","￥8,000代",0,-,,,,,,,舛添要一,
1992-04-24,FC,1M,RAC,科研,エキサイティングラリー,"￥5,900","￥6,000代",0,-,,,,,,,,
1992-04-24,FC,1M,ACT,タイトー,わんぱくコックンのグルメワールド,"￥5,900","￥6,000代",0,-,,,,,,,,
1992-04-24,FC,1M,ACT,アイレム,重力装甲メタルストーム,"￥6,500","￥6,500代",0,-,,みやたけんご,やましたひかる,沼山定光|転清,わたなべとおる,,ふたみひろし,
1992-04-25,FC,1M,ADV,ユタカ,ひょっこりひょうたん島なぞのかいぞくせん,"￥6,000","￥6,000代",0,-,,"須藤典彦[注 1]",,松原徳弘|亀田祥倫,やまだ豊,青山剛昌,,
1992-05-20,FC,2M,TAB,日本物産,麻雀大戦,"￥6,600","￥6,500代",0,-,,,,,,,,
1992-05-29,FC,2M,TAB,ヘクト,クイズプロジェクトQ,"￥6,800","￥7,000代",0,-,,,,,,,,
1992-06-05,FC,1M,SPT,カプコン,CAPCOMバルセロナ'92,"￥6,500","￥6,500代",0,-,,,,,,,,
1992-06-10,FC,2M,SLG,ナムコ,三国志Ⅱ覇王の大陸,"￥6,900","￥7,000代",0,-,,,,,天岸真志,,,
1992-06-19,FC,1M,ACT,バンダイ,まじかる☆タルるートくん2まほうだいぼうけん,"￥5,800","￥6,000代",0,-,,,,,,,,
1992-06-26,FC,2M,RPG,コナミ,エスパードリーム2新たなる戦い,"￥6,800","￥7,000代",0,30,,,,,,,,
1992-06-26,FC,1M,ACT,パックインビデオ,ターミネーター2,"￥6,500","￥6,500代",0,-,,,,,ブラッド・フィーデル,ジェームズ・キャメロン|ウィリアム・ウィッシャー,,
1992-06-26,FC,1M,SPT,テクノスジャパン,びっくり熱血新記録はるかなる金メダル,"￥6,500","￥6,500代",0,-,,,高橋充|さかがみたかゆき,白戸政男|坪谷衛,澤和雄|平沢道也,,,
1992-06-26,FC,1M,SLG,アイジーエス,陰謀の惑星シャンカラ,"￥9,700","￥9,500代",0,-,,,,,,,,
1992-06-26,FC,2M,ACT,タイトー,聖鈴伝説リックル,"￥6,800","￥7,000代",0,-,,吉本伸一,"知花司|David BoØwy",中村幽子,横山喜次|鞠川雪映,"吉本伸一|David BoØwy",吉本伸一|転清,
1992-07-03,FC,1M,SPT,ジーオーワン,THEGOLF'92(ザゴルフ92),"￥6,900","￥7,000代",0,-,,,,,,,,
1992-07-10,FC,1M,TAB,ココナッツジャパン,パチンコ大作戦2,"￥6,900","￥7,000代",0,-,,,,,,,,
1992-07-17,FC,1M,SHT,ナグザット,SummerCarnical'92烈火(サマーカーニバル),"￥4,980","￥5,000代",0,-,,,,,,,,
1992-07-17,FC,256K,SPT,キャラクターソフト,サンリオカップポンポンバレー,"￥3,980","￥4,000代",0,-,,,,,,,,
1992-07-17,FC,1M,ACT,カプコン,レッドアリーマーⅡ,"￥5,800","￥6,000代",0,-,,,うえやまこうじ,宮崎亮|京谷有紀,里村由紀,,,
1992-07-17,FC,1M,ACT,トミー,三つ目がとおる,"￥6,500","￥6,500代",0,-,,,,清山滋崇|宇田川一彦|山根公利,渡辺俊幸,手塚治虫(原作)|藤澤勇希(脚本),,
1992-07-24,FC,2M,RPG,セタ,シルヴァサーガ,"￥7,800","￥8,000代",0,-,,,,,,,,
1992-07-24,FC,1M,ACT,ジャレコ,闘魂倶楽部,"￥6,300","￥6,500代",0,-,,,廣田公男,もりもとゆきお|たきのあつみ|やまだけんいち,水谷郁,,,
1992-07-29,FC,1M,ACT,ユタカ,魔法のプリンセスミンキーモモリメンバードリーム,"￥6,000","￥6,000代",0,-,,,,,,,,
1992-07-31,FC,1M,ACT,ハドソン,高橋名人の冒険島Ⅲ,"￥5,800","￥6,000代",0,-,,,,,,,,
1992-08-07,FC,2M,SHT,パックインビデオ,エイセスアイアンイーグルⅢ,"￥7,400","￥7,500代",0,-,,,デニス・キャスウェル|ジェフ・A・レファーツ,クリストファー・シェン,リチャード・マイルス・ブーガー,,スティーヴン・アクリッチ|ジョー・イバラ|トム・スローパー,
1992-08-07,FC,2M,RPG,バンダイ,ドラゴンボールZⅢ烈戦人造人間,"￥7,800","￥8,000代",0,-,,,,,,,,
1992-08-07,FC,1M,ACT,タイトー,フリントストーンTHERESCUEOFDINO＆HOPPY,"￥6,800","￥7,000代",0,-,,,,,,,,
1992-08-28,FC,2M,ACT,ヘクト,ムーンクリスタル,"￥7,800","￥8,000代",0,-,,,まつもとともなり,おだちひろよ,多和田吏,おだちひろよ,,
1992-08-28,FC,2M,TAB,ヨネザワ,ギミアぶれいく史上最強のクイズ王決定戦2,"￥6,800","￥7,000代",0,-,,,,,,,,
1992-08-29,FC,1M,ETC,アスキー,ダービースタリオン全国版,"￥7,200","￥7,000代",0,-,,,,,,,,
1992-09-14,FC,1M,ACT,任天堂,スーパーマリオUSA,"￥4,900","￥5,000代",0,-,,田邊賢輔,中郷俊彦|竹谷康範|岩脇敏夫|森田和明|たかくらたつのり,杉山直,近藤浩治,,山内溥|宮本茂,
1992-09-18,FC,2M,ETC,ココナッツジャパン,1999ほれ、みたことか！世紀末,"￥7,300","￥7,500代",0,-,,,,,澤和雄,,,
1992-09-22,FC,2M,RPG,ナムコ,ナムコプリズムゾーンドリームマスター,"￥5,800","￥6,000代",0,-,,,,バースデイ|野中俊也,六土開正,バースデイ,,
1992-09-25,FC,1M,SPT,ジャレコ,ゴール(GOAL),"￥6,300","￥6,500代",0,-,,,,,,,,
1992-09-25,FC,1M,ACT,ケムコ,ミッキーマウスⅢ夢ふうせん,"￥5,900","￥6,000代",0,-,,"須藤典彦[注 1]",,松原徳弘|亀田祥倫,やまだ豊,青山剛昌,,
1992-09-29,FC,1M,ACT,タイトー,キャプテンセイバー,"￥5,900","￥6,000代",0,-,,,,,,,,
1992-10-09,FC,2M,ETC,バンプレスト,シャッフルファイト,"￥7,600","￥7,500代",0,-,,佳丈祐子,伊藤真也,頓宮勝弘|おやまやすなが|ひろせゆたか|おやまやすなが,渡部陽子,,,
1992-10-16,FC,1M,ETC,BPS,スポット,"￥5,500","￥5,500代",0,-,,,,,,,,
1992-10-16,FC,2M,SLG,アスキー,ベストプレープロ野球スペシャル,"￥7,500","￥7,500代",0,-,,,,,,,,
1992-10-22,FC,1M,SPT,ナムコ,トップストライカー,"￥5,800","￥6,000代",0,-,,,,,,,,
1992-10-23,FC,2M,RPG,バンダイ,SDガンダム外伝ナイトガンダム物語3伝説の騎士団,"￥7,800","￥8,000代",0,-,,島田晋作,,伴内弁太|島田晋作,,,高橋則夫|鈴木敏弘,
1992-10-30,FC,4M,RPG,日本コンピュータシステム,ダブルムーン伝説,"￥7,900","￥8,000代",0,-,,E.Kanai,T.Hino,大貫昌幸|草彅琢仁,,,土田俊郎,
1992-11-06,FC,1M,ACT,エンジェル,恐竜戦隊ジュウレンジャー,"￥6,000","￥6,000代",0,-,,,,,吉田明彦,"杉村升 他","宇都宮恭三 梶淳(テレビ朝日) 鈴木武幸 白倉伸一郎(東映)",
1992-11-13,FC,1M,ACT,アルトロン,トムとジェリー,"￥6,800","￥7,000代",0,-,,,,,,,,
1992-11-13,FC,1M,RAC,ココナッツジャパン,フェラーリGRANDPRIXCHALLENGE,"￥7,300","￥7,500代",0,-,,,,,,,,
1992-11-20,FC,1M,RPG,トミー,コロンブス黄金の夜明け,"￥7,500","￥7,500代",0,-,,,,,,,,
1992-11-21,FC,1M,PZL,任天堂,ヨッシーのクッキー,"￥4,757","￥5,000代",0,-,,山本雅央|山上仁志|たかさごたつひろ|RYOJIN,ヂュー・リー|よしかわのなえ|山本雄一,日野重文|松本千恵子|いのうえみか,生田ノブヤ|佐藤亜希羅|TSUTOMU|西坂紀子,,横井軍平,
1992-11-27,FC,1M,ACT,コナミ,タイニートゥーンアドベンチャー2モンタナランドへようこそ,"￥4,900","￥5,000代",0,-,,,,,,,,
1992-11-27,FC,1M,TAB,ヘクト,囲碁指南'93,"￥6,800","￥7,000代",0,-,,,,,,,,
1992-12-04,FC,1M,PZL,バップ,ちいさなおばけアッチコッチソッチ,"￥6,800","￥7,000代",0,-,,,,河内日出夫,池毅,「小さなおばけシリーズ」|(角野栄子(作)・佐々木洋子(絵)),,
1992-12-04,FC,2M,ACT,カプコン,ロックマン5ブルースの罠！？,"￥7,800","￥8,000代",0,-,,,,,,,,
1992-12-04,FC,2M,TAB,ヘクト,将棋名鑑'93,"￥6,800","￥7,000代",0,-,,,,,,,,
1992-12-08,FC,2M,ACT,ナムコ,ワギャンランド3,"￥5,800","￥6,000代",0,-,,,,,,,,
1992-12-11,FC,1M,ACT,ヒロ,キョロちゃんランド,"￥5,800","￥6,000代",0,-,,,,,,,,
1992-12-11,FC,256K,ACT,キャラクターソフト,ハローキティのおはなばたけ,"￥3,980","￥4,000代",0,-,,,,,,,,
1992-12-11,FC,1M,ACT,ジャレコ,妖精物語ロッドランド,"￥6,500","￥6,500代",0,-,,,,森谷忠明|衛藤浩二,多和田吏,,,
1992-12-15,FC,4M,RPG,エニックス,ジャストブリード,"￥9,700","￥9,500代",0,-,,,森田和郎,森田和郎|安野隆志|高田裕三,田中公平,佐藤克之,川口貴雄|山本秀樹|渡辺泰仁,
1992-12-18,FC,1M,ACT,サンソフト,バーコードワールド,"￥7,200","￥7,000代",0,-,,河合正人|北川正昭,沓掛隆志|寺島徹|島村誠司|堀越丈広|葭原智|T.MATSUSHIMA|M.YOSHIDA,,,,前田道裕|吉田喜春,
1992-12-22,FC,1M,SLG,ユタカ,SDガンダムガチャポン戦士5バトルオブユニバーサルセンチュリー,"￥6,800","￥7,000代",0,-,,,,,,,,
1992-12-22,FC,1M,SPT,ナムコ,ファミスタ'93,"￥4,900","￥5,000代",0,-,,,,,,,,
1992-12-23,FC,1M,ACT,テクノスジャパン,熱血格闘伝説,"￥6,500","￥6,500代",0,-,,,あべひでゆき,大竹剛,澤和雄|平沢道也|浦部拓,,,
1992-12-25,FC,1M,ACT,エンジェル,ウルトラマン倶楽部怪獣大決戦,"￥6,800","￥7,000代",0,-,,,,,,,,
1992-12-25,FC,1M,ACT,バンプレスト,グレイトバトルサイバー,"￥7,300","￥7,500代",0,-,,,"DARTS'MAN SIOCHI",こはたまさと|萱島啓子|荒木雅子|岡本みちと,小酒井順哉,早川芳樹,山田俊彦,
1992-12-25,FC,4M,ETC,サミー工業,嗚呼！野球人生一直線,"￥7,300","￥7,500代",0,-,,,,,,,,
1992-12-29,FC,2M,ACT,バンダイ,[データック]ドラゴンボールZ激闘天下一武道会,"￥7,800","￥8,000代",0,-,,,,,,,,
1993-01-14,FC,256K,PZL,キャラクターソフト,サンリオカーニバル2,"￥3,980","￥4,000代",0,-,,,,,,,,
1993-01-15,FC,2M,TAB,カプコン,ワイリー＆ライトのロックボードザッツパラダイス,"￥6,500","￥6,500代",0,-,,,,竹中善則|稲船敬二|岩崎あけみ,里村由紀,,,
1993-01-22,FC,1M,ETC,エンジェル,仮面ライダーSDグランショッカーの野望,"￥6,500","￥6,500代",0,-,,保光峰之,なかしまゆうじ,島田晋作|保光峰之|島田晋作|保光峰之|あらいみゆき,YAMADA,,服部大三郎,
1993-01-29,FC,1M,RAC,コナミ,F-1センセーション,"￥5,800","￥6,000代",0,-,,近藤隆司,柴田裕治,矢内一則,冨田朋也|中馬淳,,,
1993-02-05,FC,1M,ACT,コナミ,悪魔城ドラキュラ,"￥3,900","￥4,000代",0,32,,赤松仁司,岡出光弘,戸隠のりやす,山下絹代|寺島里恵,,永田昭彦,
1993-02-19,FC,1M,ACT,キャラクターソフト,けろけろけろっぴの大冒険2ドーナツ池はおおさわぎ,"￥5,400","￥5,500代",0,-,,,,,,,,
1993-02-19,FC,4M,SPT,バンプレスト,バトルベースボール,"￥8,600","￥8,500代",0,-,,田中憲一|さかたでんそう,岩永研一|田端紀行,萱島啓子|諸星三千代,松平あこ,,下道隆,
1993-02-26,FC,1M,ACT,コナミ,バイオミラクルぼくってウパ,"￥3,900","￥4,000代",0,-,,,山田善朗|H.EDA|村田司朗|奥田康雄|風仁美,霜出健治|ふなびきひろこ,深見誠一|藤尾敦|中村康三|きのうちかおり|西垣綾子|村田幸史|倉橋裕子,,,
1993-03-05,FC,1M,ACT,タイトー,バブルボブル2,"￥5,900","￥6,000代",0,-,,しおかわたかし,ひざけんいち,明石佳久|タイガーかわの|市角博継|明石佳久,神尾憲一,,,
1993-03-05,FC,2M,SPT,ジャレコ,めざせ！トッププロ～グリーンに賭ける夢～,"￥6,500","￥6,500代",0,-,,,,,,,,
1993-03-06,FC,1M,SPT,ジャレコ,USAアイスホッケーinFC,"￥6,300","￥6,500代",0,-,,,,,,,,
1993-03-12,FC,2M,ACT,ビクター音楽産業,スターウォーズ帝国の逆襲(ビクター製),"￥7,900","￥8,000代",0,-,,,,,,,,
1993-03-19,FC,1M,ADV,サンソフト,ぴょこたんの大迷路,"￥6,000","￥6,000代",0,-,,,,,,,,
1993-03-19,FC,1M,ETC,ヨネザワ,カジノダービー,"￥5,500","￥5,500代",0,-,,,,,,,,
1993-03-23,FC,4M,ACT,任天堂,星のカービィ夢の泉の物語,"￥6,300","￥6,500代",100,33,,桜井政博,菅浩秋,桜井政博,安藤浩和|石川淳,,山内溥|岩田聡|宮本茂|清水隆雄,
1993-03-25,FC,4M,SLG,光栄,蒼き狼と白き牝鹿元朝秘史,"￥11,800","￥12,000代",0,-,,,,,大島ミチル,,シブサワ・コウ,
1993-03-26,FC,1M,SHT,コナミ,もえろツインビーシナモン博士を救え,"￥3,900","￥4,000代",0,-,,,青山和浩|村田司朗,"MADAM YANYAN|木下まり",禎清宏,,,
1993-03-26,FC,2M,ETC,アイレム,愛先生のOSHIETEわたしの星,"￥12,800","￥13,000代",0,-,,,,,,,,
1993-03-26,FC,2M,SPT,サンソフト,炎の闘球児ドッジ弾平2,"￥6,800","￥7,000代",0,-,,,,はしもとかつみ|郷敏治,勝又隆一,こしたてつひろ,,
1993-03-30,FC,1M,ACT,アイレム,快傑ヤンチャ丸3対決！ゾウリンゲン,"￥6,500","￥6,500代",0,-,,,,,山崎憲司,,,
1993-04-23,FC,2M,SLG,バンダイ,[データック]SDガンダムガンダムウォーズ,"￥2,800","￥3,000代",0,-,,,,,,,火星人,
1993-04-23,FC,2M,SPT,バンダイ,[データック]ウルトラマン倶楽部スポ根ファイト,"￥2,800","￥3,000代",0,-,,,,,,,,
1993-04-23,FC,1M,SPT,テクノスジャパン,くにおくんの熱血サッカーリーグ,"￥6,500","￥6,500代",0,-,,,高橋充|さかがみたかゆき,甲斐浩二|坪谷衛,澤和雄|浦部拓,,,
1993-04-23,FC,1M,ACT,タイトー,ジェットソン,"￥6,800","￥7,000代",0,-,,,,,,,,
1993-04-23,FC,1M,ACT,カプコン,ダックテイルズ2,"￥5,800","￥6,000代",0,-,,,,ティモシー・M・モーエン,ドミニク・ルイス,カール・バークス|ジーマン・メイゴン|マット・ヤングバーグ|フランシスコ・アンゴネス,,
1993-04-28,FC,4M,ETC,ヨネザワ,ゴリラーマン,"￥6,900","￥7,000代",0,-,,,,,,,,
1993-05-21,FC,2M,ACT,任天堂,ジョイメカファイト,"￥4,900","￥5,000代",0,-,,林田宏一,林田宏一|江渡浩一郎,原田典幸|柳川絵奈|影山悦子|仲川尚秀,清水英明,,,
1993-06-11,FC,2M,TAB,ココナッツジャパン,パチ夫くん5Jrの挑戦,"￥8,500","￥8,500代",0,-,,,,,,,,
1993-06-11,FC,1M,ACT,カプコン,マイティファイナルファイト,"￥6,500","￥6,500代",0,-,,,,,,,,
1993-06-19,FC,1M,SPT,アイジーエス,JリーグファイティングサッカーTHEKINGOFACESTRIKERS,"￥7,900","￥8,000代",0,-,,,,,,,,
1993-07-09,FC,1M,RPG,ユタカ,うしおととら深淵の大妖,"￥7,800","￥8,000代",0,-,,,,,,,,
1993-07-23,FC,1M,PZL,徳間書店,ぷよぷよ,"￥5,900","￥6,000代",0,-,,,,,,,,
1993-07-30,FC,2M,ACT,ハドソン,FC原人,"￥5,800","￥6,000代",0,-,,,,,増子司,,,
1993-07-30,FC,1M,RPG,エンジェル,甲竜伝説ヴィルガスト外伝,"￥8,000","￥8,000代",0,-,,,,,,,,
1993-08-06,FC,2M,RPG,バンダイ,ドラゴンボールZ外伝サイヤ人絶滅計画,"￥7,800","￥8,000代",90,-,,たじましょうじ|杉本則之,,たかはしまさゆき,上村みゆき|さばくまゆき|いちだたけし|天岸真志,小山高生,大久保悌伸,
1993-08-27,FC,1M,PZL,バンダイ,[データック]クレヨンしんちゃんオイラとポイポイ,"￥2,600","￥2,500代",0,-,,,,,,,,
1993-08-27,FC,2M,PZL,バンダイ,クレヨンしんちゃんオイラとポイポイ,"￥5,800","￥6,000代",0,-,,,,,,,,
1993-09-17,FC,1M,TAB,ココナッツジャパン,パチスロアドベンチャー2そろっ太くんのパチスロ探偵団,"￥6,900","￥7,000代",0,-,,,,,,,,
1993-09-21,FC,1M,PZL,任天堂,テトリスフラッシュ,"￥5,900","￥6,000代",0,-,,山本雅央|山上仁志,,,高野充彦|上村みゆき,,横井軍平,
1993-10-22,FC,2M,ACT,バンダイ,[データック]幽☆遊☆白書爆闘暗黒武術会,"￥2,800","￥3,000代",0,-,,,,,,,,
1993-10-22,FC,2M,ACT,アイレム,大工の源さん2赤毛のダンの逆襲,"￥6,800","￥7,000代",0,-,,,,,,,,
1993-10-29,FC,2M,RPG,バンダイ,ろくでなしBLUES,"￥7,800","￥8,000代",0,-,,,,,安川午朗,秦建日子|猪原健太|尾崎悟史,,
1993-11-05,FC,4M,ACT,カプコン,ロックマン6史上最大の闘い,"￥7,800","￥8,000代",0,-,,,,,,,,
1993-11-12,FC,2M,ACT,ビーアイ,[データック]バトルラッシュ,"￥2,800","￥3,000代",0,-,,,,,,,,
1993-11-26,FC,2M,ETC,タカラ,RPG人生ゲーム,"￥7,800","￥8,000代",0,-,,,,,,,,
1993-12-01,FC,1M,ACT,キャラクターソフト,けろっぴとけろりーぬのスプラッシュボム,"￥4,980","￥5,000代",0,-,,,,,,,,
1993-12-01,FC,1M,SPT,ナムコ,ファミスタ'94,"￥3,900","￥4,000代",0,-,,,,,,,,
1993-12-10,FC,1M,ACT,カプコン,チップとデールの大作戦2,"￥5,800","￥6,000代",0,-,,,,,藤井美苗|あかまつあきひろ|おおいたさちこ,,藤原得郎,
1993-12-10,FC,1M,ADV,ユタカ,なかよしといっしょ,"￥7,800","￥8,000代",0,-,,,,,,,,
1993-12-17,FC,1M,TAB,ヘクト,囲碁指南'94,"￥6,800","￥7,000代",0,-,,,,,,,,
1993-12-17,FC,4M,RPG,ハドソン,桃太郎伝説外伝,"￥6,800","￥7,000代",0,-,,さくまあきら,,土居孝幸,関口和之,さくまあきら(貧乏神伝説|浦島伝説)|山口宏(夜叉姫伝説),,
1993-12-17,FC,1M,SPT,テクノスジャパン,熱血！すとりーとバスケットがんばれDUNKHEROES,"￥6,500","￥6,500代",0,-,,,,,,,,
1994-02-19,FC,1M,ADV,任天堂,ゼルダの伝説1,"￥4,900","￥5,000代",0,-,,宮本茂|手塚卓志,中郷俊彦|副島康成|I.MARUI,宮本茂|手塚卓志|宮本茂|手塚卓志,近藤浩治,照井啓司,山内溥|宮本茂,
1994-02-19,FC,2M,PZL,任天堂,ワリオの森,"￥4,900","￥5,000代",0,-,,三木研次,鈴木広宣|片山誠,富田聡一郎|飯村雅弘|大西直孝,天宅しのぶ|岡素世,,三木研次,
1994-02-27,FC,4M,RPG,スクウェア,ファイナルファンタジーⅠ・Ⅱ,"￥6,800","￥7,000代",0,-,,,,,,,,
1994-04-22,FC,2M,SPT,バンダイ,[データック]J-LEAGUEスーパートッププレイヤーズ,"￥2,800","￥3,000代",0,-,,,,,,,,
1994-05-13,FC,1M,TAB,ココナッツジャパン,パチスロアドベンチャー3ビタオシー7見参,"￥7,900","￥8,000代",0,-,,,,,,,,
1994-05-27,FC,1M,SPT,エレクトロニックアーツ・ビクター,Jリーグウイニングゴール,"￥7,980","￥8,000代",0,-,,,,,,,,
1994-06-24,FC,2M,ACT,ハドソン,高橋名人の冒険島Ⅳ,"￥5,800","￥6,000代",0,-,,,,,,,,
1989-03-01,FC,不明,ETC,NHK/コナミ/東京書籍,NHK学園スペーススクール小学校の算数4年生上,"￥18,000","￥18,000代",0,-,,,,,,,,
1989-03-01,FC,不明,ETC,NHK/コナミ/東京書籍,NHK学園スペーススクール小学校の算数4年生下,"￥18,000","￥18,000代",0,-,,,,,,,,
1989-03-01,FC,不明,ETC,NHK/コナミ/東京書籍,NHK学園スペーススクール小学校の算数5年生上,"￥18,000","￥18,000代",0,-,,,,,,,,
1989-03-01,FC,不明,ETC,NHK/コナミ/東京書籍,NHK学園スペーススクール小学校の算数5年生下,"￥18,000","￥18,000代",0,-,,,,,,,,
1989-03-01,FC,不明,ETC,NHK/コナミ/東京書籍,NHK学園スペーススクール小学校の算数6年生上,"￥18,000","￥18,000代",0,-,,,,,,,,
1989-03-01,FC,不明,ETC,NHK/コナミ/東京書籍,NHK学園スペーススクール小学校の算数6年生下,"￥18,000","￥18,000代",0,-,,,,,,,,
1988-07-25,FC,不明,ETC,不明,JRA-PAT,"￥19,800","￥20,000代",0,-,,,,,,,,
1988-07-25,FC,不明,ETC,不明,野村のファミコントレード,不明,不明,0,-,,,,,,,,
1988-07-25,FC,不明,ETC,不明,野村のファミコントレード(V2),不明,不明,0,-,,,,,,,,
1988-07-25,FC,不明,ETC,不明,新日本のファミコンホームトレード,不明,不明,0,-,,,,,,,,
1988-07-25,FC,不明,ETC,不明,住友ホームライン,不明,不明,0,-,,,,,,,,
1988-07-25,FC,不明,ETC,不明,ファミコンフィットネス,不明,不明,0,-,,,,,,,,
1988-07-25,FC,不明,ETC,福武書店,スタディボックス,不明,不明,0,-,,,,,,,,
1986-02-21,FC💾DS,💾512K,SPT,任天堂,ゴルフ💾,"￥2,500","￥2,500代",0,-,,,,,,,,
1986-02-21,FC💾DS,💾512K,SPT,任天堂,サッカー💾,"￥2,500","￥2,500代",0,-,,,,,,,,
1986-02-21,FC💾DS,💾512K,ACT,任天堂,スーパーマリオブラザーズ💾,"￥2,500","￥2,500代",0,-,,宮本茂,中郷俊彦|森田和明|西田泰也,宮本茂|宮本茂|手塚卓志,近藤浩治,,山内溥|池田宏|宮本茂,
1986-02-21,FC💾DS,💾1M,A-RPG,任天堂,ゼルダの伝説💾,"￥2,600","￥2,500代",169,-,,宮本茂|手塚卓志,中郷俊彦|副島康成|I.MARUI,宮本茂|手塚卓志|宮本茂|手塚卓志,近藤浩治,照井啓司,山内溥|宮本茂,
1986-02-21,FC💾DS,💾512K,SPT,任天堂,テニス💾,"￥2,500","￥2,500代",0,-,,,,,,,,
1986-02-21,FC💾DS,💾512K,SPT,任天堂,ベースボール💾,"￥2,500","￥2,500代",0,-,,,,,,,,
1986-02-21,FC💾DS,💾512K,TAB,任天堂,麻雀(二人用)💾,"￥2,500","￥2,500代",0,-,,,,,,,,
1986-04-14,FC💾DS,💾1M,ACT,任天堂,謎の村雨城💾,"￥2,600","￥2,500代",61,-,,前田実,,"前田実|KEI HONMA",近藤浩治,,加藤圭三,
1986-06-03,FC💾DS,💾512K,ACT,任天堂,スーパーマリオブラザーズ2💾,"￥2,600","￥2,500代",265,-,,手塚卓志|宮本茂,中郷俊彦|森田和明,手塚卓志|宮本茂|手塚卓志|宮本茂,近藤浩治,,山内溥,
1986-07-21,FC💾DS,💾512K,SPT,任天堂,バレーボール💾,"￥2,500","￥2,500代",198,-,,,,,,,,
1986-07-30,FC💾DS,💾1M,PUZ,アスキー,涙の倉庫番スペシャル💾,"￥2,980","￥3,000代",0,-,,,,今林宏行,,,,
1986-08-06,FC💾DS,💾1M,ACT,任天堂,メトロイド💾,"￥2,600","￥2,500代",104,-,,岡田智|山本雅央|加納誠,湯上裕之|傍島やせ|仙石敏男|N.SHIOTANI|M.HOUDAI,坂本賀勇|松岡洋史|清武博二|加納誠,田中宏和,加納誠,横井軍平,
1986-08-27,FC💾DS,💾1M,ETC,ロイヤル工業,アイアムアティーチャースーパーマリオのセーター💾,"￥2,900","￥3,000代",0,-,,,,,,,,
1986-09-19,FC💾DS,💾1M,ACT,ポニーキャニオン,子猫物語💾,"￥2,900","￥3,000代",0,-,,,,,坂本龍一,畑正憲,,
1986-09-26,FC💾DS,💾1M,ETC,ロイヤル工業,アイアムアティーチャー手あみのきそ💾,"￥2,900","￥3,000代",0,-,,,,,,,,
1986-09-26,FC💾DS,💾1M,ACT,コナミ,悪魔城ドラキュラ💾,"￥2,980","￥3,000代",0,34,,赤松仁司,岡出光弘,戸隠のりやす,山下絹代|寺島里恵,,永田昭彦,
1986-10-13,FC💾DS,💾512K,TAB,河田,Othello(オセロ)💾,"￥2,980","￥3,000代",0,-,,,,,中西ゆういちろう,鈴木光司|久保幸湖|谷井美佳|中村真夕,山崎宏太(朝日放送テレビ)|南雄大(朝日放送テレビ)|齋藤浩司(ヒューマックスシネマ)|若山佑介(ヒューマックスシネマ)|山口誠(47style),
1986-10-21,FC💾DS,💾512K,SPT,任天堂,プロレス💾,"￥2,500","￥2,500代",142,30,,,,,,,,
1986-11-06,FC💾DS,💾1M,A-RPG,イマジニア,銀河伝承galaxyodyssey💾,"￥5,000","￥5,000代",0,-,,,,,,,,
1986-11-19,FC💾DS,💾1M,SHT,HAL研究所,ガルフォース💾,"￥2,980","￥3,000代",0,-,,,,,,,,
1986-11-20,FC💾DS,💾1M,ADV,サンソフト,デット・ゾーン💾,"￥2,980","￥3,000代",0,-,,,こまだよしあき,もりけん,小高直樹,,北角浩一,
1986-11-21,FC💾DS,💾1M,SHT,コナミ,もえろツインビーシナモン博士を救え💾,"￥3,000","￥3,000代",0,-,,,青山和浩|村田司朗,"MADAM YANYAN|木下まり",禎清宏,,,
1986-11-28,FC💾DS,💾1M,PUZ,アイレム,きね子💾,"￥3,300","￥3,500代",0,33,,,,種子田定登,,,,
1986-11-28,FC💾DS,💾512K,SHT,ポニーキャニオン,ザナック💾,"￥2,900","￥3,000代",0,31,,,,,,,,
1986-12-12,FC💾DS,💾1M,ETC,サンソフト,知能ゲームシリーズアディアンの杖💾,"￥4,900","￥5,000代",0,-,,,,,,,,
1986-12-13,FC💾DS,💾1M,TAB,コナミ,謎の壁ブロックくずし💾,"￥2,980","￥3,000代",0,-,,,松岡伸治|青山和浩,神戸良治|霜出健治|きのしたまり|深沢由美子|難波和宏,前沢秀憲|船橋淳|竹安弘,,,
1986-12-15,FC💾DS,💾1M,ADV,スクウェア,水晶の龍💾,"￥3,400","￥3,500代",0,-,,,,佐藤元,植松伸夫,,,
1986-12-17,FC💾DS,💾1M,ACT,ソフトプロ,ブリーダー💾,"￥2,980","￥3,000代",0,-,,,,,,,,
1986-12-19,FC💾DS,💾1M,ACT,ジャレコ,ナイト・ロアー魔城の狼男💾,"￥3,200","￥3,000代",0,-,,,クリス・スタンパー|ジョン・ラスバリー,クリス・スタンパー|ティム・スタンパー|ティム・スタンパー|キャロル・スタンパー,,,,
1986-12-19,FC💾DS,💾1M,ACT,任天堂,光神話パルテナの鏡💾,"￥2,600","￥2,500代",109,-,,岡田智,"BAN BAN|YOSHIKAWA|TOGAWA",大澤徹|松岡洋史|加納誠,田中宏和,大澤徹,横井軍平,
1986-12-19,FC💾DS,💾1M,RPG,スクウェア,魔洞戦記ディープダンジョン💾,"￥3,400","￥3,500代",0,-,,,,,,,,
1986-12-20,FC💾DS,💾1M,ADV,イマジニア,消えたプリンセス💾,"￥5,000","￥5,000代",0,-,,,堀本幸男,堀本れい子,やじろべえつの,デーモン飯田橋,デーモン飯田橋,
1986-12-25,FC💾DS,💾1M,TAB,アスキー,プロフェッショナル麻雀悟空💾,"￥2,980","￥3,000代",0,-,,,,,,,,
1986-12-26,FC💾DS,💾1M,ACT,コトブキシステム,エレクトシャン💾,"￥2,980","￥3,000代",0,-,,,,,,,,
1987-01-14,FC💾DS,💾1M,A-RPG,任天堂,リンクの冒険💾,"￥2,600","￥2,500代",161,36,,杉山直|山村康久,森田和明|西山達夫|笠松栄弘|西田泰也|中郷俊彦,清水一伸,中塚章人,,山内溥|宮本茂,
1987-01-29,FC💾DS,💾1M,ACT,バンダイ,ウルトラマン怪獣帝国の逆襲💾,"￥3,300","￥3,500代",0,-,,,,,,,,
1987-01-29,FC💾DS,💾1M,PUZ,HAL研究所,エッガーランド💾,"￥2,900","￥3,000代",0,-,,,,,,,,
1987-02-06,FC💾DS,💾1M,ETC,サンソフト,ナゾラーランド増刊号💾,"￥2,980","￥3,000代",0,-,,,,,,,,
1987-02-15,FC💾DS,💾1M,PUZ,アイレム,きね子2💾,￥500,￥500代,0,-,,,,種子田定登,,,,
1987-02-20,FC💾DS,💾1M,A-RPG,コナミ,エスパードリーム💾,"￥2,980","￥3,000代",0,-,,,きたもとしんじ|岸和田聡,"風仁美|PRETTY MIYUKI",山下絹代,,,
1987-02-21,FC💾DS,💾1M,SPT,任天堂,ゴルフJAPANコース💾,"￥3,500","￥3,500代",74,-,,,,,,,,
1987-03-03,FC💾DS,💾1M,A-RPG,サンソフト,メルヘンヴェール💾,"￥3,200","￥3,000代",0,-,,佐藤浩一,堀本幸男,堀本幸男|いしいたつや|いしいみゆき,佐藤浩一,,,
1987-03-05,FC💾DS,💾1M,P-ACT,アイレム,スーパーロードランナー💾,"￥3,100","￥3,000代",0,-,,,,,,,,
1987-03-12,FC💾DS,💾1M,ACT,スクウェア,とびだせ大作戦💾,"￥3,400","￥3,500代",0,-,,,ナーシャ・ジベリ,坂口博信,植松伸夫,,,
1987-03-27,FC💾DS,💾1M,SPT,ポニーキャニオン,ウインターゲームズ💾,"￥2,900","￥3,000代",0,-,,,,,,,,
1987-03-27,FC💾DS,💾1M,SHT,アスキー,オトッキー💾,"￥3,500","￥3,500代",0,-,,,デジタルエンタテインメント,岩井俊雄,,,,
1987-03-27,FC💾DS,💾1M,ETC,サンソフト,知能ゲームシリーズ2スーパーボーイアラン💾,"￥4,900","￥5,000代",0,-,,,,,,,,
1987-03-27,FC💾DS,💾1M,ETC,サンソフト,知能ゲームシリーズ3地底大陸オルドーラ💾,"￥4,900","￥5,000代",0,-,,,,,,,,
1987-03-28,FC💾DS,💾1M,ACT,バンダイ,ダーティペアプロジェクトエデン💾,"￥3,300","￥3,500代",0,-,,,,,,,,
1987-04-03,FC💾DS,💾1M,SLG,スクウェア,アップルタウン物語littlecomputerpeople💾,"￥3,400","￥3,500代",0,-,,,,,,,,
1987-04-10,FC💾DS,💾1M,SHT,コナミ,グリーンベレー💾,"￥2,980","￥3,000代",0,-,,,,,,,,
1987-04-10,FC💾DS,💾1M,ACT,ソフエル,ココナワールド💾,"￥2,980","￥3,000代",0,-,,ほりまさと,H.KUMATANI|もとむらいえのり|たけちまさみつ,なかがわおさむ,どいこうじ|Y.TSUJI|村井俊夫,K.INAMI,ひさとみけんじ,
1987-04-10,FC💾DS,💾1M,ACT,ボースティック,レリクス暗黒要塞💾,"￥4,200","￥4,000代",0,-,,,,,,,,
1987-04-15,FC💾DS,💾1M,ACT,ジャレコ,風雲少林拳💾,"￥3,200","￥3,000代",0,-,,,,,,,,
1987-04-24,FC💾DS,💾1M,A-RPG,コナミ,愛戦士ニコル💾,"￥2,980","￥3,000代",0,-,,,,,コナミ矩形波倶楽部,,,
1987-04-24,FC💾DS,💾1M,ADV,データイースト,探偵神宮寺三郎新宿中央公園殺人事件💾,"￥3,300","￥3,500代",0,-,,,,,,,,
1987-05-01,FC💾DS,💾1M,ACT,バンダイ,キン肉マンキン肉星王位争奪戦💾,"￥3,300","￥3,500代",0,-,,,,増田雅人,,,,
1987-05-01,FC💾DS,💾1M,ACT,スクウェア,ハオ君の不思議な旅💾,"￥3,400","￥3,500代",0,-,,,長谷川浩|草津きよし,,平野洋一郎|草津きよし|カズミ,長谷川浩|草津きよし,,
1987-05-19,FC💾DS,💾1M,A-RPG,イマジニア,聖剣サイコカリバー魔獣の森伝説💾,"￥4,900","￥5,000代",0,-,,,,,,,,
1987-05-25,FC💾DS,💾1M,SHT,カプコン,セクションZ💾,"￥2,980","￥3,000代",0,-,,,有馬俊夫,西山隆志,河本圭代,,,
1987-05-25,FC💾DS,💾1M,SPT,バンダイ,プロゴルファー猿影のトーナメント💾,"￥3,300","￥3,500代",0,-,,,,,,,,
1987-05-30,FC💾DS,💾512K,SPT,任天堂,スマッシュピンポン💾,"￥2,500","￥2,500代",0,-,,,"AC 井上正廣",,,,,
1987-05-30,FC💾DS,💾1M,PUZ,コナミ,迷宮寺院ダババ💾,"￥2,980","￥3,000代",0,31,,,松岡伸治|PUUSAN|OBOCHAN,吉本陽一,坂元信也|寺島里恵|禎清宏,,,
1987-05-30,FC💾DS,💾1M,RPG,スクウェア,勇士の紋章ディープダンジョン💾,"￥3,400","￥3,500代",0,-,,,,,,,,
1987-06-02,FC💾DS,💾1M,S-RPG,イーストキューブ,リフレクトワールド💾,"￥3,200","￥3,000代",0,-,,,,,,,,
1987-06-12,FC💾DS,💾1M,ETC,サンソフト,ナゾラーランド第2号💾,"￥2,980","￥3,000代",0,-,,,,,,,,
1987-06-14,FC💾DS,💾1M,SPT,任天堂,ゴルフUSコース💾,"￥3,500","￥3,500代",56,-,,,,,,,,
1987-06-19,FC💾DS,💾1M,ACT,ポニーキャニオン,ドクター・カオス地獄の扉💾,"￥2,900","￥3,000代",0,-,,,,,,,,
1987-06-19,FC💾DS,💾1M,ETC,スコーピオンソフト,マイケルEnglish大冒険💾,"￥2,980","￥3,000代",0,-,,,,,,,,
1987-06-26,FC💾DS,💾1M,SPT,コナミ,エキサイティングビリヤード💾,"￥2,980","￥3,000代",0,32,,,山田善朗,三品善徳|TATEIWA,藤尾敦,,,
1987-07-03,FC💾DS,💾1M,P-ACT,スクウェア,磁界少年メットマグDOGからの挑戦状💾,"￥3,400","￥3,500代",0,-,,,,,,,,
1987-07-10,FC💾DS,💾1M,ACT,フジテレビ,夢工場ドキドキパニック💾,"￥2,600","￥2,500代",0,31,,田邊賢輔,中郷俊彦|竹谷康範|岩脇敏夫|森田和明|TOMICHAN|笠松栄弘|N.AKIIRA|西山達夫,杉山直|フジテレビ,近藤浩治,,宮本茂,
1987-07-24,FC💾DS,💾1M,SPT,コナミ,エキサイティングバスケット💾,"￥2,980","￥3,000代",0,-,,,,,,,,
1987-07-24,FC💾DS,💾1M,RPG,スクウェア,クレオパトラの魔宝💾,"￥3,300","￥3,500代",0,-,,田中弘道,SUMI|T.IMAI,中田浩美|伊藤博美|たなかりょうこ|みうらまさあき|時田貴司|星野雅紀,植松伸夫,雪ノ浦美樹|ほしののぶゆき,,
1987-07-24,FC💾DS,💾1M,ADV,学習研究社,タイタニックミステリー蒼の戦慄💾,"￥3,200","￥3,000代",0,-,,,,,,,,
1987-07-31,FC💾DS,💾1M,ACT,ジャレコ,モンティのドキドキ大脱走💾,"￥3,200","￥3,000代",0,-,,,,,,,,
1987-08-01,FC💾DS,💾1M,P-ACT,アイレム,スーパーロードランナーⅡ💾,￥500,￥500代,0,-,,,,,,,,
1987-08-03,FC💾DS,💾1M,TAB,アイレム,麻雀家族💾,"￥3,300","￥3,500代",0,-,,,,,,,,
1987-08-11,FC💾DS,💾1M,ACT,コナミ,アルマナの奇跡💾,"￥2,980","￥3,000代",0,-,,,,,山下絹代,,,
1987-08-12,FC💾DS,💾1M,TAB,BPS,囲碁九路盤対局💾,"￥3,500","￥3,500代",0,33,,,,,,,,
1987-08-28,FC💾DS,💾1M,ACT,コナミ,ドラキュラⅡ呪いの封印💾,"￥2,980","￥3,000代",0,-,,赤松仁司,松岡伸浩|桑原やすお,戸隠のりやす,松原健一|寺島里恵|村田幸史,,,
1987-08-28,FC💾DS,💾1M,ACT,タカラ,トランスフォーマーザ・ヘッドマスターズ💾,"￥3,300","￥3,500代",0,-,,佐々木勝利,,まがみばん,石田勝範,金田益実,,
1987-08-28,FC💾DS,💾1M,ACT,タイトー,奇々怪界怒涛編💾,"￥3,800","￥4,000代",0,-,,,,,,,,
1987-09-04,FC💾DS,💾2M,ADV,任天堂,ふぁみこんむかし話新・鬼ヶ島(前編)💾,"￥2,600","￥2,500代",0,30,,,,,,,,
1987-09-30,FC💾DS,💾2M,ADV,任天堂,ふぁみこんむかし話新・鬼ヶ島(後編)💾,"￥2,500","￥2,500代",0,-,,,,,,,,
1987-10-02,FC💾DS,💾1M,A-RPG,スクウェア,カリーンの剣💾,"￥3,300","￥3,500代",0,-,,,,,,,,
1987-10-02,FC💾DS,💾1M,SHT,ソフトプロ,パルサーの光💾,"￥2,980","￥3,000代",0,-,,,,,,,,
1987-10-09,FC💾DS,💾1M,SHT,ボースティック,トップルジップ💾,"￥4,200","￥4,000代",0,-,,,,,,,,
1987-10-21,FC💾DS,💾1M,SHT,コナミ,ファルシオン💾,"￥2,980","￥3,000代",0,-,,,,,,,,
1987-10-23,FC💾DS,💾1M,ACT,アイレム,妖怪屋敷💾,"￥3,100","￥3,000代",0,-,,,,,,,,
1987-10-30,FC💾DS,💾1M,ACT,タイトー,バブルボブル💾,"￥3,500","￥3,500代",0,-,,,藤末一郎|NISHIYORI,三辻富貴朗,君島正,,,
1987-10-30,FC💾DS,💾1M,RAC,任天堂,ファミコングランプリF1レース💾,"￥3,500","￥3,500代",0,-,,,,,,,,
1987-10-30,FC💾DS,💾1M,ETC,トンキンハウス,ファミリーコンポーザー💾,"￥2,980","￥3,000代",0,-,,,,,,,,
1987-11-13,FC💾DS,💾1M,TAB,ポニーキャニオン,谷川浩司の将棋指南Ⅱ名人への道💾,"￥3,000","￥3,000代",0,-,,,,,,,,
1987-11-20,FC💾DS,💾1M,ACT,バップ,キックチャレンジャーエアフット野菜の国の足戦士💾,"￥3,300","￥3,500代",0,-,,,,,,,,
1987-11-20,FC💾DS,💾1M,SLG,バンダイ,SDガンダムワールドガチャポン戦士スクランブルウォーズ💾,"￥3,300","￥3,500代",0,-,,,,,,,,
1987-12-01,FC💾DS,💾1M,ADV,任天堂,アイドルホットライン中山美穂のトキメキハイスクール💾,"￥3,500","￥3,500代",0,-,,,,,,,,
1987-12-04,FC💾DS,💾1M,ETC,データイースト,サンタクロースの宝箱💾,"￥3,300","￥3,500代",0,-,,,,,,,,
1987-12-04,FC💾DS,💾1M,ETC,コナミ,ドレミッコ💾,"￥8,980","￥9,000代",0,-,,,,,,,,
1987-12-08,FC💾DS,💾1M,SPT,コナミ,エキサイティングベースボール💾,"￥2,980","￥3,000代",0,-,,,,,,,,
1987-12-12,FC💾DS,💾1M,ETC,ソフエル,極楽遊戯(げーむてんごく)💾,"￥3,300","￥3,500代",0,-,,,,,,,,
1987-12-18,FC💾DS,💾1M,ACT,バンダイ,ウルトラマン2出撃科特隊💾,"￥3,300","￥3,500代",0,-,,,,,,,,
1987-12-18,FC💾DS,💾1M,ETC,サンソフト,ナゾラーランドスペシャルクイズ王を探せ💾,"￥2,980","￥3,000代",0,-,,,,,,,,
1988-01-21,FC💾DS,💾512K,SPT,任天堂,アイスホッケー💾,"￥2,500","￥2,500代",0,-,,,,,,,,
1988-01-27,FC💾DS,💾1M,SHT,カプコン,ガンスモーク💾,"￥3,300","￥3,500代",0,-,,,青木隆,岡本吉起|岡本吉起|船水紀孝|倉本幸代,森安也子,,,
1988-02-01,FC💾DS,💾1M,A-RPG,HAL研究所,ファイヤーバム💾,"￥3,300","￥3,500代",0,-,,"PIKIO MIDORIKAWA",向井忠,"PIKIO MIDORIKAWA|☆よしみる",金指英樹,,河副純一郎,
1988-02-16,FC💾DS,💾1M,SPT,コナミ,エキサイティングサッカー💾,"￥3,300","￥3,500代",0,-,,,,,,,,
1988-02-26,FC💾DS,💾1M,ACT,タイトー,レプリカート💾,"￥3,500","￥3,500代",0,-,,HIROSHI,"WATANABE CYCLING KID|SAKATA NO KINTOKI|MEERKAT",くすもとひろき|くすもとひろき|園田健一,さかたつよし|HIROSHI,,くすもとひろき,
1988-03-03,FC💾DS,💾1M,ACT,ジャレコ,ドルイド恐怖の扉💾,"￥3,200","￥3,000代",0,-,,,,,,,,
1988-03-04,FC💾DS,💾1M,SHT,ソフトプロ,19(ヌイーゼン)💾,"￥2,980","￥3,000代",0,-,,,,,,,,
1988-03-11,FC💾DS,💾512K,SHT,コナミ,ツインビー💾,￥500,￥500代,0,-,,,青山和浩,青山和浩,福武茂|佐々木嘉則,,廣下宏治,
1988-03-11,FC💾DS,💾1M,ETC,サンソフト,ナゾラーランド第3号💾,"￥2,980","￥3,000代",0,-,,,,,,,,
1988-03-25,FC💾DS,💾1M,ACT,バンダイ,おもいっきり探偵団覇悪怒組魔天郎の挑戦状💾,"￥3,300","￥3,500代",0,-,,,,,,,,
1988-03-25,FC💾DS,💾1M,ACT,タイトー,ワードナの森💾,"￥3,300","￥3,500代",0,-,,,和田悦拓,,太田理,,,
1988-03-31,FC💾DS,💾1M,A-RPG,ボースティック,アスピック(ASPIC)魔蛇王の呪い💾,"￥3,300","￥3,500代",0,-,,,,,,,,
1988-04-08,FC💾DS,💾512K,ACT,任天堂,ドンキーコング💾,￥500,￥500代,0,-,,宮本茂,"駒野目裕久|飯沼実|西田充裕|村田泰裕(AC) |中郷俊彦(FC)",宮本茂,兼岡行男,,山内溥|横井軍平(AC)|上村雅之(FC),
1988-04-14,FC💾DS,💾1M,RAC,任天堂,3DホットラリーファミコングランプリⅡ💾,"￥3,500","￥3,500代",0,-,,,"MIYA AOKI|岩田聡|菅浩秋|金井誠|清水隆雄|西田泰也",清水一伸|菱田達也,金指英樹|菅浩秋|岡素世,,宮本茂,
1988-04-15,FC💾DS,💾1M,ACT,バンダイ,仮面ライダーBLACK対決シャドームーン💾,"￥3,300","￥3,500代",0,-,,,,,,,,
1988-04-22,FC💾DS,💾1M,ACT,コナミ,バイオミラクルぼくってウパ💾,"￥3,300","￥3,500代",0,-,,,山田善朗|H.EDA|村田司朗|奥田康雄|風仁美,霜出健治|ふなびきひろこ,深見誠一|藤尾敦|中村康三|きのうちかおり|西垣綾子|村田幸史|倉橋裕子,,,
1988-04-22,FC💾DS,💾1M,ACT,ジャレコ,風雲少林拳暗黒の魔王💾,"￥3,200","￥3,000代",0,-,,,,,,,,
1988-04-27,FC💾DS,💾2M,ADV,任天堂,ファミコン探偵倶楽部消えた後継者(前編)💾,"￥2,600","￥2,500代",0,-,,岡田智,ひとし,坂本賀勇|田中哲次,ひろみ,大澤徹|長井正広,横井軍平,
1988-05-02,FC💾DS,💾1M,SHT,コナミ,ファイナルコマンドー赤い要塞💾,"￥3,300","￥3,500代",0,-,,,辻本英之|岡崎博道,中村健吾,田坂真二,,廣下宏治,
1988-05-14,FC💾DS,💾512K,ACT,コナミ,グーニーズ💾,￥500,￥500代,0,-,,,,,デイヴ・グルーシン,クリス・コロンバス,,
1988-06-14,FC💾DS,💾2M,ADV,任天堂,ファミコン探偵倶楽部消えた後継者(後編)💾,"￥2,600","￥2,500代",0,-,,岡田智,ひとし,坂本賀勇|田中哲次,ひろみ,大澤徹|長井正広,横井軍平,
1988-06-20,FC💾DS,💾1M,ACT,ユース,ファイヤーロック💾,"￥3,400","￥3,500代",0,-,,,,,,,,
1988-06-21,FC💾DS,💾1M,ADV,コナミ,リサの妖精伝説💾,"￥3,500","￥3,500代",0,-,,,松岡伸浩|村田司朗,霜出健治,坂元信也|前沢秀憲|藤尾敦|禎清宏|村田司朗|森本ゆきえ|山根ミチル,すみじぃーひろみ,,
1988-07-12,FC💾DS,💾1M,ETC,スクウェア,ムーンボールマジック💾,￥500,￥500代,0,-,,たかさきかずゆき,マーク・フリント,牧野紀夫,佐藤浩一,たかさきかずゆき,たかさきかずゆき,
1988-07-12,FC💾DS,💾1M,A-STH,スクウェア,亜空戦記ライジン💾,￥500,￥500代,0,-,,,かわかみようじ,加藤雅史|加藤雅史|いまいゆき,,,,
1988-07-19,FC💾DS,💾1M,ADV,東映動画,遠山の金さんすぺえす帆Mr.GOLD💾,"￥3,400","￥3,500代",0,-,,,,,,,,
1988-07-19,FC💾DS,💾512K,ACT,任天堂,ドンキーコングJr💾,￥500,￥500代,0,-,,,緒方旗生(AC)|中郷俊彦(FC),宮本茂|宮本茂|坂本賀勇,兼岡行男,,横井軍平|岡田智(AC)|上村雅之(FC)|山内溥,
1988-07-22,FC💾DS,💾1M,ACT,データイースト,カラテチャンプ(KARATECHAMP)💾,"￥3,300","￥3,500代",0,-,,,,,,,,
1988-07-22,FC💾DS,💾1M,SPT,コナミ,コナミックアイスホッケー💾,"￥3,300","￥3,500代",0,-,,,,,,,,
1988-07-29,FC💾DS,💾1M,ETC,ジャレコ,らじかるぼんばー地雷くん💾,"￥3,200","￥3,000代",0,-,,,,,,,,
1988-08-05,FC💾DS,💾1M,ACT,ソフトプロ,爆闘士パットンくん💾,"￥2,980","￥3,000代",0,-,,,,,,,,
1988-08-10,FC💾DS,💾1M,RPG,パック・イン・ビデオ,シルヴィアーナ愛いっぱいの冒険者💾,"￥3,500","￥3,500代",0,-,,,,,,,,
1988-08-10,FC💾DS,💾512K,TAB,ポニーキャニオン,谷川浩司の将棋指南Ⅱ新版つめ将棋次の一手💾,￥500,￥500代,0,-,,,,,,,,
1988-08-10,FC💾DS,💾1M,SPT,ジャレコ,ビッグチャレンジ!柔道選手権💾,"￥3,200","￥3,000代",0,-,,,,,,,,
1988-08-19,FC💾DS,💾1M,SPT,コナミ,コナミックテニス💾,"￥3,300","￥3,500代",0,-,,,,,,,,
1988-08-20,FC💾DS,💾1M,PUZ,HAL研究所,エッガーランド創造への旅立ち💾,￥500,￥500代,0,-,,,,,,,,
1988-09-02,FC💾DS,💾1M,ACT,ポニーキャニオン,魔塔の崩壊💾,"￥3,000","￥3,000代",0,-,,,,,,,,
1988-09-13,FC💾DS,💾1M,SPT,タイトー,キック＆ラン💾,"￥3,300","￥3,500代",0,-,,,,,,,,
1988-10-04,FC💾DS,💾512K,ETC,東芝EMI,パチコン💾,￥500,￥500代,0,-,,,,,,,,
1988-10-21,FC💾DS,💾1M,RPG,ポニーキャニオン,ダンディーゼウオンの復活💾,"￥3,000","￥3,000代",0,-,,,,,,,,
1988-10-21,FC💾DS,💾1M,SHT,ジャレコ,ビッグチャレンジ!ドッグファイトスピリッツ💾,"￥3,200","￥3,000代",0,-,,,,,,,,
1988-10-22,FC💾DS,💾1M,RPG,バンダイ,ウルトラマン倶楽部地球奪還作戦💾,"￥3,300","￥3,500代",0,-,,,,,,,,
1988-10-28,FC💾DS,💾1M,ETC,タイトー,遊メイズ💾,"￥3,300","￥3,500代",0,-,,,,,高木正彦,,,
1988-11-15,FC💾DS,💾1M,ADV,カプコン,サムライソード💾,"￥3,300","￥3,500代",0,-,,,有馬俊夫|吉田幸司,,下村陽子,,,
1988-11-18,FC💾DS,💾512K,ACT,任天堂,アイスクライマー💾,￥500,￥500代,0,-,,三木研次,森田和明|中郷俊彦,宮本茂|杉山直,中塚章人,,山内溥|上村雅之,
1988-11-18,FC💾DS,💾1M,SHT,コナミ,ジャイラス💾,"￥3,300","￥3,500代",0,-,,,有馬俊夫|大山秀樹,岡本吉起|岡本吉起,井上正廣,,,
1988-11-18,FC💾DS,💾1M,ETC,データイースト,パチンコGP(グランプリ)💾,"￥3,300","￥3,500代",0,-,,,,,,,,
1988-11-29,FC💾DS,💾1M,ADV,バンダイ,じゃあまん探偵団魔隣組丸秘ジゴマ捜査ファイル💾,"￥3,300","￥3,500代",0,-,,,,,,,,
1988-11-30,FC💾DS,💾1M,ACT,任天堂,帰ってきたマリオブラザーズ💾,￥400,￥500代,0,-,,,,宮本茂,兼岡行男,,山内溥|横井軍平,
1988-12-09,FC💾DS,💾1M,RAC,任天堂,VSエキサイトバイク💾,"￥2,500","￥2,500代",0,-,,宮本茂,中郷俊彦,前田実|手塚卓志,中塚章人,,山内溥|宮本茂,
1988-12-09,FC💾DS,💾1M,ADV,サンソフト,なんきんのアドベンチャー💾,"￥3,200","￥3,000代",0,-,,,,,,,,
1988-12-09,FC💾DS,💾2M,ADV,データイースト,探偵神宮寺三郎危険な二人(前編)💾,"￥3,300","￥3,500代",0,-,,,,,,,,
1988-12-23,FC💾DS,💾1M,ETC,スコーピオンソフト,タロット占い💾,"￥2,980","￥3,000代",0,-,,,,,,,,
1989-01-14,FC💾DS,💾1M,SHT,タイトー,ハレーウォーズ💾,"￥3,500","￥3,500代",0,-,,,,三辻富貴朗,小倉久佳,,,
1989-01-24,FC💾DS,💾1M,ACT,バンダイ,機動警察パトレイバー第2小隊出動せよ!💾,"￥3,300","￥3,500代",0,-,,,,,,,,
1989-02-03,FC💾DS,💾512K,ACT,任天堂,レッキングクルー💾,￥500,￥500代,0,-,,岡田智,"中村俊之|TOMOYO-chan|YASE SOBAJIMA|AKINA-chan",坂本賀勇|坂本賀勇|加納誠,田中宏和,,山内溥|横井軍平,
1989-02-10,FC💾DS,💾2M,ADV,データイースト,探偵神宮寺三郎危険な二人(後編)💾,"￥3,300","￥3,500代",0,-,,,,,,,,
1989-02-16,FC💾DS,💾1M,PUZ,コトブキシステム,ロジャーラビット💾,"￥3,500","￥3,500代",0,-,,,,,アラン・シルヴェストリ,ゲイリー・K・ウルフ(英語版),,
1989-02-23,FC💾DS,💾1M,ACT,バンダイ,タマ＆フレンズ3丁目大冒険💾,"￥3,300","￥3,500代",0,-,,,,,,,,
1989-03-03,FC💾DS,💾1M,SLG,バンダイ,SDガンダムワールドガチャポン戦士スクランブルウォーズマップコレクション💾,￥500,￥500代,0,-,,,,,,,,
1989-03-20,FC💾DS,💾1M,ADV,ポニーキャニオン,光GENJIローラーパニック💾,"￥3,200","￥3,000代",0,-,,,,,澤和雄,,,
1989-03-28,FC💾DS,💾1M,SHT,ジャレコ,ビッグチャレンジ!ガンファイター💾,"￥3,200","￥3,000代",0,-,,,,,,,,
1989-04-28,FC💾DS,💾1M,RPG,ソフトプロ,フェアリーテイル💾,"￥3,200","￥3,000代",0,-,,,,,,,,
1989-05-19,FC💾DS,💾1M,SPT,パック・イン・ビデオ,パット・パット・ゴルフ💾,"￥3,500","￥3,500代",0,-,,,,,,,,
1989-05-23,FC💾DS,💾2M,ADV,任天堂,ファミコン探偵倶楽部Ⅱうしろに立つ少女(前編)💾,"￥2,600","￥2,500代",0,-,,,,,,,,
1989-05-30,FC💾DS,💾512K,ETC,任天堂,ピンボール💾,￥500,￥500代,0,-,,,,,,,,
1989-06-23,FC💾DS,💾1M,SPT,ジャレコ,ビッグチャレンジ!GOGOボーリング💾,"￥3,200","￥3,000代",0,-,,,,,,,,
1989-06-30,FC💾DS,💾2M,ADV,任天堂,ファミコン探偵倶楽部Ⅱうしろに立つ少女(後編)💾,"￥2,600","￥2,500代",0,-,,,,,,,,
1989-08-11,FC💾DS,💾1M,RPG,徳間書店,マグマプロジェクトハッカー💾,"￥3,500","￥3,500代",0,-,,,,,,,,
1989-09-23,FC💾DS,💾512K,ACT,データイースト,バーガータイム💾,￥500,￥500代,0,-,,,,,,,,
1989-10-14,FC💾DS,💾2M,ADV,任天堂,遊遊記ふぁみこんむかし話(前編)💾,"￥2,600","￥2,500代",0,-,,,,,,,,
1989-10-20,FC💾DS,💾1M,SPT,パック・イン・ビデオ,かっとび!童児💾,"￥3,500","￥3,500代",0,-,,,,,,,,
1989-11-14,FC💾DS,💾2M,ADV,任天堂,遊遊記ふぁみこんむかし話(後編)💾,"￥2,600","￥2,500代",0,-,,,,,,,,
1989-11-24,FC💾DS,💾1M,A-RPG,アテナ,LUTTER(リュッター)💾,￥500,￥500代,0,-,,,,,,,,
1990-03-23,FC💾DS,💾512K,TAB,徳間書店,香港💾,"￥2,980","￥3,000代",0,-,,,,,,,,
1990-04-24,FC💾DS,💾512K,ACT,ハドソン,ボンバーマン💾,￥500,￥500代,0,-,,,,,,,,
1990-05-18,FC💾DS,💾512K,SHT,ナムコ,ゼビウス💾,￥500,￥500代,0,-,,,遠藤雅伸|深谷正一|小島伸一,遠藤雅伸|池上正寿|佐藤誠市|岡本進一郎|遠山茂樹|遠藤雅伸|小野浩|山下正,慶野由利子,,,
1990-05-18,FC💾DS,💾512K,ACT,ナムコ,パックマン💾,￥500,￥500代,0,-,,,舟木茂雄,岩谷徹|山下正,石村繁一|甲斐敏夫,,,
1990-06-05,FC💾DS,💾512K,PUZ,任天堂,ナイトムーブ💾,"￥2,600","￥2,500代",0,-,,,,アレクセイ・パジトノフ,田中宏和,,,
1990-06-22,FC💾DS,💾512K,SHT,ナムコ,ギャラガ💾,￥500,￥500代,0,-,,,小川徹,横山茂,大野木宜幸,,,
1990-07-20,FC💾DS,💾512K,SHT,ナムコ,ギャラクシアン💾,￥500,￥500代,0,-,,,田城幸一,澤野和則(企画)|石村繁一(基板設計)|山下正|中馬義明|小野浩,石村繁一|安江正樹|甲斐敏夫,,,
1990-07-20,FC💾DS,💾512K,ACT,ナムコ,ディグダグ💾,￥500,￥500代,0,-,,,さかいとしお|深谷正一,池上まさとし,慶野由利子,,,
1990-08-31,FC💾DS,💾512K,ACT,ナムコ,ディグダグⅡ💾,￥500,￥500代,0,-,,,,,慶野由利子|小沢純子,,,
1990-09-07,FC💾DS,💾512K,PUZ,任天堂,バックギャモン💾,"￥2,600","￥2,500代",0,-,,,,,,,,
1990-10-19,FC💾DS,💾1M,PUZ,徳間書店,パニックスペース💾,￥500,￥500代,0,-,,,,,,,,
1990-11-16,FC💾DS,💾1M,PUZ,アトラス,パズルボーイズ💾,￥500,￥500代,0,-,,,,,増子司,,,
1990-12-07,FC💾DS,💾1M,PUZ,ヒロ,石道(isido)💾,￥500,￥500代,0,-,,,,,,,,
1991-01-25,FC💾DS,💾512K,P-ACT,テクモ,ソロモンの鍵💾,￥500,￥500代,0,-,,,,,,,,
1991-02-22,FC💾DS,💾512K,PUZ,徳間書店,オール1ファミマガDiskVol.3💾,￥500,￥500代,0,-,,,,,,,,
1991-04-19,FC💾DS,💾512K,PUZ,徳間書店,クロックス💾,￥500,￥500代,0,-,,,,,,,,
1991-07-26,FC💾DS,💾2M,ADV,任天堂,タイムツイスト(前編)💾,"￥2,600","￥2,500代",0,-,,,,,,,,
1991-07-26,FC💾DS,💾2M,ADV,任天堂,タイムツイスト(後編)💾,"￥2,600","￥2,500代",0,-,,,,,,,,
1991-10-25,FC💾DS,💾1M,PUZ,徳間書店,ぷよぷよ💾,￥500,￥500代,0,-,,,,,,,,
1992-04-28,FC💾DS,💾512K,PUZ,任天堂,クルクルランド💾,￥500,￥500代,0,-,,,,加納誠|加納誠|清武博二,中塚章人,,山内博|横井軍平,
1992-12-22,FC💾DS,💾1M,PUZ,徳間書店,じゃんけんディスク城💾,￥500,￥500代,0,-,,,,,,,,
