☔降水量の合計(mm),🌡️平均気温(℃),💨平均風速(m/s),🧭最多風向(16方位),🏢都道府県,🏙️市区町村,⚪未使用1,⚪未使用2,☔降水量の合計(mm):Base,❄️降雪量合計(cm),💧平均湿度(％),☁️平均雲量(10分比),♨️平均蒸気圧(hPa),🔄平均現地気圧(hPa),☀️日照時間(時間),🌨️雪日数(日),⚡雷日数(日),🌫️霧日数(日)
1872-05,0,0,0,福岡県,福岡市,,0,0,0,0,0,0,0,0,0,0,0
1872-06,0,0,0,福岡県,福岡市,,0,0,0,0,0,0,0,0,0,0,0
1872-07,0,0,0,福岡県,福岡市,,0,0,0,0,0,0,0,0,0,0,0
1872-08,0,0,0,福岡県,福岡市,,0,0,0,0,0,0,0,0,0,0,0
1872-09,0,0,0,福岡県,福岡市,,0,0,0,0,0,0,0,0,0,0,0
1872-10,0,0,0,福岡県,福岡市,,0,0,0,0,0,0,0,0,0,0,0
1872-11,0,0,0,福岡県,福岡市,,0,0,0,0,0,0,0,0,0,0,0
1872-12,0,0,0,福岡県,福岡市,,0,0,0,0,0,0,0,0,0,0,0
1873-01,0,0,0,福岡県,福岡市,,0,0,0,0,0,0,0,0,0,0,0
1873-02,0,0,0,福岡県,福岡市,,0,0,0,0,0,0,0,0,0,0,0
1873-03,0,0,0,福岡県,福岡市,,0,0,0,0,0,0,0,0,0,0,0
1873-04,0,0,0,福岡県,福岡市,,0,0,0,0,0,0,0,0,0,0,0
1873-05,0,0,0,福岡県,福岡市,,0,0,0,0,0,0,0,0,0,0,0
1873-06,0,0,0,福岡県,福岡市,,0,0,0,0,0,0,0,0,0,0,0
1873-07,0,0,0,福岡県,福岡市,,0,0,0,0,0,0,0,0,0,0,0
1873-08,0,0,0,福岡県,福岡市,,0,0,0,0,0,0,0,0,0,0,0
1873-09,0,0,0,福岡県,福岡市,,0,0,0,0,0,0,0,0,0,0,0
1873-10,0,0,0,福岡県,福岡市,,0,0,0,0,0,0,0,0,0,0,0
1873-11,0,0,0,福岡県,福岡市,,0,0,0,0,0,0,0,0,0,0,0
1873-12,0,0,0,福岡県,福岡市,,0,0,0,0,0,0,0,0,0,0,0
1874-01,0,0,0,福岡県,福岡市,,0,0,0,0,0,0,0,0,0,0,0
1874-02,0,0,0,福岡県,福岡市,,0,0,0,0,0,0,0,0,0,0,0
1874-03,0,0,0,福岡県,福岡市,,0,0,0,0,0,0,0,0,0,0,0
1874-04,0,0,0,福岡県,福岡市,,0,0,0,0,0,0,0,0,0,0,0
1874-05,0,0,0,福岡県,福岡市,,0,0,0,0,0,0,0,0,0,0,0
1874-06,0,0,0,福岡県,福岡市,,0,0,0,0,0,0,0,0,0,0,0
1874-07,0,0,0,福岡県,福岡市,,0,0,0,0,0,0,0,0,0,0,0
1874-08,0,0,0,福岡県,福岡市,,0,0,0,0,0,0,0,0,0,0,0
1874-09,0,0,0,福岡県,福岡市,,0,0,0,0,0,0,0,0,0,0,0
1874-10,0,0,0,福岡県,福岡市,,0,0,0,0,0,0,0,0,0,0,0
1874-11,0,0,0,福岡県,福岡市,,0,0,0,0,0,0,0,0,0,0,0
1874-12,0,0,0,福岡県,福岡市,,0,0,0,0,0,0,0,0,0,0,0
1875-01,0,0,0,福岡県,福岡市,,0,0,0,0,0,0,0,0,0,0,0
1875-02,0,0,0,福岡県,福岡市,,0,0,0,0,0,0,0,0,0,0,0
1875-03,0,0,0,福岡県,福岡市,,0,0,0,0,0,0,0,0,0,0,0
1875-04,0,0,0,福岡県,福岡市,,0,0,0,0,0,0,0,0,0,0,0
1875-05,0,0,0,福岡県,福岡市,,0,0,0,0,0,0,0,0,0,0,0
1875-06,0,0,0,福岡県,福岡市,,0,0,0,0,0,0,0,0,0,0,0
1875-07,0,0,0,福岡県,福岡市,,0,0,0,0,0,0,0,0,0,0,0
1875-08,0,0,0,福岡県,福岡市,,0,0,0,0,0,0,0,0,0,0,0
1875-09,0,0,0,福岡県,福岡市,,0,0,0,0,0,0,0,0,0,0,0
1875-10,0,0,0,福岡県,福岡市,,0,0,0,0,0,0,0,0,0,0,0
1875-11,0,0,0,福岡県,福岡市,,0,0,0,0,0,0,0,0,0,0,0
1875-12,0,0,0,福岡県,福岡市,,0,0,0,0,0,0,0,0,0,0,0
1876-01,0,0,0,福岡県,福岡市,,0,0,0,0,0,0,0,0,0,0,0
1876-02,0,0,0,福岡県,福岡市,,0,0,0,0,0,0,0,0,0,0,0
1876-03,0,0,0,福岡県,福岡市,,0,0,0,0,0,0,0,0,0,0,0
1876-04,0,0,0,福岡県,福岡市,,0,0,0,0,0,0,0,0,0,0,0
1876-05,0,0,0,福岡県,福岡市,,0,0,0,0,0,0,0,0,0,0,0
1876-06,0,0,0,福岡県,福岡市,,0,0,0,0,0,0,0,0,0,0,0
1876-07,0,0,0,福岡県,福岡市,,0,0,0,0,0,0,0,0,0,0,0
1876-08,0,0,0,福岡県,福岡市,,0,0,0,0,0,0,0,0,0,0,0
1876-09,0,0,0,福岡県,福岡市,,0,0,0,0,0,0,0,0,0,0,0
1876-10,0,0,0,福岡県,福岡市,,0,0,0,0,0,0,0,0,0,0,0
1876-11,0,0,0,福岡県,福岡市,,0,0,0,0,0,0,0,0,0,0,0
1876-12,0,0,0,福岡県,福岡市,,0,0,0,0,0,0,0,0,0,0,0
1877-01,0,0,0,福岡県,福岡市,,0,0,0,0,0,0,0,0,0,0,0
1877-02,0,0,0,福岡県,福岡市,,0,0,0,0,0,0,0,0,0,0,0
1877-03,0,0,0,福岡県,福岡市,,0,0,0,0,0,0,0,0,0,0,0
1877-04,0,0,0,福岡県,福岡市,,0,0,0,0,0,0,0,0,0,0,0
1877-05,0,0,0,福岡県,福岡市,,0,0,0,0,0,0,0,0,0,0,0
1877-06,0,0,0,福岡県,福岡市,,0,0,0,0,0,0,0,0,0,0,0
1877-07,0,0,0,福岡県,福岡市,,0,0,0,0,0,0,0,0,0,0,0
1877-08,0,0,0,福岡県,福岡市,,0,0,0,0,0,0,0,0,0,0,0
1877-09,0,0,0,福岡県,福岡市,,0,0,0,0,0,0,0,0,0,0,0
1877-10,0,0,0,福岡県,福岡市,,0,0,0,0,0,0,0,0,0,0,0
1877-11,0,0,0,福岡県,福岡市,,0,0,0,0,0,0,0,0,0,0,0
1877-12,0,0,0,福岡県,福岡市,,0,0,0,0,0,0,0,0,0,0,0
1878-01,0,0,0,福岡県,福岡市,,0,0,0,0,0,0,0,0,0,0,0
1878-02,0,0,0,福岡県,福岡市,,0,0,0,0,0,0,0,0,0,0,0
1878-03,0,0,0,福岡県,福岡市,,0,0,0,0,0,0,0,0,0,0,0
1878-04,0,0,0,福岡県,福岡市,,0,0,0,0,0,0,0,0,0,0,0
1878-05,0,0,0,福岡県,福岡市,,0,0,0,0,0,0,0,0,0,0,0
1878-06,0,0,0,福岡県,福岡市,,0,0,0,0,0,0,0,0,0,0,0
1878-07,0,0,0,福岡県,福岡市,,0,0,0,0,0,0,0,0,0,0,0
1878-08,0,0,0,福岡県,福岡市,,0,0,0,0,0,0,0,0,0,0,0
1878-09,0,0,0,福岡県,福岡市,,0,0,0,0,0,0,0,0,0,0,0
1878-10,0,0,0,福岡県,福岡市,,0,0,0,0,0,0,0,0,0,0,0
1878-11,0,0,0,福岡県,福岡市,,0,0,0,0,0,0,0,0,0,0,0
1878-12,0,0,0,福岡県,福岡市,,0,0,0,0,0,0,0,0,0,0,0
1879-01,0,0,0,福岡県,福岡市,,0,0,0,0,0,0,0,0,0,0,0
1879-02,0,0,0,福岡県,福岡市,,0,0,0,0,0,0,0,0,0,0,0
1879-03,0,0,0,福岡県,福岡市,,0,0,0,0,0,0,0,0,0,0,0
1879-04,0,0,0,福岡県,福岡市,,0,0,0,0,0,0,0,0,0,0,0
1879-05,0,0,0,福岡県,福岡市,,0,0,0,0,0,0,0,0,0,0,0
1879-06,0,0,0,福岡県,福岡市,,0,0,0,0,0,0,0,0,0,0,0
1879-07,0,0,0,福岡県,福岡市,,0,0,0,0,0,0,0,0,0,0,0
1879-08,0,0,0,福岡県,福岡市,,0,0,0,0,0,0,0,0,0,0,0
1879-09,0,0,0,福岡県,福岡市,,0,0,0,0,0,0,0,0,0,0,0
1879-10,0,0,0,福岡県,福岡市,,0,0,0,0,0,0,0,0,0,0,0
1879-11,0,0,0,福岡県,福岡市,,0,0,0,0,0,0,0,0,0,0,0
1879-12,0,0,0,福岡県,福岡市,,0,0,0,0,0,0,0,0,0,0,0
1880-01,0,0,0,福岡県,福岡市,,0,0,0,0,0,0,0,0,0,0,0
1880-02,0,0,0,福岡県,福岡市,,0,0,0,0,0,0,0,0,0,0,0
1880-03,0,0,0,福岡県,福岡市,,0,0,0,0,0,0,0,0,0,0,0
1880-04,0,0,0,福岡県,福岡市,,0,0,0,0,0,0,0,0,0,0,0
1880-05,0,0,0,福岡県,福岡市,,0,0,0,0,0,0,0,0,0,0,0
1880-06,0,0,0,福岡県,福岡市,,0,0,0,0,0,0,0,0,0,0,0
1880-07,0,0,0,福岡県,福岡市,,0,0,0,0,0,0,0,0,0,0,0
1880-08,0,0,0,福岡県,福岡市,,0,0,0,0,0,0,0,0,0,0,0
1880-09,0,0,0,福岡県,福岡市,,0,0,0,0,0,0,0,0,0,0,0
1880-10,0,0,0,福岡県,福岡市,,0,0,0,0,0,0,0,0,0,0,0
1880-11,0,0,0,福岡県,福岡市,,0,0,0,0,0,0,0,0,0,0,0
1880-12,0,0,0,福岡県,福岡市,,0,0,0,0,0,0,0,0,0,0,0
1881-01,0,0,0,福岡県,福岡市,,0,0,0,0,0,0,0,0,0,0,0
1881-02,0,0,0,福岡県,福岡市,,0,0,0,0,0,0,0,0,0,0,0
1881-03,0,0,0,福岡県,福岡市,,0,0,0,0,0,0,0,0,0,0,0
1881-04,0,0,0,福岡県,福岡市,,0,0,0,0,0,0,0,0,0,0,0
1881-05,0,0,0,福岡県,福岡市,,0,0,0,0,0,0,0,0,0,0,0
1881-06,0,0,0,福岡県,福岡市,,0,0,0,0,0,0,0,0,0,0,0
1881-07,0,0,0,福岡県,福岡市,,0,0,0,0,0,0,0,0,0,0,0
1881-08,0,0,0,福岡県,福岡市,,0,0,0,0,0,0,0,0,0,0,0
1881-09,0,0,0,福岡県,福岡市,,0,0,0,0,0,0,0,0,0,0,0
1881-10,0,0,0,福岡県,福岡市,,0,0,0,0,0,0,0,0,0,0,0
1881-11,0,0,0,福岡県,福岡市,,0,0,0,0,0,0,0,0,0,0,0
1881-12,0,0,0,福岡県,福岡市,,0,0,0,0,0,0,0,0,0,0,0
1882-01,0,0,0,福岡県,福岡市,,0,0,0,0,0,0,0,0,0,0,0
1882-02,0,0,0,福岡県,福岡市,,0,0,0,0,0,0,0,0,0,0,0
1882-03,0,0,0,福岡県,福岡市,,0,0,0,0,0,0,0,0,0,0,0
1882-04,0,0,0,福岡県,福岡市,,0,0,0,0,0,0,0,0,0,0,0
1882-05,0,0,0,福岡県,福岡市,,0,0,0,0,0,0,0,0,0,0,0
1882-06,0,0,0,福岡県,福岡市,,0,0,0,0,0,0,0,0,0,0,0
1882-07,0,0,0,福岡県,福岡市,,0,0,0,0,0,0,0,0,0,0,0
1882-08,0,0,0,福岡県,福岡市,,0,0,0,0,0,0,0,0,0,0,0
1882-09,0,0,0,福岡県,福岡市,,0,0,0,0,0,0,0,0,0,0,0
1882-10,0,0,0,福岡県,福岡市,,0,0,0,0,0,0,0,0,0,0,0
1882-11,0,0,0,福岡県,福岡市,,0,0,0,0,0,0,0,0,0,0,0
1882-12,0,0,0,福岡県,福岡市,,0,0,0,0,0,0,0,0,0,0,0
1883-01,0,0,0,福岡県,福岡市,,0,0,0,0,0,0,0,0,0,0,0
1883-02,0,0,0,福岡県,福岡市,,0,0,0,0,0,0,0,0,0,0,0
1883-03,0,0,0,福岡県,福岡市,,0,0,0,0,0,0,0,0,0,0,0
1883-04,0,0,0,福岡県,福岡市,,0,0,0,0,0,0,0,0,0,0,0
1883-05,0,0,0,福岡県,福岡市,,0,0,0,0,0,0,0,0,0,0,0
1883-06,0,0,0,福岡県,福岡市,,0,0,0,0,0,0,0,0,0,0,0
1883-07,0,0,0,福岡県,福岡市,,0,0,0,0,0,0,0,0,0,0,0
1883-08,0,0,0,福岡県,福岡市,,0,0,0,0,0,0,0,0,0,0,0
1883-09,0,0,0,福岡県,福岡市,,0,0,0,0,0,0,0,0,0,0,0
1883-10,0,0,0,福岡県,福岡市,,0,0,0,0,0,0,0,0,0,0,0
1883-11,0,0,0,福岡県,福岡市,,0,0,0,0,0,0,0,0,0,0,0
1883-12,0,0,0,福岡県,福岡市,,0,0,0,0,0,0,0,0,0,0,0
1884-01,0,0,0,福岡県,福岡市,,0,0,0,0,0,0,0,0,0,0,0
1884-02,0,0,0,福岡県,福岡市,,0,0,0,0,0,0,0,0,0,0,0
1884-03,0,0,0,福岡県,福岡市,,0,0,0,0,0,0,0,0,0,0,0
1884-04,0,0,0,福岡県,福岡市,,0,0,0,0,0,0,0,0,0,0,0
1884-05,0,0,0,福岡県,福岡市,,0,0,0,0,0,0,0,0,0,0,0
1884-06,0,0,0,福岡県,福岡市,,0,0,0,0,0,0,0,0,0,0,0
1884-07,0,0,0,福岡県,福岡市,,0,0,0,0,0,0,0,0,0,0,0
1884-08,0,0,0,福岡県,福岡市,,0,0,0,0,0,0,0,0,0,0,0
1884-09,0,0,0,福岡県,福岡市,,0,0,0,0,0,0,0,0,0,0,0
1884-10,0,0,0,福岡県,福岡市,,0,0,0,0,0,0,0,0,0,0,0
1884-11,0,0,0,福岡県,福岡市,,0,0,0,0,0,0,0,0,0,0,0
1884-12,0,0,0,福岡県,福岡市,,0,0,0,0,0,0,0,0,0,0,0
1885-01,0,0,0,福岡県,福岡市,,0,0,0,0,0,0,0,0,0,0,0
1885-02,0,0,0,福岡県,福岡市,,0,0,0,0,0,0,0,0,0,0,0
1885-03,0,0,0,福岡県,福岡市,,0,0,0,0,0,0,0,0,0,0,0
1885-04,0,0,0,福岡県,福岡市,,0,0,0,0,0,0,0,0,0,0,0
1885-05,0,0,0,福岡県,福岡市,,0,0,0,0,0,0,0,0,0,0,0
1885-06,0,0,0,福岡県,福岡市,,0,0,0,0,0,0,0,0,0,0,0
1885-07,0,0,0,福岡県,福岡市,,0,0,0,0,0,0,0,0,0,0,0
1885-08,0,0,0,福岡県,福岡市,,0,0,0,0,0,0,0,0,0,0,0
1885-09,0,0,0,福岡県,福岡市,,0,0,0,0,0,0,0,0,0,0,0
1885-10,0,0,0,福岡県,福岡市,,0,0,0,0,0,0,0,0,0,0,0
1885-11,0,0,0,福岡県,福岡市,,0,0,0,0,0,0,0,0,0,0,0
1885-12,0,0,0,福岡県,福岡市,,0,0,0,0,0,0,0,0,0,0,0
1886-01,0,0,0,福岡県,福岡市,,0,0,0,0,0,0,0,0,0,0,0
1886-02,0,0,0,福岡県,福岡市,,0,0,0,0,0,0,0,0,0,0,0
1886-03,0,0,0,福岡県,福岡市,,0,0,0,0,0,0,0,0,0,0,0
1886-04,0,0,0,福岡県,福岡市,,0,0,0,0,0,0,0,0,0,0,0
1886-05,0,0,0,福岡県,福岡市,,0,0,0,0,0,0,0,0,0,0,0
1886-06,0,0,0,福岡県,福岡市,,0,0,0,0,0,0,0,0,0,0,0
1886-07,0,0,0,福岡県,福岡市,,0,0,0,0,0,0,0,0,0,0,0
1886-08,0,0,0,福岡県,福岡市,,0,0,0,0,0,0,0,0,0,0,0
1886-09,0,0,0,福岡県,福岡市,,0,0,0,0,0,0,0,0,0,0,0
1886-10,0,0,0,福岡県,福岡市,,0,0,0,0,0,0,0,0,0,0,0
1886-11,0,0,0,福岡県,福岡市,,0,0,0,0,0,0,0,0,0,0,0
1886-12,0,0,0,福岡県,福岡市,,0,0,0,0,0,0,0,0,0,0,0
1887-01,0,0,0,福岡県,福岡市,,0,0,0,0,0,0,0,0,0,0,0
1887-02,0,0,0,福岡県,福岡市,,0,0,0,0,0,0,0,0,0,0,0
1887-03,0,0,0,福岡県,福岡市,,0,0,0,0,0,0,0,0,0,0,0
1887-04,0,0,0,福岡県,福岡市,,0,0,0,0,0,0,0,0,0,0,0
1887-05,0,0,0,福岡県,福岡市,,0,0,0,0,0,0,0,0,0,0,0
1887-06,0,0,0,福岡県,福岡市,,0,0,0,0,0,0,0,0,0,0,0
1887-07,0,0,0,福岡県,福岡市,,0,0,0,0,0,0,0,0,0,0,0
1887-08,0,0,0,福岡県,福岡市,,0,0,0,0,0,0,0,0,0,0,0
1887-09,0,0,0,福岡県,福岡市,,0,0,0,0,0,0,0,0,0,0,0
1887-10,0,0,0,福岡県,福岡市,,0,0,0,0,0,0,0,0,0,0,0
1887-11,0,0,0,福岡県,福岡市,,0,0,0,0,0,0,0,0,0,0,0
1887-12,0,0,0,福岡県,福岡市,,0,0,0,0,0,0,0,0,0,0,0
1888-01,0,0,0,福岡県,福岡市,,0,0,0,0,0,0,0,0,0,0,0
1888-02,0,0,0,福岡県,福岡市,,0,0,0,0,0,0,0,0,0,0,0
1888-03,0,0,0,福岡県,福岡市,,0,0,0,0,0,0,0,0,0,0,0
1888-04,0,0,0,福岡県,福岡市,,0,0,0,0,0,0,0,0,0,0,0
1888-05,0,0,0,福岡県,福岡市,,0,0,0,0,0,0,0,0,0,0,0
1888-06,0,0,0,福岡県,福岡市,,0,0,0,0,0,0,0,0,0,0,0
1888-07,0,0,0,福岡県,福岡市,,0,0,0,0,0,0,0,0,0,0,0
1888-08,0,0,0,福岡県,福岡市,,0,0,0,0,0,0,0,0,0,0,0
1888-09,0,0,0,福岡県,福岡市,,0,0,0,0,0,0,0,0,0,0,0
1888-10,0,0,0,福岡県,福岡市,,0,0,0,0,0,0,0,0,0,0,0
1888-11,0,0,0,福岡県,福岡市,,0,0,0,0,0,0,0,0,0,0,0
1888-12,0,0,0,福岡県,福岡市,,0,0,0,0,0,0,0,0,0,0,0
1889-01,0,0,0,福岡県,福岡市,,0,0,0,0,0,0,0,0,0,0,0
1889-02,0,0,0,福岡県,福岡市,,0,0,0,0,0,0,0,0,0,0,0
1889-03,0,0,0,福岡県,福岡市,,0,0,0,0,0,0,0,0,0,0,0
1889-04,0,0,0,福岡県,福岡市,,0,0,0,0,0,0,0,0,0,0,0
1889-05,0,0,0,福岡県,福岡市,,0,0,0,0,0,0,0,0,0,0,0
1889-06,0,0,0,福岡県,福岡市,,0,0,0,0,0,0,0,0,0,0,0
1889-07,0,0,0,福岡県,福岡市,,0,0,0,0,0,0,0,0,0,0,0
1889-08,0,0,0,福岡県,福岡市,,0,0,0,0,0,0,0,0,0,0,0
1889-09,0,0,0,福岡県,福岡市,,0,0,0,0,0,0,0,0,0,0,0
1889-10,0,0,0,福岡県,福岡市,,0,0,0,0,0,0,0,0,0,0,0
1889-11,0,0,0,福岡県,福岡市,,0,0,0,0,0,0,0,0,0,0,0
1889-12,0,0,0,福岡県,福岡市,,0,0,0,0,0,0,0,0,0,0,0
1890-01,5.6,0,0,福岡県,福岡市,,0,116.2,0,78,0,0,0,0,0,0,0
1890-02,8.1,0,0,福岡県,福岡市,,0,106.9,0,79,0,0,0,0,0,0,0
1890-03,9.0,0,0,福岡県,福岡市,,0,168.3,0,80,0,0,0,0,0,0,0
1890-04,15.1,0,0,福岡県,福岡市,,0,215.8,0,80,0,0,0,0,0,0,0
1890-05,17.1,0,0,福岡県,福岡市,,0,231.4,0,80,0,0,0,0,0,0,0
1890-06,21.8,0,0,福岡県,福岡市,,0,190.4,0,81,0,0,0,0,0,0,0
1890-07,25.3,0,0,福岡県,福岡市,,0,406.2,0,81,0,0,0,0,0,0,0
1890-08,25.7,0,0,福岡県,福岡市,,0,68.2,0,81,0,0,0,0,0,0,0
1890-09,23.2,0,0,福岡県,福岡市,,0,57.2,0,81,0,0,0,0,0,0,0
1890-10,16.1,0,0,福岡県,福岡市,,0,112.7,0,79,0,0,0,0,0,0,0
1890-11,12.1,0,0,福岡県,福岡市,,0,61.9,0,77,0,0,0,0,0,0,0
1890-12,10.2,0,0,福岡県,福岡市,,0,195.6,0,78,0,0,0,0,0,0,0
1891-01,3.9,0,0,福岡県,福岡市,,0,56.7,0,77,0,0,0,0,0,0,0
1891-02,5.5,0,0,福岡県,福岡市,,0,84.8,0,79,0,0,0,0,0,0,0
1891-03,8.5,0,0,福岡県,福岡市,,0,87.1,0,75,0,0,0,0,0,0,0
1891-04,12.5,0,0,福岡県,福岡市,,0,83.0,0,76,0,0,0,0,0,0,0
1891-05,16.8,0,0,福岡県,福岡市,,0,39.0,0,73,0,0,0,0,0,0,0
1891-06,20.2,0,0,福岡県,福岡市,,0,134.4,0,78,0,0,0,0,0,0,0
1891-07,24.5,0,0,福岡県,福岡市,,0,668.7,0,84,0,0,0,0,0,0,0
1891-08,25.8,0,0,福岡県,福岡市,,0,212.4,0,85,0,0,0,0,0,0,0
1891-09,24.0,0,0,福岡県,福岡市,,0,300.6,0,85,0,0,0,0,0,0,0
1891-10,16.9,0,0,福岡県,福岡市,,0,32.6,0,79,0,0,0,0,0,0,0
1891-11,11.7,0,0,福岡県,福岡市,,0,51.8,0,78,0,0,0,0,0,0,0
1891-12,7.0,0,0,福岡県,福岡市,,0,59.6,0,75,0,0,0,0,0,0,0
1892-01,4.8,0,0,福岡県,福岡市,,0,39.0,0,75,0,0,0,0,0,0,0
1892-02,5.3,0,0,福岡県,福岡市,,0,90.8,0,77,0,0,0,0,0,0,0
1892-03,6.4,0,0,福岡県,福岡市,,0,101.2,0,74,0,0,0,0,0,0,0
1892-04,13.5,0,0,福岡県,福岡市,,0,144.2,0,77,0,0,0,0,0,0,0
1892-05,16.5,0,0,福岡県,福岡市,,0,189.2,0,82,0,0,0,0,0,0,0
1892-06,21.4,0,0,福岡県,福岡市,,0,186.8,0,87,0,0,0,0,0,0,0
1892-07,26.5,0,0,福岡県,福岡市,,0,122.5,0,84,0,0,0,0,0,0,0
1892-08,26.5,0,0,福岡県,福岡市,,0,87.0,0,82,0,0,0,0,0,0,0
1892-09,22.8,0,0,福岡県,福岡市,,0,136.8,0,83,0,0,0,0,0,0,0
1892-10,15.2,0,0,福岡県,福岡市,,0,111.1,0,81,0,0,0,0,0,0,0
1892-11,10.9,0,0,福岡県,福岡市,,0,71.9,0,76,0,0,0,0,0,0,0
1892-12,5.1,0,0,福岡県,福岡市,,0,35.8,0,70,0,0,0,0,0,0,0
1893-01,4.6,0,0,福岡県,福岡市,,0,45.1,0,77,0,0,0,0,0,0,0
1893-02,3.2,0,0,福岡県,福岡市,,0,66.6,0,75,0,0,0,0,0,0,0
1893-03,7.2,0,0,福岡県,福岡市,,0,67.0,0,72,0,0,0,0,0,0,0
1893-04,12.5,0,0,福岡県,福岡市,,0,77.5,0,76,0,0,0,0,0,0,0
1893-05,16.2,0,0,福岡県,福岡市,,0,125.1,0,79,0,0,0,0,0,0,0
1893-06,20.5,0,0,福岡県,福岡市,,0,135.9,0,82,0,0,0,0,0,0,0
1893-07,26.5,0,0,福岡県,福岡市,,0,48.4,0,80,0,0,0,0,0,0,0
1893-08,26.2,0,0,福岡県,福岡市,,0,209.0,0,83,0,0,0,0,0,0,0
1893-09,24.0,0,0,福岡県,福岡市,,0,203.7,0,85,0,0,0,0,0,0,0
1893-10,16.4,0,0,福岡県,福岡市,,0,228.5,0,78,0,0,0,0,0,0,0
1893-11,10.0,0,0,福岡県,福岡市,,0,84.4,0,70,0,0,0,0,0,0,0
1893-12,6.2,0,0,福岡県,福岡市,,0,25.3,0,72,0,0,0,0,0,0,0
1894-01,4.9,0,0,福岡県,福岡市,,0,64.9,0,77,0,0,0,0,0,0,0
1894-02,5.6,0,0,福岡県,福岡市,,0,64.6,0,77,0,0,0,0,0,0,0
1894-03,8.7,0,0,福岡県,福岡市,,0,120.6,0,77,0,0,0,0,0,0,0
1894-04,14.1,0,0,福岡県,福岡市,,0,142.5,0,80,0,0,0,0,0,0,0
1894-05,17.0,0,0,福岡県,福岡市,,0,19.0,0,76,0,0,0,0,0,0,0
1894-06,23.5,0,0,福岡県,福岡市,,0,181.4,0,82,0,0,0,0,0,0,0
1894-07,27.0,0,0,福岡県,福岡市,,0,61.6,0,79,0,0,0,0,0,0,0
1894-08,27.6,0,0,福岡県,福岡市,,0,4.6,0,77,0,0,0,0,0,0,0
1894-09,22.5,0,0,福岡県,福岡市,,0,157.5,0,81,0,0,0,0,0,0,0
1894-10,16.3,0,0,福岡県,福岡市,,0,9.2,0,77,0,0,0,0,0,0,0
1894-11,12.1,0,0,福岡県,福岡市,,0,70.1,0,77,0,0,0,0,0,0,0
1894-12,7.1,0,0,福岡県,福岡市,,0,129.1,0,75,0,0,0,0,0,0,0
1895-01,3.6,0,0,福岡県,福岡市,,0,50.3,0,73,0,0,0,0,0,0,0
1895-02,5.1,0,0,福岡県,福岡市,,0,87.3,0,72,0,0,0,0,0,0,0
1895-03,8.6,0,0,福岡県,福岡市,,0,148.5,0,78,0,0,0,0,0,0,0
1895-04,13.1,0,0,福岡県,福岡市,,0,56.9,0,77,0,0,0,0,0,0,0
1895-05,17.5,0,0,福岡県,福岡市,,0,33.8,0,76,0,0,0,0,0,0,0
1895-06,21.3,0,0,福岡県,福岡市,,0,259.6,0,83,0,0,0,0,0,0,0
1895-07,23.8,0,0,福岡県,福岡市,,0,268.1,0,83,0,0,0,0,0,0,0
1895-08,26.7,0,0,福岡県,福岡市,,0,21.7,0,82,0,0,0,0,0,0,0
1895-09,22.6,0,0,福岡県,福岡市,,0,48.9,0,81,0,0,0,0,0,0,0
1895-10,16.9,0,0,福岡県,福岡市,,0,64.1,0,78,0,0,0,0,0,0,0
1895-11,11.7,0,0,福岡県,福岡市,,0,62.0,0,76,0,0,0,0,0,0,0
1895-12,6.9,0,0,福岡県,福岡市,,0,94.0,0,72,0,0,0,0,0,0,0
1896-01,4.9,0,0,福岡県,福岡市,,0,35.8,0,69,0,0,0,122.6,0,0,0
1896-02,4.6,0,0,福岡県,福岡市,,0,60.6,0,75,0,0,0,133.8,0,0,0
1896-03,6.1,0,0,福岡県,福岡市,,0,71.9,0,74,0,0,0,135.2,0,0,0
1896-04,14.4,0,0,福岡県,福岡市,,0,173.2,0,82,0,0,0,134.4,0,0,0
1896-05,16.4,0,0,福岡県,福岡市,,0,180.8,0,79,0,0,0,168.3,0,0,0
1896-06,22.5,0,0,福岡県,福岡市,,0,262.9,0,80,0,0,0,124.2,0,0,0
1896-07,24.9,0,0,福岡県,福岡市,,0,235.6,0,79,0,0,0,172.7,0,0,0
1896-08,26.0,0,0,福岡県,福岡市,,0,205.2,0,79,0,0,0,231.3,0,0,0
1896-09,21.3,0,0,福岡県,福岡市,,0,61.5,0,81,0,0,0,162.7,0,0,0
1896-10,16.8,0,0,福岡県,福岡市,,0,66.3,0,79,0,0,0,155.5,0,0,0
1896-11,11.8,0,0,福岡県,福岡市,,0,101.5,0,75,0,0,0,158.1,0,0,0
1896-12,6.7,0,0,福岡県,福岡市,,0,95.5,0,72,0,0,0,105.6,0,0,0
1897-01,6.2,0,0,福岡県,福岡市,,0,83.8,0,78,0,0,0,49.4,0,0,0
1897-02,4.1,0,0,福岡県,福岡市,,0,59.6,0,74,0,0,0,90.9,0,0,0
1897-03,8.7,0,0,福岡県,福岡市,,0,175.8,0,78,0,0,0,114.9,0,0,0
1897-04,12.4,0,0,福岡県,福岡市,,0,81.9,0,75,0,0,0,165.9,0,0,0
1897-05,17.2,0,0,福岡県,福岡市,,0,110.0,0,76,0,0,0,207.2,0,0,0
1897-06,20.6,0,0,福岡県,福岡市,,0,54.1,0,75,0,0,0,239.1,0,0,0
1897-07,25.4,0,0,福岡県,福岡市,,0,264.1,0,77,0,0,0,166.5,0,0,0
1897-08,27.0,0,0,福岡県,福岡市,,0,166.9,0,81,0,0,0,202.9,0,0,0
1897-09,22.4,0,0,福岡県,福岡市,,0,332.8,0,82,0,0,0,115.6,0,0,0
1897-10,15.4,0,0,福岡県,福岡市,,0,29.4,0,74,0,0,0,183.0,0,0,0
1897-11,13.0,0,0,福岡県,福岡市,,0,52.4,0,75,0,0,0,147.3,0,0,0
1897-12,5.2,0,0,福岡県,福岡市,,0,43.2,0,68,0,0,0,55.5,0,0,0
1898-01,7.2,0,0,福岡県,福岡市,,0,80.5,0,74,0,0,0,86.2,0,0,0
1898-02,6.4,0,0,福岡県,福岡市,,0,101.5,0,71,0,0,0,77.3,0,0,0
1898-03,8.2,0,0,福岡県,福岡市,,0,68.8,0,75,0,0,0,108.5,0,0,0
1898-04,12.3,0,0,福岡県,福岡市,,0,23.7,0,71,0,0,0,183.8,0,0,0
1898-05,17.8,0,0,福岡県,福岡市,,0,295.0,0,80,0,0,0,173.8,0,0,0
1898-06,21.2,0,0,福岡県,福岡市,,0,126.5,0,77,0,0,0,171.9,0,0,0
1898-07,26.8,0,0,福岡県,福岡市,,0,285.2,0,79,0,0,0,198.7,0,0,0
1898-08,27.1,0,0,福岡県,福岡市,,0,107.7,0,82,0,0,0,219.8,0,0,0
1898-09,23.4,0,0,福岡県,福岡市,,0,145.8,0,81,0,0,0,206.1,0,0,0
1898-10,17.5,0,0,福岡県,福岡市,,0,79.4,0,79,0,0,0,174.9,0,0,0
1898-11,13.1,0,0,福岡県,福岡市,,0,91.1,0,79,0,0,0,98.0,0,0,0
1898-12,7.8,0,0,福岡県,福岡市,,0,135.5,0,77,0,0,0,94.9,0,0,0
1899-01,4.3,0,0,福岡県,福岡市,,0,42.9,0,71,0,0,0,98.4,0,0,0
1899-02,5.9,0,0,福岡県,福岡市,,0,159.0,0,77,0,0,0,83.5,0,0,0
1899-03,9.3,0,0,福岡県,福岡市,,0,97.3,0,74,0,0,0,193.1,0,0,0
1899-04,13.0,0,0,福岡県,福岡市,,0,106.2,0,79,0,0,0,203.3,0,0,0
1899-05,18.5,0,0,福岡県,福岡市,,0,107.0,0,80,0,0,0,169.9,0,0,0
1899-06,23.1,0,0,福岡県,福岡市,,0,251.4,0,81,0,0,0,173.0,0,0,0
1899-07,26.1,0,0,福岡県,福岡市,,0,121.2,0,79,0,0,0,198.9,0,0,0
1899-08,26.1,0,0,福岡県,福岡市,,0,207.6,0,81,0,0,0,175.0,0,0,0
1899-09,21.2,0,0,福岡県,福岡市,,0,212.7,0,82,0,0,0,142.7,0,0,0
1899-10,14.2,0,0,福岡県,福岡市,,0,55.3,0,75,0,0,0,176.1,0,0,0
1899-11,10.3,0,0,福岡県,福岡市,,0,44.3,0,75,0,0,0,158.1,0,0,0
1899-12,8.5,0,0,福岡県,福岡市,,0,73.7,0,78,0,0,0,120.8,0,0,0
1900-01,3.7,0,0,福岡県,福岡市,,0,89.9,0,74,0,0,0,86.3,0,0,0
1900-02,4.9,0,0,福岡県,福岡市,,0,29.0,0,72,0,0,0,106.1,0,0,0
1900-03,8.2,0,0,福岡県,福岡市,,0,47.1,0,66,0,0,0,164.3,0,0,0
1900-04,13.4,0,0,福岡県,福岡市,,0,140.6,0,78,0,0,0,142.9,0,0,0
1900-05,17.6,0,0,福岡県,福岡市,,0,258.7,0,76,0,0,0,211.5,0,0,0
1900-06,20.7,0,0,福岡県,福岡市,,0,126.5,0,74,0,0,0,201.0,0,0,0
1900-07,24.5,0,0,福岡県,福岡市,,0,467.4,0,84,0,0,0,174.6,0,0,0
1900-08,26.8,0,0,福岡県,福岡市,,0,239.2,0,80,0,0,0,280.5,0,0,0
1900-09,23.3,0,0,福岡県,福岡市,,0,134.7,0,80,0,0,0,174.6,0,0,0
1900-10,16.8,0,0,福岡県,福岡市,,0,114.0,0,78,0,0,0,192.7,0,0,0
1900-11,12.0,0,0,福岡県,福岡市,,0,125.3,0,80,0,0,0,134.7,0,0,0
1900-12,7.0,0,0,福岡県,福岡市,,0,30.3,0,74,0,0,0,94.0,0,0,0
1901-01,7.5,0,0,福岡県,福岡市,,0,80.6,0,77,0,0,0,120.7,0,0,0
1901-02,3.4,0,0,福岡県,福岡市,,0,62.5,0,64,0,0,0,94.5,0,0,0
1901-03,7.1,0,0,福岡県,福岡市,,0,72.0,0,74,0,0,0,206.6,0,0,0
1901-04,13.9,0,0,福岡県,福岡市,,0,121.8,0,78,0,0,0,156.1,0,0,0
1901-05,16.2,0,0,福岡県,福岡市,,0,65.9,0,74,0,0,0,192.4,0,0,0
1901-06,20.8,0,0,福岡県,福岡市,,0,322.3,0,83,0,0,0,124.4,0,0,0
1901-07,23.2,0,0,福岡県,福岡市,,0,565.9,0,87,0,0,0,90.9,0,0,0
1901-08,26.3,0,0,福岡県,福岡市,,0,118.9,0,79,0,0,0,275.0,0,0,0
1901-09,21.7,0,0,福岡県,福岡市,,0,44.4,0,80,0,0,0,200.1,0,0,0
1901-10,17.9,0,0,福岡県,福岡市,,0,193.4,0,78,0,0,0,149.9,0,0,0
1901-11,10.5,0,0,福岡県,福岡市,,0,31.2,0,73,0,0,0,156.6,0,0,0
1901-12,5.7,0,0,福岡県,福岡市,,0,35.6,0,70,0,0,0,135.9,0,0,0
1902-01,5.2,0,0,福岡県,福岡市,,0,40.8,0,72,0,0,0,151.7,0,0,0
1902-02,5.1,0,0,福岡県,福岡市,,0,44.7,0,70,0,0,0,137.9,0,0,0
1902-03,10.0,0,0,福岡県,福岡市,,0,90.0,0,75,0,0,0,153.3,0,0,0
1902-04,12.4,0,0,福岡県,福岡市,,0,191.3,0,74,0,0,0,143.8,0,0,0
1902-05,17.4,0,0,福岡県,福岡市,,0,232.6,0,78,0,0,0,154.2,0,0,0
1902-06,20.5,0,0,福岡県,福岡市,,0,158.8,0,80,0,0,0,166.1,0,0,0
1902-07,24.6,0,0,福岡県,福岡市,,0,129.1,0,78,0,0,0,190.6,0,0,0
1902-08,24.9,0,0,福岡県,福岡市,,0,286.4,0,84,0,0,0,180.2,0,0,0
1902-09,21.5,0,0,福岡県,福岡市,,0,251.1,0,81,0,0,0,153.7,0,0,0
1902-10,16.2,0,0,福岡県,福岡市,,0,53.5,0,79,0,0,0,195.1,0,0,0
1902-11,13.4,0,0,福岡県,福岡市,,0,108.2,0,82,0,0,0,145.6,0,0,0
1902-12,9.5,0,0,福岡県,福岡市,,0,152.3,0,78,0,0,0,90.4,0,0,0
1903-01,6.1,0,0,福岡県,福岡市,,0,82.8,0,75,0,0,0,81.1,0,0,0
1903-02,6.0,0,0,福岡県,福岡市,,0,125.7,0,75,0,0,0,102.6,0,0,0
1903-03,9.9,0,0,福岡県,福岡市,,0,138.2,0,78,0,0,0,104.9,0,0,0
1903-04,13.4,0,0,福岡県,福岡市,,0,134.4,0,78,0,0,0,140.2,0,0,0
1903-05,16.8,0,0,福岡県,福岡市,,0,241.3,0,78,0,0,0,191.9,0,0,0
1903-06,20.6,0,0,福岡県,福岡市,,0,68.1,0,80,0,0,0,173.5,0,0,0
1903-07,24.3,0,0,福岡県,福岡市,,0,229.9,0,81,0,0,0,117.3,0,0,0
1903-08,27.2,0,0,福岡県,福岡市,,0,96.8,0,81,0,0,0,257.0,0,0,0
1903-09,23.8,0,0,福岡県,福岡市,,0,49.2,0,82,0,0,0,189.0,0,0,0
1903-10,16.7,0,0,福岡県,福岡市,,0,146.4,0,82,0,0,0,144.2,0,0,0
1903-11,10.8,0,0,福岡県,福岡市,,0,76.9,0,79,0,0,0,123.6,0,0,0
1903-12,5.8,0,0,福岡県,福岡市,,0,67.3,0,71,0,0,0,100.5,0,0,0
1904-01,4.1,0,0,福岡県,福岡市,,0,29.4,0,68,0,0,0,95.1,0,0,0
1904-02,5.8,0,0,福岡県,福岡市,,0,60.7,0,71,0,0,0,166.5,0,0,0
1904-03,8.2,0,0,福岡県,福岡市,,0,94.0,0,73,0,0,0,146.1,0,0,0
1904-04,14.2,0,0,福岡県,福岡市,,0,285.5,0,82,0,0,0,117.5,0,0,0
1904-05,16.6,0,0,福岡県,福岡市,,0,125.4,0,77,0,0,0,194.6,0,0,0
1904-06,21.7,0,0,福岡県,福岡市,,0,436.7,0,82,0,0,0,161.9,0,0,0
1904-07,26.0,0,0,福岡県,福岡市,,0,115.2,0,80,0,0,0,239.6,0,0,0
1904-08,26.7,0,0,福岡県,福岡市,,0,1.5,0,76,0,0,0,259.8,0,0,0
1904-09,21.5,0,0,福岡県,福岡市,,0,112.1,0,79,0,0,0,188.8,0,0,0
1904-10,16.0,0,0,福岡県,福岡市,,0,62.2,0,80,0,0,0,188.6,0,0,0
1904-11,10.3,0,0,福岡県,福岡市,,0,81.9,0,71,0,0,0,178.1,0,0,0
1904-12,7.8,0,0,福岡県,福岡市,,0,113.3,0,73,0,0,0,141.4,0,0,0
1905-01,7.4,0,0,福岡県,福岡市,,0,63.7,0,77,0,0,0,123.3,0,0,0
1905-02,4.5,0,0,福岡県,福岡市,,0,67.6,0,68,0,0,0,102.8,0,0,0
1905-03,8.5,0,0,福岡県,福岡市,,0,236.2,0,79,0,0,0,107.7,0,0,0
1905-04,12.0,0,0,福岡県,福岡市,,0,99.3,0,79,0,0,0,160.4,0,0,0
1905-05,17.7,0,0,福岡県,福岡市,,0,101.8,0,77,0,0,0,181.5,0,0,0
1905-06,20.9,0,0,福岡県,福岡市,,0,357.4,0,86,0,0,0,138.9,0,0,0
1905-07,25.7,0,0,福岡県,福岡市,,0,594.6,0,84,0,0,0,168.3,0,0,0
1905-08,24.8,0,0,福岡県,福岡市,,0,405.5,0,86,0,0,0,149.6,0,0,0
1905-09,22.8,0,0,福岡県,福岡市,,0,71.4,0,80,0,0,0,166.0,0,0,0
1905-10,16.8,0,0,福岡県,福岡市,,0,64.1,0,78,0,0,0,183.6,0,0,0
1905-11,11.8,0,0,福岡県,福岡市,,0,29.0,0,75,0,0,0,179.0,0,0,0
1905-12,9.6,0,0,福岡県,福岡市,,0,120.7,0,76,0,0,0,98.2,0,0,0
1906-01,4.7,0,0,福岡県,福岡市,,0,82.5,0,68,0,0,0,105.2,0,0,0
1906-02,5.0,0,0,福岡県,福岡市,,0,142.9,0,70,0,0,0,71.1,0,0,0
1906-03,8.0,0,0,福岡県,福岡市,,0,90.1,0,73,0,0,0,175.5,0,0,0
1906-04,12.8,0,0,福岡県,福岡市,,0,63.0,0,74,0,0,0,202.0,0,0,0
1906-05,17.7,0,0,福岡県,福岡市,,0,151.9,0,81,0,0,0,156.6,0,0,0
1906-06,20.6,0,0,福岡県,福岡市,,0,337.8,0,85,0,0,0,110.4,0,0,0
1906-07,24.8,0,0,福岡県,福岡市,,0,60.3,0,82,0,0,0,178.8,0,0,0
1906-08,26.4,0,0,福岡県,福岡市,,0,157.6,0,81,0,0,0,186.2,0,0,0
1906-09,22.4,0,0,福岡県,福岡市,,0,272.0,0,84,0,0,0,130.4,0,0,0
1906-10,16.5,0,0,福岡県,福岡市,,0,153.1,0,79,0,0,0,158.3,0,0,0
1906-11,11.0,0,0,福岡県,福岡市,,0,25.8,0,72,0,0,0,111.5,0,0,0
1906-12,6.8,0,0,福岡県,福岡市,,0,71.9,0,82,0,0,0,86.7,0,0,0
1907-01,6.1,0,0,福岡県,福岡市,,0,84.2,0,74,0,0,0,116.2,0,0,0
1907-02,3.4,0,0,福岡県,福岡市,,0,91.5,0,71,0,0,0,98.6,0,0,0
1907-03,7.7,0,0,福岡県,福岡市,,0,88.1,0,75,0,0,0,136.7,0,0,0
1907-04,12.6,0,0,福岡県,福岡市,,0,118.5,0,78,0,0,0,188.6,0,0,0
1907-05,17.4,0,0,福岡県,福岡市,,0,60.6,0,72,0,0,0,229.7,0,0,0
1907-06,20.1,0,0,福岡県,福岡市,,0,137.2,0,79,0,0,0,167.3,0,0,0
1907-07,24.5,0,0,福岡県,福岡市,,0,308.5,0,84,0,0,0,187.9,0,0,0
1907-08,26.1,0,0,福岡県,福岡市,,0,75.9,0,84,0,0,0,231.2,0,0,0
1907-09,21.6,0,0,福岡県,福岡市,,0,305.8,0,85,0,0,0,160.0,0,0,0
1907-10,16.5,0,0,福岡県,福岡市,,0,121.6,0,83,0,0,0,147.4,0,0,0
1907-11,12.1,0,0,福岡県,福岡市,,0,83.3,0,81,0,0,0,97.6,0,0,0
1907-12,5.9,0,0,福岡県,福岡市,,0,27.4,0,70,0,0,0,122.5,0,0,0
1908-01,6.2,0,0,福岡県,福岡市,,0,79.7,0,75,0,0,0,102.8,0,0,0
1908-02,4.5,0,0,福岡県,福岡市,,0,33.8,0,72,0,0,0,121.8,0,0,0
1908-03,8.2,0,0,福岡県,福岡市,,0,85.5,0,74,0,0,0,143.2,0,0,0
1908-04,12.7,0,0,福岡県,福岡市,,0,205.9,0,81,0,0,0,156.5,0,0,0
1908-05,16.9,0,0,福岡県,福岡市,,0,62.8,0,76,0,0,0,209.7,0,0,0
1908-06,21.7,0,0,福岡県,福岡市,,0,400.6,0,81,0,0,0,166.8,0,0,0
1908-07,24.6,0,0,福岡県,福岡市,,0,316.2,0,83,0,0,0,189.0,0,0,0
1908-08,26.3,0,0,福岡県,福岡市,,0,158.2,0,82,0,0,0,233.6,0,0,0
1908-09,21.5,0,0,福岡県,福岡市,,0,163.1,0,83,0,0,0,184.8,0,0,0
1908-10,16.4,0,0,福岡県,福岡市,,0,136.0,0,83,0,0,0,165.4,0,0,0
1908-11,10.6,0,0,福岡県,福岡市,,0,27.7,0,72,0,0,0,95.6,0,0,0
1908-12,7.7,0,0,福岡県,福岡市,,0,51.8,0,73,0,0,0,131.9,0,0,0
1909-01,5.3,0,0,福岡県,福岡市,,0,72.8,0,78,0,0,0,76.4,0,0,0
1909-02,4.2,0,0,福岡県,福岡市,,0,51.6,0,67,0,0,0,85.8,0,0,0
1909-03,6.9,0,0,福岡県,福岡市,,0,147.6,0,74,0,0,0,127.3,0,0,0
1909-04,13.3,0,0,福岡県,福岡市,,0,132.9,0,72,0,0,0,172.4,0,0,0
1909-05,16.8,0,0,福岡県,福岡市,,0,57.8,0,74,0,0,0,194.3,0,0,0
1909-06,21.4,0,0,福岡県,福岡市,,0,279.9,0,83,0,0,0,96.4,0,0,0
1909-07,25.5,0,0,福岡県,福岡市,,0,281.6,0,81,0,0,0,192.4,0,0,0
1909-08,26.1,0,0,福岡県,福岡市,,0,181.4,0,83,0,0,0,188.1,0,0,0
1909-09,23.6,0,0,福岡県,福岡市,,0,362.8,0,85,0,0,0,131.3,0,0,0
1909-10,15.8,0,0,福岡県,福岡市,,0,78.5,0,79,0,0,0,164.2,0,0,0
1909-11,12.0,0,0,福岡県,福岡市,,0,79.1,0,76,0,0,0,131.5,0,0,0
1909-12,6.2,0,0,福岡県,福岡市,,0,73.0,0,73,0,0,0,102.8,0,0,0
1910-01,6.2,0,0,福岡県,福岡市,,0,152.6,0,76,0,0,0,83.5,0,0,0
1910-02,3.8,0,0,福岡県,福岡市,,0,79.7,0,69,0,0,0,89.0,0,0,0
1910-03,7.5,0,0,福岡県,福岡市,,0,141.6,0,70,0,0,0,123.6,0,0,0
1910-04,12.0,0,0,福岡県,福岡市,,0,98.2,0,77,0,0,0,177.9,0,0,0
1910-05,17.2,0,0,福岡県,福岡市,,0,125.6,0,79,0,0,0,189.4,0,0,0
1910-06,22.0,0,0,福岡県,福岡市,,0,394.3,0,80,0,0,0,103.7,0,0,0
1910-07,25.9,0,0,福岡県,福岡市,,0,116.5,0,79,0,0,0,201.3,0,0,0
1910-08,25.8,0,0,福岡県,福岡市,,0,80.6,0,81,0,0,0,219.4,0,0,0
1910-09,22.0,0,0,福岡県,福岡市,,0,335.7,0,85,0,0,0,90.0,0,0,0
1910-10,15.4,0,0,福岡県,福岡市,,0,62.4,0,80,0,0,0,162.2,0,0,0
1910-11,10.8,0,0,福岡県,福岡市,,0,72.5,0,76,0,0,0,124.6,0,0,0
1910-12,5.3,0,0,福岡県,福岡市,,0,58.6,0,71,0,0,0,61.8,0,0,0
1911-01,4.9,0,0,福岡県,福岡市,,0,69.4,0,75,0,0,0,88.2,0,0,0
1911-02,5.2,0,0,福岡県,福岡市,,0,33.0,0,75,0,0,0,95.0,0,0,0
1911-03,9.0,0,0,福岡県,福岡市,,0,208.5,0,77,0,0,0,127.5,0,0,0
1911-04,12.4,0,0,福岡県,福岡市,,0,121.9,0,75,0,0,0,185.3,0,0,0
1911-05,17.1,0,0,福岡県,福岡市,,0,94.9,0,79,0,0,0,173.9,0,0,0
1911-06,21.4,0,0,福岡県,福岡市,,0,317.0,0,85,0,0,0,123.4,0,0,0
1911-07,25.5,0,0,福岡県,福岡市,,0,244.7,0,82,0,0,0,181.8,0,0,0
1911-08,26.2,0,0,福岡県,福岡市,,0,77.6,0,84,0,0,0,215.1,0,0,0
1911-09,24.0,0,0,福岡県,福岡市,,0,283.9,0,85,0,0,0,152.8,0,0,0
1911-10,15.9,0,0,福岡県,福岡市,,0,110.7,0,79,0,0,0,167.1,0,0,0
1911-11,12.1,0,0,福岡県,福岡市,,0,128.5,0,80,0,0,0,137.4,0,0,0
1911-12,6.3,0,0,福岡県,福岡市,,0,58.1,0,76,0,0,0,95.5,0,0,0
1912-01,4.4,0,0,福岡県,福岡市,,0,59.5,0,74,0,0,0,75.5,0,0,0
1912-02,7.4,0,0,福岡県,福岡市,,0,156.7,0,77,0,0,0,110.2,0,0,0
1912-03,8.9,0,0,福岡県,福岡市,,0,139.1,0,78,0,0,0,150.6,0,0,0
1912-04,13.6,0,0,福岡県,福岡市,,0,155.8,0,76,0,0,0,202.3,0,0,0
1912-05,17.1,0,0,福岡県,福岡市,,0,43.7,0,75,0,0,0,237.1,0,0,0
1912-06,21.0,0,0,福岡県,福岡市,,0,115.1,0,82,0,0,0,218.1,0,0,0
1912-07,25.1,0,0,福岡県,福岡市,,0,434.2,0,85,0,0,0,134.2,0,0,0
1912-08,26.2,0,0,福岡県,福岡市,,0,41.4,0,81,0,0,0,248.6,0,0,0
1912-09,20.9,0,0,福岡県,福岡市,,0,130.3,0,84,0,0,0,149.5,0,0,0
1912-10,15.2,0,0,福岡県,福岡市,,0,90.8,0,82,0,0,0,173.8,0,0,0
1912-11,9.8,0,0,福岡県,福岡市,,0,70.8,0,79,0,0,0,115.4,0,0,0
1912-12,6.6,0,0,福岡県,福岡市,,0,155.0,0,79,0,0,0,118.4,0,0,0
1913-01,4.5,0,0,福岡県,福岡市,,0,81.9,0,75,0,0,0,128.0,0,0,0
1913-02,4.8,0,0,福岡県,福岡市,,0,42.1,0,71,0,0,0,117.7,0,0,0
1913-03,6.9,0,0,福岡県,福岡市,,0,21.8,0,69,0,0,0,197.9,0,0,0
1913-04,14.4,0,0,福岡県,福岡市,,0,276.1,0,82,0,0,0,144.3,0,0,0
1913-05,16.3,0,0,福岡県,福岡市,,0,143.2,0,79,0,0,0,237.7,0,0,0
1913-06,21.1,0,0,福岡県,福岡市,,0,189.5,0,83,0,0,0,133.3,0,0,0
1913-07,24.5,0,0,福岡県,福岡市,,0,30.9,0,79,0,0,0,241.6,0,0,0
1913-08,25.1,0,0,福岡県,福岡市,,0,47.8,0,82,0,0,0,248.2,0,0,0
1913-09,20.5,0,0,福岡県,福岡市,,0,148.9,0,83,0,0,0,191.9,0,0,0
1913-10,16.1,0,0,福岡県,福岡市,,0,109.8,0,82,0,0,0,188.8,0,0,0
1913-11,11.0,0,0,福岡県,福岡市,,0,61.9,0,80,0,0,0,151.5,0,0,0
1913-12,6.7,0,0,福岡県,福岡市,,0,107.5,0,74,0,0,0,72.0,0,0,0
1914-01,5.4,0,0,福岡県,福岡市,,0,66.2,0,70,0,0,0,149.5,0,0,0
1914-02,5.9,0,0,福岡県,福岡市,,0,120.4,0,77,0,0,0,113.8,0,0,0
1914-03,10.3,0,0,福岡県,福岡市,,0,168.1,0,77,0,0,0,165.9,0,0,0
1914-04,12.7,0,0,福岡県,福岡市,,0,153.4,0,78,0,0,0,187.9,0,0,0
1914-05,17.6,0,0,福岡県,福岡市,,0,147.6,0,81,0,0,0,171.0,0,0,0
1914-06,21.4,0,0,福岡県,福岡市,,0,586.1,0,86,0,0,0,142.3,0,0,0
1914-07,28.0,0,0,福岡県,福岡市,,0,29.6,0,80,0,0,0,240.2,0,0,0
1914-08,26.7,0,0,福岡県,福岡市,,0,137.9,0,81,0,0,0,244.8,0,0,0
1914-09,22.8,0,0,福岡県,福岡市,,0,89.1,0,81,0,0,0,218.4,0,0,0
1914-10,16.2,0,0,福岡県,福岡市,,0,157.8,0,81,0,0,0,177.4,0,0,0
1914-11,12.2,0,0,福岡県,福岡市,,0,87.9,0,77,0,0,0,138.0,0,0,0
1914-12,7.7,0,0,福岡県,福岡市,,0,76.2,0,74,0,0,0,101.4,0,0,0
1915-01,5.0,0,0,福岡県,福岡市,,0,57.7,0,72,0,0,0,101.3,0,0,0
1915-02,5.6,0,0,福岡県,福岡市,,0,108.0,0,75,0,0,0,89.5,0,0,0
1915-03,7.2,0,0,福岡県,福岡市,,0,85.1,0,71,0,0,0,192.9,0,0,0
1915-04,13.1,0,0,福岡県,福岡市,,0,211.0,0,82,0,0,0,132.6,0,0,0
1915-05,16.4,0,0,福岡県,福岡市,,0,112.1,0,80,0,0,0,259.2,0,0,0
1915-06,22.0,0,0,福岡県,福岡市,,0,391.8,0,85,0,0,0,106.2,0,0,0
1915-07,26.2,0,0,福岡県,福岡市,,0,115.3,0,78,0,0,0,312.8,0,0,0
1915-08,26.4,0,0,福岡県,福岡市,,0,158.3,0,83,0,0,0,243.6,0,0,0
1915-09,22.4,0,0,福岡県,福岡市,,0,373.4,0,87,0,0,0,124.1,0,0,0
1915-10,18.2,0,0,福岡県,福岡市,,0,195.5,0,85,0,0,0,145.2,0,0,0
1915-11,12.9,0,0,福岡県,福岡市,,0,73.4,0,80,0,0,0,115.4,0,0,0
1915-12,7.9,0,0,福岡県,福岡市,,0,19.4,0,74,0,0,0,128.5,0,0,0
1916-01,7.0,0,0,福岡県,福岡市,,0,73.4,0,76,0,0,0,147.9,0,0,0
1916-02,5.4,0,0,福岡県,福岡市,,0,96.3,0,75,0,0,0,105.9,0,0,0
1916-03,6.4,0,0,福岡県,福岡市,,0,65.7,0,68,0,0,0,182.3,0,0,0
1916-04,13.6,0,0,福岡県,福岡市,,0,194.9,0,78,0,0,0,169.5,0,0,0
1916-05,17.2,0,0,福岡県,福岡市,,0,85.8,0,79,0,0,0,249.9,0,0,0
1916-06,23.5,0,0,福岡県,福岡市,,0,349.5,0,81,0,0,0,167.5,0,0,0
1916-07,25.6,0,0,福岡県,福岡市,,0,347.9,0,84,0,0,0,152.5,0,0,0
1916-08,26.5,0,0,福岡県,福岡市,,0,61.2,0,83,0,0,0,245.5,0,0,0
1916-09,24.4,0,0,福岡県,福岡市,,0,187.6,0,84,0,0,0,189.1,0,0,0
1916-10,17.4,0,0,福岡県,福岡市,,0,123.0,0,80,0,0,0,167.8,0,0,0
1916-11,12.9,0,0,福岡県,福岡市,,0,38.9,0,79,0,0,0,154.8,0,0,0
1916-12,7.2,0,0,福岡県,福岡市,,0,52.6,0,77,0,0,0,163.4,0,0,0
1917-01,2.7,0,0,福岡県,福岡市,,0,64.3,0,67,0,0,0,93.3,0,0,0
1917-02,4.0,0,0,福岡県,福岡市,,0,76.5,0,72,0,0,0,117.6,0,0,0
1917-03,7.0,0,0,福岡県,福岡市,,0,117.4,0,75,0,0,0,158.0,0,0,0
1917-04,12.5,0,0,福岡県,福岡市,,0,106.5,0,76,0,0,0,219.0,0,0,0
1917-05,16.0,0,0,福岡県,福岡市,,0,48.7,0,75,0,0,0,263.6,0,0,0
1917-06,21.1,0,0,福岡県,福岡市,,0,314.3,0,84,0,0,0,130.5,0,0,0
1917-07,26.6,0,0,福岡県,福岡市,,0,170.8,0,81,0,0,0,249.6,0,0,0
1917-08,25.9,0,0,福岡県,福岡市,,0,269.2,0,82,0,0,0,192.7,0,0,0
1917-09,24.0,0,0,福岡県,福岡市,,0,220.8,0,86,0,0,0,130.2,0,0,0
1917-10,17.0,0,0,福岡県,福岡市,,0,169.6,0,83,0,0,0,127.8,0,0,0
1917-11,9.3,0,0,福岡県,福岡市,,0,41.8,0,76,0,0,0,153.8,0,0,0
1917-12,4.4,0,0,福岡県,福岡市,,0,76.8,0,68,0,0,0,70.0,0,0,0
1918-01,2.2,0,0,福岡県,福岡市,,0,21.0,0,68,0,0,0,110.0,0,0,0
1918-02,4.8,0,0,福岡県,福岡市,,0,45.1,0,72,0,0,0,127.3,0,0,0
1918-03,7.7,0,0,福岡県,福岡市,,0,121.5,0,75,0,0,0,169.9,0,0,0
1918-04,12.8,0,0,福岡県,福岡市,,0,144.1,0,78,0,0,0,169.5,0,0,0
1918-05,16.4,0,0,福岡県,福岡市,,0,126.2,0,77,0,0,0,202.1,0,0,0
1918-06,21.2,0,0,福岡県,福岡市,,0,231.5,0,84,0,0,0,128.0,0,0,0
1918-07,25.4,0,0,福岡県,福岡市,,0,427.7,0,84,0,0,0,173.8,0,0,0
1918-08,25.5,0,0,福岡県,福岡市,,0,157.3,0,84,0,0,0,217.1,0,0,0
1918-09,21.5,0,0,福岡県,福岡市,,0,89.6,0,80,0,0,0,218.5,0,0,0
1918-10,16.6,0,0,福岡県,福岡市,,0,222.1,0,83,0,0,0,195.7,0,0,0
1918-11,11.2,0,0,福岡県,福岡市,,0,109.6,0,77,0,0,0,120.4,0,0,0
1918-12,7.2,0,0,福岡県,福岡市,,0,142.3,0,77,0,0,0,86.8,0,0,0
1919-01,5.0,0,0,福岡県,福岡市,,0,89.9,0,76,0,0,0,82.5,0,0,0
1919-02,5.7,0,0,福岡県,福岡市,,0,72.4,0,77,0,0,0,118.2,0,0,0
1919-03,9.9,0,0,福岡県,福岡市,,0,108.7,0,77,0,0,0,177.8,0,0,0
1919-04,13.4,0,0,福岡県,福岡市,,0,63.2,0,74,0,0,0,219.7,0,0,0
1919-05,17.5,0,0,福岡県,福岡市,,0,70.3,0,76,0,0,0,270.3,0,0,0
1919-06,22.3,0,0,福岡県,福岡市,,0,139.9,0,83,0,0,0,144.9,0,0,0
1919-07,25.3,0,0,福岡県,福岡市,,0,236.9,0,83,0,0,0,181.2,0,0,0
1919-08,25.7,0,0,福岡県,福岡市,,0,147.9,0,83,0,0,0,224.7,0,0,0
1919-09,21.4,0,0,福岡県,福岡市,,0,104.9,0,82,0,0,0,199.9,0,0,0
1919-10,15.8,0,0,福岡県,福岡市,,0,115.1,0,80,0,0,0,201.6,0,0,0
1919-11,11.4,0,0,福岡県,福岡市,,0,79.8,0,81,0,0,0,121.1,0,0,0
1919-12,6.0,0,0,福岡県,福岡市,,0,85.8,0,73,0,0,0,114.2,0,0,0
1920-01,4.6,0,0,福岡県,福岡市,,0,83.2,0,74,0,0,0,80.8,0,0,0
1920-02,4.8,0,0,福岡県,福岡市,,0,76.0,0,77,0,0,0,111.6,0,0,0
1920-03,8.4,0,0,福岡県,福岡市,,0,207.5,0,80,0,0,0,128.0,0,0,0
1920-04,12.5,0,0,福岡県,福岡市,,0,42.6,0,78,0,0,0,198.7,0,0,0
1920-05,15.5,0,0,福岡県,福岡市,,0,133.6,0,84,0,0,0,174.4,0,0,0
1920-06,20.9,0,0,福岡県,福岡市,,0,179.5,0,85,0,0,0,112.7,0,0,0
1920-07,26.7,0,0,福岡県,福岡市,,0,188.5,0,79,0,0,0,223.4,0,0,0
1920-08,25.9,0,0,福岡県,福岡市,,0,120.0,0,84,0,0,0,218.4,0,0,0
1920-09,23.4,0,0,福岡県,福岡市,,0,100.6,0,84,0,0,0,181.4,0,0,0
1920-10,16.2,0,0,福岡県,福岡市,,0,30.8,0,81,0,0,0,233.6,0,0,0
1920-11,13.6,0,0,福岡県,福岡市,,0,105.5,0,81,0,0,0,142.0,0,0,0
1920-12,7.6,0,0,福岡県,福岡市,,0,101.5,0,76,0,0,0,84.1,0,0,0
1921-01,5.8,0,0,福岡県,福岡市,,0,75.9,0,75,0,0,0,96.0,0,0,0
1921-02,5.6,0,0,福岡県,福岡市,,0,68.8,0,73,0,0,0,121.7,0,0,0
1921-03,7.4,0,0,福岡県,福岡市,,0,169.8,0,75,0,0,0,187.0,0,0,0
1921-04,13.9,0,0,福岡県,福岡市,,0,175.4,0,81,0,0,0,179.1,0,0,0
1921-05,16.6,0,0,福岡県,福岡市,,0,114.8,0,81,0,0,0,218.9,0,0,0
1921-06,20.0,0,0,福岡県,福岡市,,0,467.9,0,87,0,0,0,75.9,0,0,0
1921-07,25.4,0,0,福岡県,福岡市,,0,88.4,0,81,0,0,0,232.5,0,0,0
1921-08,26.9,0,0,福岡県,福岡市,,0,30.4,0,81,0,0,0,267.5,0,0,0
1921-09,21.5,0,0,福岡県,福岡市,,0,286.7,0,84,0,0,0,148.5,0,0,0
1921-10,15.5,0,0,福岡県,福岡市,,0,47.9,0,80,0,0,0,182.4,0,0,0
1921-11,9.8,0,0,福岡県,福岡市,,0,44.6,0,72,0,0,0,183.4,0,0,0
1921-12,6.2,0,0,福岡県,福岡市,,0,37.0,0,73,0,0,0,97.9,0,0,0
1922-01,2.9,0,0,福岡県,福岡市,,0,79.5,0,72,0,0,0,97.6,0,0,0
1922-02,7.3,0,0,福岡県,福岡市,,0,159.4,0,80,0,0,0,116.4,0,0,0
1922-03,7.6,0,0,福岡県,福岡市,,0,126.6,0,72,0,0,0,185.8,0,0,0
1922-04,13.7,0,0,福岡県,福岡市,,0,103.7,0,76,0,0,0,209.2,0,0,0
1922-05,18.0,0,0,福岡県,福岡市,,0,47.7,0,76,0,0,0,233.0,0,0,0
1922-06,22.2,0,0,福岡県,福岡市,,0,128.0,0,75,0,0,0,223.0,0,0,0
1922-07,25.8,0,0,福岡県,福岡市,,0,338.0,0,81,0,0,0,212.6,0,0,0
1922-08,28.1,0,0,福岡県,福岡市,,0,19.4,0,78,0,0,0,307.0,0,0,0
1922-09,23.5,0,0,福岡県,福岡市,,0,388.3,0,83,0,0,0,170.5,0,0,0
1922-10,16.9,0,0,福岡県,福岡市,,0,49.7,0,79,0,0,0,200.2,0,0,0
1922-11,10.7,0,0,福岡県,福岡市,,0,110.8,0,76,0,0,0,161.2,0,0,0
1922-12,5.9,0,0,福岡県,福岡市,,0,25.3,0,69,0,0,0,138.8,0,0,0
1923-01,4.5,0,0,福岡県,福岡市,,0,61.2,0,70,0,0,0,88.3,0,0,0
1923-02,4.7,0,0,福岡県,福岡市,,0,87.7,0,75,0,0,0,100.4,0,0,0
1923-03,9.8,0,0,福岡県,福岡市,,0,80.4,0,75,0,0,0,181.8,0,0,0
1923-04,13.1,0,0,福岡県,福岡市,,0,137.9,0,78,0,0,0,142.6,0,0,0
1923-05,18.3,0,0,福岡県,福岡市,,0,197.9,0,81,0,0,0,181.9,0,0,0
1923-06,21.1,0,0,福岡県,福岡市,,0,470.5,0,82,0,0,0,148.7,0,0,0
1923-07,25.0,0,0,福岡県,福岡市,,0,433.9,0,83,0,0,0,204.1,0,0,0
1923-08,27.7,0,0,福岡県,福岡市,,0,76.7,0,79,0,0,0,278.6,0,0,0
1923-09,22.9,0,0,福岡県,福岡市,,0,187.5,0,83,0,0,0,182.4,0,0,0
1923-10,16.3,0,0,福岡県,福岡市,,0,227.3,0,82,0,0,0,158.7,0,0,0
1923-11,11.6,0,0,福岡県,福岡市,,0,131.6,0,78,0,0,0,111.0,0,0,0
1923-12,6.9,0,0,福岡県,福岡市,,0,52.6,0,76,0,0,0,83.7,0,0,0
1924-01,5.1,0,0,福岡県,福岡市,,0,54.2,0,75,0,0,0,97.7,0,0,0
1924-02,5.4,0,0,福岡県,福岡市,,0,71.8,0,75,0,0,0,67.3,0,0,0
1924-03,5.9,0,0,福岡県,福岡市,,0,40.6,0,71,0,0,0,195.5,0,0,0
1924-04,13.6,0,0,福岡県,福岡市,,0,112.0,0,79,0,0,0,177.6,0,0,0
1924-05,17.0,0,0,福岡県,福岡市,,0,137.8,0,79,0,0,0,194.9,0,0,0
1924-06,20.4,0,0,福岡県,福岡市,,0,133.4,0,80,0,0,0,188.7,0,0,0
1924-07,27.2,0,0,福岡県,福岡市,,0,135.8,0,79,0,0,0,256.1,0,0,0
1924-08,26.5,0,0,福岡県,福岡市,,0,228.7,0,80,0,0,0,240.4,0,0,0
1924-09,21.7,0,0,福岡県,福岡市,,0,158.6,0,83,0,0,0,170.1,0,0,0
1924-10,16.6,0,0,福岡県,福岡市,,0,78.8,0,80,0,0,0,178.4,0,0,0
1924-11,10.0,0,0,福岡県,福岡市,,0,75.9,0,73,0,0,0,138.0,0,0,0
1924-12,6.1,0,0,福岡県,福岡市,,0,59.8,0,76,0,0,0,119.4,0,0,0
1925-01,4.4,0,0,福岡県,福岡市,,0,88.5,0,76,0,0,0,69.1,0,0,0
1925-02,3.7,0,0,福岡県,福岡市,,0,75.6,0,74,0,0,0,105.2,0,0,0
1925-03,7.6,0,0,福岡県,福岡市,,0,29.9,0,66,0,0,0,236.9,0,0,0
1925-04,11.8,0,0,福岡県,福岡市,,0,74.6,0,74,0,0,0,215.4,0,0,0
1925-05,17.4,0,0,福岡県,福岡市,,0,197.8,0,79,0,0,0,165.6,0,0,0
1925-06,21.6,0,0,福岡県,福岡市,,0,230.8,0,82,0,0,0,119.2,0,0,0
1925-07,25.5,0,0,福岡県,福岡市,,0,124.7,0,80,0,0,0,195.5,0,0,0
1925-08,26.7,0,0,福岡県,福岡市,,0,42.0,0,79,0,0,0,282.6,0,0,0
1925-09,22.5,0,0,福岡県,福岡市,,0,305.1,0,84,0,0,0,144.6,0,0,0
1925-10,16.0,0,0,福岡県,福岡市,,0,26.3,0,78,0,0,0,215.0,0,0,0
1925-11,12.8,0,0,福岡県,福岡市,,0,68.8,0,78,0,0,0,143.0,0,0,0
1925-12,6.9,0,0,福岡県,福岡市,,0,110.9,0,70,0,0,0,93.2,0,0,0
1926-01,4.5,0,0,福岡県,福岡市,,0,37.3,0,69,0,0,0,114.4,0,0,0
1926-02,5.5,0,0,福岡県,福岡市,,0,86.3,0,74,0,0,0,142.5,0,0,0
1926-03,7.6,0,0,福岡県,福岡市,,0,69.9,0,69,0,0,0,216.3,0,0,0
1926-04,12.0,0,0,福岡県,福岡市,,0,42.7,0,69,0,0,0,245.9,0,0,0
1926-05,17.3,0,0,福岡県,福岡市,,0,193.4,0,79,0,0,0,169.2,0,0,0
1926-06,20.2,0,0,福岡県,福岡市,,0,86.2,0,75,0,0,0,222.0,0,0,0
1926-07,26.2,0,0,福岡県,福岡市,,0,179.4,0,78,0,0,0,250.8,0,0,0
1926-08,27.9,0,0,福岡県,福岡市,,0,81.4,0,80,0,0,0,267.9,0,0,0
1926-09,23.6,0,0,福岡県,福岡市,,0,288.8,0,84,0,0,0,167.3,0,0,0
1926-10,15.7,0,0,福岡県,福岡市,,0,81.8,0,76,0,0,0,179.7,0,0,0
1926-11,10.9,0,0,福岡県,福岡市,,0,53.0,0,77,0,0,0,190.2,0,0,0
1926-12,5.5,0,0,福岡県,福岡市,,0,86.4,0,75,0,0,0,97.5,0,0,0
1927-01,4.5,0,0,福岡県,福岡市,,0,43.2,0,71,0,0,0,111.0,0,0,0
1927-02,4.2,0,0,福岡県,福岡市,,0,57.9,0,72,0,0,0,91.8,0,0,0
1927-03,7.8,0,0,福岡県,福岡市,,0,195.3,0,76,0,0,0,151.8,0,0,0
1927-04,12.3,0,0,福岡県,福岡市,,0,205.2,0,79,0,0,0,206.8,0,0,0
1927-05,16.4,0,0,福岡県,福岡市,,0,35.9,0,75,0,0,0,276.4,0,0,0
1927-06,21.0,0,0,福岡県,福岡市,,0,137.3,0,79,0,0,0,214.9,0,0,0
1927-07,27.0,0,0,福岡県,福岡市,,0,408.2,0,81,0,0,0,225.9,0,0,0
1927-08,26.4,0,0,福岡県,福岡市,,0,295.1,0,86,0,0,0,173.9,0,0,0
1927-09,21.1,0,0,福岡県,福岡市,,0,274.8,0,86,0,0,0,118.2,0,0,0
1927-10,16.0,0,0,福岡県,福岡市,,0,57.1,0,80,0,0,0,201.0,0,0,0
1927-11,12.1,0,0,福岡県,福岡市,,0,35.1,0,79,0,0,0,169.0,0,0,0
1927-12,7.9,0,0,福岡県,福岡市,,0,55.1,0,75,0,0,0,114.5,0,0,0
1928-01,5.2,0,0,福岡県,福岡市,,0,118.4,0,73,0,0,0,75.3,0,0,0
1928-02,5.2,0,0,福岡県,福岡市,,0,85.6,0,70,0,0,0,131.6,0,0,0
1928-03,8.0,0,0,福岡県,福岡市,,0,86.8,0,75,0,0,0,191.0,0,0,0
1928-04,13.2,0,0,福岡県,福岡市,,0,111.5,0,78,0,0,0,220.1,0,0,0
1928-05,18.2,0,0,福岡県,福岡市,,0,44.9,0,79,0,0,0,222.8,0,0,0
1928-06,21.5,0,0,福岡県,福岡市,,0,432.8,0,82,0,0,0,157.1,0,0,0
1928-07,25.6,0,0,福岡県,福岡市,,0,280.8,0,84,0,0,0,181.7,0,0,0
1928-08,25.5,0,0,福岡県,福岡市,,0,81.5,0,83,0,0,0,216.8,0,0,0
1928-09,23.8,0,0,福岡県,福岡市,,0,246.8,0,84,0,0,0,169.6,0,0,0
1928-10,16.7,0,0,福岡県,福岡市,,0,13.1,0,77,0,0,0,216.5,0,0,0
1928-11,12.0,0,0,福岡県,福岡市,,0,113.5,0,78,0,0,0,159.3,0,0,0
1928-12,7.0,0,0,福岡県,福岡市,,0,62.5,0,77,0,0,0,111.9,0,0,0
1929-01,4.2,0,0,福岡県,福岡市,,0,40.8,0,75,0,0,0,96.6,0,0,0
1929-02,4.0,0,0,福岡県,福岡市,,0,39.1,0,69,0,0,0,117.8,0,0,0
1929-03,8.7,0,0,福岡県,福岡市,,0,85.0,0,70,0,0,0,181.4,0,0,0
1929-04,12.7,0,0,福岡県,福岡市,,0,132.4,0,73,0,0,0,223.3,0,0,0
1929-05,17.0,0,0,福岡県,福岡市,,0,71.5,0,80,0,0,0,196.8,0,0,0
1929-06,22.0,0,0,福岡県,福岡市,,0,164.2,0,79,0,0,0,175.7,0,0,0
1929-07,26.4,0,0,福岡県,福岡市,,0,173.4,0,82,0,0,0,223.9,0,0,0
1929-08,27.2,0,0,福岡県,福岡市,,0,106.3,0,79,0,0,0,270.2,0,0,0
1929-09,21.7,0,0,福岡県,福岡市,,0,92.8,0,80,0,0,0,171.8,0,0,0
1929-10,16.0,0,0,福岡県,福岡市,,0,30.7,0,79,0,0,0,192.4,0,0,0
1929-11,10.3,0,0,福岡県,福岡市,,0,104.8,0,79,0,0,0,117.8,0,0,0
1929-12,9.2,0,0,福岡県,福岡市,,0,147.3,0,82,0,0,0,105.8,0,0,0
1930-01,4.2,0,0,福岡県,福岡市,,0,32.4,0,74,0,0,0,113.6,0,0,0
1930-02,7.1,0,0,福岡県,福岡市,,0,90.7,0,78,0,0,0,128.5,0,0,0
1930-03,9.8,0,0,福岡県,福岡市,,0,107.3,0,78,0,0,0,169.7,0,0,0
1930-04,14.8,0,0,福岡県,福岡市,,0,168.0,0,81,0,0,0,160.5,0,0,0
1930-05,18.0,0,0,福岡県,福岡市,,0,26.1,0,78,0,0,0,209.4,0,0,0
1930-06,22.3,0,0,福岡県,福岡市,,0,229.8,0,82,0,0,0,175.0,0,0,0
1930-07,28.1,0,0,福岡県,福岡市,,0,106.5,0,77,0,0,0,271.3,0,0,0
1930-08,26.7,0,0,福岡県,福岡市,,0,293.7,0,84,0,0,0,212.2,0,0,0
1930-09,21.6,0,0,福岡県,福岡市,,0,60.9,0,83,0,0,0,218.5,0,0,0
1930-10,16.0,0,0,福岡県,福岡市,,0,105.3,0,80,0,0,0,210.0,0,0,0
1930-11,10.3,0,0,福岡県,福岡市,,0,104.2,0,75,0,0,0,118.4,0,0,0
1930-12,7.6,0,0,福岡県,福岡市,,0,39.0,0,77,0,0,0,135.0,0,0,0
1931-01,6.1,0,0,福岡県,福岡市,,0,121.6,0,79,8.0,7.7,0,93.1,6,0,0
1931-02,5.3,0,0,福岡県,福岡市,,0,100.5,0,78,8.1,7.1,0,87.3,5,0,5
1931-03,9.3,0,0,福岡県,福岡市,,0,88.6,0,74,5.8,8.7,0,200.8,1,1,0
1931-04,12.7,0,0,福岡県,福岡市,,0,91.8,0,75,7.1,11.2,0,150.9,0,4,0
1931-05,16.7,0,0,福岡県,福岡市,,0,91.1,0,75,6.1,13.7,0,215.8,0,0,0
1931-06,21.5,0,0,福岡県,福岡市,,0,93.1,0,79,7.2,20.0,0,177.7,0,0,0
1931-07,24.1,0,0,福岡県,福岡市,,0,631.3,0,86,9.2,25.2,0,95.4,0,6,0
1931-08,27.3,0,0,福岡県,福岡市,,0,14.0,0,79,5.7,27.9,0,243.0,0,2,1
1931-09,22.8,0,0,福岡県,福岡市,,0,170.6,0,82,6.9,22.3,0,153.9,0,4,0
1931-10,15.8,0,0,福岡県,福岡市,,0,77.0,0,79,5.5,14.3,0,177.0,0,0,1
1931-11,12.7,0,0,福岡県,福岡市,,0,111.3,0,81,5.8,11.7,0,146.5,0,0,1
1931-12,8.2,0,0,福岡県,福岡市,,0,132.2,0,78,7.5,8.7,0,102.6,2,0,0
1932-01,6.7,0,0,福岡県,福岡市,,0,58.9,0,75,6.4,7.3,0,110.7,2,0,0
1932-02,5.0,0,0,福岡県,福岡市,,0,74.4,0,72,8.0,6.4,0,94.3,11,0,0
1932-03,7.3,0,0,福岡県,福岡市,,0,83.4,0,69,6.7,7.1,0,166.1,3,0,0
1932-04,12.3,0,0,福岡県,福岡市,,0,142.4,0,76,6.0,10.8,0,190.6,0,0,1
1932-05,17.3,0,0,福岡県,福岡市,,0,205.1,0,79,6.7,15.2,0,201.9,0,0,2
1932-06,21.0,0,0,福岡県,福岡市,,0,140.0,0,82,7.5,19.9,0,172.1,0,0,3
1932-07,26.9,0,0,福岡県,福岡市,,0,133.5,0,81,6.2,27.9,0,249.2,0,0,2
1932-08,26.5,0,0,福岡県,福岡市,,0,89.1,0,83,6.8,28.0,0,201.8,0,0,0
1932-09,20.8,0,0,福岡県,福岡市,,0,254.0,0,88,8.0,21.3,0,128.6,0,0,0
1932-10,14.8,0,0,福岡県,福岡市,,0,7.2,0,77,5.4,12.5,0,209.7,0,0,0
1932-11,11.4,0,0,福岡県,福岡市,,0,76.8,0,77,7.0,10.3,0,132.4,0,0,0
1932-12,7.9,0,0,福岡県,福岡市,,0,143.2,0,77,7.1,8.3,0,103.7,2,0,1
1933-01,4.0,0,0,福岡県,福岡市,,0,93.2,0,72,8.6,6.0,0,62.0,7,0,0
1933-02,4.3,0,0,福岡県,福岡市,,0,24.8,0,72,7.1,5.9,0,121.8,5,0,2
1933-03,7.2,0,0,福岡県,福岡市,,0,141.7,0,75,7.4,7.7,0,150.0,3,1,1
1933-04,13.0,0,0,福岡県,福岡市,,0,222.7,0,81,6.8,11.9,0,143.9,0,0,0
1933-05,18.4,0,0,福岡県,福岡市,,0,198.7,0,78,6.7,16.5,0,186.4,0,2,0
1933-06,22.9,0,0,福岡県,福岡市,,0,122.0,0,78,8.0,21.5,0,175.2,0,1,1
1933-07,27.1,0,0,福岡県,福岡市,,0,217.0,0,81,6.3,28.4,0,240.4,0,4,0
1933-08,26.6,0,0,福岡県,福岡市,,0,166.3,0,85,6.2,28.9,0,230.6,0,9,0
1933-09,22.5,0,0,福岡県,福岡市,,0,54.7,0,80,5.2,21.5,0,221.5,0,2,0
1933-10,16.2,0,0,福岡県,福岡市,,0,222.9,0,80,6.6,14.7,0,165.7,0,0,1
1933-11,12.0,0,0,福岡県,福岡市,,0,75.2,0,78,5.6,10.9,0,175.2,0,0,1
1933-12,8.2,0,0,福岡県,福岡市,,0,66.1,0,74,7.4,8.1,0,118.6,0,0,0
1934-01,2.7,0,0,福岡県,福岡市,,0,14.5,0,62,8.0,4.5,0,109.7,8,0,0
1934-02,4.6,0,0,福岡県,福岡市,,0,38.6,0,67,7.0,5.6,0,146.2,4,0,0
1934-03,7.4,0,0,福岡県,福岡市,,0,64.4,0,68,7.4,7.2,0,160.0,5,0,0
1934-04,12.4,0,0,福岡県,福岡市,,0,121.5,0,77,7.0,10.9,0,172.6,0,1,1
1934-05,18.1,0,0,福岡県,福岡市,,0,32.6,0,75,5.9,15.1,0,230.4,0,0,2
1934-06,22.5,0,0,福岡県,福岡市,,0,48.6,0,74,7.6,19.7,0,202.5,0,0,2
1934-07,27.2,0,0,福岡県,福岡市,,0,221.9,0,78,6.4,27.5,0,260.2,0,2,1
1934-08,27.0,0,0,福岡県,福岡市,,0,102.9,0,78,5.9,27.2,0,283.8,0,2,0
1934-09,21.6,0,0,福岡県,福岡市,,0,475.3,0,85,7.1,21.9,0,157.3,0,5,3
1934-10,15.1,0,0,福岡県,福岡市,,0,58.5,0,80,6.1,13.7,0,158.5,0,0,0
1934-11,10.5,0,0,福岡県,福岡市,,0,134.1,0,76,6.4,9.7,0,149.6,0,0,3
1934-12,8.1,0,0,福岡県,福岡市,,0,51.7,0,80,5.8,8.5,0,144.9,0,0,1
1935-01,5.2,0,0,福岡県,福岡市,,0,27.5,0,70,7.1,6.3,0,135.5,6,0,0
1935-02,6.0,0,0,福岡県,福岡市,,0,104.0,0,73,7.3,6.9,0,126.9,1,0,1
1935-03,9.3,0,0,福岡県,福岡市,,0,63.2,0,71,5.5,8.3,0,202.7,0,0,1
1935-04,12.9,0,0,福岡県,福岡市,,0,101.9,0,78,6.4,11.6,0,185.3,0,0,1
1935-05,17.7,0,0,福岡県,福岡市,,0,52.4,0,74,5.6,14.7,0,265.2,0,0,0
1935-06,21.5,0,0,福岡県,福岡市,,0,663.3,0,75,7.4,18.5,0,210.3,0,0,1
1935-07,26.2,0,0,福岡県,福岡市,,0,251.6,0,80,6.7,26.7,0,233.3,0,4,0
1935-08,26.5,0,0,福岡県,福岡市,,0,145.4,0,82,5.4,27.6,0,238.1,0,5,0
1935-09,21.5,0,0,福岡県,福岡市,,0,255.9,0,83,7.9,21.2,0,118.7,0,0,1
1935-10,16.7,0,0,福岡県,福岡市,,0,76.3,0,79,5.0,14.8,0,220.5,0,0,0
1935-11,12.1,0,0,福岡県,福岡市,,0,71.7,0,79,5.8,11.1,0,167.1,0,0,1
1935-12,6.3,0,0,福岡県,福岡市,,0,83.1,0,74,7.8,7.3,0,83.0,6,0,1
1936-01,2.4,0,0,福岡県,福岡市,,0,38.6,0,65,8.8,4.7,0,70.0,16,0,0
1936-02,3.4,0,0,福岡県,福岡市,,0,55.1,0,73,7.6,5.6,0,114.3,11,0,0
1936-03,5.5,0,0,福岡県,福岡市,,0,30.5,0,68,6.7,6.3,0,186.3,9,1,0
1936-04,12.6,0,0,福岡県,福岡市,,0,170.8,0,78,7.2,11.3,0,164.3,0,2,2
1936-05,16.6,0,0,福岡県,福岡市,,0,174.0,0,78,7.6,14.4,0,188.2,0,0,0
1936-06,22.3,0,0,福岡県,福岡市,,0,137.3,0,77,7.4,20.4,0,219.3,0,0,2
1936-07,25.4,0,0,福岡県,福岡市,,0,337.9,0,82,7.6,26.1,0,190.2,0,5,0
1936-08,26.2,0,0,福岡県,福岡市,,0,432.9,0,83,8.8,27.6,0,170.9,0,7,0
1936-09,23.3,0,0,福岡県,福岡市,,0,111.1,0,81,5.5,23.1,0,233.7,0,1,1
1936-10,16.6,0,0,福岡県,福岡市,,0,8.8,0,78,4.4,14.4,0,228.0,0,0,1
1936-11,11.1,0,0,福岡県,福岡市,,0,67.9,0,74,6.2,9.7,0,154.9,0,0,1
1936-12,8.4,0,0,福岡県,福岡市,,0,128.9,0,77,8.0,8.5,0,111.7,0,1,0
1937-01,5.8,0,0,福岡県,福岡市,,0,102.2,0,79,8.2,7.3,0,82.4,3,0,0
1937-02,7.6,0,0,福岡県,福岡市,,0,114.8,0,81,8.1,8.7,0,96.1,3,0,0
1937-03,8.7,0,0,福岡県,福岡市,,0,89.1,0,81,6.7,9.2,0,170.5,0,0,0
1937-04,13.8,0,0,福岡県,福岡市,,0,73.0,0,78,6.7,12.1,0,198.5,0,0,1
1937-05,17.8,0,0,福岡県,福岡市,,0,100.1,0,79,6.9,16.0,0,215.5,0,1,1
1937-06,21.4,0,0,福岡県,福岡市,,0,217.6,0,79,7.8,19.6,0,195.9,0,1,0
1937-07,26.5,0,0,福岡県,福岡市,,0,256.8,0,80,7.9,27.2,0,194.1,0,6,0
1937-08,27.3,0,0,福岡県,福岡市,,0,88.3,0,81,5.9,28.4,0,267.7,0,6,0
1937-09,22.8,0,0,福岡県,福岡市,,0,221.7,0,82,6.9,22.4,0,181.4,0,0,0
1937-10,16.8,0,0,福岡県,福岡市,,0,164.5,0,81,6.0,15.3,0,174.4,0,0,2
1937-11,12.7,0,0,福岡県,福岡市,,0,188.7,0,82,7.8,12.1,0,102.8,0,0,1
1937-12,6.6,0,0,福岡県,福岡市,,0,56.8,0,69,7.0,6.8,0,113.2,2,0,0
1938-01,3.7,0,0,福岡県,福岡市,,0,71.8,0,72,8.0,5.9,0,74.0,10,0,1
1938-02,4.4,0,0,福岡県,福岡市,,0,49.1,0,66,6.8,5.5,0,152.4,6,0,0
1938-03,9.4,0,0,福岡県,福岡市,,0,89.1,0,79,6.8,9.5,0,157.5,1,0,3
1938-04,13.7,0,0,福岡県,福岡市,,0,31.9,0,71,5.3,10.9,0,222.5,0,1,1
1938-05,19.0,0,0,福岡県,福岡市,,0,204.7,0,80,7.5,17.5,0,183.0,0,0,0
1938-06,21.5,0,0,福岡県,福岡市,,0,344.1,0,83,8.0,20.9,0,149.8,0,0,0
1938-07,25.8,0,0,福岡県,福岡市,,0,85.7,0,83,6.2,26.8,0,246.9,0,3,1
1938-08,26.4,0,0,福岡県,福岡市,,0,157.9,0,85,6.0,28.5,0,243.7,0,5,1
1938-09,21.3,0,0,福岡県,福岡市,,0,112.9,0,79,6.2,19.9,0,215.9,0,1,0
1938-10,18.4,0,0,福岡県,福岡市,,0,262.6,0,80,6.7,17.1,0,149.1,0,0,0
1938-11,10.7,0,0,福岡県,福岡市,,0,56.5,0,74,5.6,9.5,0,169.3,1,0,0
1938-12,7.3,0,0,福岡県,福岡市,,0,43.7,0,73,6.4,7.3,0,123.2,4,0,0
1939-01,4.3,0,0,福岡県,福岡市,,0,68.9,0,71,7.3,5.9,0,115.1,7,0,0
1939-02,5.3,0,0,福岡県,福岡市,,0,79.8,0,73,7.1,6.5,0,122.0,4,0,0
1939-03,8.6,0,0,福岡県,福岡市,,0,101.6,0,72,7.0,8.0,0,172.8,1,1,0
1939-04,13.8,0,0,福岡県,福岡市,,0,147.6,0,73,7.5,11.3,0,150.7,0,1,0
1939-05,17.8,0,0,福岡県,福岡市,,0,41.2,0,73,6.0,14.5,0,249.1,0,0,0
1939-06,21.9,0,0,福岡県,福岡市,,0,80.0,0,74,7.7,19.2,0,190.1,0,1,0
1939-07,27.1,0,0,福岡県,福岡市,,0,99.0,0,77,5.8,26.8,0,267.4,0,2,0
1939-08,26.4,0,0,福岡県,福岡市,,0,69.3,0,74,5.1,24.8,0,277.7,0,5,0
1939-09,22.6,0,0,福岡県,福岡市,,0,75.8,0,76,4.7,20.4,0,221.8,0,2,0
1939-10,17.4,0,0,福岡県,福岡市,,0,146.6,0,77,7.2,15.2,0,161.9,0,1,1
1939-11,12.2,0,0,福岡県,福岡市,,0,79.8,0,78,6.1,11.1,0,154.0,0,0,0
1939-12,6.7,0,0,福岡県,福岡市,,0,10.2,0,70,6.1,6.8,0,148.6,0,0,0
1940-01,4.7,0,0,福岡県,福岡市,,0,19.9,0,61,6.1,5.3,0,130.1,9,0,0
1940-02,4.7,0,0,福岡県,福岡市,,0,136.9,0,72,6.9,6.1,0,116.2,4,0,1
1940-03,7.7,0,0,福岡県,福岡市,,0,66.6,0,74,6.2,7.6,0,188.2,5,1,1
1940-04,12.6,0,0,福岡県,福岡市,,0,92.6,0,74,5.7,10.3,0,213.3,0,1,0
1940-05,17.4,0,0,福岡県,福岡市,,0,24.6,0,73,6.1,13.3,0,244.4,0,0,0
1940-06,21.6,0,0,福岡県,福岡市,,0,302.4,0,79,6.0,19.3,0,213.6,0,1,4
1940-07,27.4,0,0,福岡県,福岡市,,0,129.6,0,81,6.9,28.3,0,244.6,0,3,0
1940-08,25.6,0,0,福岡県,福岡市,,0,395.4,0,84,7.2,26.4,0,182.7,0,7,1
1940-09,22.6,0,0,福岡県,福岡市,,0,176.2,0,83,7.8,22.1,0,144.3,0,2,0
1940-10,17.3,0,0,福岡県,福岡市,,0,91.8,0,84,5.8,16.0,0,179.0,0,0,1
1940-11,12.6,0,0,福岡県,福岡市,,0,45.3,0,78,5.7,11.2,0,160.8,0,1,0
1940-12,8.3,0,0,福岡県,福岡市,,0,58.0,0,71,6.0,7.7,0,145.2,0,2,0
1941-01,6.0,0,0,福岡県,福岡市,,0,90.5,0,72,6.8,6.8,0,114.4,7,0,0
1941-02,5.7,0,0,福岡県,福岡市,,0,68.2,0,73,7.1,6.7,0,106.8,3,0,1
1941-03,9.9,0,0,福岡県,福岡市,,0,89.5,0,70,5.9,8.4,0,191.4,2,1,0
1941-04,13.7,0,0,福岡県,福岡市,,0,105.2,0,71,5.1,10.5,0,243.3,0,2,0
1941-05,18.7,0,0,福岡県,福岡市,,0,213.3,0,78,7.0,16.0,0,219.5,0,1,0
1941-06,22.2,0,0,福岡県,福岡市,,0,687.7,0,84,7.7,21.6,0,144.5,0,3,0
1941-07,24.2,0,0,福岡県,福岡市,,0,199.3,0,83,9.2,24.8,0,97.6,0,4,0
1941-08,25.8,0,0,福岡県,福岡市,,0,160.1,0,80,6.9,25.6,0,203.6,0,3,0
1941-09,21.3,0,0,福岡県,福岡市,,0,315.0,0,83,7.2,20.3,0,145.1,0,1,0
1941-10,15.9,0,0,福岡県,福岡市,,0,172.3,0,77,4.8,13.5,0,212.7,0,1,0
1941-11,13.0,0,0,福岡県,福岡市,,0,55.5,0,77,6.1,11.1,0,153.6,0,1,0
1941-12,8.3,0,0,福岡県,福岡市,,0,93.9,0,78,6.2,8.4,0,130.5,0,0,1
1942-01,4.2,0,0,福岡県,福岡市,,0,47.6,0,65,6.8,5.3,0,111.1,7,0,0
1942-02,5.0,0,0,福岡県,福岡市,,0,70.6,0,69,8.3,6.1,0,107.3,10,1,2
1942-03,10.9,0,0,福岡県,福岡市,,0,151.7,0,75,7.2,9.9,0,150.1,0,1,2
1942-04,13.5,0,0,福岡県,福岡市,,0,124.2,0,74,5.7,10.8,0,216.2,0,2,0
1942-05,16.9,0,0,福岡県,福岡市,,0,120.8,0,78,6.8,14.4,0,194.9,0,0,1
1942-06,21.7,0,0,福岡県,福岡市,,0,262.8,0,83,7.8,20.7,0,148.0,0,2,1
1942-07,28.1,0,0,福岡県,福岡市,,0,66.4,0,79,4.8,28.4,0,303.0,0,2,0
1942-08,27.3,0,0,福岡県,福岡市,,0,315.3,0,82,6.9,28.4,0,213.9,0,7,0
1942-09,23.4,0,0,福岡県,福岡市,,0,261.2,0,83,7.8,23.2,0,164.3,0,6,3
1942-10,16.3,0,0,福岡県,福岡市,,0,85.3,0,78,4.9,14.0,0,220.9,0,1,1
1942-11,11.1,0,0,福岡県,福岡市,,0,21.3,0,69,5.3,8.9,0,185.2,0,0,0
1942-12,6.4,0,0,福岡県,福岡市,,0,73.6,0,72,7.0,6.9,0,141.9,1,1,0
1943-01,3.2,0,0,福岡県,福岡市,,0,11.3,0,63,7.2,4.8,0,154.2,10,0,0
1943-02,5.1,0,0,福岡県,福岡市,,0,54.9,0,68,6.9,5.9,0,159.9,10,1,0
1943-03,8.5,0,0,福岡県,福岡市,,0,67.8,0,70,6.0,7.6,0,189.0,1,0,0
1943-04,12.2,0,0,福岡県,福岡市,,0,126.9,0,72,6.0,10.0,0,214.4,0,1,0
1943-05,17.8,0,0,福岡県,福岡市,,0,108.3,0,77,7.2,14.9,0,224.7,0,0,1
1943-06,21.7,0,0,福岡県,福岡市,,0,211.8,0,84,8.7,21.2,0,158.6,0,0,3
1943-07,25.2,0,0,福岡県,福岡市,,0,210.3,0,82,8.9,25.3,0,169.0,0,1,2
1943-08,26.9,0,0,福岡県,福岡市,,0,85.5,0,80,6.5,26.8,0,237.8,0,12,0
1943-09,23.2,0,0,福岡県,福岡市,,0,344.7,0,84,8.0,23.3,0,158.4,0,3,0
1943-10,17.4,0,0,福岡県,福岡市,,0,61.4,0,79,5.5,16.4,0,212.4,0,1,1
1943-11,11.5,0,0,福岡県,福岡市,,0,67.6,0,75,6.1,10.3,0,168.3,0,0,0
1943-12,7.7,0,0,福岡県,福岡市,,0,37.7,0,72,5.0,7.6,0,173.3,1,0,1
1944-01,5.0,0,0,福岡県,福岡市,,0,41.7,0,71,6.4,6.0,0,150.2,2,0,0
1944-02,4.9,0,0,福岡県,福岡市,,0,84.6,0,67,7.1,5.7,0,141.4,7,0,0
1944-03,7.6,0,0,福岡県,福岡市,,0,75.7,0,70,7.1,7.1,0,203.5,3,3,0
1944-04,12.5,0,0,福岡県,福岡市,,0,62.6,0,74,7.0,10.3,0,189.8,0,0,0
1944-05,18.3,0,0,福岡県,福岡市,,0,72.5,0,81,7.2,16.0,0,215.8,0,1,0
1944-06,22.3,0,0,福岡県,福岡市,,0,90.1,0,80,7.1,20.5,0,280.8,0,1,0
1944-07,27.1,0,0,福岡県,福岡市,,0,127.1,0,80,7.6,27.2,0,243.0,0,2,0
1944-08,27.2,0,0,福岡県,福岡市,,0,95.7,0,80,5.0,27.2,0,307.9,0,1,0
1944-09,23.2,0,0,福岡県,福岡市,,0,316.9,0,82,6.8,21.9,0,209.6,0,1,0
1944-10,17.0,0,0,福岡県,福岡市,,0,117.5,0,83,7.0,15.2,0,179.7,0,0,1
1944-11,13.3,0,0,福岡県,福岡市,,0,106.9,0,78,7.9,11.9,0,132.8,0,0,0
1944-12,5.4,0,0,福岡県,福岡市,,0,34.4,0,65,8.9,5.9,0,77.1,8,0,0
1945-01,3.0,0,0,福岡県,福岡市,,0,14.6,0,65,7.9,4.9,0,108.3,18,0,0
1945-02,3.3,0,0,福岡県,福岡市,,0,82.1,0,72,7.4,5.5,0,137.6,10,0,0
1945-03,8.7,0,0,福岡県,福岡市,,0,80.7,0,72,6.6,8.3,0,174.2,0,0,1
1945-04,14.3,0,0,福岡県,福岡市,,0,84.2,0,75,5.3,11.5,0,246.6,0,0,1
1945-05,16.5,0,0,福岡県,福岡市,,0,91.3,0,77,7.2,13.6,0,241.6,0,1,0
1945-06,22.1,0,0,福岡県,福岡市,,0,141.3,0,82,7.7,20.9,0,160.7,0,1,1
1945-07,25.4,0,0,福岡県,福岡市,,0,316.0,0,82,7.6,25.5,0,197.9,0,4,0
1945-08,27.2,0,0,福岡県,福岡市,,0,172.9,0,83,5.3,28.1,0,262.8,0,1,0
1945-09,23.4,0,0,福岡県,福岡市,,0,655.4,0,88,7.6,24.5,0,129.7,0,3,0
1945-10,17.1,0,0,福岡県,福岡市,,0,349.7,0,84,7.0,16.1,0,135.0,0,2,1
1945-11,11.9,0,0,福岡県,福岡市,,0,115.4,0,78,4.7,10.4,0,189.1,0,0,0
1945-12,7.3,0,0,福岡県,福岡市,,0,88.8,0,69,6.6,7.1,0,117.3,5,0,0
1946-01,5.6,0,0,福岡県,福岡市,,0,38.6,0,69,6.6,6.5,0,145.5,6,0,0
1946-02,6.1,0,0,福岡県,福岡市,,0,51.2,0,71,6.6,6.7,0,157.8,2,0,0
1946-03,8.2,0,0,福岡県,福岡市,,0,164.2,0,74,7.6,8.0,0,143.7,1,1,0
1946-04,14.5,0,0,福岡県,福岡市,,0,201.9,0,81,7.3,13.2,0,178.4,0,1,1
1946-05,17.5,0,0,福岡県,福岡市,,0,119.7,0,83,6.7,15.9,0,195.6,0,0,0
1946-06,23.3,0,0,福岡県,福岡市,,0,364.1,0,84,8.7,23.5,0,133.7,0,4,0
1946-07,26.8,0,0,福岡県,福岡市,,0,180.2,0,83,5.6,28.0,0,259.0,0,3,0
1946-08,26.8,0,0,福岡県,福岡市,,0,115.3,0,85,6.7,28.7,0,234.3,0,9,0
1946-09,23.1,0,0,福岡県,福岡市,,0,179.8,0,86,5.8,23.6,0,200.0,0,3,0
1946-10,17.0,0,0,福岡県,福岡市,,0,44.9,0,81,5.3,15.3,0,202.9,0,1,0
1946-11,13.4,0,0,福岡県,福岡市,,0,90.1,0,81,6.0,12.4,0,147.2,0,0,0
1946-12,6.7,0,0,福岡県,福岡市,,0,82.5,0,70,8.3,6.9,0,79.7,6,1,0
1947-01,6.2,0,0,福岡県,福岡市,,0,120.5,0,77,7.8,7.5,0,78.3,5,0,1
1947-02,3.2,0,0,福岡県,福岡市,,0,70.4,0,69,7.8,5.3,0,109.7,16,0,0
1947-03,7.9,0,0,福岡県,福岡市,,0,32.9,0,67,7.5,7.3,0,185.4,2,0,0
1947-04,13.1,0,0,福岡県,福岡市,,0,55.3,0,73,4.6,10.4,0,256.1,0,0,0
1947-05,16.3,0,0,福岡県,福岡市,,0,174.5,0,84,7.3,15.1,0,182.0,0,0,0
1947-06,19.9,0,0,福岡県,福岡市,,0,307.7,0,86,8.0,19.2,0,178.6,0,0,0
1947-07,26.5,0,0,福岡県,福岡市,,0,316.4,0,83,8.1,27.7,0,193.7,0,5,0
1947-08,27.4,0,0,福岡県,福岡市,,0,142.0,0,84,5.6,29.2,0,287.8,0,8,0
1947-09,23.4,0,0,福岡県,福岡市,,0,156.9,0,86,6.3,24.1,0,193.4,0,2,0
1947-10,15.7,0,0,福岡県,福岡市,,0,45.3,0,76,6.7,13.1,0,178.5,0,0,0
1947-11,10.4,0,0,福岡県,福岡市,,0,34.1,0,77,4.7,9.7,0,181.2,0,0,0
1947-12,6.0,0,0,福岡県,福岡市,,0,143.4,0,71,7.9,6.9,0,94.3,9,1,1
1948-01,5.2,0,0,福岡県,福岡市,,0,61.8,0,70,7.3,6.4,0,142.3,9,0,0
1948-02,6.5,0,0,福岡県,福岡市,,0,63.9,0,75,6.7,7.2,0,164.6,1,0,1
1948-03,8.7,0,0,福岡県,福岡市,,0,99.6,0,74,5.8,8.4,0,176.7,2,2,0
1948-04,14.6,0,0,福岡県,福岡市,,0,113.2,0,80,6.2,12.7,0,198.2,0,0,0
1948-05,17.6,0,0,福岡県,福岡市,,0,142.9,0,79,7.3,15.1,0,209.3,0,0,0
1948-06,22.0,0,0,福岡県,福岡市,,0,187.5,0,82,7.1,20.7,0,249.8,0,0,1
1948-07,26.0,0,0,福岡県,福岡市,,0,461.1,0,86,8.7,27.9,0,153.5,0,9,0
1948-08,26.2,0,0,福岡県,福岡市,,0,180.1,0,83,5.2,27.2,0,270.0,0,5,0
1948-09,23.2,0,0,福岡県,福岡市,,0,329.8,0,83,6.2,22.9,0,178.1,0,4,0
1948-10,18.4,0,0,福岡県,福岡市,,0,45.5,0,79,5.5,16.3,0,194.3,0,0,1
1948-11,12.2,0,0,福岡県,福岡市,,0,82.7,0,76,5.9,10.7,0,152.8,0,0,0
1948-12,10.6,0,0,福岡県,福岡市,,0,165.7,0,80,6.8,10.3,0,134.9,0,2,0
1949-01,5.8,0,0,福岡県,福岡市,,0,93.7,0,70,7.1,6.5,0,116.0,8,1,1
1949-02,7.2,0,0,福岡県,福岡市,,0,146.9,0,75,7.6,7.9,0,111.6,9,0,0
1949-03,8.0,0,0,福岡県,福岡市,,0,101.0,0,71,6.5,7.5,0,185.5,2,1,0
1949-04,12.5,0,0,福岡県,福岡市,,0,49.4,0,73,6.5,10.4,0,222.1,0,0,0
1949-05,18.5,0,0,福岡県,福岡市,,0,124.9,0,78,6.4,15.7,0,217.0,0,0,1
1949-06,20.0,0,0,福岡県,福岡市,,0,302.9,0,87,8.1,19.7,0,123.5,0,0,0
1949-07,24.6,0,0,福岡県,福岡市,,0,208.9,0,85,7.3,25.5,0,178.8,0,2,0
1949-08,26.4,0,0,福岡県,福岡市,,0,322.6,0,84,6.1,27.6,0,224.3,0,3,1
1949-09,23.3,0,0,福岡県,福岡市,,0,203.1,0,83,6.0,23.1,0,187.7,0,2,0
1949-10,16.1,0,0,福岡県,福岡市,,0,68.2,0,81,5.7,14.1,0,181.5,0,0,0
1949-11,11.9,0,0,福岡県,福岡市,,0,93.3,0,78,6.9,10.8,0,135.6,0,0,0
1949-12,7.8,0,0,福岡県,福岡市,,0,106.9,0,78,7.4,8.4,0,84.1,0,0,0
1950-01,7.5,0,0,福岡県,福岡市,,0,154.8,0,73,7.1,7.8,1017.5,121.3,3,1,3
1950-02,6.6,0,0,福岡県,福岡市,,0,116.8,0,71,7.7,7.2,1019.6,113.2,6,0,1
1950-03,8.9,0,0,福岡県,福岡市,,0,165.8,0,72,7.0,8.5,1018.0,179.2,3,1,0
1950-04,13.8,0,0,福岡県,福岡市,,0,88.0,0,80,6.3,12.4,1015.1,184.6,0,1,0
1950-05,18.4,0,0,福岡県,福岡市,,0,129.1,0,78,6.8,15.8,1011.3,219.4,0,3,0
1950-06,21.3,0,0,福岡県,福岡市,,0,173.4,0,84,7.6,20.7,1008.1,169.6,0,0,0
1950-07,26.7,0,0,福岡県,福岡市,,0,83.7,0,80,6.6,26.9,1005.6,222.9,0,3,0
1950-08,26.5,0,0,福岡県,福岡市,,0,83.6,0,81,5.3,27.4,1005.2,260.7,0,5,0
1950-09,23.2,0,0,福岡県,福岡市,,0,317.3,0,81,6.9,22.8,1010.7,175.3,0,4,0
1950-10,17.3,0,0,福岡県,福岡市,,0,96.2,0,79,5.9,15.3,1017.6,179.3,0,0,0
1950-11,12.7,0,0,福岡県,福岡市,,0,153.6,0,76,6.8,11.3,1018.1,136.1,1,0,0
1950-12,6.4,0,0,福岡県,福岡市,,0,84.3,0,70,7.7,6.7,1021.7,99.9,7,0,0
1951-01,4.7,3.4,0,福岡県,福岡市,,0,65.6,0,71,5.9,6.1,1022.7,129.0,6,0,0
1951-02,7.0,4.1,0,福岡県,福岡市,,0,175.4,0,73,7.5,7.4,1018.0,115.5,6,1,0
1951-03,8.1,4.5,0,福岡県,福岡市,,0,76.3,0,71,6.7,7.7,1019.2,183.1,2,0,0
1951-04,13.0,3.4,0,福岡県,福岡市,,0,133.8,0,78,7.4,11.3,1016.3,152.9,0,0,0
1951-05,18.2,3.3,0,福岡県,福岡市,,0,74.9,0,76,6.6,15.2,1011.7,238.9,0,2,1
1951-06,21.1,3.0,0,福岡県,福岡市,,0,174.5,0,76,7.1,18.3,1007.6,238.1,0,1,0
1951-07,24.5,2.9,0,福岡県,福岡市,,0,443.4,0,86,6.9,25.7,1008.9,178.3,0,1,0
1951-08,27.6,3.1,0,福岡県,福岡市,,0,154.2,0,79,6.1,27.9,1008.3,257.5,0,4,0
1951-09,21.0,2.5,0,福岡県,福岡市,,0,86.6,0,77,6.9,18.7,1012.8,190.3,0,0,0
1951-10,17.7,2.9,0,福岡県,福岡市,,0,281.1,0,81,6.0,15.8,1015.6,199.2,0,0,0
1951-11,12.1,3.4,0,福岡県,福岡市,,0,112.6,0,74,7.0,10.5,1020.3,150.7,0,1,0
1951-12,8.7,2.9,0,福岡県,福岡市,,0,104.7,0,74,6.0,8.4,1021.0,156.5,2,0,1
1952-01,5.4,3.8,0,福岡県,福岡市,,0,109.5,0,73,7.8,6.6,1020.9,86.5,6,1,1
1952-02,5.2,3.8,0,福岡県,福岡市,,0,112.9,0,73,8.4,6.6,1020.9,100.5,7,0,0
1952-03,8.4,4.3,0,福岡県,福岡市,,0,82.9,0,78,7.2,8.5,1016.6,155.5,2,0,0
1952-04,14.2,4.0,0,福岡県,福岡市,,0,171.9,0,75,5.7,11.8,1015.5,204.2,0,2,1
1952-05,17.8,3.0,0,福岡県,福岡市,,0,118.8,0,81,7.2,15.9,1011.9,196.4,0,0,0
1952-06,21.4,2.9,0,福岡県,福岡市,,0,353.8,0,84,8.4,21.1,1007.3,129.5,0,1,0
1952-07,25.7,3.1,0,福岡県,福岡市,,0,177.0,0,84,8.0,27.3,1006.7,182.8,0,3,2
1952-08,27.4,2.9,0,福岡県,福岡市,,0,96.3,0,81,5.7,28.5,1009.3,240.4,0,2,0
1952-09,23.1,2.8,0,福岡県,福岡市,,0,230.9,0,81,7.0,22.5,1012.5,145.5,0,7,0
1952-10,16.3,2.5,0,福岡県,福岡市,,0,78.1,0,75,5.3,13.4,1017.3,205.2,0,0,0
1952-11,14.1,2.7,0,福岡県,福岡市,,0,46.4,0,80,5.5,12.8,1018.6,155.1,0,0,2
1952-12,7.2,3.1,0,福岡県,福岡市,,0,54.0,0,77,7.1,7.8,1023.5,116.1,3,0,0
1953-01,5.1,4.5,0,福岡県,福岡市,,0,66.5,0,72,6.8,6.5,1020.8,123.1,8,1,0
1953-02,6.4,3.9,0,福岡県,福岡市,,0,79.4,0,71,8.6,7.2,1024.0,102.1,6,0,0
1953-03,9.4,4.0,0,福岡県,福岡市,,0,114.5,0,72,6.7,8.6,1017.4,176.5,1,1,1
1953-04,12.7,3.3,0,福岡県,福岡市,,0,82.4,0,67,5.8,10.0,1016.9,227.8,0,0,0
1953-05,18.1,3.5,0,福岡県,福岡市,,0,210.1,0,72,6.5,14.9,1011.3,188.1,0,0,1
1953-06,21.5,2.9,0,福岡県,福岡市,,0,1055.9,0,86,8.8,22.0,1006.7,89.4,0,5,3
1953-07,26.9,2.9,0,福岡県,福岡市,,0,274.0,0,81,7.3,28.7,1007.8,179.5,0,5,0
1953-08,27.9,2.6,0,福岡県,福岡市,,0,129.9,0,79,5.9,29.8,1008.6,243.1,0,4,0
1953-09,23.5,2.8,0,福岡県,福岡市,,0,265.0,0,82,6.5,23.9,1011.8,171.1,0,3,0
1953-10,18.3,2.3,0,福岡県,福岡市,,0,37.7,0,77,4.8,16.2,1016.6,203.8,0,0,0
1953-11,12.3,3.1,0,福岡県,福岡市,,0,49.9,0,74,5.9,6.9,1021.3,158.7,0,0,1
1953-12,9.6,3.1,0,福岡県,福岡市,,0,75.2,0,76,7.0,9.3,1023.6,122.6,0,0,1
1954-01,7.8,3.3,0,福岡県,福岡市,,0,110.7,0,80,8.3,8.7,1018.5,68.6,6,0,0
1954-02,7.5,3.9,0,福岡県,福岡市,,0,106.8,9,74,7.1,7.9,1019.7,127.2,4,0,0
1954-03,8.8,3.2,0,福岡県,福岡市,,0,99.5,0,70,6.1,8.0,1020.4,200.8,0,0,0
1954-04,14.5,3.6,0,福岡県,福岡市,,0,108.5,0,75,7.5,12.6,1014.0,155.4,0,1,0
1954-05,18.7,3.4,0,福岡県,福岡市,,0,274.4,0,77,7.6,16.7,1011.1,183.5,0,3,3
1954-06,20.6,3.8,0,福岡県,福岡市,,0,357.1,0,83,8.2,20.1,1006.3,138.4,0,0,0
1954-07,24.8,3.7,0,福岡県,福岡市,,0,466.1,0,84,8.9,26.2,1006.2,102.2,0,7,0
1954-08,27.5,3.1,0,福岡県,福岡市,,0,116.0,0,79,4.4,29.1,1008.0,271.2,0,3,0
1954-09,23.6,3.4,0,福岡県,福岡市,,0,382.4,0,82,6.0,24.0,1007.8,167.8,0,1,0
1954-10,16.7,2.7,0,福岡県,福岡市,,0,53.0,0,76,6.4,14.6,1017.3,174.9,0,0,0
1954-11,13.4,2.2,0,福岡県,福岡市,,0,47.0,0,75,4.1,11.4,1019.3,200.2,0,0,0
1954-12,8.0,3.4,0,福岡県,福岡市,,0,61.3,0,71,7.2,7.7,1023.7,108.9,0,0,0
1955-01,4.7,4.6,0,福岡県,福岡市,,0,50.5,3,69,7.7,5.9,1024.4,90.8,11,1,0
1955-02,7.4,3.7,0,福岡県,福岡市,,0,94.7,0,72,6.6,7.5,1016.5,128.4,3,0,0
1955-03,10.7,3.4,0,福岡県,福岡市,,0,114.0,0,76,8.2,9.8,1018.9,121.0,0,0,0
1955-04,14.7,3.7,0,福岡県,福岡市,,0,361.1,0,74,6.5,12.7,1015.4,165.3,0,3,0
1955-05,18.2,3.0,0,福岡県,福岡市,,0,53.4,0,77,6.8,16.0,1010.3,195.5,0,0,1
1955-06,23.4,2.9,0,福岡県,福岡市,,0,279.3,0,79,8.4,22.9,1008.2,146.3,0,2,1
1955-07,27.3,3.4,0,福岡県,福岡市,,0,288.8,0,79,6.6,28.3,1006.9,206.1,0,5,1
1955-08,26.6,3.8,0,福岡県,福岡市,,0,72.3,0,79,5.3,27.4,1009.0,254.1,0,3,0
1955-09,23.8,3.4,0,福岡県,福岡市,,0,201.2,0,81,6.4,23.7,1011.2,162.7,0,3,0
1955-10,16.7,4.2,0,福岡県,福岡市,,0,35.5,0,75,5.6,14.6,1015.9,172.2,0,0,0
1955-11,10.9,2.9,0,福岡県,福岡市,,0,70.9,0,73,4.8,9.4,1021.1,193.6,0,0,0
1955-12,8.3,3.3,0,福岡県,福岡市,,0,23.3,0,73,5.1,7.9,1019.8,166.7,0,0,1
1956-01,5.6,4.6,0,福岡県,福岡市,,0,104.3,0,69,7.1,6.4,1017.8,116.3,12,0,0
1956-02,4.8,4.5,0,福岡県,福岡市,,0,103.9,6,66,6.8,5.6,1018.0,153.6,9,2,0
1956-03,9.4,4.4,0,福岡県,福岡市,,0,136.9,0,75,7.4,9.3,1018.6,126.0,3,1,2
1956-04,13.8,3.5,0,福岡県,福岡市,,0,76.4,0,70,6.0,11.2,1013.8,198.0,0,0,1
1956-05,17.1,3.1,0,福岡県,福岡市,,0,132.5,0,77,8.2,15.0,1011.6,143.0,0,0,1
1956-06,22.5,3.3,0,福岡県,福岡市,,0,263.4,0,81,8.1,22.2,1008.3,156.3,0,1,3
1956-07,27.2,2.7,0,福岡県,福岡市,,0,215.2,0,79,6.0,28.3,1007.2,255.8,0,6,0
1956-08,26.0,3.1,0,福岡県,福岡市,,0,438.9,0,79,6.8,26.4,1008.3,199.6,0,3,0
1956-09,23.5,3.0,0,福岡県,福岡市,,0,323.3,0,82,7.4,23.9,1010.9,151.8,0,2,1
1956-10,18.1,3.3,0,福岡県,福岡市,,0,120.2,0,75,6.8,15.8,1017.8,172.0,0,0,0
1956-11,11.0,3.0,0,福岡県,福岡市,,0,25.8,0,71,5.8,9.4,1022.9,169.3,0,1,1
1956-12,5.7,4.2,0,福岡県,福岡市,,0,14.1,0,64,7.0,5.9,1025.0,118.8,3,0,1
1957-01,7.0,3.5,0,福岡県,福岡市,,0,57.7,0,71,7.0,7.3,1021.1,128.0,7,0,2
1957-02,4.9,3.7,0,福岡県,福岡市,,0,68.6,1,68,7.8,6.0,1022.2,108.2,7,0,0
1957-03,7.9,4.0,0,福岡県,福岡市,,0,38.8,5,64,7.0,6.9,1018.3,185.5,5,0,0
1957-04,14.3,2.9,0,福岡県,福岡市,,0,174.8,0,73,7.4,12.5,1015.9,148.4,0,2,0
1957-05,18.1,2.8,0,福岡県,福岡市,,0,98.0,0,73,6.4,15.3,1011.7,201.1,0,0,0
1957-06,21.2,2.8,0,福岡県,福岡市,,0,259.1,0,79,8.5,20.2,1007.8,154.7,0,2,1
1957-07,26.2,3.2,0,福岡県,福岡市,,0,638.2,0,82,8.8,27.8,1006.6,123.8,0,6,1
1957-08,26.5,3.0,0,福岡県,福岡市,,0,241.0,0,80,7.4,27.7,1006.8,181.2,0,6,0
1957-09,20.9,3.0,0,福岡県,福岡市,,0,181.6,0,80,7.6,19.6,1011.3,121.2,0,0,0
1957-10,16.8,2.5,0,福岡県,福岡市,,0,41.7,0,73,5.0,14.1,1016.6,210.6,0,1,0
1957-11,12.7,2.5,0,福岡県,福岡市,,0,46.8,0,75,4.5,11.0,1021.0,179.2,0,0,5
1957-12,8.3,3.5,0,福岡県,福岡市,,0,77.2,0,72,6.9,7.8,1020.1,103.5,2,1,3
1958-01,5.5,4.4,0,福岡県,福岡市,,0,88.3,3,70,8.1,6.6,1022.9,84.3,8,0,3
1958-02,7.2,3.3,0,福岡県,福岡市,,0,62.7,0,70,6.5,7.1,1019.8,139.6,3,0,3
1958-03,9.6,4.2,0,福岡県,福岡市,,0,214.2,0,70,6.9,8.7,1017.8,159.2,6,1,3
1958-04,15.0,3.7,0,福岡県,福岡市,,0,262.6,0,74,7.7,13.1,1015.4,145.6,0,4,2
1958-05,18.2,3.6,0,福岡県,福岡市,,0,118.0,0,73,7.2,15.3,1012.1,216.2,0,0,1
1958-06,22.5,3.3,0,福岡県,福岡市,,0,144.2,0,75,7.3,20.5,1008.3,223.2,0,3,3
1958-07,27.8,3.3,0,福岡県,福岡市,,0,34.6,0,74,6.8,27.6,1007.5,239.1,0,1,0
1958-08,26.5,3.0,0,福岡県,福岡市,,0,417.4,0,81,8.1,27.8,1009.7,163.3,0,14,0
1958-09,24.0,4.1,0,福岡県,福岡市,,0,78.7,0,77,6.8,23.3,1011.1,182.9,0,4,0
1958-10,17.5,3.3,0,福岡県,福岡市,,0,104.8,0,72,7.0,14.8,1018.0,164.8,0,0,0
1958-11,12.5,3.2,0,福岡県,福岡市,,0,87.8,0,73,5.9,10.8,1020.8,160.3,0,1,0
1958-12,9.6,3.4,0,福岡県,福岡市,,0,84.8,0,71,5.7,8.4,1020.5,156.0,0,0,1
1959-01,5.1,4.7,0,福岡県,福岡市,,0,77.5,19,70,8.6,6.3,1021.0,92.1,10,1,2
1959-02,9.4,3.6,0,福岡県,福岡市,,0,73.8,0,74,7.9,8.9,1020.4,81.4,0,0,3
1959-03,10.7,3.9,0,福岡県,福岡市,,0,130.4,0,67,6.7,9.0,1020.7,177.2,0,3,0
1959-04,14.4,4.0,0,福岡県,福岡市,,0,165.2,0,69,7.2,11.5,1013.9,191.9,0,0,2
1959-05,18.6,3.5,0,福岡県,福岡市,,0,134.3,0,72,7.4,15.4,1012.0,179.5,0,0,0
1959-06,22.0,3.2,0,福岡県,福岡市,,0,91.0,0,74,6.9,19.8,1007.1,253.8,0,0,0
1959-07,27.0,3.1,0,福岡県,福岡市,,0,493.0,0,80,7.5,28.4,1007.2,166.5,0,12,0
1959-08,27.8,3.4,0,福岡県,福岡市,,0,51.7,0,75,6.5,27.9,1005.4,241.8,0,4,0
1959-09,24.2,3.7,0,福岡県,福岡市,,0,140.3,0,76,6.8,23.5,1009.8,168.5,0,3,0
1959-10,18.4,3.0,0,福岡県,福岡市,,0,18.8,0,71,5.3,15.2,1016.4,214.4,0,0,0
1959-11,13.6,3.2,0,福岡県,福岡市,,0,99.6,0,76,5.2,11.9,1019.3,168.5,0,0,4
1959-12,8.8,3.8,0,福岡県,福岡市,,0,113.8,0,69,7.3,8.0,1022.5,117.5,2,0,6
1960-01,5.4,4.1,0,福岡県,福岡市,,0,65.5,7,66,7.4,6.0,1022.0,126.9,8,0,1
1960-02,7.8,3.5,0,福岡県,福岡市,,0,16.1,0,66,5.9,7.0,1020.7,180.9,1,0,4
1960-03,10.7,3.8,0,福岡県,福岡市,,0,93.6,0,71,6.7,9.3,1016.7,178.8,0,0,7
1960-04,13.3,3.9,0,福岡県,福岡市,,0,142.4,0,70,6.1,11.0,1015.2,204.5,0,0,3
1960-05,18.5,3.5,0,福岡県,福岡市,,0,203.5,0,74,7.3,15.8,1010.2,189.4,0,1,1
1960-06,22.5,3.0,0,福岡県,福岡市,,0,257.8,0,76,7.6,20.7,1009.1,186.7,0,1,0
1960-07,27.8,2.9,0,福岡県,福岡市,,0,30.6,0,74,6.0,27.8,1009.1,254.6,0,4,0
1960-08,27.9,3.3,0,福岡県,福岡市,,0,76.6,0,73,5.8,27.5,1007.2,239.9,0,3,0
1960-09,23.7,2.7,0,福岡県,福岡市,,0,513.5,0,81,8.0,24.1,1012.9,100.9,0,3,0
1960-10,17.7,3.6,0,福岡県,福岡市,,0,82.5,0,73,4.7,15.1,1017.7,217.9,0,1,0
1960-11,13.3,2.6,0,福岡県,福岡市,,0,78.9,0,77,7.0,11.9,1019.7,135.9,1,0,0
1960-12,6.8,4.1,0,福岡県,福岡市,,0,39.9,1,67,7.4,6.7,1021.2,96.6,6,0,1
1961-01,4.4,3.7,↖️北西,福岡県,福岡市,,0,49.7,4,66,7.6,5.6,1023.0,113.2,10,0,0
1961-02,5.4,3.6,⬅️西,福岡県,福岡市,,0,44.8,0,64,7.1,5.8,1019.2,148.6,4,0,1
1961-03,10.2,3.2,⬆️北,福岡県,福岡市,,0,121.8,0,70,7.1,8.8,1019.4,187.7,0,0,0
1961-04,14.4,3.7,⬆️北,福岡県,福岡市,,0,98.2,0,70,5.7,11.7,1015.0,202.4,0,1,2
1961-05,19.0,2.9,⬆️北,福岡県,福岡市,,0,153.5,0,74,7.3,16.5,1010.9,189.7,0,1,1
1961-06,22.8,2.8,⬆️北,福岡県,福岡市,,0,91.6,0,75,8.2,21.0,1007.7,159.8,0,0,0
1961-07,28.3,2.8,↘️南東,福岡県,福岡市,,0,160.8,0,74,6.9,28.4,1006.8,207.2,0,6,0
1961-08,28.1,2.4,↘️東南東,福岡県,福岡市,,0,139.5,0,78,6.9,29.6,1007.9,209.8,0,9,0
1961-09,25.4,2.7,⬆️北,福岡県,福岡市,,0,212.0,0,79,5.9,25.7,1010.7,184.4,0,7,0
1961-10,19.7,4.1,⬆️北,福岡県,福岡市,,0,181.9,0,75,6.1,17.6,1015.0,161.8,0,1,0
1961-11,13.8,2.9,➡️東,福岡県,福岡市,,0,67.9,0,72,6.9,11.7,1021.3,126.0,0,0,0
1961-12,8.2,3.3,↘️東南東,福岡県,福岡市,,0,55.1,0,68,6.7,7.5,1019.8,134.3,3,0,0
1962-01,4.7,3.8,⬅️西,福岡県,福岡市,,0,115.5,9,68,8.4,5.7,1018.1,83.0,13,3,0
1962-02,6.7,3.3,⬅️西,福岡県,福岡市,,0,45.4,1,68,5.9,6.8,1019.9,135.9,4,0,2
1962-03,9.0,3.5,⬅️西,福岡県,福岡市,,0,47.6,0,64,6.3,7.5,1016.2,185.8,3,2,1
1962-04,13.2,3.4,⬅️西,福岡県,福岡市,,0,81.8,0,69,6.4,10.6,1015.4,190.4,2,0,1
1962-05,18.1,2.6,↖️北北西,福岡県,福岡市,,0,135.2,0,71,6.3,14.6,1010.6,193.0,0,0,0
1962-06,21.2,2.4,↖️北北西,福岡県,福岡市,,0,208.1,0,80,9.0,20.3,1007.1,111.2,0,0,1
1962-07,26.7,2.7,↘️東南東,福岡県,福岡市,,0,451.3,0,81,7.8,28.0,1006.7,134.4,0,5,1
1962-08,27.1,2.7,↖️北北西,福岡県,福岡市,,0,157.5,0,79,6.8,28.2,1009.2,192.4,0,9,0
1962-09,23.7,2.8,⬆️北,福岡県,福岡市,,0,161.4,0,75,6.4,22.3,1012.5,180.5,0,5,0
1962-10,17.4,2.7,⬆️北,福岡県,福岡市,,0,115.8,0,72,5.1,14.8,1017.3,204.5,0,3,0
1962-11,12.2,2.9,⬆️北,福岡県,福岡市,,0,132.2,0,74,7.1,10.9,1020.2,113.5,0,0,0
1962-12,8.4,2.9,⬅️西,福岡県,福岡市,,0,95.9,0,72,6.6,8.0,1019.8,120.5,1,1,0
1963-01,2.6,5.9,↖️西北西,福岡県,福岡市,,0,121.1,27,66,9.0,4.9,1014.4,45.0,27,3,0
1963-02,3.5,3.3,⬅️西,福岡県,福岡市,,0,60.3,7,69,7.7,5.4,1020.9,78.9,13,0,0
1963-03,8.7,3.6,⬆️北,福岡県,福岡市,,0,83.7,0,71,5.7,8.0,1017.8,173.2,3,0,0
1963-04,14.3,3.3,⬆️北,福岡県,福岡市,,0,170.1,0,75,7.1,12.5,1017.1,138.1,0,0,0
1963-05,19.1,2.6,⬆️北,福岡県,福岡市,,0,496.3,0,84,8.9,18.9,1011.0,56.7,0,3,0
1963-06,22.0,3.1,⬆️北,福岡県,福岡市,,0,503.8,0,85,9.3,22.6,1009.1,72.7,0,3,1
1963-07,27.0,2.7,⬇️南,福岡県,福岡市,,0,222.2,0,77,7.1,27.4,1009.1,166.8,0,11,0
1963-08,27.0,2.9,↘️南東,福岡県,福岡市,,0,318.9,0,79,6.7,28.1,1005.8,178.9,0,10,0
1963-09,22.7,2.4,⬆️北,福岡県,福岡市,,0,114.2,0,75,6.7,20.9,1010.8,166.3,0,0,0
1963-10,16.6,2.9,⬆️北,福岡県,福岡市,,0,73.7,0,74,5.6,14.0,1018.1,188.7,0,1,2
1963-11,12.7,2.5,↘️南東,福岡県,福岡市,,0,63.2,0,73,6.1,10.7,1020.1,148.0,0,1,1
1963-12,8.9,3.0,⬅️西,福岡県,福岡市,,0,73.1,0,69,6.4,7.9,1021.2,122.4,2,1,0
1964-01,7.5,3.2,⬆️北,福岡県,福岡市,,0,144.5,0,71,8.0,7.5,1020.6,93.1,3,0,0
1964-02,5.0,3.1,↘️南東,福岡県,福岡市,,0,62.1,2,72,8.0,6.4,1024.4,66.7,9,0,2
1964-03,9.5,3.6,⬆️北,福岡県,福岡市,,0,58.4,0,65,6.5,7.8,1019.0,199.9,0,0,0
1964-04,17.4,3.1,⬆️北,福岡県,福岡市,,0,183.8,0,82,8.8,16.5,1017.0,88.1,0,1,6
1964-05,19.1,2.5,⬆️北,福岡県,福岡市,,0,138.6,0,73,5.7,16.2,1013.4,218.0,0,1,2
1964-06,21.8,2.7,⬆️北,福岡県,福岡市,,0,184.4,0,77,7.6,20.3,1006.9,167.7,0,0,0
1964-07,28.5,3.1,↙️南南西,福岡県,福岡市,,0,91.7,0,72,6.0,27.9,1008.7,244.0,0,4,0
1964-08,28.3,3.2,⬆️北,福岡県,福岡市,,0,131.5,0,74,6.4,28.2,1006.5,263.5,0,1,0
1964-09,24.5,2.6,⬆️北,福岡県,福岡市,,0,143.4,0,78,6.7,24.2,1012.3,180.0,0,3,1
1964-10,18.3,2.5,⬆️北,福岡県,福岡市,,0,101.4,0,73,5.7,15.5,1018.6,182.1,0,0,0
1964-11,12.1,2.6,⬆️北,福岡県,福岡市,,0,106.2,0,70,4.9,10.0,1019.4,181.0,0,0,0
1964-12,7.9,2.6,↘️南東,福岡県,福岡市,,0,42.9,0,69,6.9,7.3,1022.5,124.3,4,0,0
1965-01,5.2,3.9,⬅️西,福岡県,福岡市,,0,61.9,1,66,6.6,5.9,1020.9,129.3,9,1,0
1965-02,6.3,3.7,↖️北西,福岡県,福岡市,,0,27.1,0,64,7.0,6.3,1019.6,157.7,7,0,1
1965-03,7.7,3.4,⬆️北,福岡県,福岡市,,0,71.6,0,62,5.3,6.5,1017.9,219.8,1,2,0
1965-04,12.5,3.4,⬆️北,福岡県,福岡市,,0,142.3,0,67,6.4,9.9,1015.8,198.3,0,0,1
1965-05,18.0,3.1,⬆️北,福岡県,福岡市,,0,194.3,0,73,7.0,14.9,1010.6,203.4,0,1,0
1965-06,21.2,2.4,⬆️北,福岡県,福岡市,,0,244.0,0,79,7.5,20.1,1008.4,187.7,0,0,2
1965-07,27.1,2.8,↙️南南西,福岡県,福岡市,,0,236.1,0,78,8.2,27.7,1007.7,134.8,0,3,0
1965-08,27.2,2.7,↘️南東,福岡県,福岡市,,0,143.5,0,75,4.8,26.8,1008.7,271.5,0,5,0
1965-09,21.0,3.1,⬆️北,福岡県,福岡市,,0,188.8,0,75,5.7,18.8,1010.7,188.5,0,0,0
1965-10,16.8,2.4,⬆️北,福岡県,福岡市,,0,46.1,0,70,4.3,13.4,1018.1,233.7,0,1,0
1965-11,14.0,3.0,⬇️南,福岡県,福岡市,,0,127.7,0,71,6.3,11.8,1020.3,149.2,0,1,0
1965-12,7.5,3.8,↘️南東,福岡県,福岡市,,0,56.8,0,66,8.0,7.1,1020.9,87.7,6,0,0
1966-01,5.5,3.4,⬅️西,福岡県,福岡市,,0,34.1,0,65,6.3,6.0,1021.6,145.2,8,0,0
1966-02,8.1,3.2,⬆️北,福岡県,福岡市,,0,53.1,3,69,7.0,7.7,1019.0,126.0,3,0,0
1966-03,10.8,3.7,⬆️北,福岡県,福岡市,,0,133.0,0,69,6.8,9.1,1013.8,155.7,0,2,1
1966-04,14.1,3.4,⬆️北,福岡県,福岡市,,0,106.9,0,73,8.0,12.0,1014.3,161.3,0,0,2
1966-05,18.2,3.6,⬆️北,福岡県,福岡市,,0,101.4,0,71,6.2,14.8,1011.7,220.2,0,0,0
1966-06,21.9,3.2,⬆️北,福岡県,福岡市,,0,214.8,0,78,8.0,20.5,1008.6,181.8,0,2,0
1966-07,26.5,2.7,↘️南東,福岡県,福岡市,,0,119.9,0,74,7.6,25.8,1008.9,211.9,0,1,0
1966-08,29.0,2.9,↘️南東,福岡県,福岡市,,0,52.6,0,74,6.0,29.6,1004.9,244.0,0,2,0
1966-09,23.0,3.5,⬆️北,福岡県,福岡市,,0,342.0,0,75,6.4,21.5,1009.7,194.4,0,1,0
1966-10,17.9,2.5,↘️東南東,福岡県,福岡市,,0,110.2,0,72,6.3,15.1,1016.3,178.9,0,2,0
1966-11,12.2,3.0,↘️南東,福岡県,福岡市,,0,123.6,0,69,5.9,10.1,1019.7,152.2,0,2,0
1966-12,6.9,2.9,↖️北北西,福岡県,福岡市,,0,48.8,0,69,7.9,7.0,1021.6,94.0,5,0,1
1967-01,5.2,3.8,↖️北西,福岡県,福岡市,,0,111.1,5,67,6.9,6.2,1022.8,116.6,11,0,0
1967-02,6.1,3.2,↖️北西,福岡県,福岡市,,0,50.7,0,67,7.4,6.6,1022.1,102.4,6,0,1
1967-03,10.1,3.1,↘️南東,福岡県,福岡市,,0,117.7,0,71,6.3,9.1,1017.7,167.6,2,3,2
1967-04,14.8,3.3,⬆️北,福岡県,福岡市,,0,215.0,0,76,8.0,12.9,1017.1,134.9,0,1,1
1967-05,19.6,2.6,↖️北北西,福岡県,福岡市,,0,59.3,0,74,6.7,17.0,1010.7,222.4,0,1,2
1967-06,23.2,2.9,⬆️北,福岡県,福岡市,,0,67.6,0,73,6.7,20.5,1006.0,212.5,0,0,1
1967-07,27.1,2.7,⬇️南南東,福岡県,福岡市,,0,366.6,0,78,7.7,27.9,1005.0,178.9,0,5,0
1967-08,28.8,2.6,↘️南東,福岡県,福岡市,,0,69.8,0,74,4.4,29.2,1007.7,270.4,0,3,0
1967-09,24.1,3.7,⬆️北,福岡県,福岡市,,0,23.6,0,71,4.5,21.9,1010.2,249.7,0,1,0
1967-10,17.7,3.0,⬆️北,福岡県,福岡市,,0,100.7,0,71,5.6,14.5,1016.9,171.7,0,2,0
1967-11,13.1,2.6,↘️南東,福岡県,福岡市,,0,93.4,0,74,7.2,11.4,1022.6,118.4,0,0,2
1967-12,5.5,3.8,↖️西北西,福岡県,福岡市,,0,69.9,7,67,8.9,6.1,1022.5,49.2,15,0,0
1968-01,5.8,4.2,⬅️西,福岡県,福岡市,,0,60.0,1,62,8.1,5.8,1018.2,90.4,8,0,0
1968-02,3.0,4.1,⬅️西,福岡県,福岡市,,0,126.5,44,67,8.1,5.1,1021.4,81.8,19,0,0
1968-03,9.4,3.7,↘️南東,福岡県,福岡市,,0,56.5,0,66,5.8,8.0,1015.5,180.8,0,0,0
1968-04,14.2,3.2,⬆️北,福岡県,福岡市,,0,64.5,0,70,6.3,11.4,1017.2,184.7,0,0,0
1968-05,17.6,3.3,⬆️北,福岡県,福岡市,,0,46.5,0,76,6.7,15.2,1009.3,193.5,0,0,2
1968-06,21.4,2.7,↘️南東,福岡県,福岡市,,0,162.5,0,77,6.8,19.4,1008.4,180.9,0,2,2
1968-07,25.2,3.1,⬆️北,福岡県,福岡市,,0,303.5,0,81,8.1,26.0,1003.5,149.2,0,1,0
1968-08,26.8,3.0,⬆️北,福岡県,福岡市,,0,95.5,0,78,7.2,27.5,1005.8,178.8,0,1,0
1968-09,23.4,3.0,⬆️北,福岡県,福岡市,,0,243.0,0,78,6.8,22.4,1011.0,152.1,0,1,0
1968-10,17.1,2.9,⬆️北,福岡県,福岡市,,0,72.0,0,73,5.5,14.6,1015.2,173.0,0,3,0
1968-11,13.0,2.6,↘️南東,福岡県,福岡市,,0,51.0,0,72,4.5,10.9,1020.3,170.6,0,0,0
1968-12,10.6,3.3,↘️南東,福岡県,福岡市,,0,131.5,0,75,7.4,9.9,1017.2,101.9,4,1,1
1969-01,6.8,3.8,↖️西北西,福岡県,福岡市,,0,95.5,0,72,8.8,7.6,1017.6,58.0,8,0,2
1969-02,6.7,3.6,⬆️北,福岡県,福岡市,,0,86.0,0,72,8.1,7.3,1019.1,67.8,4,0,2
1969-03,8.4,3.6,⬆️北,福岡県,福岡市,,0,72.5,2,68,7.3,7.8,1017.4,128.8,2,0,0
1969-04,14.7,3.8,⬆️北,福岡県,福岡市,,0,111.5,0,70,6.7,12.0,1014.7,163.0,0,1,1
1969-05,18.8,3.1,⬆️北,福岡県,福岡市,,0,94.5,0,71,6.1,15.3,1008.2,215.7,0,1,1
1969-06,21.6,2.9,↘️南東,福岡県,福岡市,,0,246.0,0,74,7.1,19.2,1006.4,191.0,0,0,0
1969-07,26.2,2.9,⬆️北,福岡県,福岡市,,0,262.0,0,78,7.7,26.5,1008.1,192.2,0,1,1
1969-08,28.2,3.0,↘️南東,福岡県,福岡市,,0,137.5,0,71,5.6,27.0,1007.7,236.1,0,3,0
1969-09,25.2,3.2,⬆️北,福岡県,福岡市,,0,110.0,0,76,6.3,24.4,1011.1,181.7,0,0,0
1969-10,17.4,3.1,⬆️北,福岡県,福岡市,,0,40.0,0,70,5.4,14.0,1015.4,206.3,0,1,0
1969-11,12.4,3.6,↘️南東,福岡県,福岡市,,0,76.5,0,67,6.3,9.9,1020.4,126.6,0,0,0
1969-12,7.1,3.5,⬅️西,福岡県,福岡市,,0,79.0,0,67,6.9,6.9,1022.0,93.8,6,0,1
1970-01,4.4,3.5,↖️北北西,福岡県,福岡市,,0,34.5,1,65,7.0,5.5,1020.3,111.0,6,0,0
1970-02,7.7,3.4,↖️北北西,福岡県,福岡市,,0,52.0,0,64,5.9,7.0,1019.9,138.8,1,1,0
1970-03,7.0,3.9,⬆️北,福岡県,福岡市,,0,21.5,0,57,7.4,5.9,1019.1,178.3,3,0,0
1970-04,13.3,3.2,⬆️北,福岡県,福岡市,,0,154.5,0,76,7.6,11.8,1015.9,127.3,0,2,0
1970-05,18.7,2.9,⬆️北,福岡県,福岡市,,0,204.5,0,70,7.7,15.0,1009.5,170.1,0,0,0
1970-06,20.8,2.5,⬆️北,福岡県,福岡市,,0,294.0,0,84,9.0,20.7,1008.9,76.4,0,0,1
1970-07,26.2,2.7,↘️南東,福岡県,福岡市,,0,131.5,0,77,7.7,26.3,1005.2,158.3,0,4,0
1970-08,28.1,3.1,↘️南東,福岡県,福岡市,,0,124.5,0,74,6.2,27.9,1006.5,226.9,0,2,0
1970-09,25.3,2.9,↘️南東,福岡県,福岡市,,0,168.0,0,78,7.3,25.2,1010.6,159.6,0,3,0
1970-10,19.5,2.5,⬆️北,福岡県,福岡市,,0,150.0,0,72,6.4,16.9,1016.7,167.0,0,3,0
1970-11,12.9,3.4,⬆️北,福岡県,福岡市,,0,56.0,0,68,5.8,10.3,1019.5,159.2,1,1,0
1970-12,8.1,3.3,↘️南東,福岡県,福岡市,,0,16.5,0,65,7.3,7.1,1020.2,110.5,2,0,0
1971-01,5.5,3.5,↘️南東,福岡県,福岡市,,0,117.5,6,68,7.1,6.2,1018.8,108.7,8,0,0
1971-02,6.4,3.5,⬅️西,福岡県,福岡市,,0,59.0,5,68,8.1,6.8,1018.8,106.2,8,0,2
1971-03,8.9,3.6,↖️北北西,福岡県,福岡市,,0,73.5,0,61,6.2,7.3,1018.3,192.1,2,1,0
1971-04,14.3,3.2,⬆️北,福岡県,福岡市,,0,38.5,0,63,6.0,10.3,1014.7,230.5,0,0,2
1971-05,18.5,3.0,⬆️北,福岡県,福岡市,,0,100.5,0,67,6.2,14.4,1011.6,208.5,0,1,1
1971-06,22.8,2.8,⬆️北,福岡県,福岡市,,0,141.5,0,76,9.0,21.0,1006.0,123.5,0,1,0
1971-07,28.2,3.2,⬇️南,福岡県,福岡市,,0,199.0,0,70,7.4,26.6,1005.9,243.1,0,7,0
1971-08,26.6,3.7,⬆️北,福岡県,福岡市,,0,210.5,0,76,7.5,26.3,1004.9,180.9,0,4,0
1971-09,23.2,2.7,⬆️北,福岡県,福岡市,,0,134.0,0,77,7.3,21.9,1009.7,184.1,0,2,0
1971-10,17.1,2.5,↖️北北西,福岡県,福岡市,,0,37.5,0,66,6.2,13.1,1017.0,200.3,0,0,0
1971-11,13.2,2.6,⬆️北,福岡県,福岡市,,0,18.0,0,63,5.9,9.8,1020.5,169.2,1,2,0
1971-12,8.5,2.9,↘️南東,福岡県,福岡市,,0,66.0,0,63,7.2,7.1,1021.2,114.2,2,0,1
1972-01,7.9,3.1,↘️南東,福岡県,福岡市,,0,192.5,0,70,7.3,7.6,1020.5,105.8,1,2,0
1972-02,6.8,3.0,⬅️西,福岡県,福岡市,,0,120.0,0,71,8.6,7.1,1015.6,86.5,3,0,0
1972-03,9.4,3.3,⬆️北,福岡県,福岡市,,0,145.5,2,70,7.5,8.5,1016.1,130.6,6,1,1
1972-04,13.8,3.2,⬆️北,福岡県,福岡市,,0,147.5,0,73,7.0,11.9,1015.3,177.1,1,1,2
1972-05,17.9,3.0,⬆️北,福岡県,福岡市,,0,126.0,0,72,7.3,15.0,1009.5,203.3,0,1,0
1972-06,21.4,2.7,↘️南東,福岡県,福岡市,,0,342.0,0,78,8.2,19.7,1005.6,174.7,0,3,0
1972-07,26.1,3.4,⬆️北,福岡県,福岡市,,0,559.5,0,79,7.7,26.2,1003.5,173.4,0,5,0
1972-08,26.4,2.8,↘️南東,福岡県,福岡市,,0,224.5,0,74,6.6,25.6,1008.8,222.6,0,5,0
1972-09,22.2,2.9,⬆️北,福岡県,福岡市,,0,176.0,0,73,6.5,20.1,1010.7,179.9,0,5,0
1972-10,17.4,2.3,↘️南東,福岡県,福岡市,,0,117.0,0,71,6.8,14.2,1016.3,184.0,0,1,0
1972-11,12.7,3.4,↘️南東,福岡県,福岡市,,0,141.5,0,66,7.3,10.2,1018.3,92.7,0,1,0
1972-12,8.5,3.0,↘️南東,福岡県,福岡市,,0,59.0,0,65,6.9,7.4,1020.3,139.2,4,0,0
1973-01,7.7,2.8,↘️東南東,福岡県,福岡市,,0,120.0,0,71,8.4,7.5,1019.8,94.5,3,0,0
1973-02,7.9,2.8,↖️北北西,福岡県,福岡市,,0,42.5,0,68,7.3,7.5,1018.0,121.6,2,0,0
1973-03,10.1,3.3,⬆️北,福岡県,福岡市,,0,24.5,0,59,5.9,7.6,1017.4,202.1,0,1,1
1973-04,15.8,2.9,⬆️北,福岡県,福岡市,,0,223.5,0,69,7.3,12.7,1012.9,163.9,0,2,2
1973-05,19.0,3.1,↘️南東,福岡県,福岡市,,0,121.5,0,66,7.3,14.3,1010.8,203.6,0,2,0
1973-06,22.0,2.4,⬆️北,福岡県,福岡市,,0,170.0,0,75,7.6,19.9,1007.0,200.5,0,0,0
1973-07,27.9,2.7,↘️南東,福岡県,福岡市,,0,207.5,0,71,6.2,26.6,1007.4,243.9,0,3,0
1973-08,28.5,2.7,⬆️北,福岡県,福岡市,,0,82.0,0,73,6.1,28.0,1010.8,254.4,0,6,0
1973-09,22.7,2.5,↘️南東,福岡県,福岡市,,0,251.5,0,76,8.0,21.1,1011.8,151.5,0,3,0
1973-10,17.9,2.5,↘️南東,福岡県,福岡市,,0,85.5,0,73,6.1,15.3,1017.0,158.1,0,0,0
1973-11,12.1,3.4,⬅️西,福岡県,福岡市,,0,31.0,0,62,5.8,9.0,1019.0,167.1,0,0,0
1973-12,6.2,3.5,↖️西北西,福岡県,福岡市,,0,43.0,1,62,7.1,5.9,1019.7,113.5,9,0,0
1974-01,5.6,2.8,↖️北北西,福岡県,福岡市,,0,30.0,0,60,6.2,5.5,1020.0,140.7,3,0,0
1974-02,6.0,3.3,⬆️北,福岡県,福岡市,,0,59.5,3,65,7.4,6.3,1019.1,120.8,8,0,1
1974-03,9.1,3.2,⬆️北,福岡県,福岡市,,0,113.5,0,64,6.6,7.7,1018.4,187.4,3,1,1
1974-04,14.9,3.6,⬆️北,福岡県,福岡市,,0,108.0,0,65,6.0,11.1,1012.3,211.6,0,1,0
1974-05,19.3,3.2,↘️南東,福岡県,福岡市,,0,137.5,0,64,6.9,14.3,1011.2,217.8,0,0,0
1974-06,21.7,2.6,⬆️北,福岡県,福岡市,,0,83.5,0,70,6.8,18.0,1005.1,219.8,0,1,0
1974-07,25.1,2.6,⬆️北,福岡県,福岡市,,0,333.0,0,81,8.8,25.7,1005.9,103.1,0,4,1
1974-08,27.0,3.0,⬆️北,福岡県,福岡市,,0,102.0,0,74,5.4,26.2,1004.7,235.0,0,2,0
1974-09,22.8,2.4,⬆️北,福岡県,福岡市,,0,79.0,0,72,7.3,20.1,1010.3,176.0,0,1,0
1974-10,18.6,2.1,⬆️北,福岡県,福岡市,,0,159.0,0,71,6.8,15.2,1015.2,151.5,0,1,0
1974-11,12.4,2.4,↖️北北西,福岡県,福岡市,,0,31.0,0,67,5.5,9.8,1020.5,158.8,0,0,0
1974-12,8.3,2.8,↘️南東,福岡県,福岡市,,0,51.5,0,69,8.0,7.8,1022.7,83.3,0,0,0
1975-01,6.1,3.6,↘️南東,福岡県,福岡市,,0,84.5,7,61,7.7,5.8,1019.6,115.2,8,0,0
1975-02,6.0,3.5,↖️北北西,福岡県,福岡市,,0,61.5,10,62,7.4,6.0,1017.6,121.1,6,1,0
1975-03,9.6,3.4,⬆️北,福岡県,福岡市,,0,21.0,0,63,5.7,7.5,1015.5,216.4,0,0,0
1975-04,14.5,3.3,⬆️北,福岡県,福岡市,,0,192.0,0,74,8.2,12.5,1013.0,147.1,0,1,1
1975-05,18.4,3.0,⬆️北,福岡県,福岡市,,0,60.0,0,72,7.3,15.1,1009.8,212.3,0,1,0
1975-06,22.3,2.6,⬆️北,福岡県,福岡市,,0,360.0,0,79,7.7,21.2,1005.8,185.8,0,0,0
1975-07,28.3,2.8,⬇️南南東,福岡県,福岡市,,0,47.0,0,71,7.0,26.9,1006.4,251.0,0,4,0
1975-08,28.1,2.8,↘️南東,福岡県,福岡市,,0,73.5,0,71,5.9,26.8,1007.0,246.8,0,5,0
1975-09,25.6,2.6,↘️南東,福岡県,福岡市,,0,148.5,0,73,6.3,24.1,1010.9,182.9,0,4,0
1975-10,19.7,2.6,↘️南東,福岡県,福岡市,,0,100.5,0,69,6.9,16.0,1015.0,151.7,0,0,0
1975-11,13.3,2.8,↘️南東,福岡県,福岡市,,0,96.0,0,68,5.9,10.6,1019.2,151.7,0,0,0
1975-12,7.8,3.0,↘️南東,福岡県,福岡市,,0,91.0,1,65,7.0,7.2,1020.1,104.4,6,1,0
1976-01,5.1,3.8,↖️西北西,福岡県,福岡市,,0,13.0,0,58,6.8,5.2,1020.4,127.3,11,1,0
1976-02,8.6,3.0,↘️南東,福岡県,福岡市,,0,139.0,0,67,7.3,7.8,1017.5,134.9,0,1,1
1976-03,9.3,3.0,⬆️北,福岡県,福岡市,,0,71.0,0,64,7.7,7.8,1016.7,155.3,1,1,0
1976-04,14.2,2.7,⬆️北,福岡県,福岡市,,0,189.5,0,66,7.0,11.3,1014.6,175.9,0,3,2
1976-05,18.5,2.6,⬆️北,福岡県,福岡市,,0,155.5,0,68,6.9,15.0,1010.0,182.4,0,0,0
1976-06,21.4,2.4,⬆️北,福岡県,福岡市,,0,268.0,0,76,9.0,19.3,1007.2,143.9,0,1,0
1976-07,24.7,2.5,↖️北北西,福岡県,福岡市,,0,267.0,0,76,7.6,23.6,1006.7,182.8,0,1,0
1976-08,27.4,2.5,↘️南東,福岡県,福岡市,,0,259.5,0,74,6.5,26.8,1008.9,222.4,0,4,0
1976-09,21.3,2.7,⬆️北,福岡県,福岡市,,0,244.0,0,75,6.3,19.2,1009.9,172.9,0,1,0
1976-10,17.7,2.4,⬆️北,福岡県,福岡市,,0,153.5,0,70,5.9,14.5,1015.1,193.1,0,1,0
1976-11,11.0,3.0,↘️南東,福岡県,福岡市,,0,78.5,0,65,6.5,9.0,1020.4,134.8,0,0,0
1976-12,7.4,3.2,↘️南東,福岡県,福岡市,,0,69.0,3,64,6.3,6.8,1019.7,126.0,8,0,0
1977-01,3.7,3.2,↖️北北西,福岡県,福岡市,,0,38.5,0,58,7.8,4.7,1022.0,92.1,11,0,0
1977-02,4.7,3.3,↖️西北西,福岡県,福岡市,,0,48.0,9,58,7.0,5.1,1021.7,160.8,13,0,0
1977-03,10.3,3.4,⬆️北,福岡県,福岡市,,0,132.0,0,65,6.4,8.3,1018.8,158.3,2,1,2
1977-04,15.3,3.2,↘️南東,福岡県,福岡市,,0,161.0,0,66,6.8,11.7,1013.7,177.4,0,4,0
1977-05,18.5,2.7,↘️南東,福岡県,福岡市,,0,211.0,0,67,7.9,14.4,1010.7,174.8,0,2,0
1977-06,21.8,2.7,⬆️北,福岡県,福岡市,,0,251.5,0,77,8.1,20.0,1005.4,147.2,0,2,2
1977-07,27.5,2.4,↘️南東,福岡県,福岡市,,0,88.0,0,73,6.5,27.0,1007.2,234.1,0,2,0
1977-08,26.0,3.2,⬆️北,福岡県,福岡市,,0,120.0,0,75,7.2,25.1,1003.9,170.4,0,3,0
1977-09,24.1,2.4,⬆️北,福岡県,福岡市,,0,65.0,0,77,5.8,23.3,1010.8,187.8,0,3,0
1977-10,19.4,2.1,⬆️北,福岡県,福岡市,,0,35.0,0,68,3.6,15.4,1018.2,242.0,0,0,0
1977-11,14.0,2.9,↘️南東,福岡県,福岡市,,0,163.5,0,66,6.8,11.1,1019.4,120.2,0,3,0
1977-12,9.8,2.6,↘️南東,福岡県,福岡市,,0,40.0,0,64,5.8,7.9,1021.1,152.3,2,0,0
1978-01,7.0,3.7,↖️西北西,福岡県,福岡市,,0,75.5,0,62,8.0,6.4,1017.3,96.2,9,0,0
1978-02,6.0,3.4,⬅️西,福岡県,福岡市,,0,59.0,11,61,7.2,5.8,1019.1,127.2,10,1,0
1978-03,9.4,3.3,↘️南東,福岡県,福岡市,,0,62.0,0,57,5.9,6.9,1015.6,222.0,1,0,1
1978-04,14.5,2.7,↖️北北西,福岡県,福岡市,,0,57.0,0,63,6.1,10.6,1012.2,216.5,0,1,0
1978-05,19.3,2.3,↖️北北西,福岡県,福岡市,,0,42.5,0,65,6.5,14.7,1011.2,228.2,0,0,0
1978-06,23.8,2.6,↘️南東,福岡県,福岡市,,0,353.0,0,68,7.4,20.3,1007.4,200.5,0,2,0
1978-07,28.7,2.8,↖️北北西,福岡県,福岡市,,0,44.5,0,67,4.7,26.1,1006.8,284.3,0,3,0
1978-08,28.3,2.7,↘️南東,福岡県,福岡市,,0,99.5,0,69,5.9,26.6,1007.7,261.8,0,5,0
1978-09,24.5,2.7,⬆️北,福岡県,福岡市,,0,125.5,0,71,7.1,21.9,1010.5,161.7,0,2,0
1978-10,18.0,2.6,⬆️北,福岡県,福岡市,,0,84.5,0,66,5.4,13.9,1017.1,193.6,0,1,0
1978-11,13.2,2.3,↘️南東,福岡県,福岡市,,0,54.5,0,68,4.8,10.4,1019.3,178.6,1,0,0
1978-12,9.4,2.5,↘️南東,福岡県,福岡市,,0,80.5,0,66,5.7,7.9,1021.8,149.3,1,0,0
1979-01,7.7,2.5,↘️南東,福岡県,福岡市,,0,54.5,0,65,6.6,7.0,1019.4,114.6,3,0,1
1979-02,8.0,2.8,↘️南東,福岡県,福岡市,,0,100.5,1,67,7.4,7.4,1015.3,111.7,5,2,1
1979-03,9.9,2.8,⬆️北,福岡県,福岡市,,0,162.5,0,63,6.7,7.8,1015.8,173.0,2,4,2
1979-04,14.0,2.9,⬆️北,福岡県,福岡市,,0,136.0,0,62,6.2,10.1,1014.5,181.3,0,0,1
1979-05,18.1,3.1,↘️南東,福岡県,福岡市,,0,81.5,0,61,5.1,12.7,1010.2,241.5,0,1,0
1979-06,23.6,2.6,↘️南東,福岡県,福岡市,,0,585.5,0,72,8.6,21.2,1009.5,117.4,0,5,0
1979-07,26.3,2.5,↘️南東,福岡県,福岡市,,0,151.0,0,74,7.0,25.5,1005.8,181.7,0,1,0
1979-08,27.9,2.8,↘️南東,福岡県,福岡市,,0,112.0,0,71,6.4,26.7,1006.7,196.1,0,3,0
1979-09,24.6,2.9,⬆️北,福岡県,福岡市,,0,70.0,0,70,6.5,21.8,1011.4,177.7,0,2,0
1979-10,19.0,2.7,↘️南東,福岡県,福岡市,,0,102.0,0,67,3.7,14.8,1014.4,228.8,0,0,0
1979-11,12.5,2.5,↘️南東,福岡県,福岡市,,0,105.5,0,66,6.8,10.1,1020.7,118.8,0,0,0
1979-12,9.3,2.4,↘️南東,福岡県,福岡市,,0,81.5,0,67,5.4,7.9,1022.2,141.8,1,1,0
1980-01,6.2,3.3,↖️西北西,福岡県,福岡市,,0,57.0,0,64,7.7,6.3,1018.0,92.6,10,1,2
1980-02,5.1,2.9,↖️北北西,福岡県,福岡市,,0,31.5,0,61,7.1,5.4,1021.3,117.8,11,0,0
1980-03,9.6,2.7,⬆️北,福岡県,福岡市,,0,131.5,0,68,7.2,8.3,1016.8,142.2,0,0,0
1980-04,14.0,3.3,⬆️北,福岡県,福岡市,,0,102.5,0,65,6.5,10.4,1015.3,195.6,0,4,0
1980-05,18.7,2.8,⬆️北,福岡県,福岡市,,0,233.0,0,67,6.2,14.8,1011.0,205.3,0,2,2
1980-06,23.1,2.5,↖️北北西,福岡県,福岡市,,0,165.5,0,77,8.2,21.7,1009.2,133.9,0,0,1
1980-07,24.9,2.4,↘️南東,福岡県,福岡市,,0,886.0,0,84,8.3,26.4,1005.9,109.1,0,7,3
1980-08,24.5,2.5,⬆️北,福岡県,福岡市,,0,846.5,0,88,9.2,27.2,1006.7,77.8,0,7,0
1980-09,22.4,2.4,⬆️北,福岡県,福岡市,,0,196.0,0,77,6.2,21.2,1010.9,180.2,0,0,0
1980-10,18.1,2.9,⬆️北,福岡県,福岡市,,0,200.5,0,74,6.2,15.8,1016.0,161.1,0,0,0
1980-11,13.5,2.3,↘️南東,福岡県,福岡市,,0,76.0,0,72,5.0,11.3,1018.5,183.9,0,0,0
1980-12,6.4,3.8,↖️西北西,福岡県,福岡市,,0,50.5,0,60,7.5,6.0,1017.4,103.5,9,1,0
1981-01,4.0,3.3,↘️南東,福岡県,福岡市,,0,67.0,7,63,6.6,5.1,1020.8,126.5,11,2,0
1981-02,6.1,3.4,↘️南東,福岡県,福岡市,,0,68.0,0,64,7.2,6.3,1017.8,129.5,3,1,0
1981-03,10.2,3.0,↘️南東,福岡県,福岡市,,0,63.0,0,66,6.8,8.5,1017.1,177.1,1,0,0
1981-04,14.6,2.9,⬆️北,福岡県,福岡市,,0,147.0,0,69,6.3,11.4,1013.1,180.2,0,2,1
1981-05,18.6,2.9,↘️南東,福岡県,福岡市,,0,81.5,0,66,6.7,14.3,1010.1,217.6,0,2,0
1981-06,22.8,2.5,⬆️北,福岡県,福岡市,,0,445.5,0,76,8.3,21.1,1008.0,114.7,0,5,3
1981-07,28.5,3.0,↘️南東,福岡県,福岡市,,0,218.5,0,73,6.5,28.3,1008.3,230.0,0,8,0
1981-08,27.4,3.0,↘️南東,福岡県,福岡市,,0,179.5,0,73,6.5,26.7,1004.0,212.5,0,3,0
1981-09,23.1,3.1,↘️南東,福岡県,福岡市,,0,97.5,0,71,7.1,20.1,1010.8,168.9,0,0,0
1981-10,18.1,2.9,↘️南東,福岡県,福岡市,,0,156.5,0,69,6.0,14.6,1015.4,172.8,0,0,0
1981-11,11.7,2.8,↘️南東,福岡県,福岡市,,0,126.0,0,70,7.4,9.8,1020.2,105.8,0,0,0
1981-12,8.2,3.0,↘️南東,福岡県,福岡市,,0,49.5,2,66,6.5,7.1,1021.9,121.8,3,2,0
1982-01,5.9,3.4,↘️南東,福岡県,福岡市,,0,66.5,6,63,7.2,6.0,1020.0,103.4,6,1,0
1982-02,6.7,2.7,↘️南東,福岡県,福岡市,,0,66.0,0,67,7.0,6.8,1019.7,114.1,2,0,0
1982-03,10.7,3.2,⬆️北,福岡県,福岡市,,0,122.0,0,68,6.5,9.0,1016.9,174.1,0,2,1
1982-04,14.2,3.1,↘️南東,福岡県,福岡市,,0,122.5,0,66,5.6,11.0,1014.7,190.1,0,1,0
1982-05,20.3,2.8,↖️北北西,福岡県,福岡市,,0,70.5,0,70,5.7,16.8,1010.8,227.2,0,0,1
1982-06,22.1,3.1,⬆️北,福岡県,福岡市,,0,45.0,0,73,6.9,19.5,1006.2,229.7,0,0,0
1982-07,24.8,2.4,↘️南東,福岡県,福岡市,,0,554.0,0,82,7.4,25.7,1005.6,160.7,0,4,0
1982-08,27.1,3.0,↘️南東,福岡県,福岡市,,0,314.5,0,77,6.3,27.8,1006.9,228.1,0,7,0
1982-09,22.4,3.2,⬆️北,福岡県,福岡市,,0,182.5,0,78,7.2,21.2,1011.1,153.2,0,0,0
1982-10,18.7,2.6,⬆️北,福岡県,福岡市,,0,54.5,0,74,4.0,16.2,1015.6,226.9,0,1,0
1982-11,14.9,2.7,↘️南東,福岡県,福岡市,,0,120.0,0,73,7.3,12.7,1018.7,126.8,0,0,0
1982-12,8.6,3.0,↘️南東,福岡県,福岡市,,0,60.5,0,67,7.1,7.6,1020.9,105.1,1,2,0
1983-01,6.7,3.3,↘️南東,福岡県,福岡市,,0,48.0,0,64,6.5,6.5,1023.2,136.8,4,0,0
1983-02,6.0,3.4,↖️西北西,福岡県,福岡市,,0,70.0,0,62,6.5,6.0,1019.7,148.0,7,1,0
1983-03,10.1,3.3,⬆️北,福岡県,福岡市,,0,176.5,0,71,7.7,9.1,1016.4,118.3,2,3,0
1983-04,16.3,3.2,⬆️北,福岡県,福岡市,,0,160.0,0,70,7.1,13.2,1013.0,168.9,0,3,0
1983-05,19.4,2.9,⬆️北,福岡県,福岡市,,0,165.0,0,71,6.3,16.0,1010.7,222.4,0,1,0
1983-06,22.1,2.8,⬆️北,福岡県,福岡市,,0,150.5,0,78,7.7,20.7,1006.8,199.3,0,0,0
1983-07,26.9,3.1,↙️南南西,福岡県,福岡市,,0,430.5,0,74,7.4,26.2,1006.0,206.8,0,2,0
1983-08,28.1,3.5,⬆️北,福岡県,福岡市,,0,116.0,0,75,5.9,28.4,1006.6,241.2,0,1,0
1983-09,24.8,2.8,↘️南東,福岡県,福岡市,,0,270.5,0,80,7.9,25.0,1009.8,143.3,0,6,0
1983-10,19.1,2.6,↘️南東,福岡県,福岡市,,0,86.0,0,72,5.4,16.1,1016.3,183.9,0,0,0
1983-11,12.4,3.0,↘️南東,福岡県,福岡市,,0,29.5,0,67,5.1,9.8,1019.1,167.2,1,2,0
1983-12,7.4,3.4,↘️南東,福岡県,福岡市,,0,18.5,1,60,5.9,6.3,1020.1,146.7,8,3,0
1984-01,4.1,3.5,↖️北北西,福岡県,福岡市,,0,53.5,18,62,7.3,5.1,1020.4,105.4,17,1,1
1984-02,4.4,3.5,↖️北北西,福岡県,福岡市,,0,46.0,6,63,7.3,5.4,1019.4,143.2,5,0,0
1984-03,7.6,3.2,⬆️北,福岡県,福岡市,,0,75.0,0,62,6.8,6.6,1017.5,181.6,5,0,0
1984-04,14.5,3.3,⬆️北,福岡県,福岡市,,0,124.0,0,71,6.9,11.8,1015.1,173.2,0,0,0
1984-05,18.0,2.7,⬆️北,福岡県,福岡市,,0,150.5,0,74,6.0,15.3,1011.5,237.9,0,2,1
1984-06,23.8,2.5,↘️南東,福岡県,福岡市,,0,244.5,0,79,8.5,23.2,1006.2,146.9,0,3,0
1984-07,27.8,2.8,↘️南東,福岡県,福岡市,,0,22.5,0,77,6.6,28.7,1004.3,228.7,0,4,0
1984-08,28.6,2.7,⬆️北,福岡県,福岡市,,0,170.0,0,74,6.1,28.8,1007.5,248.3,0,3,0
1984-09,23.7,2.8,↘️南東,福岡県,福岡市,,0,119.5,0,75,6.5,22.2,1011.2,176.8,0,1,0
1984-10,18.1,3.0,↘️南東,福岡県,福岡市,,0,24.5,0,67,4.8,14.3,1015.8,184.8,0,1,0
1984-11,14.4,2.7,↘️南東,福岡県,福岡市,,0,68.5,0,75,5.0,12.5,1019.7,156.0,0,0,0
1984-12,8.3,3.2,↘️南東,福岡県,福岡市,,0,71.5,0,69,7.6,7.9,1019.9,100.6,8,0,0
1985-01,4.7,3.1,↘️南東,福岡県,福岡市,,0,37.0,2,64,6.8,5.5,1021.6,128.3,6,0,0
1985-02,7.0,3.2,↖️西北西,福岡県,福岡市,,0,138.5,0,69,7.5,7.1,1014.9,94.0,4,1,0
1985-03,10.0,3.2,⬆️北,福岡県,福岡市,,0,153.0,0,74,7.6,9.2,1019.5,142.9,0,0,0
1985-04,14.5,3.3,⬆️北,福岡県,福岡市,,0,113.0,0,71,6.3,11.8,1012.4,212.3,0,2,1
1985-05,19.5,3.0,⬆️北,福岡県,福岡市,,0,188.5,0,76,7.0,17.2,1010.8,180.4,0,0,0
1985-06,22.0,2.6,↘️南東,福岡県,福岡市,,0,642.0,0,80,8.6,21.3,1006.9,123.1,0,3,2
1985-07,28.0,3.0,↙️南南西,福岡県,福岡市,,0,189.5,0,73,6.2,27.7,1006.5,236.5,0,4,0
1985-08,29.3,3.2,↘️南東,福岡県,福岡市,,0,82.5,0,69,5.1,27.8,1006.4,267.4,0,6,0
1985-09,25.4,2.5,⬆️北,福岡県,福岡市,,0,269.0,0,78,6.7,25.3,1012.5,179.8,0,7,0
1985-10,19.3,2.8,↘️南東,福岡県,福岡市,,0,82.0,0,70,6.4,15.9,1015.8,171.4,0,2,0
1985-11,12.7,3.4,↘️南東,福岡県,福岡市,,0,83.0,0,67,7.0,10.1,1017.4,135.0,0,3,0
1985-12,6.7,3.3,↘️南東,福岡県,福岡市,,0,46.5,1,68,7.2,6.9,1020.5,89.7,10,0,0
1986-01,4.5,3.6,↖️西北西,福岡県,福岡市,,0,26.5,1,64,7.4,5.4,1019.9,99.7,15,0,0
1986-02,4.7,3.5,↖️北北西,福岡県,福岡市,,0,40.5,3,61,7.4,5.3,1019.2,128.0,13,1,0
1986-03,9.4,3.3,⬆️北,福岡県,福岡市,,0,105.0,0,68,6.4,8.2,1015.6,170.4,2,0,0
1986-04,15.2,2.7,⬆️北,福岡県,福岡市,,0,106.0,0,71,6.7,12.6,1014.4,171.5,0,2,0
1986-05,18.9,2.9,⬆️北,福岡県,福岡市,,0,240.0,0,73,6.4,15.7,1007.8,187.2,0,3,0
1986-06,22.9,2.8,⬆️北,福岡県,福岡市,,0,220.5,0,76,7.6,21.3,1006.3,156.4,0,3,2
1986-07,25.6,2.5,⬆️北,福岡県,福岡市,,0,400.0,0,80,7.4,26.4,1007.7,138.0,0,6,0
1986-08,27.8,2.8,↘️南東,福岡県,福岡市,,0,70.5,0,69,5.1,25.8,1005.7,231.3,0,4,0
1986-09,23.7,2.4,⬆️北,福岡県,福岡市,,0,190.5,0,74,6.8,21.8,1010.5,144.0,0,4,0
1986-10,17.0,2.9,⬆️北,福岡県,福岡市,,0,45.0,0,68,5.8,13.4,1017.7,178.8,0,0,0
1986-11,12.6,2.2,↘️南東,福岡県,福岡市,,0,30.0,0,68,6.0,10.0,1021.1,130.1,0,0,0
1986-12,9.6,2.9,↘️南東,福岡県,福岡市,,0,94.5,0,69,6.7,8.2,1020.5,116.9,1,2,0
1987-01,7.3,3.5,↘️南東,福岡県,福岡市,,0,52.0,2,66,6.6,6.9,1021.1,119.9,6,3,0
1987-02,7.9,3.6,↘️南東,福岡県,福岡市,,0,47.5,2,66,6.6,7.3,1018.7,136.0,7,2,0
1987-03,9.7,3.0,↖️北北西,福岡県,福岡市,,0,174.5,10,73,7.1,9.1,1015.0,119.2,4,0,1
1987-04,14.4,2.9,⬆️北,福岡県,福岡市,,0,77.0,0,69,6.6,11.5,1015.4,174.9,0,1,0
1987-05,19.0,2.7,⬆️北,福岡県,福岡市,,0,133.5,0,69,6.8,15.4,1012.2,202.8,0,0,1
1987-06,22.5,3.1,⬆️北,福岡県,福岡市,,0,278.0,0,75,6.9,20.2,1007.2,198.5,0,1,2
1987-07,26.8,2.8,↘️南東,福岡県,福岡市,,0,444.0,0,79,8.3,27.6,1005.9,136.3,0,3,0
1987-08,27.2,2.7,⬇️南南東,福岡県,福岡市,,0,379.0,0,79,7.7,28.2,1007.5,154.6,0,10,0
1987-09,22.8,3.4,⬆️北,福岡県,福岡市,,0,100.5,0,71,6.6,20.2,1011.8,182.4,0,0,0
1987-10,19.9,2.9,⬆️北,福岡県,福岡市,,0,84.0,0,71,6.0,16.6,1016.0,179.1,0,1,0
1987-11,14.4,2.6,↘️南東,福岡県,福岡市,,0,66.5,0,72,5.2,11.9,1019.2,146.2,0,1,0
1987-12,9.0,2.7,↘️南東,福岡県,福岡市,,0,39.5,0,66,5.0,7.7,1021.8,169.6,3,1,0
1988-01,7.6,3.1,↘️南東,福岡県,福岡市,,0,45.5,0,65,7.3,7.0,1019.8,99.6,4,1,0
1988-02,6.4,3.3,↘️南東,福岡県,福岡市,,0,35.5,0,59,7.7,5.9,1021.1,123.5,7,0,0
1988-03,8.9,3.4,⬆️北,福岡県,福岡市,,0,137.0,0,67,8.4,7.8,1016.6,109.2,5,1,0
1988-04,14.4,3.2,↘️南東,福岡県,福岡市,,0,134.5,0,64,5.8,10.6,1014.5,203.2,0,2,0
1988-05,19.2,2.9,⬆️北,福岡県,福岡市,,0,160.0,0,70,6.0,15.6,1009.7,209.5,0,3,0
1988-06,22.5,2.9,⬆️北,福岡県,福岡市,,0,332.5,0,79,8.1,21.6,1005.2,125.6,0,0,0
1988-07,26.5,3.0,⬆️北,福岡県,福岡市,,0,118.5,0,79,7.6,27.4,1005.9,148.9,0,7,0
1988-08,26.8,2.6,⬆️北,福岡県,福岡市,,0,97.5,0,76,6.7,26.5,1005.8,187.2,0,8,1
1988-09,23.8,3.1,⬆️北,福岡県,福岡市,,0,156.5,0,79,7.0,23.2,1009.7,147.3,0,0,0
1988-10,18.5,2.7,⬆️北,福岡県,福岡市,,0,46.5,0,69,5.0,14.8,1014.7,186.3,0,0,0
1988-11,12.2,3.3,↘️南東,福岡県,福岡市,,0,63.5,0,62,5.5,8.9,1017.5,157.3,2,3,0
1988-12,8.5,2.9,↘️南東,福岡県,福岡市,,0,27.5,0,62,5.7,6.9,1021.7,145.2,2,1,0
1989-01,9.1,2.9,↘️南東,福岡県,福岡市,,0,104.5,0,71,7.7,8.5,1020.3,95.9,2,2,0
1989-02,8.7,3.0,↘️南東,福岡県,福岡市,,0,151.0,0,70,7.2,8.0,1019.0,109.5,2,1,1
1989-03,10.3,3.5,↘️南東,福岡県,福岡市,,0,126.5,0,64,6.1,8.1,1016.2,166.3,2,2,0
1989-04,16.2,3.0,↘️南東,福岡県,福岡市,,0,35.0,0,63,6.5,11.6,1012.1,200.6,0,0,0
1989-05,18.4,2.6,⬆️北,福岡県,福岡市,,0,158.0,0,75,7.6,15.8,1010.2,164.5,0,1,0
1989-06,21.8,3.0,⬆️北,福岡県,福岡市,,0,145.0,0,75,7.6,19.3,1007.4,158.7,0,0,1
1989-07,26.3,3.1,⬆️北,福岡県,福岡市,,0,85.0,0,75,7.4,25.4,1008.0,177.9,0,4,0
1989-08,27.3,3.5,⬆️北,福岡県,福岡市,,0,60.0,0,74,7.0,26.9,1005.3,202.2,0,5,0
1989-09,24.3,2.3,⬆️北,福岡県,福岡市,,0,543.0,0,80,7.8,24.4,1010.0,124.8,0,7,0
1989-10,18.3,2.7,↘️南東,福岡県,福岡市,,0,25.0,0,66,4.7,13.9,1016.2,208.6,0,0,0
1989-11,13.7,3.1,↘️南東,福岡県,福岡市,,0,54.0,0,65,6.5,10.7,1021.1,131.8,0,0,0
1989-12,9.6,2.7,↘️南東,福岡県,福岡市,,0,57.5,0,65,5.7,7.9,1020.2,138.7,1,1,0
1990-01,6.0,3.1,↘️南東,福岡県,福岡市,,0,99.5,15,65,7.4,6.4,1022.3,97.8,8,0,0
1990-02,10.2,2.8,⬆️北,福岡県,福岡市,,0,107.0,0,69,7.8,8.7,1020.9,88.7,0,0,0
1990-03,11.4,3.2,↘️南東,福岡県,福岡市,,0,97.5,0,68,5.9,9.4,1017.6,154.8,0,1,0
1990-04,14.8,3.5,↘️南東,福岡県,福岡市,,0,90.5,0,65,6.4,11.1,1012.8,189.6,0,0,0
1990-05,19.3,2.7,↖️北北西,福岡県,福岡市,,0,85.5,0,67,7.2,14.9,1011.7,194.4,0,1,0
1990-06,24.2,2.8,⬆️北,福岡県,福岡市,,0,246.0,0,74,7.3,22.3,1007.4,185.4,0,3,0
1990-07,28.3,2.8,↖️北北西,福岡県,福岡市,,0,138.5,0,74,6.2,28.4,1006.0,246.6,0,3,0
1990-08,29.6,2.9,↘️南東,福岡県,福岡市,,0,8.0,0,68,4.4,28.1,1005.4,272.4,0,4,0
1990-09,25.4,3.2,⬆️北,福岡県,福岡市,,0,129.5,0,73,6.8,23.5,1010.9,152.0,0,3,0
1990-10,18.7,2.6,⬆️北,福岡県,福岡市,,0,131.0,0,73,6.2,15.9,1015.8,153.6,0,1,0
1990-11,15.2,2.7,↘️南東,福岡県,福岡市,,0,67.0,0,69,5.8,12.1,1018.7,147.7,0,0,0
1990-12,8.7,3.1,↘️南東,福岡県,福岡市,,0,54.5,0,65,6.7,7.4,1020.8,102.7,2,0,1
1991-01,7.0,3.3,↖️北北西,福岡県,福岡市,,0,39.5,0,60,7.8,6.2,1020.5,113.1,7,0,0
1991-02,6.1,3.6,↘️南東,福岡県,福岡市,,0,131.0,0,62,7.2,6.1,1018.9,103.5,6,2,0
1991-03,10.4,2.9,⬆️北,福岡県,福岡市,,0,158.0,0,75,7.4,9.6,1017.2,129.5,0,2,1
1991-04,14.6,2.8,⬆️北,福岡県,福岡市,,0,150.0,0,77,7.3,13.0,1013.8,149.5,0,0,1
1991-05,18.3,2.7,⬆️北,福岡県,福岡市,,0,180.0,0,72,7.4,15.2,1011.0,130.9,0,1,0
1991-06,23.5,2.5,↖️北北西,福岡県,福岡市,,0,342.0,0,81,9.2,23.2,1006.1,77.8,0,5,1
1991-07,27.4,3.1,↙️南南西,福岡県,福岡市,,0,460.0,0,77,8.5,27.7,1005.4,132.3,0,9,0
1991-08,26.2,3.5,⬆️北,福岡県,福岡市,,0,190.0,0,78,6.7,26.6,1004.0,188.6,0,3,0
1991-09,24.4,3.0,⬆️北,福岡県,福岡市,,0,280.0,0,75,6.9,23.0,1009.4,155.2,0,3,0
1991-10,18.3,3.5,⬆️北,福岡県,福岡市,,0,17.5,0,68,5.6,14.4,1013.4,165.4,0,0,0
1991-11,13.1,2.6,↘️南東,福岡県,福岡市,,0,85.5,0,64,5.2,9.6,1021.0,173.2,0,0,0
1991-12,10.0,2.5,↘️南東,福岡県,福岡市,,0,52.0,0,70,6.1,8.8,1020.9,129.1,1,0,0
1992-01,7.8,2.5,↘️南東,福岡県,福岡市,,0,77.5,0,65,6.9,7.0,1020.4,98.5,3,1,0
1992-02,7.6,3.2,↘️南東,福岡県,福岡市,,0,107.0,0,63,6.9,6.9,1018.0,130.1,4,4,0
1992-03,10.8,2.7,⬆️北,福岡県,福岡市,,0,223.5,0,77,8.4,10.0,1017.2,74.7,0,2,0
1992-04,15.4,2.9,↖️北北西,福岡県,福岡市,,0,90.0,0,68,5.8,11.8,1010.8,198.2,0,1,0
1992-05,18.9,3.0,↘️南東,福岡県,福岡市,,0,113.0,0,66,6.3,14.2,1009.9,210.6,0,6,0
1992-06,21.4,2.9,⬆️北,福岡県,福岡市,,0,165.5,0,74,7.2,18.8,1006.9,184.2,0,0,0
1992-07,26.5,2.6,↘️南東,福岡県,福岡市,,0,89.0,0,77,7.5,26.3,1007.9,164.4,0,3,0
1992-08,26.7,3.4,⬆️北,福岡県,福岡市,,0,263.0,0,82,8.0,28.4,1005.9,119.9,0,2,1
1992-09,24.6,3.0,⬆️北,福岡県,福岡市,,0,85.0,0,71,6.4,22.1,1010.0,184.4,0,0,0
1992-10,18.5,2.9,⬆️北,福岡県,福岡市,,0,62.5,0,69,5.7,14.7,1016.1,186.2,0,3,0
1992-11,13.2,2.6,↘️南東,福岡県,福岡市,,0,86.5,0,69,6.3,10.7,1020.7,128.2,0,4,0
1992-12,10.0,2.9,↘️南東,福岡県,福岡市,,0,75.5,0,65,7.0,8.3,1021.1,122.6,1,1,0
1993-01,7.5,2.5,↘️南東,福岡県,福岡市,,0,84.0,0,68,7.8,7.3,1019.9,71.8,5,0,0
1993-02,8.3,3.5,↘️南東,福岡県,福岡市,,0,59.0,0,60,6.3,6.8,1018.2,133.2,5,0,0
1993-03,9.8,3.2,⬆️北,福岡県,福岡市,,0,73.0,0,63,6.8,7.9,1017.5,153.4,2,2,0
1993-04,14.6,3.2,↖️北北西,福岡県,福岡市,,0,142.5,0,60,5.5,10.5,1014.0,218.0,0,2,0
1993-05,18.8,2.7,⬆️北,福岡県,福岡市,,0,116.5,0,72,7.4,15.6,1010.3,153.2,0,1,1
1993-06,22.9,2.7,↘️南東,福岡県,福岡市,,0,300.5,0,78,8.3,22.0,1005.3,138.9,0,3,0
1993-07,25.1,2.8,⬆️北,福岡県,福岡市,,0,320.5,0,81,8.4,25.8,1004.8,117.0,0,5,0
1993-08,25.2,2.7,⬆️北,福岡県,福岡市,,0,454.5,0,82,7.9,26.2,1005.9,120.0,0,7,0
1993-09,22.6,2.7,⬆️北,福岡県,福岡市,,0,240.5,0,76,7.1,20.8,1011.3,148.3,0,3,0
1993-10,17.7,2.5,↘️南東,福岡県,福岡市,,0,68.0,0,67,5.5,13.6,1017.1,187.6,0,0,0
1993-11,14.4,2.3,↘️南東,福岡県,福岡市,,0,129.5,0,74,7.3,12.5,1020.2,93.0,0,0,0
1993-12,8.9,3.0,↘️南東,福岡県,福岡市,,0,61.0,0,63,6.6,7.4,1021.8,117.9,2,2,0
1994-01,7.1,2.7,↘️南東,福岡県,福岡市,,0,62.0,0,65,7.0,6.7,1018.8,106.0,7,0,0
1994-02,7.2,3.2,↘️南東,福岡県,福岡市,,0,97.5,0,64,7.1,6.5,1015.9,110.8,3,2,0
1994-03,8.9,3.0,↘️南東,福岡県,福岡市,,0,48.5,0,61,6.5,7.2,1018.9,178.3,1,1,0
1994-04,15.8,2.7,↘️南東,福岡県,福岡市,,0,171.5,0,70,7.0,12.6,1012.9,181.1,0,2,0
1994-05,20.5,3.0,↘️南東,福岡県,福岡市,,0,69.5,0,64,5.8,15.4,1008.5,208.4,0,0,0
1994-06,22.3,2.8,↖️北北西,福岡県,福岡市,,0,150.5,0,78,8.0,20.9,1006.7,146.4,0,0,0
1994-07,29.6,2.8,↖️北北西,福岡県,福岡市,,0,18.5,0,71,4.2,29.0,1005.4,311.4,0,1,0
1994-08,29.8,3.1,⬆️北,福岡県,福岡市,,0,32.0,0,66,4.1,27.3,1009.1,279.3,0,5,0
1994-09,24.6,3.2,⬆️北,福岡県,福岡市,,0,161.5,0,69,5.3,21.2,1008.4,201.4,0,4,0
1994-10,19.7,2.6,⬆️北,福岡県,福岡市,,0,20.5,0,65,5.2,14.9,1016.0,193.5,0,0,0
1994-11,15.2,1.9,↘️南東,福岡県,福岡市,,0,34.0,0,67,4.6,11.6,1021.8,167.8,0,1,0
1994-12,10.1,2.4,↘️南東,福岡県,福岡市,,0,25.0,0,65,7.0,8.2,1022.2,93.7,2,0,0
1995-01,6.9,3.2,↖️北北西,福岡県,福岡市,,0,86.5,1,58,7.2,5.9,1020.2,113.3,10,0,0
1995-02,7.1,2.4,↘️南東,福岡県,福岡市,,0,31.0,2,64,6.2,6.4,1019.1,142.3,3,1,0
1995-03,10.1,2.8,↘️南東,福岡県,福岡市,,0,113.5,3,67,6.5,8.5,1015.8,147.8,2,3,0
1995-04,14.4,2.6,↘️南東,福岡県,福岡市,,0,107.0,0,67,6.7,11.3,1013.8,172.1,0,1,0
1995-05,18.4,2.9,↖️北北西,福岡県,福岡市,,0,256.0,0,69,6.0,14.5,1010.7,216.9,0,2,0
1995-06,21.7,2.7,⬆️北,福岡県,福岡市,,0,84.0,0,75,7.9,19.4,1005.6,152.7,0,1,0
1995-07,27.4,2.9,⬇️南,福岡県,福岡市,,0,527.5,0,75,6.9,27.0,1008.3,189.1,0,5,0
1995-08,29.3,2.5,↘️南東,福岡県,福岡市,,0,109.0,0,73,6.1,29.6,1010.4,227.4,0,10,0
1995-09,23.5,3.0,⬆️北,福岡県,福岡市,,0,169.0,0,71,7.2,20.9,1010.8,145.4,0,3,0
1995-10,19.2,2.4,↘️南東,福岡県,福岡市,,0,55.0,0,71,5.3,15.8,1016.1,191.6,0,0,0
1995-11,12.3,2.8,↘️南東,福岡県,福岡市,,0,38.5,0,63,5.4,9.0,1017.7,153.7,0,1,0
1995-12,7.4,3.0,↘️南東,福岡県,福岡市,,0,16.0,0,59,6.6,6.2,1021.6,100.2,4,0,0
1996-01,6.5,2.9,↘️南東,福岡県,福岡市,,0,41.5,0,62,6.8,6.2,1020.1,121.2,5,0,1
1996-02,6.1,3.1,↘️南東,福岡県,福岡市,,0,41.5,0,63,7.1,6.2,1020.3,107.3,9,2,1
1996-03,9.9,3.2,⬆️北,福岡県,福岡市,,0,124.5,0,63,7.9,8.0,1015.5,118.4,0,3,0
1996-04,12.5,2.8,↖️北北西,福岡県,福岡市,,0,104.0,0,61,6.2,9.1,1015.6,194.4,0,0,0
1996-05,19.4,2.5,⬆️北,福岡県,福岡市,,0,50.5,0,64,6.4,14.2,1011.2,225.7,0,4,0
1996-06,23.9,2.7,↘️南東,福岡県,福岡市,,0,344.0,0,79,8.4,23.3,1006.6,102.2,0,2,0
1996-07,27.1,3.0,⬆️北,福岡県,福岡市,,0,113.0,0,75,7.0,26.7,1007.7,184.9,0,4,0
1996-08,28.2,2.9,↘️南東,福岡県,福岡市,,0,179.5,0,72,6.5,27.5,1006.6,207.9,0,2,0
1996-09,23.8,2.8,⬆️北,福岡県,福岡市,,0,76.0,0,70,6.4,20.7,1010.0,184.9,0,1,0
1996-10,19.0,2.3,↘️南東,福岡県,福岡市,,0,72.0,0,71,5.6,15.8,1015.8,179.9,0,1,0
1996-11,14.2,2.7,↘️南東,福岡県,福岡市,,0,70.0,0,68,7.2,11.6,1018.7,88.4,0,1,0
1996-12,8.6,2.5,↘️南東,福岡県,福岡市,,0,59.0,0,67,5.5,7.6,1019.7,133.7,3,1,0
1997-01,6.2,3.0,↘️南東,福岡県,福岡市,,0,68.0,3,63,6.8,6.0,1018.3,114.2,7,5,1
1997-02,7.7,2.8,↘️南東,福岡県,福岡市,,0,32.0,0,58,6.3,6.3,1019.3,134.3,2,0,0
1997-03,11.3,3.0,⬆️北,福岡県,福岡市,,0,91.5,0,64,6.2,8.7,1018.3,164.6,0,1,0
1997-04,15.3,2.7,⬆️北,福岡県,福岡市,,0,142.5,0,66,6.2,11.4,1014.5,196.1,0,4,0
1997-05,20.4,2.6,↘️南東,福岡県,福岡市,,0,181.5,0,67,6.7,16.1,1008.2,191.9,0,7,1
1997-06,23.6,2.6,⬆️北,福岡県,福岡市,,0,190.0,0,71,7.3,20.7,1006.7,185.4,0,2,0
1997-07,26.6,2.9,⬆️北,福岡県,福岡市,,0,529.5,0,75,7.1,25.6,1006.7,169.7,0,3,0
1997-08,28.0,3.0,↘️南東,福岡県,福岡市,,0,322.5,0,73,6.6,27.4,1007.6,205.0,0,5,0
1997-09,23.3,3.3,⬆️北,福岡県,福岡市,,0,216.0,0,72,6.7,20.9,1010.6,156.2,0,1,0
1997-10,18.6,2.6,↘️南東,福岡県,福岡市,,0,33.5,0,60,4.0,13.1,1015.8,227.6,0,3,0
1997-11,14.9,2.6,↘️南東,福岡県,福岡市,,0,180.0,0,67,6.3,11.7,1018.7,131.0,0,4,0
1997-12,9.5,2.6,↘️南東,福岡県,福岡市,,0,96.0,0,65,7.1,7.9,1021.2,98.6,4,1,0
1998-01,6.6,2.9,↘️南東,福岡県,福岡市,,0,208.0,0,67,8.5,6.7,1020.0,61.7,4,2,0
1998-02,9.4,2.9,⬆️北,福岡県,福岡市,,0,68.0,0,65,7.0,7.9,1018.0,108.2,1,1,1
1998-03,10.9,2.8,↘️南東,福岡県,福岡市,,0,93.0,0,64,7.2,8.4,1017.8,159.2,0,1,0
1998-04,17.6,2.7,⬆️北,福岡県,福岡市,,0,201.0,0,75,6.9,15.3,1013.8,147.6,0,3,1
1998-05,21.1,2.4,⬆️北,福岡県,福岡市,,0,268.5,0,72,7.4,17.8,1011.9,161.4,0,1,0
1998-06,22.9,2.7,⬆️北,福岡県,福岡市,,0,401.0,0,78,8.8,22.1,1007.1,116.5,0,2,0
1998-07,27.6,2.9,⬆️北,福岡県,福岡市,,0,154.5,0,75,7.6,27.6,1005.1,181.4,0,9,0
1998-08,29.2,2.8,↘️南東,福岡県,福岡市,,0,175.0,0,71,6.2,28.5,1007.6,198.5,0,5,0
1998-09,25.7,2.9,⬆️北,福岡県,福岡市,,0,90.5,0,73,6.7,24.0,1009.0,174.2,0,1,0
1998-10,20.8,2.4,⬆️北,福岡県,福岡市,,0,139.5,0,74,6.6,18.3,1014.4,131.5,0,0,0
1998-11,14.3,2.5,↘️南東,福岡県,福岡市,,0,43.5,0,66,6.0,10.9,1017.9,148.9,0,2,0
1998-12,10.6,2.4,↘️南東,福岡県,福岡市,,0,23.0,0,62,5.2,8.0,1021.6,176.3,0,0,0
1999-01,7.3,2.8,↘️南東,福岡県,福岡市,,0,42.0,0,58,6.6,6.0,1018.9,120.2,4,0,0
1999-02,7.2,2.9,↘️南東,福岡県,福岡市,,0,51.5,10,59,6.5,6.0,1019.5,127.6,8,1,0
1999-03,11.3,3.1,⬆️北,福岡県,福岡市,,0,65.0,0,69,7.9,9.4,1014.3,89.5,1,0,0
1999-04,14.8,3.2,⬆️北,福岡県,福岡市,,0,101.0,0,69,7.1,11.7,1012.6,141.1,0,1,0
1999-05,19.7,2.7,↖️北北西,福岡県,福岡市,,0,128.5,0,64,5.8,14.5,1010.2,243.2,0,1,0
1999-06,23.2,2.6,↖️北北西,福岡県,福岡市,,0,464.0,0,75,7.8,21.1,1006.9,139.3,0,3,0
1999-07,25.3,2.7,⬆️北,福岡県,福岡市,,0,247.0,0,77,8.7,24.6,1004.8,110.5,0,3,0
1999-08,27.6,2.8,↘️南東,福岡県,福岡市,,0,194.5,0,74,8.0,27.1,1006.0,128.7,0,9,0
1999-09,26.2,2.5,↘️南東,福岡県,福岡市,,0,185.0,0,77,7.7,26.1,1009.1,121.0,0,3,0
1999-10,19.9,2.4,↘️南東,福岡県,福岡市,,0,60.5,0,66,5.3,15.6,1016.2,177.5,0,3,0
1999-11,13.8,2.5,↘️南東,福岡県,福岡市,,0,100.5,0,67,6.6,10.7,1018.5,128.4,0,0,0
1999-12,8.6,2.8,↘️南東,福岡県,福岡市,,0,22.0,0,60,5.6,6.8,1022.3,144.8,4,1,0
2000-01,7.7,2.6,↘️南東,福岡県,福岡市,,0,71.0,0,67,7.5,7.2,1020.6,100.0,7,0,0
2000-02,6.1,3.1,↖️北北西,福岡県,福岡市,,0,27.0,0,56,7.1,5.3,1018.4,140.6,7,0,0
2000-03,10.4,3.2,↘️南東,福岡県,福岡市,,0,103.5,0,58,5.0,7.3,1015.7,213.0,0,1,0
2000-04,15.1,3.0,↘️南東,福岡県,福岡市,,0,82.5,0,59,6.0,10.1,1011.3,202.2,0,0,0
2000-05,19.4,2.5,↘️南東,福岡県,福岡市,,0,101.0,0,66,5.3,14.8,1009.5,217.9,0,1,0
2000-06,23.0,2.4,⬆️北,福岡県,福岡市,,0,250.5,0,74,8.0,20.6,1006.4,132.3,0,2,0
2000-07,28.2,2.9,↖️北北西,福岡県,福岡市,,0,149.5,0,68,6.5,25.9,1005.5,227.1,0,5,0
2000-08,28.6,2.8,↘️南東,福岡県,福岡市,,0,100.0,0,69,5.7,26.5,1007.6,214.2,0,8,0
2000-09,24.4,2.8,⬆️北,福岡県,福岡市,,0,197.5,0,71,6.5,21.7,1009.0,160.5,0,6,0
2000-10,19.7,2.4,⬆️北,福岡県,福岡市,,0,86.5,0,71,7.1,16.5,1015.3,120.7,0,1,0
2000-11,14.5,2.4,⬆️北,福岡県,福岡市,,0,143.0,0,68,5.6,11.5,1019.1,129.1,0,0,0
2000-12,9.6,2.4,↘️南東,福岡県,福岡市,,0,32.0,0,62,5.2,7.5,1020.0,151.7,0,1,0
2001-01,6.2,3.1,↘️南東,福岡県,福岡市,,0,134.5,5,63,7.6,6.1,1018.6,84.1,5,1,0
2001-02,7.7,2.7,↖️北北西,福岡県,福岡市,,0,94.0,0,64,6.9,6.9,1019.5,113.9,1,1,0
2001-03,10.9,3.1,↖️北北西,福岡県,福岡市,,0,84.5,0,59,6.6,7.9,1013.1,156.8,6,4,0
2001-04,15.3,2.6,⬆️北,福岡県,福岡市,,0,53.5,0,63,5.5,11.0,1013.6,192.9,0,0,0
2001-05,20.1,2.7,⬆️北,福岡県,福岡市,,0,117.5,0,66,7.1,15.4,1008.6,169.8,0,0,0
2001-06,23.6,2.6,⬆️北,福岡県,福岡市,,0,490.5,0,73,8.5,21.2,1006.4,125.5,0,6,0
2001-07,27.8,2.5,↖️北北西,福岡県,福岡市,,0,311.0,0,72,5.5,26.8,1007.2,222.4,0,8,0
2001-08,28.5,3.0,⬆️北,福岡県,福岡市,,0,78.0,0,67,6.0,26.0,1006.7,225.1,0,7,0
2001-09,24.0,3.0,⬆️北,福岡県,福岡市,,0,211.0,0,70,6.1,20.9,1010.0,185.4,0,3,0
2001-10,19.8,2.5,⬆️北,福岡県,福岡市,,0,148.0,0,67,5.7,15.5,1015.1,171.7,0,0,0
2001-11,13.2,2.3,↘️南東,福岡県,福岡市,,0,145.0,0,64,5.5,9.7,1018.1,147.7,0,3,0
2001-12,8.3,2.5,↘️南東,福岡県,福岡市,,0,75.0,0,63,6.8,6.9,1022.5,115.3,4,1,0
2002-01,7.9,3.3,⬅️西,福岡県,福岡市,,0,95.5,0,60,6.9,6.7,1017.6,112.7,7,2,0
2002-02,8.4,2.6,↘️南東,福岡県,福岡市,,0,40.5,0,60,6.2,6.7,1020.4,148.1,3,0,0
2002-03,12.5,2.9,↘️南東,福岡県,福岡市,,0,125.5,0,58,5.3,8.5,1015.6,201.6,0,0,0
2002-04,16.6,3.1,↘️南東,福岡県,福岡市,,0,102.0,0,61,7.3,11.7,1014.1,139.5,0,3,1
2002-05,19.3,2.5,⬆️北,福岡県,福岡市,,0,255.5,0,71,7.2,15.7,1009.9,145.9,0,3,2
2002-06,23.6,2.7,⬆️北,福岡県,福岡市,,0,103.5,0,68,6.2,19.6,1006.1,210.8,0,2,0
2002-07,27.9,3.0,⬆️北,福岡県,福岡市,,0,109.5,0,70,7.3,26.2,1004.1,156.3,0,2,0
2002-08,27.8,3.5,⬆️北,福岡県,福岡市,,0,108.5,0,67,7.0,24.9,1006.9,189.1,0,3,0
2002-09,24.4,3.2,⬆️北,福岡県,福岡市,,0,186.0,0,67,5.8,20.6,1011.2,201.5,0,1,0
2002-10,18.8,2.4,↘️南東,福岡県,福岡市,,0,109.5,0,63,5.3,14.0,1014.9,171.2,0,2,0
2002-11,11.5,2.8,↘️南東,福岡県,福岡市,,0,37.0,0,57,5.9,7.8,1018.5,145.3,0,5,0
2002-12,9.1,2.7,↖️北北西,福岡県,福岡市,,0,98.5,0,64,7.5,7.7,1020.8,79.5,7,0,0
2003-01,5.9,3.0,↘️南東,福岡県,福岡市,,0,50.0,2,60,7.8,5.7,1019.4,86.9,10,2,0
2003-02,8.3,2.6,⬆️北,福岡県,福岡市,,0,74.5,0,64,7.0,7.1,1018.6,123.2,2,3,0
2003-03,9.9,3.2,⬆️北,福岡県,福岡市,,0,103.0,0,63,6.9,7.8,1017.6,146.1,5,0,0
2003-04,16.1,3.0,⬆️北,福岡県,福岡市,,0,144.5,0,65,6.8,12.0,1013.2,147.1,0,2,0
2003-05,20.0,3.0,⬆️北,福岡県,福岡市,,0,110.5,0,68,6.6,15.8,1009.9,176.3,0,0,0
2003-06,23.2,2.5,↘️南東,福岡県,福岡市,,0,200.5,0,70,7.8,19.8,1005.7,149.2,0,0,0
2003-07,25.5,2.9,⬆️北,福岡県,福岡市,,0,444.5,0,75,8.8,24.4,1006.6,100.8,0,6,0
2003-08,27.2,2.4,⬆️北,福岡県,福岡市,,0,232.0,0,74,7.1,26.5,1007.3,163.4,0,5,0
2003-09,25.6,2.9,⬆️北,福岡県,福岡市,,0,69.5,0,67,5.2,22.1,1011.1,216.4,0,3,0
2003-10,18.8,2.6,↘️南東,福岡県,福岡市,,0,11.0,0,58,4.7,12.7,1015.2,230.8,0,0,0
2003-11,16.1,2.3,↘️南東,福岡県,福岡市,,0,124.5,0,70,6.8,13.1,1018.2,111.1,0,0,0
2003-12,9.3,2.9,↘️南東,福岡県,福岡市,,0,36.0,0,57,6.4,6.9,1020.0,107.0,4,0,0
2004-01,6.1,2.6,↘️南東,福岡県,福岡市,,0,55.0,3,59,6.7,5.5,1019.8,128.7,9,2,0
2004-02,9.0,2.9,↖️西北西,福岡県,福岡市,,0,66.0,0,54,5.8,6.4,1017.9,152.2,5,2,0
2004-03,10.9,3.0,⬆️北,福岡県,福岡市,,0,97.0,0,55,6.2,7.4,1017.2,178.0,3,2,0
2004-04,16.2,2.9,⬆️北,福岡県,福岡市,,0,68.5,0,58,5.3,10.6,1012.1,222.5,0,0,0
2004-05,20.5,2.5,⬇️南南東,福岡県,福岡市,,0,268.5,0,67,7.3,16.1,1009.2,162.9,0,0,1
2004-06,24.0,2.6,⬆️北,福岡県,福岡市,,0,225.0,0,67,7.5,19.8,1007.7,193.2,0,1,0
2004-07,28.7,2.9,⬆️北,福岡県,福岡市,,0,53.0,0,66,6.5,25.9,1007.2,218.2,0,6,0
2004-08,28.6,3.0,⬆️北,福岡県,福岡市,,0,154.5,0,69,6.7,26.7,1005.1,200.9,0,4,0
2004-09,24.6,2.6,↘️南東,福岡県,福岡市,,0,304.5,0,76,8.0,23.3,1011.5,108.9,0,6,0
2004-10,19.0,3.2,⬆️北,福岡県,福岡市,,0,256.5,0,69,5.7,15.2,1015.6,168.5,0,0,0
2004-11,15.1,2.0,↘️南東,福岡県,福岡市,,0,58.5,0,66,4.9,11.3,1019.9,183.6,0,0,0
2004-12,10.7,2.1,↘️南東,福岡県,福岡市,,0,134.5,2,66,5.9,8.5,1020.1,144.1,2,1,0
2005-01,6.4,3.0,↘️南東,福岡県,福岡市,,0,47.0,0,59,8.0,5.8,1018.1,77.3,12,2,0
2005-02,6.1,2.9,↖️北北西,福岡県,福岡市,,0,91.0,0,63,7.6,6.2,1019.2,85.1,7,0,0
2005-03,9.6,2.9,↘️南東,福岡県,福岡市,,0,93.0,4,61,6.5,7.6,1017.0,154.0,5,2,0
2005-04,16.7,2.9,⬆️北,福岡県,福岡市,,0,36.0,0,56,5.3,10.8,1014.1,229.3,0,2,1
2005-05,19.4,2.8,⬆️北,福岡県,福岡市,,0,62.5,0,63,6.4,14.0,1009.3,255.7,0,1,1
2005-06,24.8,2.7,⬆️北,福岡県,福岡市,,0,15.0,0,66,7.3,20.4,1005.4,183.2,0,0,0
2005-07,27.6,2.7,⬆️北,福岡県,福岡市,,0,301.0,0,73,7.3,26.7,1006.1,137.9,0,7,0
2005-08,28.4,2.5,⬇️南南東,福岡県,福岡市,,0,73.5,0,68,7.0,26.2,1007.7,186.2,0,4,0
2005-09,26.0,3.0,⬆️北,福岡県,福岡市,,0,115.0,0,72,6.6,24.1,1011.6,173.2,0,1,0
2005-10,20.5,2.6,⬆️北,福岡県,福岡市,,0,18.5,0,65,6.4,15.9,1016.0,155.9,0,1,0
2005-11,14.4,2.4,↘️南東,福岡県,福岡市,,0,109.0,0,64,6.0,10.6,1017.7,146.8,0,3,0
2005-12,6.0,3.5,↖️北北西,福岡県,福岡市,,0,58.5,0,58,7.5,5.5,1020.2,90.0,14,3,0
2006-01,6.9,2.3,↘️南東,福岡県,福岡市,,0,46.0,0,64,7.4,6.6,1020.5,106.5,3,0,1
2006-02,7.7,3.0,↖️北北西,福岡県,福岡市,,0,93.0,0,63,7.6,6.9,1021.3,114.0,5,1,0
2006-03,10.1,2.9,↘️南東,福岡県,福岡市,,0,102.0,0,61,6.3,7.8,1014.6,160.3,3,2,0
2006-04,14.6,3.2,↘️南東,福岡県,福岡市,,0,199.5,0,63,6.4,10.3,1010.3,167.4,0,1,0
2006-05,19.2,2.8,⬆️北,福岡県,福岡市,,0,183.5,0,73,7.9,16.1,1011.1,135.3,0,0,1
2006-06,23.2,2.3,⬆️北,福岡県,福岡市,,0,320.0,0,74,8.0,21.1,1006.6,147.1,0,3,0
2006-07,27.3,2.4,⬆️北,福岡県,福岡市,,0,405.5,0,75,7.7,26.8,1006.2,129.9,0,7,0
2006-08,29.0,2.7,⬆️北,福岡県,福岡市,,0,256.0,0,72,5.9,28.6,1005.9,237.4,0,11,0
2006-09,23.3,3.0,⬆️北,福岡県,福岡市,,0,236.5,0,74,6.8,21.2,1010.0,168.2,0,4,0
2006-10,20.6,2.8,⬆️北,福岡県,福岡市,,0,28.0,0,68,4.4,16.3,1015.5,214.8,0,0,0
2006-11,15.0,2.5,↘️南東,福岡県,福岡市,,0,107.0,0,65,6.5,11.1,1016.4,136.0,0,6,0
2006-12,9.5,2.5,↘️南東,福岡県,福岡市,,0,41.0,0,64,6.9,7.8,1022.2,112.1,3,2,0
2007-01,7.6,2.2,↘️南東,福岡県,福岡市,,0,47.5,0,61,7.8,6.4,1022.1,94.2,4,1,0
2007-02,9.8,2.6,↘️南東,福岡県,福岡市,,0,61.5,0,63,5.2,7.8,1017.9,148.9,2,1,0
2007-03,11.3,2.9,↘️南東,福岡県,福岡市,,0,81.5,0,57,6.4,8.0,1016.5,171.7,2,2,0
2007-04,15.1,2.9,⬆️北,福岡県,福岡市,,0,74.5,0,57,6.3,9.8,1014.5,196.3,0,3,0
2007-05,20.4,3.0,⬆️北,福岡県,福岡市,,0,64.5,0,60,5.9,14.1,1008.0,243.0,0,2,0
2007-06,23.8,2.5,⬆️北,福岡県,福岡市,,0,40.5,0,71,8.0,20.7,1007.2,132.7,0,3,0
2007-07,26.3,2.6,↖️北北西,福岡県,福岡市,,0,381.0,0,74,7.0,25.1,1003.5,145.1,0,5,0
2007-08,29.4,2.8,↘️南東,福岡県,福岡市,,0,178.5,0,66,6.4,26.7,1008.6,221.5,0,10,0
2007-09,27.0,2.7,⬆️北,福岡県,福岡市,,0,72.0,0,69,6.5,24.6,1009.3,179.5,0,4,0
2007-10,20.9,2.5,⬆️北,福岡県,福岡市,,0,88.0,0,63,5.2,15.8,1015.6,192.1,0,0,0
2007-11,14.1,2.4,↖️北北西,福岡県,福岡市,,0,13.0,0,58,5.7,9.4,1019.2,161.5,0,0,0
2007-12,9.8,2.7,↘️南東,福岡県,福岡市,,0,92.5,0,60,7.3,7.4,1018.4,100.2,2,1,0
2008-01,7.5,2.6,↘️南東,福岡県,福岡市,,0,70.0,0,62,7.1,6.6,1020.3,101.9,1,0,0
2008-02,6.3,3.1,↖️北北西,福岡県,福岡市,,0,52.0,0,52,6.5,5.0,1020.4,146.0,5,1,0
2008-03,10.7,2.9,⬆️北,福岡県,福岡市,,0,162.0,0,64,5.7,8.2,1015.8,176.7,2,4,0
2008-04,15.0,2.9,⬆️北,福岡県,福岡市,,0,120.0,0,65,6.6,11.0,1013.4,184.3,0,0,0
2008-05,19.4,2.6,⬆️北,福岡県,福岡市,,0,163.5,0,64,6.4,14.3,1008.6,220.1,0,2,0
2008-06,22.2,2.5,⬆️北,福岡県,福岡市,,0,386.0,0,76,8.8,20.2,1007.4,86.7,0,3,1
2008-07,29.0,2.4,↖️北北西,福岡県,福岡市,,0,48.0,0,68,6.2,26.9,1007.2,223.7,0,4,0
2008-08,27.6,2.7,⬆️北,福岡県,福岡市,,0,419.0,0,71,7.1,26.0,1006.0,161.7,0,10,0
2008-09,25.0,2.5,⬆️北,福岡県,福岡市,,0,174.0,0,74,8.0,23.4,1010.1,134.1,0,5,0
2008-10,20.3,2.2,↘️南東,福岡県,福岡市,,0,16.5,0,64,6.3,15.2,1015.9,175.4,0,0,0
2008-11,13.4,2.1,↘️南東,福岡県,福岡市,,0,91.0,0,64,7.5,10.0,1018.6,107.5,1,2,0
2008-12,9.1,2.6,↘️南東,福岡県,福岡市,,0,78.5,0,62,6.3,7.3,1020.2,122.1,3,1,0
2009-01,6.4,2.5,↘️南東,福岡県,福岡市,,0,62.5,6,63,7.8,6.1,1020.7,77.8,10,1,0
2009-02,9.8,2.5,↘️南東,福岡県,福岡市,,0,86.0,0,66,6.2,8.2,1016.6,107.7,1,0,0
2009-03,11.7,2.9,↘️南東,福岡県,福岡市,,0,46.0,0,57,6.6,8.0,1016.4,169.5,1,0,0
2009-04,15.6,2.7,↖️北北西,福岡県,福岡市,,0,99.5,0,57,5.0,10.1,1013.6,224.4,0,1,0
2009-05,19.9,2.9,⬆️北,福岡県,福岡市,,0,45.5,0,60,6.4,13.6,1010.8,203.7,0,1,0
2009-06,23.6,2.5,⬆️北,福岡県,福岡市,,0,219.0,0,68,7.9,19.7,1005.0,168.4,0,0,0
2009-07,26.8,2.8,⬇️南,福岡県,福岡市,,0,619.5,0,72,8.9,25.2,1005.4,87.1,0,7,0
2009-08,27.6,2.5,↖️北北西,福岡県,福岡市,,0,94.0,0,70,7.0,25.8,1006.7,188.2,0,3,0
2009-09,24.4,2.4,⬆️北,福岡県,福岡市,,0,83.5,0,69,5.5,20.8,1010.6,203.9,0,0,0
2009-10,19.7,2.3,⬆️北,福岡県,福岡市,,0,105.0,0,61,5.7,13.9,1014.0,173.3,0,0,0
2009-11,13.7,2.4,↘️南東,福岡県,福岡市,,0,181.5,0,66,6.8,10.6,1019.2,108.4,0,0,0
2009-12,8.9,2.6,↖️北北西,福岡県,福岡市,,0,50.0,0,62,7.3,7.4,1018.3,94.6,7,0,0
2010-01,6.6,2.5,↖️西北西,福岡県,福岡市,,0,50.5,2,61,6.6,6.1,1020.4,133.4,9,0,0
2010-02,9.4,3.0,⬆️北,福岡県,福岡市,,0,70.0,0,62,7.3,7.7,1017.6,114.1,1,0,1
2010-03,10.9,3.5,⬆️北,福岡県,福岡市,,0,155.0,0,64,7.6,8.5,1017.3,111.2,2,1,0
2010-04,13.8,3.2,⬆️北,福岡県,福岡市,,0,199.5,0,62,7.5,9.9,1015.9,154.3,0,0,0
2010-05,19.2,3.0,⬆️北,福岡県,福岡市,,0,105.0,0,64,6.7,14.2,1010.1,197.1,0,0,1
2010-06,23.5,2.3,↘️南東,福岡県,福岡市,,0,203.0,0,73,8.2,21.2,1008.3,145.0,0,1,0
2010-07,27.7,2.5,⬆️北,福岡県,福岡市,,0,453.5,0,73,7.3,26.7,1007.9,160.9,0,2,0
2010-08,30.3,2.9,↘️南東,福岡県,福岡市,,0,69.5,0,65,5.8,28.0,1010.3,229.7,0,7,0
2010-09,26.3,2.8,⬆️北,福岡県,福岡市,,0,138.5,0,67,6.1,23.0,1011.4,185.0,0,5,0
2010-10,20.0,2.7,⬆️北,福岡県,福岡市,,0,78.5,0,65,7.4,15.3,1014.8,126.8,0,1,0
2010-11,13.2,2.5,↘️南東,福岡県,福岡市,,0,58.0,0,60,5.5,9.1,1018.6,169.2,0,2,0
2010-12,8.8,3.3,↖️西北西,福岡県,福岡市,,0,148.0,1,64,7.0,7.4,1014.0,106.4,7,6,0
2011-01,3.8,3.2,↖️西北西,福岡県,福岡市,,0,106.0,0,59,8.2,4.8,1021.3,89.7,13,1,0
2011-02,8.2,2.7,⬆️北,福岡県,福岡市,,0,48.0,0,65,6.5,7.2,1017.9,130.8,2,2,0
2011-03,8.8,3.1,↖️北北西,福岡県,福岡市,,0,60.0,0,56,5.8,6.5,1018.7,185.0,2,1,0
2011-04,14.7,3.4,⬆️北,福岡県,福岡市,,0,37.5,0,59,5.4,9.9,1013.5,224.5,0,0,0
2011-05,19.8,2.9,⬆️北,福岡県,福岡市,,0,277.5,0,73,7.9,16.8,1010.0,156.3,0,0,2
2011-06,23.9,2.5,↘️南東,福岡県,福岡市,,0,409.0,0,80,9.0,23.6,1006.8,107.6,0,4,1
2011-07,27.9,3.3,⬆️北,福岡県,福岡市,,0,172.0,0,73,7.8,27.2,1005.6,201.3,0,7,0
2011-08,28.5,2.9,↘️南東,福岡県,福岡市,,0,322.0,0,74,7.6,28.3,1007.4,177.4,0,10,0
2011-09,25.2,3.9,⬆️北,福岡県,福岡市,,0,85.5,0,73,6.5,23.5,1008.6,177.4,0,2,0
2011-10,19.7,2.5,⬆️北,福岡県,福岡市,,0,127.0,0,70,6.6,16.0,1016.4,157.6,0,1,0
2011-11,16.3,2.5,↘️南東,福岡県,福岡市,,0,166.5,0,69,6.9,13.3,1019.5,115.7,0,0,0
2011-12,8.5,3.0,↖️北北西,福岡県,福岡市,,0,38.0,0,60,7.7,6.9,1022.1,96.6,5,1,0
2012-01,6.3,2.9,↘️南東,福岡県,福岡市,,0,29.5,0,60,7.8,5.8,1020.6,98.7,7,0,0
2012-02,5.7,2.9,↘️南東,福岡県,福岡市,,0,155.0,11,68,8.6,6.5,1019.0,75.6,12,0,0
2012-03,10.7,3.1,⬆️北,福岡県,福岡市,,0,125.0,0,64,6.6,8.3,1016.5,153.8,0,0,0
2012-04,16.2,3.2,⬆️北,福岡県,福岡市,,0,74.5,0,61,5.9,11.4,1012.6,211.1,0,2,0
2012-05,20.1,3.0,⬆️北,福岡県,福岡市,,0,43.5,0,68,6.9,15.7,1009.5,184.5,0,0,0
2012-06,23.1,2.7,⬆️北,福岡県,福岡市,,0,288.5,0,78,9.0,21.7,1005.4,105.8,0,2,0
2012-07,28.0,2.7,⬆️北,福岡県,福岡市,,0,464.0,0,76,8.0,28.6,1005.9,175.2,0,10,0
2012-08,29.1,2.9,↘️南東,福岡県,福岡市,,0,188.5,0,70,6.6,27.8,1007.6,196.7,0,8,0
2012-09,24.5,2.8,⬆️北,福岡県,福岡市,,0,129.0,0,74,7.0,23.0,1011.0,159.4,0,7,0
2012-10,19.2,3.0,⬆️北,福岡県,福岡市,,0,47.5,0,65,5.1,14.4,1015.1,204.3,0,1,0
2012-11,12.9,3.0,↘️南東,福岡県,福岡市,,0,125.0,0,61,6.7,9.1,1016.3,135.5,0,2,0
2012-12,7.6,3.2,↖️西北西,福岡県,福岡市,,0,98.5,0,63,7.6,6.8,1019.4,98.4,6,1,0
2013-01,6.1,2.8,↘️南東,福岡県,福岡市,,0,57.5,4,62,7.2,5.9,1021.7,125.6,8,1,0
2013-02,7.8,2.8,↘️南東,福岡県,福岡市,,0,81.5,1,63,7.0,6.8,1020.5,136.9,2,0,0
2013-03,12.3,3.2,⬆️北,福岡県,福岡市,,0,56.5,0,64,5.9,9.2,1015.1,178.6,0,0,0
2013-04,14.7,3.4,⬆️北,福岡県,福岡市,,0,108.0,0,60,6.3,10.1,1011.8,209.1,0,3,0
2013-05,20.3,2.9,⬆️北,福岡県,福岡市,,0,37.0,0,64,5.8,15.2,1010.6,250.6,0,0,0
2013-06,23.7,2.4,⬆️北,福岡県,福岡市,,0,268.5,0,80,8.8,23.3,1006.2,97.6,0,0,1
2013-07,30.0,3.2,↙️南南西,福岡県,福岡市,,0,134.0,0,66,6.5,27.7,1007.2,215.8,0,4,0
2013-08,30.0,2.6,↘️南東,福岡県,福岡市,,0,501.5,0,72,5.5,29.9,1006.4,246.2,0,8,0
2013-09,25.2,3.0,⬆️北,福岡県,福岡市,,0,133.0,0,71,4.9,22.5,1011.6,209.0,0,1,0
2013-10,20.7,3.3,⬆️北,福岡県,福岡市,,0,227.5,0,69,6.2,17.3,1015.3,172.2,0,1,0
2013-11,13.4,2.9,↘️南東,福岡県,福岡市,,0,119.5,0,63,6.7,9.9,1017.7,112.1,1,3,0
2013-12,8.1,2.9,↘️南東,福岡県,福岡市,,0,77.0,0,63,7.2,6.8,1018.4,104.8,5,2,0
2014-01,7.5,2.7,⬇️南南東,福岡県,福岡市,,0,57.5,0,62,6.0,6.5,1021.2,146.3,4,1,0
2014-02,7.6,3.0,⬆️北,福岡県,福岡市,,0,83.0,0,68,7.5,7.4,1019.8,105.2,3,0,0
2014-03,11.5,3.4,⬆️北,福岡県,福岡市,,0,102.5,0,66,6.5,9.3,1017.5,175.1,0,2,0
2014-04,15.6,2.6,↘️南東,福岡県,福岡市,,0,61.0,0,63,6.2,11.1,1014.7,179.9,0,0,0
2014-05,20.5,2.9,⬆️北,福岡県,福岡市,,0,94.0,0,59,6.1,14.2,1010.4,280.7,0,0,0
2014-06,22.6,2.7,⬆️北,福岡県,福岡市,,0,101.0,0,79,9.0,21.4,1004.5,107.9,0,0,0
2014-07,27.1,2.6,⬆️北,福岡県,福岡市,,0,373.0,0,79,8.2,27.9,1006.5,148.0,0,6,0
2014-08,26.5,2.9,⬆️北,福岡県,福岡市,,0,462.5,0,85,9.2,29.2,1006.3,79.7,0,6,0
2014-09,24.2,2.7,⬆️北,福岡県,福岡市,,0,107.0,0,75,7.0,22.4,1010.4,159.5,0,2,0
2014-10,19.7,3.4,⬆️北,福岡県,福岡市,,0,144.5,0,69,5.4,15.9,1015.5,183.6,0,1,0
2014-11,14.7,2.4,↘️南東,福岡県,福岡市,,0,106.0,0,69,6.2,11.7,1018.1,138.0,0,1,0
2014-12,7.6,3.5,↖️西北西,福岡県,福岡市,,0,73.5,0,58,7.6,6.1,1020.4,105.9,9,1,0
2015-01,7.9,3.3,↘️南東,福岡県,福岡市,,0,83.5,1,62,7.4,6.7,1020.0,112.2,2,1,0
2015-02,7.6,2.9,↘️南東,福岡県,福岡市,,0,42.5,0,62,7.3,6.5,1019.0,114.3,2,1,0
2015-03,11.1,2.9,⬆️北,福岡県,福岡市,,0,94.5,0,61,6.1,8.3,1018.6,193.7,1,0,0
2015-04,16.2,3.2,⬆️北,福岡県,福岡市,,0,239.5,0,70,7.6,12.8,1014.0,161.9,0,6,0
2015-05,20.7,2.7,⬆️北,福岡県,福岡市,,0,120.5,0,68,6.5,16.5,1008.6,230.5,0,1,0
2015-06,22.6,2.6,⬆️北,福岡県,福岡市,,0,222.5,0,80,8.8,22.0,1005.7,124.6,0,0,0
2015-07,26.0,2.7,⬆️北,福岡県,福岡市,,0,266.0,0,82,7.7,27.2,1006.2,149.2,0,4,0
2015-08,27.4,2.5,↘️南東,福岡県,福岡市,,0,319.5,0,78,6.4,28.1,1006.5,203.5,0,2,0
2015-09,23.2,3.2,⬆️北,福岡県,福岡市,,0,146.0,0,78,7.4,22.1,1010.5,158.1,0,2,0
2015-10,18.9,2.6,⬆️北,福岡県,福岡市,,0,83.0,0,67,3.9,14.6,1016.2,231.2,0,1,0
2015-11,16.0,2.5,↘️南東,福岡県,福岡市,,0,140.5,0,76,8.1,14.1,1019.6,101.8,0,0,0
2015-12,10.3,2.4,↘️南東,福岡県,福岡市,,0,109.5,0,72,7.4,9.2,1021.4,91.0,1,0,0
2016-01,7.0,2.7,↖️西北西,福岡県,福岡市,,0,92.0,3,71,8.4,7.3,1020.4,59.3,9,0,1
2016-02,7.9,3.0,↘️南東,福岡県,福岡市,,0,98.5,0,65,7.7,7.1,1021.5,106.6,5,1,0
2016-03,11.5,3.0,⬆️北,福岡県,福岡市,,0,77.5,0,67,6.4,9.3,1018.9,160.4,2,0,0
2016-04,16.8,2.8,⬆️北,福岡県,福岡市,,0,196.0,0,74,8.1,14.2,1011.9,160.2,0,2,0
2016-05,20.8,2.7,⬆️北,福岡県,福岡市,,0,191.5,0,70,7.2,16.9,1010.6,224.9,0,0,0
2016-06,23.6,2.5,⬆️北,福岡県,福岡市,,0,394.5,0,81,8.5,23.5,1006.7,137.7,0,3,0
2016-07,28.3,2.8,⬆️北,福岡県,福岡市,,0,179.5,0,76,7.7,29.1,1007.6,230.0,0,4,0
2016-08,29.3,3.2,⬆️北,福岡県,福岡市,,0,128.0,0,72,4.9,29.2,1003.3,285.0,0,4,0
2016-09,25.1,2.5,⬆️北,福岡県,福岡市,,0,608.5,0,84,8.9,26.5,1009.8,102.8,0,3,0
2016-10,21.3,2.5,⬆️北,福岡県,福岡市,,0,181.0,0,77,8.0,19.9,1015.1,113.0,0,1,0
2016-11,14.5,2.6,↘️南東,福岡県,福岡市,,0,132.5,0,73,6.6,12.3,1018.9,126.5,0,1,0
2016-12,10.5,2.6,↘️南東,福岡県,福岡市,,0,141.0,0,70,7.0,9.1,1020.7,125.1,2,1,0
2017-01,7.4,2.9,↘️南東,福岡県,福岡市,,0,69.5,2,66,7.0,6.9,1020.7,139.5,5,0,0
2017-02,8.3,3.3,↘️南東,福岡県,福岡市,,0,49.5,1,60,5.9,6.7,1019.4,152.7,4,0,0
2017-03,10.5,2.9,⬆️北,福岡県,福岡市,,0,46.0,0,61,7.2,7.7,1016.5,169.2,1,3,0
2017-04,16.5,2.8,⬆️北,福岡県,福岡市,,0,192.5,0,69,6.1,12.8,1011.9,198.0,0,3,1
2017-05,21.0,2.6,⬆️北,福岡県,福岡市,,0,81.0,0,65,6.4,15.9,1011.3,253.9,0,2,0
2017-06,23.1,2.6,⬆️北,福岡県,福岡市,,0,173.0,0,72,8.0,20.5,1007.2,194.3,0,3,0
2017-07,29.4,2.7,⬆️北,福岡県,福岡市,,0,146.0,0,77,8.2,31.2,1007.7,207.5,0,6,0
2017-08,29.5,3.1,⬆️北,福岡県,福岡市,,0,95.5,0,73,6.7,29.8,1005.4,258.2,0,5,0
2017-09,24.3,2.7,⬆️北,福岡県,福岡市,,0,128.5,0,76,7.7,23.0,1009.9,136.6,0,1,0
2017-10,19.8,2.9,↗️北北東,福岡県,福岡市,,0,289.5,0,77,7.3,18.0,1015.9,122.8,0,0,0
2017-11,13.6,2.6,↘️南東,福岡県,福岡市,,0,23.5,0,68,5.8,10.8,1019.6,145.4,0,1,0
2017-12,7.4,3.0,↘️南東,福岡県,福岡市,,0,24.0,0,61,7.7,6.3,1021.9,91.0,8,0,0
2018-01,5.7,2.9,↘️南東,福岡県,福岡市,,0,89.5,0,64,7.7,6.1,1019.7,95.9,12,1,0
2018-02,6.2,2.8,↘️南東,福岡県,福岡市,,0,57.0,4,63,6.8,6.1,1020.0,130.2,8,2,0
2018-03,11.9,3.3,⬆️北,福岡県,福岡市,,0,147.5,0,69,5.3,9.7,1017.2,202.4,0,2,0
2018-04,17.1,3.0,⬆️北,福岡県,福岡市,,0,61.0,0,66,5.4,12.8,1014.3,216.6,0,0,0
2018-05,20.8,3.0,⬆️北,福岡県,福岡市,,0,134.0,0,68,7.2,16.6,1010.4,190.6,0,0,0
2018-06,23.7,2.9,⬆️北,福岡県,福岡市,,0,267.0,0,75,7.9,21.9,1006.6,178.9,0,4,0
2018-07,28.7,2.9,⬆️北,福岡県,福岡市,,0,466.5,0,74,6.1,28.6,1006.6,250.3,0,3,0
2018-08,30.0,2.9,⬆️北,福岡県,福岡市,,0,52.0,0,68,5.5,28.5,1005.9,282.9,0,5,0
2018-09,24.8,2.6,↘️南東,福岡県,福岡市,,0,176.5,0,75,7.9,23.3,1010.1,118.0,0,2,0
2018-10,19.1,2.7,⬆️北,福岡県,福岡市,,0,59.5,0,67,6.5,15.0,1015.5,172.2,0,1,0
2018-11,14.3,2.1,↘️南東,福岡県,福岡市,,0,39.5,0,68,5.3,11.0,1020.0,165.7,0,2,0
2018-12,10.2,3.0,↖️北北西,福岡県,福岡市,,0,67.0,0,66,7.4,8.8,1022.1,91.1,3,0,0
2019-01,8.0,2.5,↘️南東,福岡県,福岡市,,0,54.5,0,65,6.5,7.0,1021.4,140.0,1,1,0
2019-02,9.4,2.6,↘️南東,福岡県,福岡市,,0,41.5,0,65,7.3,7.8,1019.8,124.6,0,0,0
2019-03,11.9,3.0,⬆️北,福岡県,福岡市,,0,99.5,0,63,6.8,8.8,1015.0,186.6,0,6,0
2019-04,15.4,2.9,⬆️北,福岡県,福岡市,,0,103.0,0,67,6.5,12.0,1012.9,191.8,0,2,0
2019-05,21.1,2.7,↘️南東,福岡県,福岡市,,0,42.0,0,58,6.7,14.4,1010.7,262.3,0,0,0
2019-06,23.4,3.1,⬆️北,福岡県,福岡市,,0,94.0,0,74,7.7,21.2,1005.4,199.9,0,2,0
2019-07,26.4,2.4,⬆️北,福岡県,福岡市,,0,295.5,0,81,8.1,27.5,1005.6,133.4,0,4,0
2019-08,28.0,2.6,↘️南東,福岡県,福岡市,,0,497.0,0,76,7.7,28.6,1005.2,152.2,0,6,0
2019-09,25.9,2.9,⬆️北,福岡県,福岡市,,0,136.0,0,76,7.3,25.5,1011.3,165.3,0,3,0
2019-10,20.5,3.0,⬆️北,福岡県,福岡市,,0,136.5,0,73,6.3,17.8,1014.7,165.8,0,2,0
2019-11,14.9,2.4,↘️南東,福岡県,福岡市,,0,29.0,0,68,4.9,11.6,1019.0,169.1,0,1,0
2019-12,10.3,2.4,↘️南東,福岡県,福岡市,,0,80.0,0,68,7.3,8.7,1021.4,91.0,0,1,0
2020-01,9.5,2.6,↘️南東,福岡県,福岡市,,0,153.5,0,71,8.2,8.6,1018.7,93.2,0,1,0
2020-02,9.7,2.8,↘️南東,福岡県,福岡市,,0,64.5,0,66,6.5,8.1,1021.5,135.8,2,0,0
2020-03,12.4,3.0,⬆️北,福岡県,福岡市,,0,158.0,0,64,6.3,9.5,1015.1,178.2,0,1,0
2020-04,14.1,3.4,⬆️北,福岡県,福岡市,,0,83.0,0,59,4.9,9.5,1015.1,231.7,0,0,0
2020-05,20.4,2.8,⬆️北,福岡県,福岡市,,0,147.5,0,71,6.7,16.8,1009.3,217.5,0,2,0
2020-06,24.9,2.8,⬆️北,福岡県,福岡市,,0,374.5,0,76,7.2,23.8,1005.4,184.9,0,3,0
2020-07,25.5,2.6,↘️南東,福岡県,福岡市,,0,740.0,0,82,8.9,26.9,1006.2,86.5,0,11,0
2020-08,30.2,2.9,↘️南東,福岡県,福岡市,,0,49.0,0,70,5.3,29.7,1008.9,252.2,0,4,0
2020-09,24.5,3.2,⬆️北,福岡県,福岡市,,0,310.5,0,74,7.0,22.7,1008.7,168.2,0,5,0
2020-10,19.4,3.0,⬆️北,福岡県,福岡市,,0,64.5,0,67,5.3,15.3,1016.2,211.0,0,0,0
2020-11,15.3,2.4,↘️南東,福岡県,福岡市,,0,25.0,0,66,5.6,11.7,1021.1,150.1,0,1,0
2020-12,8.5,2.9,↖️北北西,福岡県,福岡市,,0,42.5,0,61,6.8,7.0,1021.9,131.2,5,0,0
2021-01,7.0,3.0,↘️南東,福岡県,福岡市,,0,45.5,4,66,7.3,6.9,1020.8,118.5,9,1,1
2021-02,10.2,3.1,↘️南東,福岡県,福岡市,,0,79.5,0,62,6.0,7.9,1018.3,173.7,2,0,0
2021-03,13.5,3.1,⬆️北,福岡県,福岡市,,0,116.5,0,69,6.3,10.7,1016.8,186.6,0,1,0
2021-04,16.7,3.3,↘️南東,福岡県,福岡市,,0,66.0,0,60,6.2,11.3,1016.0,214.5,0,0,0
2021-05,20.4,2.8,↘️南東,福岡県,福岡市,,0,133.5,0,69,6.8,16.8,1008.5,179.8,0,2,0
2021-06,24.2,2.6,⬆️北,福岡県,福岡市,,0,123.0,0,75,8.1,22.4,1006.4,187.3,0,0,0
2021-07,28.9,2.8,↘️南東,福岡県,福岡市,,0,45.5,0,69,8.0,27.1,1007.2,200.8,0,6,0
2021-08,27.5,2.6,↘️南東,福岡県,福岡市,,0,881.5,0,80,7.5,29.0,1007.0,144.9,0,7,0
2021-09,25.9,2.9,⬆️北,福岡県,福岡市,,0,246.5,0,75,8.3,24.8,1010.6,150.3,0,2,0
2021-10,21.0,2.8,⬆️北,福岡県,福岡市,,0,44.0,0,66,4.3,16.9,1017.5,219.7,0,1,0
2021-11,13.9,2.4,↘️南東,福岡県,福岡市,,0,152.5,0,66,6.0,10.4,1017.5,148.1,0,4,0
2021-12,9.1,3.1,↘️南東,福岡県,福岡市,,0,45.0,0,63,6.9,7.5,1021.2,118.9,7,0,0
2022-01,6.9,2.4,↘️南東,福岡県,福岡市,,0,48.0,0,64,6.6,6.3,1020.3,152.1,2,2,0
2022-02,6.3,3.1,↖️北北西,福岡県,福岡市,,0,22.5,0,58,6.8,5.6,1021.8,142.9,5,0,0
2022-03,12.7,2.8,⬆️北,福岡県,福岡市,,0,109.0,0,66,6.8,9.9,1015.4,171.0,0,0,0
2022-04,16.4,3.1,⬆️北,福岡県,福岡市,,0,141.5,0,67,6.1,12.9,1015.1,225.7,0,0,1
2022-05,20.6,2.6,⬆️北,福岡県,福岡市,,0,45.0,0,64,6.3,15.5,1010.9,225.5,0,0,0
2022-06,24.8,3.2,⬆️北,福岡県,福岡市,,0,138.5,0,73,7.6,23.0,1007.2,188.5,0,2,0
2022-07,28.9,2.8,↘️南東,福岡県,福岡市,,0,105.5,0,73,7.4,28.8,1004.9,187.9,0,4,0
2022-08,29.8,2.7,↘️南東,福岡県,福岡市,,0,266.5,0,70,7.0,29.3,1006.8,203.2,0,7,0
2022-09,25.7,3.4,⬆️北,福岡県,福岡市,,0,217.0,0,74,7.8,24.5,1008.5,157.5,0,3,0
2022-10,19.6,2.7,⬆️北,福岡県,福岡市,,0,69.0,0,68,5.2,15.6,1017.9,213.1,0,1,0
2022-11,16.2,2.3,⬆️北,福岡県,福岡市,,0,34.0,0,69,5.6,12.7,1017.7,187.2,0,1,0
2022-12,7.7,2.8,↘️南東,福岡県,福岡市,,0,36.0,1,63,7.2,6.7,1020.4,105.7,7,1,0
2023-01,7.2,2.7,↘️南東,福岡県,福岡市,,0,97.0,0,67,6.8,7.1,1020.7,121.2,6,1,0
2023-02,9.0,2.7,⬆️北,福岡県,福岡市,,0,60.0,0,66,6.9,7.7,1021.5,130.3,1,1,0
2023-03,13.6,2.7,⬆️北,福岡県,福岡市,,0,89.5,0,67,6.0,10.7,1018.1,198.7,0,3,0
2023-04,16.7,3.1,⬆️北,福岡県,福岡市,,0,182.0,0,65,6.4,12.4,1013.3,205.4,0,2,0
2023-05,20.2,3.1,⬆️北,福岡県,福岡市,,0,246.0,0,71,7.4,16.8,1011.9,199.7,0,0,0
2023-06,24.4,2.5,⬆️北,福岡県,福岡市,,0,169.0,0,76,8.3,23.1,1006.7,144.6,0,3,0
2023-07,28.9,2.7,↘️南東,福岡県,福岡市,,0,536.5,0,75,7.9,29.6,1008.1,170.8,0,13,0
2023-08,29.7,3.1,↘️南東,福岡県,福岡市,,0,164.0,0,73,6.7,30.2,1003.6,224.1,0,7,0
2023-09,26.9,2.7,⬆️北,福岡県,福岡市,,0,104.5,0,76,6.7,26.9,1010.2,173.4,0,4,0
2023-10,19.8,2.6,⬆️北,福岡県,福岡市,,0,23.0,0,64,5.4,14.6,1015.8,210.5,0,0,0
2023-11,15.1,2.7,↘️南東,福岡県,福岡市,,0,52.0,0,64,5.8,11.3,1018.9,148.3,1,1,0
2023-12,9.9,2.7,↘️南東,福岡県,福岡市,,0,44.5,0,69,7.2,8.8,1021.5,105.8,5,1,0
2024-01,8.3,2.7,↘️南東,福岡県,福岡市,,0,80.5,0,68,6.8,7.7,1021.0,115.0,3,2,0
2024-02,9.9,2.8,⬆️北,福岡県,福岡市,,0,168.0,0,73,7.6,9.1,1020.3,102.6,0,1,0
2024-03,11.5,3.1,⬆️北,福岡県,福岡市,,0,139.5,0,66,6.9,9.3,1015.8,163.4,0,2,0
2024-04,17.6,2.6,⬆️北,福岡県,福岡市,,0,171.5,0,78,0,15.6,1011.7,140.2,0,2,0
2024-05,20.2,3.0,⬆️北,福岡県,福岡市,,0,119.5,0,66,0,15.5,1012.0,228.3,0,1,0
2024-06,23.9,2.6,⬆️北,福岡県,福岡市,,0,234.5,0,77,0,22.8,1007.2,159.7,0,2,0
2024-07,29.9,3.2,↙️南南西,福岡県,福岡市,,0,195.0,0,71,0,29.8,1008.0,208.9,0,12,0
2024-08,30.5,3.3,⬆️北,福岡県,福岡市,,0,225.0,0,73,0,31.4,1004.8,283.6,0,14,0
2024-09,28.8,2.8,⬆️北,福岡県,福岡市,,0,115.5,0,70,0,27.7,1010.1,256.5,0,8,0
2024-10,22.0,2.7,⬆️北,福岡県,福岡市,,0,140.0,0,75,0,20.0,1015.7,121.4,0,2,0
2024-11,15.7,2.7,⬆️北,福岡県,福岡市,,0,352.5,0,71,0,13.0,1018.2,135.0,0,5,0
2024-12,9.1,2.9,↖️西北西,福岡県,福岡市,,0,29.5,0,62,0,7.2,1019.8,122.4,2,0,0
2025-01,6.8,2.7,↘️南東,福岡県,福岡市,,0,34.5,1,63,0,6.3,1020.9,131.3,12,3,0
2025-02,5.7,3.2,↖️西北西,福岡県,福岡市,,0,36.0,0,60,0,5.6,1020.6,136.9,11,0,0
2025-03,11.9,3.2,⬆️北,福岡県,福岡市,,0,123.5,0,67,0,9.6,1016.2,152.3,3,5,0
2025-04,16.2,3.0,⬆️北,福岡県,福岡市,,0,37.0,0,63,0,11.9,1011.4,227.5,0,4,0
2025-05,18.0,3.2,↘️南東,福岡県,福岡市,,0,71.5,0,65,0,13.3,1008.9,75.1,0,1,0
1872-05,0,0,0,東京都,東京,,0,0,0,0,0,0,0,0,0,0,0
1872-06,0,0,0,東京都,東京,,0,0,0,0,0,0,0,0,0,0,0
1872-07,0,0,0,東京都,東京,,0,0,0,0,0,0,0,0,0,0,0
1872-08,0,0,0,東京都,東京,,0,0,0,0,0,0,0,0,0,0,0
1872-09,0,0,0,東京都,東京,,0,0,0,0,0,0,0,0,0,0,0
1872-10,0,0,0,東京都,東京,,0,0,0,0,0,0,0,0,0,0,0
1872-11,0,0,0,東京都,東京,,0,0,0,0,0,0,0,0,0,0,0
1872-12,0,0,0,東京都,東京,,0,0,0,0,0,0,0,0,0,0,0
1873-01,0,0,0,東京都,東京,,0,0,0,0,0,0,0,0,0,0,0
1873-02,0,0,0,東京都,東京,,0,0,0,0,0,0,0,0,0,0,0
1873-03,0,0,0,東京都,東京,,0,0,0,0,0,0,0,0,0,0,0
1873-04,0,0,0,東京都,東京,,0,0,0,0,0,0,0,0,0,0,0
1873-05,0,0,0,東京都,東京,,0,0,0,0,0,0,0,0,0,0,0
1873-06,0,0,0,東京都,東京,,0,0,0,0,0,0,0,0,0,0,0
1873-07,0,0,0,東京都,東京,,0,0,0,0,0,0,0,0,0,0,0
1873-08,0,0,0,東京都,東京,,0,0,0,0,0,0,0,0,0,0,0
1873-09,0,0,0,東京都,東京,,0,0,0,0,0,0,0,0,0,0,0
1873-10,0,0,0,東京都,東京,,0,0,0,0,0,0,0,0,0,0,0
1873-11,0,0,0,東京都,東京,,0,0,0,0,0,0,0,0,0,0,0
1873-12,0,0,0,東京都,東京,,0,0,0,0,0,0,0,0,0,0,0
1874-01,0,0,0,東京都,東京,,0,0,0,0,0,0,0,0,0,0,0
1874-02,0,0,0,東京都,東京,,0,0,0,0,0,0,0,0,0,0,0
1874-03,0,0,0,東京都,東京,,0,0,0,0,0,0,0,0,0,0,0
1874-04,0,0,0,東京都,東京,,0,0,0,0,0,0,0,0,0,0,0
1874-05,0,0,0,東京都,東京,,0,0,0,0,0,0,0,0,0,0,0
1874-06,0,0,0,東京都,東京,,0,0,0,0,0,0,0,0,0,0,0
1874-07,0,0,0,東京都,東京,,0,0,0,0,0,0,0,0,0,0,0
1874-08,0,0,0,東京都,東京,,0,0,0,0,0,0,0,0,0,0,0
1874-09,0,0,0,東京都,東京,,0,0,0,0,0,0,0,0,0,0,0
1874-10,0,0,0,東京都,東京,,0,0,0,0,0,0,0,0,0,0,0
1874-11,0,0,0,東京都,東京,,0,0,0,0,0,0,0,0,0,0,0
1874-12,0,0,0,東京都,東京,,0,0,0,0,0,0,0,0,0,0,0
1875-01,0,0,0,東京都,東京,,0,0,0,0,0,0,0,0,0,0,0
1875-02,0,0,0,東京都,東京,,0,0,0,0,0,0,0,0,0,0,0
1875-03,0,0,0,東京都,東京,,0,0,0,0,0,0,0,0,0,0,0
1875-04,0,0,0,東京都,東京,,0,0,0,0,0,0,0,0,0,0,0
1875-05,0,0,0,東京都,東京,,0,0,0,0,0,0,0,0,0,0,0
1875-06,22.3,0,0,東京都,東京,,0,87.9,0,0,0,0,0,0,0,0,0
1875-07,26.0,0,0,東京都,東京,,0,239.8,0,0,0,0,0,0,0,0,0
1875-08,24.9,0,0,東京都,東京,,0,263.3,0,0,0,0,0,0,0,0,0
1875-09,21.5,0,0,東京都,東京,,0,325.2,0,0,0,0,0,0,0,0,0
1875-10,15.3,0,0,東京都,東京,,0,150.4,0,0,0,0,0,0,0,0,0
1875-11,9.7,0,0,東京都,東京,,0,85.7,0,0,0,0,0,0,0,0,0
1875-12,4.6,0,0,東京都,東京,,0,66.9,0,0,0,0,0,0,0,0,0
1876-01,1.6,0,0,東京都,東京,,0,114.8,0,78,0,0,0,0,0,0,0
1876-02,3.4,0,0,東京都,東京,,0,115.9,0,73,0,0,0,0,0,0,0
1876-03,8.1,0,0,東京都,東京,,0,141.1,0,72,0,0,0,0,0,0,0
1876-04,12.2,0,0,東京都,東京,,0,121.6,0,76,0,0,0,0,0,0,0
1876-05,17.0,0,0,東京都,東京,,0,152.5,0,79,0,0,0,0,0,0,0
1876-06,18.5,0,0,東京都,東京,,0,276.0,0,85,0,0,0,0,0,0,0
1876-07,24.3,0,0,東京都,東京,,0,150.0,0,87,0,0,0,0,0,0,0
1876-08,26.6,0,0,東京都,東京,,0,65.2,0,80,0,0,0,0,0,0,0
1876-09,22.6,0,0,東京都,東京,,0,357.9,0,86,0,0,0,0,0,0,0
1876-10,14.8,0,0,東京都,東京,,0,157.4,0,81,0,0,0,0,0,0,0
1876-11,9.1,0,0,東京都,東京,,0,38.0,0,72,0,0,0,0,0,0,0
1876-12,4.8,0,0,東京都,東京,,0,65.1,0,72,0,0,0,0,0,0,0
1877-01,3.2,0,0,東京都,東京,,0,46.5,0,68,0,0,0,0,0,0,0
1877-02,3.6,0,0,東京都,東京,,0,59.2,0,68,0,0,0,0,0,0,0
1877-03,6.2,0,0,東京都,東京,,0,124.7,0,72,0,0,0,0,0,0,0
1877-04,13.6,0,0,東京都,東京,,0,26.7,0,73,0,0,0,0,0,0,0
1877-05,16.5,0,0,東京都,東京,,0,118.1,0,82,0,0,0,0,0,0,0
1877-06,22.0,0,0,東京都,東京,,0,113.8,0,81,0,0,0,0,0,0,0
1877-07,26.5,0,0,東京都,東京,,0,83.3,0,80,0,0,0,0,0,0,0
1877-08,25.9,0,0,東京都,東京,,0,52.1,0,80,0,0,0,0,0,0,0
1877-09,21.3,0,0,東京都,東京,,0,273.9,0,84,0,0,0,0,0,0,0
1877-10,15.9,0,0,東京都,東京,,0,204.5,0,78,0,0,0,0,0,0,0
1877-11,9.6,0,0,東京都,東京,,0,69.0,0,76,0,0,0,0,0,0,0
1877-12,5.8,0,0,東京都,東京,,0,145.5,0,78,0,0,0,0,0,0,0
1878-01,2.3,0,0,東京都,東京,,0,94.5,0,74,0,0,0,0,0,0,0
1878-02,2.5,0,0,東京都,東京,,0,93.0,0,73,0,0,0,0,0,0,0
1878-03,7.2,0,0,東京都,東京,,0,60.2,0,64,0,0,0,0,0,0,0
1878-04,11.5,0,0,東京都,東京,,0,84.8,0,80,0,0,0,0,0,0,0
1878-05,18.3,0,0,東京都,東京,,0,188.0,0,78,0,0,0,0,0,0,0
1878-06,20.0,0,0,東京都,東京,,0,205.1,0,83,0,0,0,0,0,0,0
1878-07,26.0,0,0,東京都,東京,,0,85.4,0,81,0,0,0,0,0,0,0
1878-08,24.6,0,0,東京都,東京,,0,152.0,0,85,0,0,0,0,0,0,0
1878-09,22.8,0,0,東京都,東京,,0,460.9,0,88,0,0,0,0,0,0,0
1878-10,15.8,0,0,東京都,東京,,0,132.7,0,84,0,0,0,0,0,0,0
1878-11,9.7,0,0,東京都,東京,,0,198.6,0,83,0,0,0,0,0,0,0
1878-12,5.1,0,0,東京都,東京,,0,9.0,0,71,0,0,0,0,0,0,0
1879-01,3.2,0,0,東京都,東京,,0,76.3,0,70,0,0,0,0,0,0,0
1879-02,5.4,0,0,東京都,東京,,0,109.6,0,72,0,0,0,0,0,0,0
1879-03,8.0,0,0,東京都,東京,,0,99.8,0,73,0,0,0,0,0,0,0
1879-04,12.6,0,0,東京都,東京,,0,141.2,0,77,0,0,0,0,0,0,0
1879-05,18.0,0,0,東京都,東京,,0,191.3,0,83,0,0,0,0,0,0,0
1879-06,21.4,0,0,東京都,東京,,0,206.9,0,85,0,0,0,0,0,0,0
1879-07,26.1,0,0,東京都,東京,,0,80.0,0,78,0,0,0,0,0,0,0
1879-08,26.6,0,0,東京都,東京,,0,73.3,0,80,0,0,0,0,0,0,0
1879-09,21.3,0,0,東京都,東京,,0,158.0,0,82,0,0,0,0,0,0,0
1879-10,15.0,0,0,東京都,東京,,0,208.3,0,80,0,0,0,0,0,0,0
1879-11,9.7,0,0,東京都,東京,,0,48.9,0,74,0,0,0,0,0,0,0
1879-12,8.0,0,0,東京都,東京,,0,99.1,0,73,0,0,0,0,0,0,0
1880-01,2.6,0,0,東京都,東京,,0,20.2,0,63,0,0,0,0,0,0,0
1880-02,5.8,0,0,東京都,東京,,0,163.2,0,74,0,0,0,0,0,0,0
1880-03,8.4,0,0,東京都,東京,,0,186.5,0,73,0,0,0,0,0,0,0
1880-04,12.3,0,0,東京都,東京,,0,153.8,0,76,0,0,0,0,0,0,0
1880-05,17.7,0,0,東京都,東京,,0,170.7,0,78,0,0,0,0,0,0,0
1880-06,19.8,0,0,東京都,東京,,0,181.5,0,83,0,0,0,0,0,0,0
1880-07,24.2,0,0,東京都,東京,,0,253.5,0,85,0,0,0,0,0,0,0
1880-08,25.5,0,0,東京都,東京,,0,181.4,0,83,0,0,0,0,0,0,0
1880-09,22.5,0,0,東京都,東京,,0,91.5,0,81,0,0,0,0,0,0,0
1880-10,16.6,0,0,東京都,東京,,0,222.9,0,81,0,0,0,0,0,0,0
1880-11,10.2,0,0,東京都,東京,,0,60.3,0,77,0,0,0,0,0,0,0
1880-12,3.9,0,0,東京都,東京,,0,0.2,0,62,0,0,0,0,0,0,0
1881-01,2.1,0,0,東京都,東京,,0,44.2,0,62,0,0,0,0,0,0,0
1881-02,3.7,0,0,東京都,東京,,0,60.6,0,69,0,0,0,0,0,0,0
1881-03,5.3,0,0,東京都,東京,,0,166.8,0,76,0,0,0,0,0,0,0
1881-04,11.6,0,0,東京都,東京,,0,112.8,0,78,0,0,0,0,0,0,0
1881-05,17.2,0,0,東京都,東京,,0,51.4,0,81,0,0,0,0,0,0,0
1881-06,21.3,0,0,東京都,東京,,0,205.9,0,83,0,0,0,0,0,0,0
1881-07,24.0,0,0,東京都,東京,,0,52.2,0,84,0,0,0,0,0,0,0
1881-08,26.7,0,0,東京都,東京,,0,99.7,0,82,0,0,0,0,0,0,0
1881-09,22.7,0,0,東京都,東京,,0,266.6,0,85,0,0,0,0,0,0,0
1881-10,15.7,0,0,東京都,東京,,0,86.4,0,82,0,0,0,0,0,0,0
1881-11,11.0,0,0,東京都,東京,,0,202.9,0,80,0,0,0,0,0,0,0
1881-12,4.3,0,0,東京都,東京,,0,94.9,0,74,0,0,0,0,0,0,0
1882-01,4.6,0,0,東京都,東京,,0,46.0,0,70,0,0,0,0,0,0,0
1882-02,5.2,0,0,東京都,東京,,0,75.9,0,64,0,0,0,0,0,0,0
1882-03,6.9,0,0,東京都,東京,,0,41.0,0,70,0,0,0,0,0,0,0
1882-04,13.7,0,0,東京都,東京,,0,97.9,0,85,0,0,0,0,0,0,0
1882-05,16.8,0,0,東京都,東京,,0,187.9,0,80,0,0,0,0,0,0,0
1882-06,20.4,0,0,東京都,東京,,0,191.8,0,84,0,0,0,0,0,0,0
1882-07,24.2,0,0,東京都,東京,,0,96.8,0,82,0,0,0,0,0,0,0
1882-08,24.7,0,0,東京都,東京,,0,108.4,0,83,0,0,0,0,0,0,0
1882-09,21.1,0,0,東京都,東京,,0,223.0,0,84,0,0,0,0,0,0,0
1882-10,15.4,0,0,東京都,東京,,0,300.1,0,81,0,0,0,0,0,0,0
1882-11,9.6,0,0,東京都,東京,,0,99.4,0,76,0,0,0,0,0,0,0
1882-12,5.0,0,0,東京都,東京,,0,10.1,0,67,0,0,0,0,0,0,0
1883-01,3.1,0,0,東京都,東京,,0,72.0,0,65,0,0,0,0,0,0,0
1883-02,1.9,0,0,東京都,東京,,0,204.9,0,72,0,0,0,0,0,0,0
1883-03,5.3,0,0,東京都,東京,,0,163.5,0,72,0,0,0,0,0,0,0
1883-04,12.0,0,0,東京都,東京,,0,135.4,0,73,0,0,0,0,0,0,0
1883-05,15.5,0,0,東京都,東京,,0,111.9,0,76,0,0,0,0,0,0,0
1883-06,19.8,0,0,東京都,東京,,0,90.8,0,82,0,0,0,0,0,0,0
1883-07,23.7,0,0,東京都,東京,,0,199.0,0,85,0,0,0,0,0,0,0
1883-08,25.1,0,0,東京都,東京,,0,92.4,0,80,0,0,0,0,0,0,0
1883-09,21.8,0,0,東京都,東京,,0,147.9,0,84,0,0,0,0,0,0,0
1883-10,16.7,0,0,東京都,東京,,0,265.6,0,85,0,0,0,0,0,0,0
1883-11,10.0,0,0,東京都,東京,,0,37.6,0,75,0,0,0,0,0,0,0
1883-12,5.0,0,0,東京都,東京,,0,31.6,0,68,0,0,0,0,0,0,0
1884-01,2.6,0,0,東京都,東京,,0,31.6,0,67,0,0,0,0,0,0,0
1884-02,2.7,0,0,東京都,東京,,0,92.3,0,68,0,0,0,0,0,0,0
1884-03,6.1,0,0,東京都,東京,,0,151.6,0,71,0,0,0,0,0,0,0
1884-04,11.6,0,0,東京都,東京,,0,147.9,0,78,0,0,0,0,0,0,0
1884-05,15.5,0,0,東京都,東京,,0,134.9,0,79,0,0,0,0,0,0,0
1884-06,19.8,0,0,東京都,東京,,0,181.6,0,85,0,0,0,0,0,0,0
1884-07,23.4,0,0,東京都,東京,,0,102.9,0,88,0,0,0,0,0,0,0
1884-08,24.1,0,0,東京都,東京,,0,90.5,0,82,0,0,0,0,0,0,0
1884-09,22.3,0,0,東京都,東京,,0,193.2,0,81,0,0,0,0,0,0,0
1884-10,15.8,0,0,東京都,東京,,0,78.6,0,76,0,0,0,0,0,0,0
1884-11,7.6,0,0,東京都,東京,,0,84.5,0,72,0,0,0,0,0,0,0
1884-12,3.4,0,0,東京都,東京,,0,25.2,0,70,0,0,0,0,0,0,0
1885-01,0.6,0,0,東京都,東京,,0,47.1,0,69,0,0,0,0,0,0,0
1885-02,2.2,0,0,東京都,東京,,0,27.0,0,67,0,0,0,0,0,0,0
1885-03,4.9,0,0,東京都,東京,,0,75.5,0,65,0,0,0,0,0,0,0
1885-04,10.7,0,0,東京都,東京,,0,151.7,0,83,0,0,0,0,0,0,0
1885-05,15.2,0,0,東京都,東京,,0,77.2,0,77,0,0,0,0,0,0,0
1885-06,20.3,0,0,東京都,東京,,0,331.0,0,87,0,0,0,0,0,0,0
1885-07,23.1,0,0,東京都,東京,,0,182.6,0,84,0,0,0,0,0,0,0
1885-08,25.4,0,0,東京都,東京,,0,103.2,0,82,0,0,0,0,0,0,0
1885-09,22.1,0,0,東京都,東京,,0,72.0,0,80,0,0,0,0,0,0,0
1885-10,16.1,0,0,東京都,東京,,0,291.9,0,81,0,0,0,0,0,0,0
1885-11,10.7,0,0,東京都,東京,,0,116.1,0,76,0,0,0,0,0,0,0
1885-12,5.7,0,0,東京都,東京,,0,56.4,0,72,0,0,0,0,0,0,0
1886-01,2.4,0,0,東京都,東京,,0,37.0,0,63,0,0,0,0,0,0,0
1886-02,2.0,0,0,東京都,東京,,0,27.1,0,64,0,0,0,0,0,0,0
1886-03,6.9,0,0,東京都,東京,,0,77.7,0,70,0,0,0,0,0,0,0
1886-04,12.3,0,0,東京都,東京,,0,105.6,0,75,0,0,0,0,0,0,0
1886-05,16.4,0,0,東京都,東京,,0,164.1,0,80,0,0,0,0,0,0,0
1886-06,20.9,0,0,東京都,東京,,0,80.5,0,79,0,0,0,0,0,0,0
1886-07,25.0,0,0,東京都,東京,,0,48.5,0,78,0,0,0,0,0,0,0
1886-08,26.5,0,0,東京都,東京,,0,87.1,0,77,0,0,0,0,0,0,0
1886-09,23.2,0,0,東京都,東京,,0,254.6,0,84,0,0,0,0,0,0,0
1886-10,16.6,0,0,東京都,東京,,0,190.7,0,82,0,0,0,0,0,0,0
1886-11,10.2,0,0,東京都,東京,,0,192.1,0,79,0,0,0,0,0,0,0
1886-12,4.7,0,0,東京都,東京,,0,25.3,0,67,0,0,0,0,0,0,0
1887-01,2.7,0,0,東京都,東京,,0,111.9,0,71,0,0,0,0,0,0,0
1887-02,4.3,0,0,東京都,東京,,0,1.5,0,62,0,0,0,0,0,0,0
1887-03,6.9,0,0,東京都,東京,,0,140.5,0,63,0,0,0,0,0,0,0
1887-04,12.2,0,0,東京都,東京,,0,79.8,0,75,0,0,0,0,0,0,0
1887-05,15.2,0,0,東京都,東京,,0,147.4,0,82,0,0,0,0,0,0,0
1887-06,20.3,0,0,東京都,東京,,0,216.2,0,84,0,0,0,0,0,0,0
1887-07,23.6,0,0,東京都,東京,,0,91.2,0,86,0,0,0,0,0,0,0
1887-08,25.3,0,0,東京都,東京,,0,91.6,0,85,0,0,0,0,0,0,0
1887-09,21.0,0,0,東京都,東京,,0,100.4,0,81,0,0,0,0,0,0,0
1887-10,16.6,0,0,東京都,東京,,0,223.5,0,84,0,0,0,0,0,0,0
1887-11,11.6,0,0,東京都,東京,,0,31.2,0,74,0,0,0,0,0,0,0
1887-12,5.7,0,0,東京都,東京,,0,14.8,0,62,0,0,0,0,0,0,0
1888-01,3.3,0,0,東京都,東京,,0,2.5,0,59,0,0,0,0,0,0,0
1888-02,2.2,0,0,東京都,東京,,0,31.3,0,63,0,0,0,0,0,0,0
1888-03,7.2,0,0,東京都,東京,,0,69.1,0,65,0,0,0,0,0,0,0
1888-04,12.4,0,0,東京都,東京,,0,104.2,0,77,0,0,0,0,0,0,0
1888-05,16.0,0,0,東京都,東京,,0,144.4,0,77,0,0,0,0,0,0,0
1888-06,18.6,0,0,東京都,東京,,0,174.0,0,80,0,0,0,0,0,0,0
1888-07,24.5,0,0,東京都,東京,,0,135.9,0,85,0,0,0,0,0,0,0
1888-08,25.6,0,0,東京都,東京,,0,81.0,0,83,0,0,0,0,0,0,0
1888-09,20.9,0,0,東京都,東京,,0,184.5,0,84,0,0,0,0,0,0,0
1888-10,15.0,0,0,東京都,東京,,0,211.7,0,81,0,0,0,0,0,0,0
1888-11,11.4,0,0,東京都,東京,,0,188.0,0,78,0,0,0,0,0,0,0
1888-12,5.2,0,0,東京都,東京,,0,51.9,0,66,0,0,0,0,0,0,0
1889-01,2.1,0,0,東京都,東京,,0,22.4,0,64,0,0,0,0,0,0,0
1889-02,3.1,0,0,東京都,東京,,0,45.9,0,60,0,0,0,0,0,0,0
1889-03,6.9,0,0,東京都,東京,,0,63.4,0,69,0,0,0,0,0,0,0
1889-04,12.0,0,0,東京都,東京,,0,156.0,0,73,0,0,0,0,0,0,0
1889-05,15.7,0,0,東京都,東京,,0,195.3,0,74,0,0,0,0,0,0,0
1889-06,20.9,0,0,東京都,東京,,0,68.5,0,82,0,0,0,0,0,0,0
1889-07,23.4,0,0,東京都,東京,,0,259.9,0,87,0,0,0,0,0,0,0
1889-08,25.8,0,0,東京都,東京,,0,96.2,0,83,0,0,0,0,0,0,0
1889-09,20.3,0,0,東京都,東京,,0,187.3,0,84,0,0,0,0,0,0,0
1889-10,14.6,0,0,東京都,東京,,0,109.7,0,77,0,0,0,0,0,0,0
1889-11,9.7,0,0,東京都,東京,,0,47.5,0,71,0,0,0,0,0,0,0
1889-12,4.9,0,0,東京都,東京,,0,67.2,0,67,0,0,0,0,0,0,0
1890-01,3.4,0,0,東京都,東京,,0,61.7,0,65,0,0,0,0,0,0,0
1890-02,6.1,0,0,東京都,東京,,0,87.6,0,69,0,0,0,0,0,0,0
1890-03,9.2,0,0,東京都,東京,,0,206.9,0,74,0,0,0,126.9,0,0,0
1890-04,14.2,0,0,東京都,東京,,0,129.6,0,75,0,0,0,131.4,0,0,0
1890-05,16.1,0,0,東京都,東京,,0,288.3,0,80,0,0,0,109.9,0,0,0
1890-06,22.0,0,0,東京都,東京,,0,116.6,0,81,0,0,0,176.2,0,0,0
1890-07,23.5,0,0,東京都,東京,,0,105.3,0,85,0,0,0,172.7,0,0,0
1890-08,25.4,0,0,東京都,東京,,0,336.0,0,86,0,0,0,155.7,0,0,0
1890-09,24.2,0,0,東京都,東京,,0,101.9,0,82,0,0,0,191.5,0,0,0
1890-10,16.0,0,0,東京都,東京,,0,303.2,0,80,0,0,0,137.2,0,0,0
1890-11,10.8,0,0,東京都,東京,,0,173.3,0,74,0,0,0,179.1,0,0,0
1890-12,9.3,0,0,東京都,東京,,0,47.8,0,73,0,0,0,158.3,0,0,0
1891-01,2.4,0,0,東京都,東京,,0,30.5,0,56,0,0,0,233.9,0,0,0
1891-02,3.8,0,0,東京都,東京,,0,66.9,0,60,0,0,0,173.6,0,0,0
1891-03,8.9,0,0,東京都,東京,,0,179.9,0,72,0,0,0,154.4,0,0,0
1891-04,12.0,0,0,東京都,東京,,0,106.4,0,73,0,0,0,157.5,0,0,0
1891-05,18.2,0,0,東京都,東京,,0,52.0,0,74,0,0,0,270.2,0,0,0
1891-06,20.3,0,0,東京都,東京,,0,193.9,0,80,0,0,0,138.8,0,0,0
1891-07,24.9,0,0,東京都,東京,,0,81.7,0,83,0,0,0,135.7,0,0,0
1891-08,25.5,0,0,東京都,東京,,0,45.5,0,80,0,0,0,217.7,0,0,0
1891-09,24.3,0,0,東京都,東京,,0,247.7,0,82,0,0,0,165.2,0,0,0
1891-10,16.5,0,0,東京都,東京,,0,20.0,0,71,0,0,0,192.1,0,0,0
1891-11,10.4,0,0,東京都,東京,,0,138.8,0,71,0,0,0,179.3,0,0,0
1891-12,5.6,0,0,東京都,東京,,0,57.5,0,66,0,0,0,179.6,0,0,0
1892-01,3.7,0,0,東京都,東京,,0,13.6,0,62,0,0,0,170.6,0,0,0
1892-02,4.1,0,0,東京都,東京,,0,127.0,0,62,0,0,0,177.6,0,0,0
1892-03,5.1,0,0,東京都,東京,,0,141.7,0,61,0,0,0,167.7,0,0,0
1892-04,13.1,0,0,東京都,東京,,0,112.5,0,73,0,0,0,183.1,0,0,0
1892-05,16.6,0,0,東京都,東京,,0,347.5,0,78,0,0,0,174.7,0,0,0
1892-06,21.1,0,0,東京都,東京,,0,285.9,0,85,0,0,0,83.9,0,0,0
1892-07,25.7,0,0,東京都,東京,,0,109.1,0,82,0,0,0,197.2,0,0,0
1892-08,26.4,0,0,東京都,東京,,0,20.9,0,79,0,0,0,231.9,0,0,0
1892-09,23.0,0,0,東京都,東京,,0,288.9,0,84,0,0,0,157.9,0,0,0
1892-10,16.5,0,0,東京都,東京,,0,136.6,0,81,0,0,0,93.6,0,0,0
1892-11,9.9,0,0,東京都,東京,,0,126.2,0,71,0,0,0,165.7,0,0,0
1892-12,3.3,0,0,東京都,東京,,0,5.2,0,58,0,0,0,178.2,0,0,0
1893-01,2.6,0,0,東京都,東京,,0,50.9,0,62,0,0,0,171.4,0,0,0
1893-02,2.2,0,0,東京都,東京,,0,49.8,0,55,0,0,0,159.0,0,0,0
1893-03,6.2,0,0,東京都,東京,,0,26.0,0,59,0,0,0,206.3,0,0,0
1893-04,13.3,0,0,東京都,東京,,0,204.1,0,72,0,0,0,206.1,0,0,0
1893-05,15.8,0,0,東京都,東京,,0,267.9,0,76,0,0,0,180.0,0,0,0
1893-06,20.5,0,0,東京都,東京,,0,95.5,0,78,0,0,0,179.1,0,0,0
1893-07,25.3,0,0,東京都,東京,,0,54.9,0,77,0,0,0,267.0,0,0,0
1893-08,26.2,0,0,東京都,東京,,0,95.3,0,80,0,0,0,213.2,0,0,0
1893-09,22.5,0,0,東京都,東京,,0,90.8,0,81,0,0,0,151.9,0,0,0
1893-10,15.9,0,0,東京都,東京,,0,147.8,0,83,0,0,0,133.0,0,0,0
1893-11,10.1,0,0,東京都,東京,,0,76.6,0,71,0,0,0,195.0,0,0,0
1893-12,4.7,0,0,東京都,東京,,0,1.7,0,60,0,0,0,234.1,0,0,0
1894-01,3.0,0,0,東京都,東京,,0,42.5,0,60,0,0,0,167.7,0,0,0
1894-02,3.7,0,0,東京都,東京,,0,31.1,0,54,0,0,0,212.1,0,0,0
1894-03,8.4,0,0,東京都,東京,,0,112.4,0,71,0,0,0,152.2,0,0,0
1894-04,13.8,0,0,東京都,東京,,0,178.3,0,75,0,0,0,159.4,0,0,0
1894-05,16.3,0,0,東京都,東京,,0,84.3,0,74,0,0,0,214.1,0,0,0
1894-06,23.6,0,0,東京都,東京,,0,57.5,0,78,0,0,0,256.1,0,0,0
1894-07,26.8,0,0,東京都,東京,,0,61.6,0,78,0,0,0,270.4,0,0,0
1894-08,27.0,0,0,東京都,東京,,0,199.5,0,81,0,0,0,243.4,0,0,0
1894-09,21.9,0,0,東京都,東京,,0,144.9,0,84,0,0,0,125.7,0,0,0
1894-10,15.4,0,0,東京都,東京,,0,192.7,0,82,0,0,0,131.4,0,0,0
1894-11,11.6,0,0,東京都,東京,,0,98.4,0,77,0,0,0,184.8,0,0,0
1894-12,5.8,0,0,東京都,東京,,0,117.6,0,62,0,0,0,218.5,0,0,0
1895-01,2.1,0,0,東京都,東京,,0,43.5,0,63,0,0,0,205.5,0,0,0
1895-02,4.0,0,0,東京都,東京,,0,88.1,0,58,0,0,0,235.0,0,0,0
1895-03,6.9,0,0,東京都,東京,,0,69.1,0,75,0,0,0,163.8,0,0,0
1895-04,12.9,0,0,東京都,東京,,0,92.4,0,71,0,0,0,232.1,0,0,0
1895-05,17.5,0,0,東京都,東京,,0,58.8,0,76,0,0,0,222.9,0,0,0
1895-06,20.4,0,0,東京都,東京,,0,177.6,0,79,0,0,0,203.8,0,0,0
1895-07,22.1,0,0,東京都,東京,,0,299.8,0,75,0,0,0,122.3,0,0,0
1895-08,25.5,0,0,東京都,東京,,0,129.3,0,86,0,0,0,193.8,0,0,0
1895-09,22.9,0,0,東京都,東京,,0,83.6,0,82,0,0,0,169.2,0,0,0
1895-10,16.5,0,0,東京都,東京,,0,157.6,0,79,0,0,0,147.4,0,0,0
1895-11,9.9,0,0,東京都,東京,,0,123.9,0,73,0,0,0,166.5,0,0,0
1895-12,5.4,0,0,東京都,東京,,0,74.1,0,65,0,0,0,206.7,0,0,0
1896-01,3.3,0,0,東京都,東京,,0,35.9,0,58,0,0,0,232.0,0,0,0
1896-02,3.5,0,0,東京都,東京,,0,105.5,0,65,0,0,0,177.8,0,0,0
1896-03,6.0,0,0,東京都,東京,,0,64.6,0,66,0,0,0,181.3,0,0,0
1896-04,13.7,0,0,東京都,東京,,0,127.3,0,78,0,0,0,184.2,0,0,0
1896-05,16.6,0,0,東京都,東京,,0,130.5,0,79,0,0,0,171.7,0,0,0
1896-06,21.6,0,0,東京都,東京,,0,74.4,0,82,0,0,0,167.2,0,0,0
1896-07,24.1,0,0,東京都,東京,,0,67.1,0,83,0,0,0,175.8,0,0,0
1896-08,25.9,0,0,東京都,東京,,0,152.7,0,81,0,0,0,222.5,0,0,0
1896-09,22.3,0,0,東京都,東京,,0,208.4,0,83,0,0,0,167.0,0,0,0
1896-10,15.8,0,0,東京都,東京,,0,171.7,0,79,0,0,0,137.7,0,0,0
1896-11,10.7,0,0,東京都,東京,,0,195.8,0,72,0,0,0,199.0,0,0,0
1896-12,4.8,0,0,東京都,東京,,0,40.0,0,66,0,0,0,197.6,0,0,0
1897-01,3.7,0,0,東京都,東京,,0,88.1,0,67,0,0,0,162.6,0,0,0
1897-02,3.5,0,0,東京都,東京,,0,47.0,0,60,0,0,0,166.1,0,0,0
1897-03,5.7,0,0,東京都,東京,,0,81.3,0,65,0,0,0,153.8,0,0,0
1897-04,11.3,0,0,東京都,東京,,0,160.9,0,73,0,0,0,174.7,0,0,0
1897-05,17.3,0,0,東京都,東京,,0,120.4,0,76,0,0,0,224.9,0,0,0
1897-06,18.8,0,0,東京都,東京,,0,145.4,0,81,0,0,0,157.7,0,0,0
1897-07,22.9,0,0,東京都,東京,,0,141.7,0,87,0,0,0,156.7,0,0,0
1897-08,25.0,0,0,東京都,東京,,0,75.6,0,85,0,0,0,165.8,0,0,0
1897-09,20.9,0,0,東京都,東京,,0,398.5,0,86,0,0,0,122.6,0,0,0
1897-10,15.2,0,0,東京都,東京,,0,131.7,0,76,0,0,0,183.1,0,0,0
1897-11,10.1,0,0,東京都,東京,,0,106.4,0,77,0,0,0,165.7,0,0,0
1897-12,3.7,0,0,東京都,東京,,0,0.2,0,63,0,0,0,212.7,0,0,0
1898-01,3.6,0,0,東京都,東京,,0,126.9,0,68,0,0,0,141.7,0,0,0
1898-02,4.4,0,0,東京都,東京,,0,97.1,0,64,0,0,0,194.6,0,0,0
1898-03,5.5,0,0,東京都,東京,,0,47.1,0,67,0,0,0,117.6,0,0,0
1898-04,11.2,0,0,東京都,東京,,0,191.5,0,75,0,0,0,175.3,0,0,0
1898-05,16.7,0,0,東京都,東京,,0,115.2,0,75,0,0,0,209.3,0,0,0
1898-06,19.2,0,0,東京都,東京,,0,254.8,0,83,0,0,0,144.1,0,0,0
1898-07,25.9,0,0,東京都,東京,,0,44.0,0,78,0,0,0,304.5,0,0,0
1898-08,26.1,0,0,東京都,東京,,0,219.8,0,84,0,0,0,211.9,0,0,0
1898-09,21.6,0,0,東京都,東京,,0,249.1,0,84,0,0,0,157.7,0,0,0
1898-10,16.0,0,0,東京都,東京,,0,79.5,0,82,0,0,0,154.3,0,0,0
1898-11,10.9,0,0,東京都,東京,,0,158.4,0,81,0,0,0,143.4,0,0,0
1898-12,6.4,0,0,東京都,東京,,0,128.5,0,71,0,0,0,186.3,0,0,0
1899-01,3.2,0,0,東京都,東京,,0,30.1,0,62,0,0,0,224.1,0,0,0
1899-02,4.2,0,0,東京都,東京,,0,87.9,0,65,0,0,0,176.0,0,0,0
1899-03,8.5,0,0,東京都,東京,,0,182.6,0,69,0,0,0,217.4,0,0,0
1899-04,12.8,0,0,東京都,東京,,0,105.5,0,75,0,0,0,189.7,0,0,0
1899-05,17.9,0,0,東京都,東京,,0,124.4,0,77,0,0,0,220.7,0,0,0
1899-06,21.5,0,0,東京都,東京,,0,124.5,0,83,0,0,0,162.6,0,0,0
1899-07,23.2,0,0,東京都,東京,,0,274.7,0,87,0,0,0,131.9,0,0,0
1899-08,26.1,0,0,東京都,東京,,0,60.8,0,81,0,0,0,235.4,0,0,0
1899-09,19.8,0,0,東京都,東京,,0,196.2,0,86,0,0,0,106.5,0,0,0
1899-10,14.3,0,0,東京都,東京,,0,354.5,0,77,0,0,0,184.3,0,0,0
1899-11,8.9,0,0,東京都,東京,,0,16.3,0,69,0,0,0,201.8,0,0,0
1899-12,5.5,0,0,東京都,東京,,0,91.6,0,71,0,0,0,173.3,0,0,0
1900-01,1.6,0,0,東京都,東京,,0,69.2,0,66,0,0,0,160.1,0,0,0
1900-02,3.1,0,0,東京都,東京,,0,31.3,0,62,0,0,0,174.9,0,0,0
1900-03,5.7,0,0,東京都,東京,,0,69.3,0,70,0,0,0,171.5,0,0,0
1900-04,11.4,0,0,東京都,東京,,0,168.6,0,80,0,0,0,135.3,0,0,0
1900-05,17.3,0,0,東京都,東京,,0,127.3,0,77,0,0,0,219.0,0,0,0
1900-06,19.3,0,0,東京都,東京,,0,89.4,0,78,0,0,0,223.6,0,0,0
1900-07,22.8,0,0,東京都,東京,,0,122.1,0,85,0,0,0,137.5,0,0,0
1900-08,26.1,0,0,東京都,東京,,0,66.3,0,81,0,0,0,272.0,0,0,0
1900-09,22.6,0,0,東京都,東京,,0,173.9,0,83,0,0,0,165.7,0,0,0
1900-10,16.5,0,0,東京都,東京,,0,113.6,0,79,0,0,0,165.2,0,0,0
1900-11,11.0,0,0,東京都,東京,,0,131.9,0,79,0,0,0,148.4,0,0,0
1900-12,5.5,0,0,東京都,東京,,0,25.1,0,66,0,0,0,209.2,0,0,0
1901-01,4.1,0,0,東京都,東京,,0,74.4,0,70,0,0,0,163.4,0,0,0
1901-02,3.7,0,0,東京都,東京,,0,30.2,0,59,0,0,0,208.8,0,0,0
1901-03,7.3,0,0,東京都,東京,,0,131.2,0,62,0,0,0,230.1,0,0,0
1901-04,13.4,0,0,東京都,東京,,0,132.6,0,76,0,0,0,192.6,0,0,0
1901-05,16.1,0,0,東京都,東京,,0,149.3,0,78,0,0,0,191.4,0,0,0
1901-06,20.6,0,0,東京都,東京,,0,172.1,0,82,0,0,0,145.7,0,0,0
1901-07,22.1,0,0,東京都,東京,,0,229.0,0,88,0,0,0,122.5,0,0,0
1901-08,25.1,0,0,東京都,東京,,0,53.8,0,82,0,0,0,230.4,0,0,0
1901-09,22.3,0,0,東京都,東京,,0,130.8,0,80,0,0,0,169.5,0,0,0
1901-10,16.8,0,0,東京都,東京,,0,311.1,0,83,0,0,0,128.6,0,0,0
1901-11,10.2,0,0,東京都,東京,,0,63.6,0,74,0,0,0,191.8,0,0,0
1901-12,4.5,0,0,東京都,東京,,0,110.8,0,65,0,0,0,215.1,0,0,0
1902-01,2.4,0,0,東京都,東京,,0,33.4,0,59,0,0,0,241.7,0,0,0
1902-02,3.8,0,0,東京都,東京,,0,20.9,0,61,0,0,0,201.0,0,0,0
1902-03,8.4,0,0,東京都,東京,,0,92.4,0,71,0,0,0,184.4,0,0,0
1902-04,11.6,0,0,東京都,東京,,0,140.3,0,68,0,0,0,194.2,0,0,0
1902-05,16.3,0,0,東京都,東京,,0,222.7,0,78,0,0,0,181.7,0,0,0
1902-06,19.8,0,0,東京都,東京,,0,204.7,0,82,0,0,0,181.4,0,0,0
1902-07,21.8,0,0,東京都,東京,,0,159.6,0,87,0,0,0,130.6,0,0,0
1902-08,22.9,0,0,東京都,東京,,0,310.3,0,87,0,0,0,123.1,0,0,0
1902-09,22.6,0,0,東京都,東京,,0,244.2,0,85,0,0,0,126.9,0,0,0
1902-10,16.6,0,0,東京都,東京,,0,104.7,0,79,0,0,0,154.8,0,0,0
1902-11,11.5,0,0,東京都,東京,,0,105.1,0,78,0,0,0,160.1,0,0,0
1902-12,7.1,0,0,東京都,東京,,0,115.4,0,71,0,0,0,154.5,0,0,0
1903-01,4.6,0,0,東京都,東京,,0,122.4,0,72,0,0,0,156.9,0,0,0
1903-02,4.1,0,0,東京都,東京,,0,80.0,0,65,0,0,0,176.6,0,0,0
1903-03,7.7,0,0,東京都,東京,,0,165.9,0,74,0,0,0,146.4,0,0,0
1903-04,12.7,0,0,東京都,東京,,0,155.5,0,78,0,0,0,145.1,0,0,0
1903-05,15.9,0,0,東京都,東京,,0,159.0,0,75,0,0,0,184.7,0,0,0
1903-06,19.7,0,0,東京都,東京,,0,145.4,0,78,0,0,0,192.1,0,0,0
1903-07,23.2,0,0,東京都,東京,,0,286.8,0,86,0,0,0,154.3,0,0,0
1903-08,25.7,0,0,東京都,東京,,0,22.6,0,80,0,0,0,259.3,0,0,0
1903-09,22.3,0,0,東京都,東京,,0,284.4,0,84,0,0,0,127.5,0,0,0
1903-10,15.2,0,0,東京都,東京,,0,294.7,0,84,0,0,0,119.6,0,0,0
1903-11,9.1,0,0,東京都,東京,,0,130.0,0,87,0,0,0,163.3,0,0,0
1903-12,4.1,0,0,東京都,東京,,0,65.5,0,66,0,0,0,207.9,0,0,0
1904-01,1.9,0,0,東京都,東京,,0,7.0,0,59,0,0,0,200.7,0,0,0
1904-02,4.3,0,0,東京都,東京,,0,67.7,0,72,0,0,0,156.7,0,0,0
1904-03,6.1,0,0,東京都,東京,,0,101.5,0,71,0,0,0,144.2,0,0,0
1904-04,13.2,0,0,東京都,東京,,0,97.3,0,78,0,0,0,151.5,0,0,0
1904-05,15.7,0,0,東京都,東京,,0,142.4,0,78,0,0,0,159.2,0,0,0
1904-06,21.8,0,0,東京都,東京,,0,91.6,0,83,0,0,0,196.4,0,0,0
1904-07,24.8,0,0,東京都,東京,,0,239.4,0,84,0,0,0,211.2,0,0,0
1904-08,25.1,0,0,東京都,東京,,0,74.7,0,78,0,0,0,269.0,0,0,0
1904-09,21.2,0,0,東京都,東京,,0,200.5,0,81,0,0,0,176.2,0,0,0
1904-10,16.4,0,0,東京都,東京,,0,248.8,0,81,0,0,0,126.4,0,0,0
1904-11,9.1,0,0,東京都,東京,,0,14.5,0,70,0,0,0,217.3,0,0,0
1904-12,5.3,0,0,東京都,東京,,0,96.4,0,70,0,0,0,185.4,0,0,0
1905-01,4.3,0,0,東京都,東京,,0,59.8,0,69,0,0,0,178.8,0,0,0
1905-02,2.7,0,0,東京都,東京,,0,47.6,0,56,0,0,0,207.8,0,0,0
1905-03,5.6,0,0,東京都,東京,,0,97.9,0,70,0,0,0,184.9,0,0,0
1905-04,10.9,0,0,東京都,東京,,0,152.2,0,74,0,0,0,151.8,0,0,0
1905-05,16.9,0,0,東京都,東京,,0,131.0,0,77,0,0,0,177.2,0,0,0
1905-06,20.8,0,0,東京都,東京,,0,237.4,0,87,0,0,0,89.9,0,0,0
1905-07,23.3,0,0,東京都,東京,,0,94.2,0,84,0,0,0,154.9,0,0,0
1905-08,22.2,0,0,東京都,東京,,0,202.5,0,85,0,0,0,113.9,0,0,0
1905-09,21.9,0,0,東京都,東京,,0,83.5,0,82,0,0,0,167.2,0,0,0
1905-10,16.2,0,0,東京都,東京,,0,70.5,0,79,0,0,0,159.2,0,0,0
1905-11,10.3,0,0,東京都,東京,,0,66.8,0,75,0,0,0,170.1,0,0,0
1905-12,6.8,0,0,東京都,東京,,0,86.7,0,76,0,0,0,133.7,0,0,0
1906-01,2.2,0,0,東京都,東京,,0,62.5,0,58,0,0,0,216.8,0,0,0
1906-02,2.6,0,0,東京都,東京,,0,166.7,0,67,0,0,0,147.2,0,0,0
1906-03,7.3,0,0,東京都,東京,,0,61.5,0,64,0,0,0,205.0,0,0,0
1906-04,12.9,0,0,東京都,東京,,0,43.5,0,70,0,0,0,211.5,0,0,0
1906-05,16.3,0,0,東京都,東京,,0,80.6,0,73,0,0,0,231.9,0,0,0
1906-06,18.4,0,0,東京都,東京,,0,165.3,0,80,0,0,0,127.8,0,0,0
1906-07,23.5,0,0,東京都,東京,,0,154.9,0,86,0,0,0,133.8,0,0,0
1906-08,24.5,0,0,東京都,東京,,0,253.5,0,82,0,0,0,179.0,0,0,0
1906-09,19.7,0,0,東京都,東京,,0,226.4,0,84,0,0,0,84.2,0,0,0
1906-10,15.1,0,0,東京都,東京,,0,220.5,0,79,0,0,0,146.4,0,0,0
1906-11,9.3,0,0,東京都,東京,,0,61.7,0,70,0,0,0,153.4,0,0,0
1906-12,5.9,0,0,東京都,東京,,0,22.4,0,64,0,0,0,191.9,0,0,0
1907-01,4.0,0,0,東京都,東京,,0,47.1,0,69,0,0,0,136.4,0,0,0
1907-02,2.9,0,0,東京都,東京,,0,4.4,0,57,0,0,0,192.6,0,0,0
1907-03,5.6,0,0,東京都,東京,,0,144.1,0,67,0,0,0,152.0,0,0,0
1907-04,12.4,0,0,東京都,東京,,0,143.8,0,70,0,0,0,189.4,0,0,0
1907-05,17.1,0,0,東京都,東京,,0,168.1,0,74,0,0,0,236.0,0,0,0
1907-06,19.2,0,0,東京都,東京,,0,169.8,0,80,0,0,0,154.9,0,0,0
1907-07,22.7,0,0,東京都,東京,,0,102.9,0,84,0,0,0,187.7,0,0,0
1907-08,25.8,0,0,東京都,東京,,0,219.0,0,84,0,0,0,196.4,0,0,0
1907-09,21.3,0,0,東京都,東京,,0,265.9,0,83,0,0,0,159.9,0,0,0
1907-10,15.2,0,0,東京都,東京,,0,226.2,0,76,0,0,0,202.4,0,0,0
1907-11,11.2,0,0,東京都,東京,,0,127.6,0,79,0,0,0,124.9,0,0,0
1907-12,4.5,0,0,東京都,東京,,0,21.5,0,59,0,0,0,207.1,0,0,0
1908-01,3.2,0,0,東京都,東京,,0,28.3,0,61,0,0,0,194.7,0,0,0
1908-02,3.4,0,0,東京都,東京,,0,35.6,0,57,0,0,0,187.9,0,0,0
1908-03,6.2,0,0,東京都,東京,,0,137.0,0,68,0,0,0,150.9,0,0,0
1908-04,12.3,0,0,東京都,東京,,0,185.3,0,76,0,0,0,173.1,0,0,0
1908-05,16.1,0,0,東京都,東京,,0,147.8,0,77,0,0,0,217.6,0,0,0
1908-06,20.9,0,0,東京都,東京,,0,219.0,0,82,0,0,0,168.8,0,0,0
1908-07,22.1,0,0,東京都,東京,,0,152.8,0,83,0,0,0,146.1,0,0,0
1908-08,25.4,0,0,東京都,東京,,0,223.6,0,84,0,0,0,227.0,0,0,0
1908-09,19.4,0,0,東京都,東京,,0,370.6,0,82,0,0,0,118.8,0,0,0
1908-10,16.1,0,0,東京都,東京,,0,116.5,0,77,0,0,0,153.8,0,0,0
1908-11,9.1,0,0,東京都,東京,,0,14.8,0,66,0,0,0,218.1,0,0,0
1908-12,4.6,0,0,東京都,東京,,0,60.8,0,64,0,0,0,195.9,0,0,0
1909-01,2.1,0,0,東京都,東京,,0,103.9,0,68,0,0,0,148.2,0,0,0
1909-02,3.1,0,0,東京都,東京,,0,32.0,0,57,0,0,0,194.5,0,0,0
1909-03,6.3,0,0,東京都,東京,,0,196.6,0,73,0,0,0,136.9,0,0,0
1909-04,13.6,0,0,東京都,東京,,0,140.3,0,73,0,0,0,215.5,0,0,0
1909-05,16.9,0,0,東京都,東京,,0,178.1,0,76,0,0,0,208.3,0,0,0
1909-06,20.2,0,0,東京都,東京,,0,172.6,0,83,0,0,0,103.8,0,0,0
1909-07,24.3,0,0,東京都,東京,,0,118.3,0,83,0,0,0,197.8,0,0,0
1909-08,25.2,0,0,東京都,東京,,0,92.2,0,80,0,0,0,212.2,0,0,0
1909-09,21.8,0,0,東京都,東京,,0,346.5,0,83,0,0,0,130.9,0,0,0
1909-10,14.8,0,0,東京都,東京,,0,57.8,0,76,0,0,0,149.0,0,0,0
1909-11,10.0,0,0,東京都,東京,,0,72.6,0,71,0,0,0,178.8,0,0,0
1909-12,4.6,0,0,東京都,東京,,0,0.8,0,63,0,0,0,209.0,0,0,0
1910-01,4.2,0,0,東京都,東京,,0,119.8,0,75,0,0,0,111.7,0,0,0
1910-02,2.9,0,0,東京都,東京,,0,45.1,0,52,0,0,0,206.5,0,0,0
1910-03,6.1,0,0,東京都,東京,,0,70.2,0,59,0,0,0,184.5,0,0,0
1910-04,12.3,0,0,東京都,東京,,0,79.3,0,71,0,0,0,197.3,0,0,0
1910-05,16.8,0,0,東京都,東京,,0,176.2,0,75,0,0,0,171.0,0,0,0
1910-06,20.7,0,0,東京都,東京,,0,112.6,0,84,0,0,0,127.3,0,0,0
1910-07,23.0,0,0,東京都,東京,,0,147.2,0,86,0,0,0,110.3,0,0,0
1910-08,24.1,0,0,東京都,東京,,0,419.9,0,85,0,0,0,139.3,0,0,0
1910-09,20.9,0,0,東京都,東京,,0,201.4,0,84,0,0,0,107.7,0,0,0
1910-10,16.1,0,0,東京都,東京,,0,307.9,0,83,0,0,0,108.6,0,0,0
1910-11,10.4,0,0,東京都,東京,,0,46.9,0,72,0,0,0,189.4,0,0,0
1910-12,4.3,0,0,東京都,東京,,0,24.2,0,66,0,0,0,194.0,0,0,0
1911-01,2.5,0,0,東京都,東京,,0,97.5,0,65,0,0,0,166.1,0,0,0
1911-02,5.2,0,0,東京都,東京,,0,30.7,0,62,0,0,0,169.3,0,0,0
1911-03,8.2,0,0,東京都,東京,,0,117.6,0,70,0,0,0,152.3,0,0,0
1911-04,13.8,0,0,東京都,東京,,0,130.1,0,69,0,0,0,211.2,0,0,0
1911-05,16.2,0,0,東京都,東京,,0,101.2,0,74,0,0,0,222.1,0,0,0
1911-06,20.8,0,0,東京都,東京,,0,274.5,0,82,0,0,0,130.8,0,0,0
1911-07,24.5,0,0,東京都,東京,,0,304.6,0,83,0,0,0,172.0,0,0,0
1911-08,25.6,0,0,東京都,東京,,0,400.5,0,83,0,0,0,201.7,0,0,0
1911-09,22.6,0,0,東京都,東京,,0,173.5,0,83,0,0,0,146.5,0,0,0
1911-10,15.8,0,0,東京都,東京,,0,150.8,0,77,0,0,0,136.5,0,0,0
1911-11,12.8,0,0,東京都,東京,,0,53.7,0,72,0,0,0,173.8,0,0,0
1911-12,5.0,0,0,東京都,東京,,0,32.2,0,66,0,0,0,172.9,0,0,0
1912-01,3.0,0,0,東京都,東京,,0,49.9,0,58,0,0,0,219.2,0,0,0
1912-02,6.2,0,0,東京都,東京,,0,120.1,0,66,0,0,0,174.6,0,0,0
1912-03,8.1,0,0,東京都,東京,,0,115.6,0,67,0,0,0,166.5,0,0,0
1912-04,13.0,0,0,東京都,東京,,0,142.0,0,69,0,0,0,216.8,0,0,0
1912-05,16.7,0,0,東京都,東京,,0,106.1,0,75,0,0,0,210.6,0,0,0
1912-06,20.1,0,0,東京都,東京,,0,264.1,0,83,0,0,0,162.8,0,0,0
1912-07,24.3,0,0,東京都,東京,,0,152.7,0,84,0,0,0,172.7,0,0,0
1912-08,25.2,0,0,東京都,東京,,0,67.9,0,81,0,0,0,223.7,0,0,0
1912-09,20.2,0,0,東京都,東京,,0,400.7,0,83,0,0,0,78.4,0,0,0
1912-10,15.9,0,0,東京都,東京,,0,107.5,0,79,0,0,0,140.2,0,0,0
1912-11,9.4,0,0,東京都,東京,,0,106.1,0,74,0,0,0,128.5,0,0,0
1912-12,4.7,0,0,東京都,東京,,0,101.6,0,72,0,0,0,133.3,0,0,0
1913-01,1.9,0,0,東京都,東京,,0,61.1,0,63,0,0,0,205.7,0,0,0
1913-02,4.5,0,0,東京都,東京,,0,82.5,0,61,0,0,0,153.1,0,0,0
1913-03,6.2,0,0,東京都,東京,,0,45.1,0,59,0,0,0,216.5,0,0,0
1913-04,13.6,0,0,東京都,東京,,0,68.0,0,75,0,0,0,158.5,0,0,0
1913-05,16.1,0,0,東京都,東京,,0,187.0,0,73,0,0,0,224.8,0,0,0
1913-06,20.3,0,0,東京都,東京,,0,149.4,0,79,0,0,0,156.0,0,0,0
1913-07,23.3,0,0,東京都,東京,,0,88.3,0,84,0,0,0,156.0,0,0,0
1913-08,23.8,0,0,東京都,東京,,0,252.2,0,79,0,0,0,211.2,0,0,0
1913-09,20.0,0,0,東京都,東京,,0,262.3,0,83,0,0,0,138.1,0,0,0
1913-10,15.6,0,0,東京都,東京,,0,244.9,0,81,0,0,0,120.1,0,0,0
1913-11,10.0,0,0,東京都,東京,,0,106.8,0,71,0,0,0,152.1,0,0,0
1913-12,5.2,0,0,東京都,東京,,0,49.4,0,69,0,0,0,201.7,0,0,0
1914-01,4.3,0,0,東京都,東京,,0,23.5,0,61,0,0,0,223.7,0,0,0
1914-02,3.5,0,0,東京都,東京,,0,64.9,0,66,0,0,0,165.6,0,0,0
1914-03,8.8,0,0,東京都,東京,,0,197.0,0,75,0,0,0,148.4,0,0,0
1914-04,11.8,0,0,東京都,東京,,0,178.2,0,68,0,0,0,209.4,0,0,0
1914-05,17.8,0,0,東京都,東京,,0,193.7,0,77,0,0,0,186.7,0,0,0
1914-06,21.5,0,0,東京都,東京,,0,124.7,0,81,0,0,0,172.7,0,0,0
1914-07,25.5,0,0,東京都,東京,,0,26.0,0,78,0,0,0,218.7,0,0,0
1914-08,26.4,0,0,東京都,東京,,0,278.0,0,78,0,0,0,263.2,0,0,0
1914-09,22.5,0,0,東京都,東京,,0,355.4,0,82,0,0,0,169.9,0,0,0
1914-10,16.1,0,0,東京都,東京,,0,151.8,0,76,0,0,0,210.3,0,0,0
1914-11,11.9,0,0,東京都,東京,,0,54.0,0,77,0,0,0,152.6,0,0,0
1914-12,5.8,0,0,東京都,東京,,0,47.2,0,69,0,0,0,193.7,0,0,0
1915-01,3.3,0,0,東京都,東京,,0,94.0,0,66,0,0,0,169.2,0,0,0
1915-02,4.1,0,0,東京都,東京,,0,141.2,0,67,0,0,0,130.8,0,0,0
1915-03,6.6,0,0,東京都,東京,,0,106.3,0,63,0,0,0,217.8,0,0,0
1915-04,11.6,0,0,東京都,東京,,0,211.1,0,76,0,0,0,134.2,0,0,0
1915-05,15.9,0,0,東京都,東京,,0,153.8,0,76,0,0,0,212.8,0,0,0
1915-06,21.9,0,0,東京都,東京,,0,241.6,0,84,0,0,0,169.9,0,0,0
1915-07,24.2,0,0,東京都,東京,,0,19.5,0,80,0,0,0,221.3,0,0,0
1915-08,25.7,0,0,東京都,東京,,0,326.1,0,84,0,0,0,138.5,0,0,0
1915-09,22.7,0,0,東京都,東京,,0,213.0,0,84,0,0,0,132.7,0,0,0
1915-10,17.6,0,0,東京都,東京,,0,317.4,0,80,0,0,0,126.4,0,0,0
1915-11,11.1,0,0,東京都,東京,,0,84.8,0,78,0,0,0,147.9,0,0,0
1915-12,5.6,0,0,東京都,東京,,0,17.9,0,65,0,0,0,206.3,0,0,0
1916-01,5.1,0,0,東京都,東京,,0,27.5,0,65,0,0,0,194.1,0,0,0
1916-02,4.1,0,0,東京都,東京,,0,139.0,0,68,0,0,0,155.4,0,0,0
1916-03,5.8,0,0,東京都,東京,,0,61.1,0,65,0,0,0,178.6,0,2,0
1916-04,12.7,0,0,東京都,東京,,0,113.8,0,72,0,0,0,157.3,0,0,0
1916-05,16.9,0,0,東京都,東京,,0,135.2,0,78,0,0,0,188.6,0,2,0
1916-06,22.7,0,0,東京都,東京,,0,141.1,0,80,0,0,0,201.6,0,0,0
1916-07,23.9,0,0,東京都,東京,,0,319.2,0,84,0,0,0,160.4,0,2,0
1916-08,25.0,0,0,東京都,東京,,0,202.8,0,83,0,0,0,163.4,0,4,0
1916-09,23.7,0,0,東京都,東京,,0,170.6,0,83,0,0,0,170.9,0,4,0
1916-10,15.8,0,0,東京都,東京,,0,301.5,0,84,0,0,0,87.5,0,0,0
1916-11,11.3,0,0,東京都,東京,,0,267.9,0,81,0,0,0,134.5,0,0,0
1916-12,6.8,0,0,東京都,東京,,0,51.1,0,71,0,0,0,157.5,0,0,0
1917-01,2.3,0,0,東京都,東京,,0,33.0,0,59,0,0,0,213.9,0,0,0
1917-02,4.5,0,0,東京都,東京,,0,15.5,0,56,0,0,0,202.3,0,0,0
1917-03,6.5,0,0,東京都,東京,,0,170.2,0,66,0,0,0,187.4,0,1,0
1917-04,12.7,0,0,東京都,東京,,0,80.5,0,69,0,0,0,210.9,0,1,0
1917-05,15.8,0,0,東京都,東京,,0,72.3,0,73,0,0,0,238.3,0,3,0
1917-06,19.6,0,0,東京都,東京,,0,177.4,0,82,0,0,0,152.0,0,1,0
1917-07,25.7,0,0,東京都,東京,,0,17.0,0,79,0,0,0,240.7,0,2,0
1917-08,25.0,0,0,東京都,東京,,0,45.3,0,80,0,0,0,186.8,0,3,0
1917-09,22.0,0,0,東京都,東京,,0,255.4,0,87,0,0,0,85.3,0,1,0
1917-10,16.8,0,0,東京都,東京,,0,355.2,0,82,0,0,0,112.2,0,0,0
1917-11,8.7,0,0,東京都,東京,,0,81.7,0,69,0,0,0,184.9,0,0,0
1917-12,4.0,0,0,東京都,東京,,0,4.4,0,59,0,0,0,231.0,0,0,0
1918-01,1.6,0,0,東京都,東京,,0,10.0,0,55,0,0,0,219.2,0,0,0
1918-02,3.6,0,0,東京都,東京,,0,64.9,0,62,0,0,0,168.1,0,0,0
1918-03,6.7,0,0,東京都,東京,,0,162.9,0,65,0,0,0,202.1,0,1,0
1918-04,11.7,0,0,東京都,東京,,0,107.9,0,73,0,0,0,168.9,0,0,0
1918-05,16.7,0,0,東京都,東京,,0,123.2,0,76,0,0,0,207.9,0,2,0
1918-06,20.1,0,0,東京都,東京,,0,148.8,0,84,0,0,0,119.3,0,0,0
1918-07,26.0,0,0,東京都,東京,,0,82.2,0,82,0,0,0,270.0,0,1,0
1918-08,26.1,0,0,東京都,東京,,0,78.1,0,80,0,0,0,243.4,0,4,0
1918-09,22.6,0,0,東京都,東京,,0,202.5,0,81,0,0,0,185.3,0,2,0
1918-10,16.0,0,0,東京都,東京,,0,134.8,0,83,0,0,0,105.4,0,0,0
1918-11,10.4,0,0,東京都,東京,,0,141.6,0,75,0,0,0,159.2,0,0,0
1918-12,3.9,0,0,東京都,東京,,0,79.6,0,71,0,0,0,158.2,0,0,0
1919-01,2.8,0,0,東京都,東京,,0,85.1,0,64,0,0,0,147.5,0,0,0
1919-02,3.7,0,0,東京都,東京,,0,142.4,0,69,0,0,0,159.5,0,1,0
1919-03,8.3,0,0,東京都,東京,,0,93.0,0,65,0,0,0,190.3,0,1,0
1919-04,13.4,0,0,東京都,東京,,0,53.5,0,68,0,0,0,214.2,0,1,0
1919-05,16.2,0,0,東京都,東京,,0,90.8,0,74,0,0,0,224.4,0,1,0
1919-06,19.8,0,0,東京都,東京,,0,118.6,0,80,0,0,0,151.4,0,2,0
1919-07,23.6,0,0,東京都,東京,,0,177.5,0,82,0,0,0,189.2,0,1,0
1919-08,25.0,0,0,東京都,東京,,0,95.5,0,80,0,0,0,214.0,0,0,0
1919-09,22.7,0,0,東京都,東京,,0,248.4,0,81,0,0,0,165.7,0,3,0
1919-10,16.4,0,0,東京都,東京,,0,162.8,0,82,0,0,0,140.6,0,1,0
1919-11,11.4,0,0,東京都,東京,,0,178.4,0,81,0,0,0,101.6,0,0,0
1919-12,5.3,0,0,東京都,東京,,0,88.2,0,65,0,0,0,194.6,0,0,0
1920-01,4.1,0,0,東京都,東京,,0,62.6,0,63,0,0,0,223.5,0,0,0
1920-02,2.6,0,0,東京都,東京,,0,111.4,0,65,0,0,0,148.7,0,0,0
1920-03,6.6,0,0,東京都,東京,,0,128.3,0,71,0,0,0,157.1,0,0,0
1920-04,12.6,0,0,東京都,東京,,0,194.5,0,73,0,0,0,191.2,0,1,0
1920-05,16.8,0,0,東京都,東京,,0,259.6,0,80,0,0,0,162.4,0,5,0
1920-06,20.3,0,0,東京都,東京,,0,218.9,0,82,0,0,0,134.6,0,1,0
1920-07,26.1,0,0,東京都,東京,,0,117.9,0,79,0,0,0,269.1,0,8,0
1920-08,25.7,0,0,東京都,東京,,0,325.1,0,84,0,0,0,207.3,0,5,0
1920-09,21.4,0,0,東京都,東京,,0,369.8,0,81,0,0,0,153.8,0,1,0
1920-10,16.4,0,0,東京都,東京,,0,240.9,0,78,0,0,0,168.7,0,2,0
1920-11,12.0,0,0,東京都,東京,,0,65.9,0,75,0,0,0,169.7,0,0,0
1920-12,5.2,0,0,東京都,東京,,0,98.8,0,66,0,0,0,185.5,0,0,0
1921-01,4.0,0,0,東京都,東京,,0,56.5,0,64,0,0,0,202.0,0,0,0
1921-02,3.5,0,0,東京都,東京,,0,86.2,0,59,0,0,0,207.1,0,0,0
1921-03,6.2,0,0,東京都,東京,,0,99.3,0,59,0,0,0,209.1,0,1,0
1921-04,13.8,0,0,東京都,東京,,0,136.8,0,73,0,0,0,174.8,0,0,0
1921-05,16.4,0,0,東京都,東京,,0,269.4,0,78,0,0,0,180.0,0,2,0
1921-06,18.8,0,0,東京都,東京,,0,206.5,0,83,0,0,0,109.1,0,0,0
1921-07,24.3,0,0,東京都,東京,,0,209.0,0,83,0,0,0,201.1,0,2,0
1921-08,25.3,0,0,東京都,東京,,0,154.7,0,84,0,0,0,211.0,0,2,0
1921-09,21.3,0,0,東京都,東京,,0,448.8,0,86,0,0,0,118.4,0,4,0
1921-10,15.4,0,0,東京都,東京,,0,306.4,0,82,0,0,0,138.9,0,1,0
1921-11,9.3,0,0,東京都,東京,,0,4.6,0,67,0,0,0,232.2,0,1,0
1921-12,5.0,0,0,東京都,東京,,0,47.0,0,64,0,0,0,185.5,0,0,0
1922-01,0.6,0,0,東京都,東京,,0,60.5,0,60,0,0,0,194.1,0,0,0
1922-02,7.0,0,0,東京都,東京,,0,226.9,0,71,0,0,0,157.6,0,0,0
1922-03,6.6,0,0,東京都,東京,,0,104.7,0,63,0,0,0,236.7,0,2,0
1922-04,13.3,0,0,東京都,東京,,0,180.1,0,71,0,0,0,209.0,0,1,0
1922-05,16.8,0,0,東京都,東京,,0,96.7,0,77,0,0,0,186.9,0,0,0
1922-06,21.7,0,0,東京都,東京,,0,139.9,0,78,0,0,0,230.8,0,0,0
1922-07,25.0,0,0,東京都,東京,,0,115.3,0,82,0,0,0,177.4,0,4,0
1922-08,27.3,0,0,東京都,東京,,0,199.3,0,80,0,0,0,263.6,0,1,0
1922-09,23.4,0,0,東京都,東京,,0,45.1,0,79,0,0,0,185.0,0,0,0
1922-10,16.8,0,0,東京都,東京,,0,168.9,0,77,0,0,0,197.7,0,1,0
1922-11,10.8,0,0,東京都,東京,,0,63.6,0,74,0,0,0,159.9,0,1,0
1922-12,4.0,0,0,東京都,東京,,0,10.2,0,58,0,0,0,224.4,0,0,0
1923-01,1.7,0,0,東京都,東京,,0,64.2,0,65,0,0,0,183.7,0,1,0
1923-02,3.0,0,0,東京都,東京,,0,119.8,0,68,0,0,0,118.5,0,0,0
1923-03,7.9,0,0,東京都,東京,,0,107.5,0,70,0,0,0,189.2,0,0,0
1923-04,12.0,0,0,東京都,東京,,0,116.1,0,74,0,0,0,155.1,0,0,0
1923-05,16.8,0,0,東京都,東京,,0,192.4,0,81,0,0,0,127.5,0,1,0
1923-06,20.4,0,0,東京都,東京,,0,280.9,0,83,0,0,0,121.0,0,0,0
1923-07,24.0,0,0,東京都,東京,,0,168.2,0,84,0,0,0,139.0,0,1,0
1923-08,27.2,0,0,東京都,東京,,0,42.2,0,79,0,0,0,232.3,0,8,0
1923-09,23.4,0,0,東京都,東京,,0,259.4,0,80,0,0,0,133.2,0,2,0
1923-10,16.8,0,0,東京都,東京,,0,164.0,0,81,0,0,0,147.2,0,1,0
1923-11,12.0,0,0,東京都,東京,,0,138.1,0,75,0,0,0,150.9,0,0,0
1923-12,5.6,0,0,東京都,東京,,0,44.6,0,76,0,0,0,156.1,0,1,0
1924-01,2.7,0,0,東京都,東京,,0,8.7,0,66,0,0,0,201.6,0,0,0
1924-02,4.5,0,0,東京都,東京,,0,68.4,0,64,0,0,0,177.7,0,0,0
1924-03,5.0,0,0,東京都,東京,,0,64.2,0,59,0,0,0,220.0,0,1,0
1924-04,14.7,0,0,東京都,東京,,0,170.8,0,75,0,0,0,165.1,0,0,0
1924-05,16.9,0,0,東京都,東京,,0,168.3,0,72,0,0,0,212.6,0,2,0
1924-06,19.4,0,0,東京都,東京,,0,114.2,0,81,0,0,0,125.9,0,2,0
1924-07,26.1,0,0,東京都,東京,,0,12.9,0,78,0,0,0,258.6,0,1,0
1924-08,26.2,0,0,東京都,東京,,0,185.9,0,78,0,0,0,213.4,0,2,0
1924-09,21.8,0,0,東京都,東京,,0,363.2,0,80,0,0,0,140.1,0,2,0
1924-10,15.4,0,0,東京都,東京,,0,260.8,0,78,0,0,0,127.1,0,1,0
1924-11,9.9,0,0,東京都,東京,,0,28.4,0,70,0,0,0,201.8,0,0,0
1924-12,5.2,0,0,東京都,東京,,0,29.5,0,67,0,0,0,165.5,0,0,0
1925-01,2.9,0,0,東京都,東京,,0,43.1,0,63,0,0,0,184.1,0,0,0
1925-02,2.4,0,0,東京都,東京,,0,53.5,0,64,0,0,0,157.9,0,0,0
1925-03,6.2,0,0,東京都,東京,,0,33.0,0,58,0,0,0,229.2,0,0,0
1925-04,11.9,0,0,東京都,東京,,0,131.6,0,70,0,0,0,167.3,0,0,0
1925-05,16.1,0,0,東京都,東京,,0,109.0,0,77,0,0,0,180.9,0,0,0
1925-06,20.1,0,0,東京都,東京,,0,105.3,0,80,0,0,0,143.7,0,1,0
1925-07,23.2,0,0,東京都,東京,,0,128.5,0,82,0,0,0,195.7,0,1,0
1925-08,25.7,0,0,東京都,東京,,0,360.5,0,85,0,0,0,196.1,0,1,0
1925-09,22.9,0,0,東京都,東京,,0,359.4,0,85,0,0,0,160.8,0,0,0
1925-10,16.3,0,0,東京都,東京,,0,239.6,0,81,0,0,0,132.6,0,0,0
1925-11,11.4,0,0,東京都,東京,,0,100.7,0,75,0,0,0,155.5,0,0,0
1925-12,6.8,0,0,東京都,東京,,0,48.3,0,71,0,0,0,199.0,0,0,0
1926-01,3.1,0,0,東京都,東京,,0,7.3,0,62,0,0,0,191.2,0,0,0
1926-02,4.6,0,0,東京都,東京,,0,50.0,0,62,0,0,0,167.7,0,0,0
1926-03,6.3,0,0,東京都,東京,,0,70.6,0,66,0,0,0,195.8,0,0,0
1926-04,11.1,0,0,東京都,東京,,0,101.4,0,66,0,0,0,220.9,0,1,0
1926-05,16.3,0,0,東京都,東京,,0,235.5,0,77,0,0,0,168.8,0,1,0
1926-06,19.0,0,0,東京都,東京,,0,134.4,0,77,0,0,0,196.1,0,1,0
1926-07,24.6,0,0,東京都,東京,,0,60.8,0,78,0,0,0,202.2,0,2,0
1926-08,26.3,0,0,東京都,東京,,0,84.2,0,78,0,0,0,201.0,0,2,0
1926-09,23.2,0,0,東京都,東京,,0,182.4,0,79,0,0,0,140.6,0,2,0
1926-10,15.0,0,0,東京都,東京,,0,95.2,0,73,0,0,0,173.8,0,0,0
1926-11,9.8,0,0,東京都,東京,,0,41.3,0,64,0,0,0,195.8,0,0,0
1926-12,4.1,0,0,東京都,東京,,0,113.7,0,68,0,0,0,159.7,0,1,0
1927-01,2.7,0,0,東京都,東京,,0,20.3,0,62,0,0,0,188.7,0,0,0
1927-02,2.1,0,0,東京都,東京,,0,42.7,0,64,0,0,0,153.9,0,0,0
1927-03,6.3,0,0,東京都,東京,,0,207.0,0,68,0,0,0,167.6,0,0,0
1927-04,13.5,0,0,東京都,東京,,0,112.3,0,73,0,0,0,194.8,0,1,0
1927-05,17.1,0,0,東京都,東京,,0,194.8,0,74,0,0,0,221.9,0,2,0
1927-06,20.5,0,0,東京都,東京,,0,120.8,0,78,0,0,0,183.9,0,0,0
1927-07,26.0,0,0,東京都,東京,,0,116.7,0,81,0,0,0,203.7,0,4,0
1927-08,26.6,0,0,東京都,東京,,0,107.3,0,78,0,0,0,224.4,0,6,0
1927-09,21.2,0,0,東京都,東京,,0,345.0,0,82,0,0,0,124.8,0,2,0
1927-10,16.7,0,0,東京都,東京,,0,80.1,0,78,0,0,0,150.2,0,0,0
1927-11,11.2,0,0,東京都,東京,,0,71.5,0,75,0,0,0,171.0,0,1,0
1927-12,5.5,0,0,東京都,東京,,0,26.4,0,71,0,0,0,160.3,0,0,0
1928-01,3.6,0,0,東京都,東京,,0,71.7,0,67,0,0,0,163.8,0,0,0
1928-02,3.3,0,0,東京都,東京,,0,91.0,0,62,0,0,0,202.4,0,0,0
1928-03,6.9,0,0,東京都,東京,,0,158.2,0,66,0,0,0,199.7,0,1,0
1928-04,12.5,0,0,東京都,東京,,0,169.8,0,74,0,0,0,218.8,0,0,0
1928-05,17.8,0,0,東京都,東京,,0,117.9,0,79,0,0,0,184.7,0,1,0
1928-06,20.3,0,0,東京都,東京,,0,320.8,0,84,0,0,0,105.4,0,0,0
1928-07,23.4,0,0,東京都,東京,,0,127.4,0,85,0,0,0,144.4,0,2,0
1928-08,24.1,0,0,東京都,東京,,0,247.3,0,87,0,0,0,115.0,0,3,0
1928-09,23.9,0,0,東京都,東京,,0,83.7,0,82,0,0,0,187.2,0,2,0
1928-10,16.7,0,0,東京都,東京,,0,265.9,0,82,0,0,0,115.6,0,0,0
1928-11,11.7,0,0,東京都,東京,,0,64.1,0,76,0,0,0,128.6,0,0,0
1928-12,5.4,0,0,東京都,東京,,0,32.6,0,65,0,0,0,146.7,0,0,0
1929-01,2.6,0,0,東京都,東京,,0,1.7,0,52,0,0,0,201.2,0,0,0
1929-02,2.9,0,0,東京都,東京,,0,2.9,0,56,0,0,0,208.9,0,0,0
1929-03,7.1,0,0,東京都,東京,,0,50.1,0,51,0,0,0,211.3,0,1,0
1929-04,12.6,0,0,東京都,東京,,0,134.8,0,69,0,0,0,187.7,0,0,0
1929-05,15.9,0,0,東京都,東京,,0,255.3,0,77,0,0,0,146.3,0,3,0
1929-06,20.6,0,0,東京都,東京,,0,115.7,0,76,0,0,0,189.6,0,1,0
1929-07,25.9,0,0,東京都,東京,,0,58.4,0,78,0,0,0,226.8,0,1,0
1929-08,27.1,0,0,東京都,東京,,0,63.6,0,75,0,0,0,240.2,0,3,0
1929-09,20.5,0,0,東京都,東京,,0,544.1,0,82,0,0,0,109.1,0,0,0
1929-10,16.5,0,0,東京都,東京,,0,323.1,0,79,0,0,0,110.5,0,1,0
1929-11,11.0,0,0,東京都,東京,,0,203.7,0,78,0,0,0,103.1,0,0,0
1929-12,8.6,0,0,東京都,東京,,0,155.7,0,74,0,0,0,117.3,0,0,0
1930-01,3.8,0,0,東京都,東京,,0,41.4,0,63,0,0,0,174.2,0,0,0
1930-02,5.4,0,0,東京都,東京,,0,108.3,0,64,0,0,0,150.8,0,0,0
1930-03,8.8,0,0,東京都,東京,,0,162.1,0,72,0,0,0,143.1,0,0,0
1930-04,14.0,0,0,東京都,東京,,0,149.0,0,73,0,0,0,166.1,0,0,0
1930-05,17.7,0,0,東京都,東京,,0,105.2,0,73,0,0,0,186.7,0,0,0
1930-06,21.4,0,0,東京都,東京,,0,123.2,0,79,0,0,0,147.5,0,0,0
1930-07,26.3,0,0,東京都,東京,,0,139.3,0,82,0,0,0,162.6,0,1,0
1930-08,26.8,0,0,東京都,東京,,0,51.5,0,79,0,0,0,211.0,0,0,0
1930-09,21.5,0,0,東京都,東京,,0,191.9,0,77,0,0,0,193.6,0,2,0
1930-10,16.7,0,0,東京都,東京,,0,255.6,0,77,0,0,0,144.0,0,3,0
1930-11,10.3,0,0,東京都,東京,,0,77.7,0,72,0,0,0,170.1,0,0,0
1930-12,5.2,0,0,東京都,東京,,0,71.0,0,73,0,0,0,150.4,0,0,0
1931-01,2.9,0,0,東京都,東京,,0,73.0,0,65,5.4,4.9,0,149.5,7,0,3
1931-02,2.5,0,0,東京都,東京,,0,85.3,0,71,7.5,5.2,0,88.9,12,0,1
1931-03,7.9,0,0,東京都,東京,,0,83.0,0,59,4.9,6.4,0,212.5,0,0,2
1931-04,12.4,0,0,東京都,東京,,0,69.7,0,65,6.7,9.6,0,179.9,0,1,3
1931-05,16.3,0,0,東京都,東京,,0,244.2,0,71,6.3,12.9,0,244.5,0,1,0
1931-06,20.4,0,0,東京都,東京,,0,114.9,0,78,8.3,18.3,0,181.7,0,2,0
1931-07,21.8,0,0,東京都,東京,,0,193.6,0,84,9.0,21.6,0,106.5,0,3,3
1931-08,26.4,0,0,東京都,東京,,0,49.0,0,78,6.4,26.4,0,267.2,0,1,2
1931-09,22.5,0,0,東京都,東京,,0,228.0,0,80,8.2,21.6,0,118.3,0,1,2
1931-10,16.3,0,0,東京都,東京,,0,249.1,0,79,6.8,14.7,0,137.3,0,0,5
1931-11,11.5,0,0,東京都,東京,,0,107.6,0,74,6.7,9.9,0,132.8,1,0,7
1931-12,6.9,0,0,東京都,東京,,0,67.1,0,70,5.8,6.9,0,135.8,2,0,11
1932-01,5.9,0,0,東京都,東京,,0,38.7,0,68,4.1,6.3,0,192.8,1,0,10
1932-02,4.3,0,0,東京都,東京,,0,61.2,0,59,4.8,4.8,0,187.9,4,0,0
1932-03,6.9,0,0,東京都,東京,,0,108.0,0,64,5.7,6.4,0,212.8,3,0,4
1932-04,12.3,0,0,東京都,東京,,0,156.5,0,68,6.4,9.6,0,189.3,0,0,3
1932-05,18.0,0,0,東京都,東京,,0,63.8,0,70,6.2,14.1,0,233.1,0,0,1
1932-06,19.8,0,0,東京都,東京,,0,187.4,0,80,9.0,18.4,0,111.2,0,1,0
1932-07,25.7,0,0,東京都,東京,,0,115.5,0,82,7.4,26.4,0,187.1,0,3,4
1932-08,26.7,0,0,東京都,東京,,0,86.8,0,79,7.0,26.9,0,205.3,0,0,3
1932-09,21.8,0,0,東京都,東京,,0,363.1,0,84,8.4,21.9,0,110.5,0,1,9
1932-10,16.5,0,0,東京都,東京,,0,153.9,0,77,7.7,14.1,0,131.3,0,0,11
1932-11,10.9,0,0,東京都,東京,,0,267.7,0,74,6.1,9.7,0,123.6,1,1,13
1932-12,6.0,0,0,東京都,東京,,0,87.4,0,69,5.0,6.5,0,148.4,0,0,11
1933-01,3.2,0,0,東京都,東京,,0,58.4,0,64,5.9,4.9,0,141.9,7,0,7
1933-02,3.6,0,0,東京都,東京,,0,18.7,0,60,4.9,4.7,0,172.6,6,0,5
1933-03,5.8,0,0,東京都,東京,,0,133.9,0,70,7.3,6.5,0,127.6,5,0,4
1933-04,12.3,0,0,東京都,東京,,0,135.4,0,75,8.3,10.7,0,104.3,0,1,2
1933-05,18.1,0,0,東京都,東京,,0,60.3,0,74,7.0,15.1,0,219.6,0,2,2
1933-06,21.9,0,0,東京都,東京,,0,34.1,0,76,7.7,19.7,0,185.6,0,2,0
1933-07,26.6,0,0,東京都,東京,,0,44.2,0,78,7.9,26.4,0,215.1,0,5,0
1933-08,27.5,0,0,東京都,東京,,0,43.2,0,78,6.6,27.9,0,218.4,0,0,1
1933-09,23.1,0,0,東京都,東京,,0,42.7,0,72,6.1,20.1,0,206.7,0,0,0
1933-10,16.8,0,0,東京都,東京,,0,301.9,0,76,7.1,14.3,0,147.9,0,1,0
1933-11,11.2,0,0,東京都,東京,,0,84.1,0,73,5.7,9.6,0,148.0,0,0,8
1933-12,6.2,0,0,東京都,東京,,0,54.4,0,68,3.6,6.4,0,193.3,0,0,4
1934-01,2.5,0,0,東京都,東京,,0,18.4,0,59,3.3,4.1,0,213.1,3,0,1
1934-02,4.0,0,0,東京都,東京,,0,28.3,0,57,3.5,4.5,0,199.2,2,0,3
1934-03,6.1,0,0,東京都,東京,,0,68.3,0,63,5.4,6.0,0,202.8,5,0,3
1934-04,11.5,0,0,東京都,東京,,0,150.0,0,71,8.1,9.7,0,166.0,0,0,1
1934-05,17.8,0,0,東京都,東京,,0,83.9,0,73,6.6,14.7,0,226.8,0,4,1
1934-06,22.0,0,0,東京都,東京,,0,133.5,0,76,8.2,19.7,0,186.7,0,1,0
1934-07,23.9,0,0,東京都,東京,,0,111.1,0,84,9.0,24.5,0,105.0,0,2,4
1934-08,26.1,0,0,東京都,東京,,0,23.4,0,79,7.8,26.5,0,184.3,0,2,2
1934-09,21.6,0,0,東京都,東京,,0,200.6,0,84,9.1,21.5,0,74.4,0,0,4
1934-10,14.6,0,0,東京都,東京,,0,196.1,0,79,7.5,12.9,0,112.2,0,0,3
1934-11,10.8,0,0,東京都,東京,,0,141.5,0,69,5.7,8.9,0,156.1,0,0,3
1934-12,5.9,0,0,東京都,東京,,0,91.6,0,66,6.3,6.1,0,131.2,3,0,10
1935-01,3.7,0,0,東京都,東京,,0,58.6,0,63,3.8,4.9,0,193.7,2,0,6
1935-02,4.8,0,0,東京都,東京,,0,110.7,0,68,5.9,5.7,0,143.7,2,0,7
1935-03,7.1,0,0,東京都,東京,,0,115.9,0,62,5.6,6.3,0,193.4,4,0,2
1935-04,12.5,0,0,東京都,東京,,0,142.2,0,69,6.6,10.1,0,182.1,1,1,2
1935-05,16.7,0,0,東京都,東京,,0,84.2,0,70,7.8,13.2,0,200.0,0,3,0
1935-06,21.5,0,0,東京都,東京,,0,131.3,0,74,7.4,18.9,0,189.0,0,1,2
1935-07,24.3,0,0,東京都,東京,,0,99.1,0,78,8.3,23.5,0,181.3,0,1,4
1935-08,24.8,0,0,東京都,東京,,0,196.6,0,81,7.5,25.2,0,172.4,0,3,0
1935-09,20.8,0,0,東京都,東京,,0,369.3,0,83,8.6,20.3,0,100.1,0,1,10
1935-10,17.1,0,0,東京都,東京,,0,214.4,0,75,6.3,14.5,0,163.0,0,2,3
1935-11,10.7,0,0,東京都,東京,,0,74.7,0,71,6.3,8.9,0,146.2,0,0,4
1935-12,5.5,0,0,東京都,東京,,0,59.8,0,69,5.4,6.1,0,141.0,3,2,7
1936-01,2.0,0,0,東京都,東京,,0,32.1,0,57,3.8,4.0,0,212.6,4,0,7
1936-02,2.5,0,0,東京都,東京,,0,129.0,0,60,6.3,4.3,0,158.5,9,0,3
1936-03,6.1,0,0,東京都,東京,,0,41.4,0,63,6.0,6.1,0,201.3,5,0,4
1936-04,12.0,0,0,東京都,東京,,0,198.9,0,68,7.4,9.6,0,154.1,0,1,1
1936-05,16.4,0,0,東京都,東京,,0,169.1,0,75,7.7,13.7,0,156.2,0,0,2
1936-06,21.4,0,0,東京都,東京,,0,120.4,0,78,7.1,19.7,0,202.3,0,2,2
1936-07,24.9,0,0,東京都,東京,,0,246.3,0,79,7.4,24.5,0,218.0,0,2,2
1936-08,26.5,0,0,東京都,東京,,0,92.5,0,77,7.5,26.0,0,208.8,0,3,4
1936-09,24.2,0,0,東京都,東京,,0,232.0,0,79,6.7,23.6,0,170.4,0,4,3
1936-10,16.0,0,0,東京都,東京,,0,252.8,0,74,6.5,13.3,0,123.3,0,0,7
1936-11,11.2,0,0,東京都,東京,,0,60.1,0,69,6.4,9.1,0,136.6,0,0,4
1936-12,6.2,0,0,東京都,東京,,0,53.0,0,70,5.1,6.8,0,143.9,2,0,8
1937-01,4.6,0,0,東京都,東京,,0,78.1,0,65,6.0,5.6,0,142.2,6,0,13
1937-02,5.7,0,0,東京都,東京,,0,144.9,0,70,6.6,6.4,0,132.7,5,0,7
1937-03,8.1,0,0,東京都,東京,,0,145.7,0,63,6.7,6.9,0,168.2,2,0,3
1937-04,12.8,0,0,東京都,東京,,0,126.5,0,68,7.1,10.1,0,189.7,0,0,1
1937-05,17.6,0,0,東京都,東京,,0,124.5,0,71,7.0,13.9,0,200.4,0,0,0
1937-06,19.6,0,0,東京都,東京,,0,131.4,0,77,7.7,17.1,0,156.2,0,1,3
1937-07,26.3,0,0,東京都,東京,,0,48.6,0,80,8.5,26.8,0,227.6,0,1,4
1937-08,28.2,0,0,東京都,東京,,0,10.8,0,73,5.0,27.2,0,284.9,0,4,3
1937-09,22.7,0,0,東京都,東京,,0,181.6,0,76,7.4,20.5,0,171.5,0,2,1
1937-10,16.3,0,0,東京都,東京,,0,192.2,0,78,6.9,14.4,0,132.3,0,0,6
1937-11,11.2,0,0,東京都,東京,,0,95.4,0,74,6.2,10.0,0,137.9,0,0,7
1937-12,5.2,0,0,東京都,東京,,0,79.3,0,59,3.1,5.2,0,222.1,2,0,13
1938-01,2.7,0,0,東京都,東京,,0,32.0,0,59,3.7,4.3,0,198.1,2,0,11
1938-02,3.4,0,0,東京都,東京,,0,65.5,0,56,4.0,4.3,0,206.6,4,0,4
1938-03,8.8,0,0,東京都,東京,,0,92.0,0,73,7.6,8.5,0,134.6,5,1,3
1938-04,13.2,0,0,東京都,東京,,0,96.4,0,65,5.9,9.7,0,213.0,0,1,2
1938-05,18.7,0,0,東京都,東京,,0,127.5,0,77,8.2,16.4,0,180.2,0,0,7
1938-06,20.8,0,0,東京都,東京,,0,649.0,0,82,8.6,19.7,0,130.1,0,1,8
1938-07,25.0,0,0,東京都,東京,,0,255.1,0,80,8.4,25.1,0,170.4,0,2,7
1938-08,26.0,0,0,東京都,東京,,0,191.9,0,81,7.7,26.7,0,181.9,0,3,3
1938-09,22.4,0,0,東京都,東京,,0,265.2,0,78,7.7,21.1,0,138.1,0,2,4
1938-10,16.7,0,0,東京都,東京,,0,351.5,0,78,7.2,14.8,0,142.6,0,0,4
1938-11,10.8,0,0,東京都,東京,,0,21.0,0,66,4.9,8.5,0,183.4,0,0,12
1938-12,5.9,0,0,東京都,東京,,0,82.5,0,64,4.4,5.9,0,167.7,0,0,13
1939-01,2.4,0,0,東京都,東京,,0,35.1,0,54,3.6,3.9,0,199.9,3,0,6
1939-02,4.1,0,0,東京都,東京,,0,52.7,0,55,4.8,4.5,0,184.4,3,0,4
1939-03,7.4,0,0,東京都,東京,,0,98.3,0,59,5.4,6.1,0,217.1,3,0,3
1939-04,12.8,0,0,東京都,東京,,0,211.3,0,71,6.7,10.3,0,186.4,1,1,5
1939-05,17.0,0,0,東京都,東京,,0,139.1,0,72,6.9,13.7,0,211.6,0,1,3
1939-06,20.7,0,0,東京都,東京,,0,235.4,0,79,7.3,18.7,0,184.9,0,0,4
1939-07,26.5,0,0,東京都,東京,,0,172.2,0,78,6.7,26.5,0,246.3,0,4,1
1939-08,25.8,0,0,東京都,東京,,0,293.5,0,81,6.5,26.3,0,226.8,0,6,5
1939-09,23.7,0,0,東京都,東京,,0,266.7,0,79,6.9,22.7,0,160.9,0,5,6
1939-10,17.9,0,0,東京都,東京,,0,182.1,0,78,6.7,15.9,0,136.5,0,0,5
1939-11,12.3,0,0,東京都,東京,,0,53.8,0,73,5.7,10.5,0,136.7,0,0,1
1939-12,5.4,0,0,東京都,東京,,0,9.8,0,67,3.4,5.9,0,173.0,1,0,10
1940-01,2.7,0,0,東京都,東京,,0,0.0,0,53,2.5,3.9,0,226.1,3,0,1
1940-02,3.7,0,0,東京都,東京,,0,53.9,0,54,4.3,4.3,0,188.5,4,0,0
1940-03,8.2,0,0,東京都,東京,,0,65.2,0,59,4.9,6.3,0,228.6,4,1,0
1940-04,13.1,0,0,東京都,東京,,0,163.4,0,68,5.4,10.1,0,219.2,0,0,2
1940-05,17.7,0,0,東京都,東京,,0,54.3,0,70,5.5,13.6,0,269.5,0,1,0
1940-06,22.1,0,0,東京都,東京,,0,185.7,0,76,6.6,19.6,0,233.4,0,3,1
1940-07,26.9,0,0,東京都,東京,,0,28.4,0,75,7.3,25.9,0,267.2,0,1,1
1940-08,24.9,0,0,東京都,東京,,0,187.0,0,81,7.1,24.5,0,198.7,0,2,4
1940-09,21.7,0,0,東京都,東京,,0,191.5,0,79,7.5,20.4,0,158.6,0,0,2
1940-10,17.8,0,0,東京都,東京,,0,72.3,0,76,7.3,15.1,0,160.5,0,0,0
1940-11,12.3,0,0,東京都,東京,,0,65.8,0,76,6.2,10.9,0,118.1,0,0,3
1940-12,6.2,0,0,東京都,東京,,0,26.9,0,67,3.8,6.3,0,174.4,1,0,9
1941-01,4.8,0,0,東京都,東京,,0,51.7,0,64,3.7,5.3,0,199.3,4,1,2
1941-02,5.0,0,0,東京都,東京,,0,64.5,0,58,5.4,5.1,0,185.9,2,0,2
1941-03,8.2,0,0,東京都,東京,,0,157.0,0,66,6.3,7.1,0,166.3,2,0,1
1941-04,12.7,0,0,東京都,東京,,0,75.1,0,71,6.8,10.3,0,185.1,0,0,3
1941-05,17.6,0,0,東京都,東京,,0,206.9,0,74,8.1,14.5,0,190.6,0,1,4
1941-06,20.8,0,0,東京都,東京,,0,209.6,0,81,8.3,19.5,0,118.7,0,0,4
1941-07,23.7,0,0,東京都,東京,,0,673.7,0,84,8.4,24.1,0,122.9,0,1,2
1941-08,25.4,0,0,東京都,東京,,0,181.5,0,83,7.6,26.1,0,146.6,0,1,4
1941-09,20.6,0,0,東京都,東京,,0,218.6,0,83,8.7,19.7,0,104.5,0,0,7
1941-10,17.3,0,0,東京都,東京,,0,54.6,0,73,5.9,14.3,0,193.6,0,0,3
1941-11,11.7,0,0,東京都,東京,,0,165.6,0,75,6.8,10.4,0,98.2,1,0,3
1941-12,6.9,0,0,東京都,東京,,0,96.4,0,69,5.3,6.8,0,145.6,2,0,3
1942-01,2.9,0,0,東京都,東京,,0,5.9,0,60,2.6,4.3,0,217.3,2,0,6
1942-02,2.6,0,0,東京都,東京,,0,75.7,0,65,6.5,4.7,0,139.5,8,0,3
1942-03,10.3,0,0,東京都,東京,,0,113.6,0,67,6.7,8.5,0,177.1,1,0,6
1942-04,13.6,0,0,東京都,東京,,0,155.0,0,64,5.6,10.0,0,208.6,1,0,2
1942-05,17.3,0,0,東京都,東京,,0,132.6,0,72,6.6,14.0,0,200.9,0,1,0
1942-06,22.2,0,0,東京都,東京,,0,171.9,0,77,8.4,20.4,0,139.5,0,1,3
1942-07,27.5,0,0,東京都,東京,,0,8.6,0,77,6.5,27.5,0,215.4,0,3,1
1942-08,27.0,0,0,東京都,東京,,0,277.3,0,77,6.8,26.8,0,210.7,0,3,1
1942-09,24.9,0,0,東京都,東京,,0,278.0,0,77,8.0,23.7,0,158.0,0,2,1
1942-10,16.4,0,0,東京都,東京,,0,147.4,0,72,5.8,13.3,0,184.5,0,1,3
1942-11,10.1,0,0,東京都,東京,,0,81.6,0,68,4.1,8.3,0,178.6,0,0,5
1942-12,5.4,0,0,東京都,東京,,0,21.9,0,63,4.1,5.9,0,188.2,0,0,6
1943-01,2.4,0,0,東京都,東京,,0,61.9,0,57,2.3,4.0,0,220.4,2,0,1
1943-02,4.0,0,0,東京都,東京,,0,91.2,0,55,3.8,4.5,0,203.4,2,0,2
1943-03,6.8,0,0,東京都,東京,,0,31.4,0,58,5.8,5.9,0,191.0,5,0,0
1943-04,11.8,0,0,東京都,東京,,0,120.3,0,67,5.7,9.1,0,208.4,2,0,1
1943-05,17.8,0,0,東京都,東京,,0,131.5,0,73,6.3,14.3,0,193.9,0,1,2
1943-06,21.5,0,0,東京都,東京,,0,125.2,0,76,7.7,19.3,0,122.4,0,0,1
1943-07,25.1,0,0,東京都,東京,,0,134.9,0,79,7.0,24.5,0,213.3,0,0,0
1943-08,27.4,0,0,東京都,東京,,0,109.0,0,78,5.5,27.2,0,235.2,0,3,2
1943-09,24.4,0,0,東京都,東京,,0,186.3,0,79,8.3,23.9,0,125.0,0,4,2
1943-10,17.2,0,0,東京都,東京,,0,363.4,0,78,6.6,15.2,0,131.9,0,2,2
1943-11,10.8,0,0,東京都,東京,,0,22.5,0,71,5.4,9.1,0,162.0,0,0,4
1943-12,5.7,0,0,東京都,東京,,0,13.7,0,64,4.0,5.9,0,170.1,0,0,3
1944-01,3.0,0,0,東京都,東京,,0,12.3,0,54,3.9,4.3,0,172.2,2,0,1
1944-02,3.2,0,0,東京都,東京,,0,27.7,0,56,4.3,4.4,0,188.0,6,0,5
1944-03,5.6,0,0,東京都,東京,,0,118.1,0,67,6.2,5.9,0,162.4,6,1,3
1944-04,10.6,0,0,東京都,東京,,0,188.8,0,68,6.1,8.5,0,170.7,0,1,3
1944-05,17.7,0,0,東京都,東京,,0,69.4,0,75,7.7,14.8,0,183.6,0,0,2
1944-06,22.3,0,0,東京都,東京,,0,93.0,0,78,7.2,20.5,0,191.5,0,1,5
1944-07,25.6,0,0,東京都,東京,,0,118.7,0,80,7.3,25.5,0,195.2,0,4,2
1944-08,27.5,0,0,東京都,東京,,0,53.2,0,78,5.8,27.5,0,242.0,0,2,0
1944-09,23.2,0,0,東京都,東京,,0,76.9,0,76,6.7,20.9,0,161.5,0,2,2
1944-10,16.3,0,0,東京都,東京,,0,418.8,0,80,7.6,14.8,0,112.8,0,0,6
1944-11,10.9,0,0,東京都,東京,,0,129.2,0,76,6.5,9.7,0,144.7,0,1,4
1944-12,4.3,0,0,東京都,東京,,0,22.7,0,66,4.7,5.5,0,189.7,3,0,3
1945-01,1.1,0,0,東京都,東京,,0,2.1,0,60,3.5,3.7,0,204.9,8,0,2
1945-02,1.6,0,0,東京都,東京,,0,100.3,0,57,4.7,3.7,0,193.0,7,0,2
1945-03,6.6,0,0,東京都,東京,,0,57.0,0,64,5.9,6.4,0,189.1,2,0,4
1945-04,13.5,0,0,東京都,東京,,0,94.0,0,66,5.9,10.0,0,210.7,0,1,6
1945-05,15.6,0,0,東京都,東京,,0,130.9,0,75,6.9,12.9,0,184.0,0,1,1
1945-06,20.4,0,0,東京都,東京,,0,89.1,0,81,8.5,19.1,0,129.5,0,2,4
1945-07,22.0,0,0,東京都,東京,,0,208.5,0,81,8.6,20.9,0,149.9,0,1,3
1945-08,26.7,0,0,東京都,東京,,0,126.8,0,80,5.6,26.7,0,248.1,0,2,2
1945-09,22.4,0,0,東京都,東京,,0,118.4,0,79,7.8,21.1,0,122.8,0,0,1
1945-10,16.8,0,0,東京都,東京,,0,530.8,0,83,6.7,16.0,0,127.6,0,2,2
1945-11,11.3,0,0,東京都,東京,,0,120.8,0,73,4.9,9.6,0,186.4,0,0,2
1945-12,4.8,0,0,東京都,東京,,0,37.2,0,64,3.0,5.6,0,220.7,1,0,1
1946-01,3.5,0,0,東京都,東京,,0,33.4,0,63,3.8,4.9,0,193.1,1,0,2
1946-02,4.2,0,0,東京都,東京,,0,95.4,0,60,5.2,4.9,0,164.1,8,0,1
1946-03,6.2,0,0,東京都,東京,,0,103.7,0,67,6.6,6.4,0,163.0,9,0,6
1946-04,14.3,0,0,東京都,東京,,0,118.8,0,70,6.1,11.2,0,210.1,0,0,3
1946-05,16.9,0,0,東京都,東京,,0,113.3,0,76,8.6,14.1,0,141.6,0,1,2
1946-06,23.3,0,0,東京都,東京,,0,59.7,0,76,7.5,21.1,0,232.4,0,1,2
1946-07,26.2,0,0,東京都,東京,,0,127.0,0,81,6.7,26.4,0,214.0,0,3,1
1946-08,26.7,0,0,東京都,東京,,0,56.2,0,81,6.9,27.2,0,230.6,0,2,2
1946-09,23.1,0,0,東京都,東京,,0,145.5,0,77,7.4,20.8,0,167.0,0,2,0
1946-10,17.3,0,0,東京都,東京,,0,234.3,0,78,6.6,15.3,0,166.9,0,0,4
1946-11,12.4,0,0,東京都,東京,,0,113.1,0,78,6.7,11.3,0,123.7,0,0,5
1946-12,4.7,0,0,東京都,東京,,0,35.9,0,68,4.1,5.9,0,182.7,2,0,7
1947-01,3.4,0,0,東京都,東京,,0,69.9,0,70,5.5,5.5,0,152.3,6,0,3
1947-02,2.7,0,0,東京都,東京,,0,36.0,0,62,4.4,4.4,0,199.1,3,0,6
1947-03,6.8,0,0,東京都,東京,,0,77.0,0,67,5.8,6.5,0,176.5,5,0,2
1947-04,13.1,0,0,東京都,東京,,0,62.1,0,66,4.6,9.9,0,246.2,0,1,3
1947-05,16.9,0,0,東京都,東京,,0,146.6,0,79,6.5,14.8,0,187.2,0,1,6
1947-06,19.2,0,0,東京都,東京,,0,90.1,0,86,9.1,18.8,0,89.8,0,0,1
1947-07,25.7,0,0,東京都,東京,,0,19.9,0,80,6.6,25.7,0,242.0,0,1,4
1947-08,28.0,0,0,東京都,東京,,0,128.0,0,77,5.0,27.7,0,277.9,0,5,3
1947-09,22.9,0,0,東京都,東京,,0,213.2,0,81,7.7,22.0,0,130.3,0,0,2
1947-10,15.6,0,0,東京都,東京,,0,121.4,0,74,7.0,12.9,0,141.8,0,0,1
1947-11,10.3,0,0,東京都,東京,,0,27.2,0,67,4.6,8.4,0,173.4,0,0,2
1947-12,4.1,0,0,東京都,東京,,0,46.4,0,64,4.4,5.3,0,157.7,3,0,7
1948-01,4.0,0,0,東京都,東京,,0,39.7,0,65,3.7,5.2,0,191.1,1,0,7
1948-02,5.1,0,0,東京都,東京,,0,75.5,0,59,5.0,5.2,0,178.7,2,0,2
1948-03,6.5,0,0,東京都,東京,,0,67.4,0,68,6.7,6.4,0,149.9,3,0,2
1948-04,14.2,0,0,東京都,東京,,0,149.2,0,75,7.1,11.7,0,183.2,0,1,5
1948-05,18.1,0,0,東京都,東京,,0,93.4,0,76,8.3,15.2,0,146.1,0,1,2
1948-06,21.6,0,0,東京都,東京,,0,215.5,0,80,7.9,20.1,0,145.3,0,0,6
1948-07,26.0,0,0,東京都,東京,,0,323.0,0,82,7.0,26.7,0,177.0,0,10,0
1948-08,25.4,0,0,東京都,東京,,0,287.6,0,83,8.1,26.1,0,151.2,0,4,1
1948-09,23.8,0,0,東京都,東京,,0,197.6,0,76,7.1,22.1,0,174.2,0,3,2
1948-10,17.4,0,0,東京都,東京,,0,65.0,0,77,7.1,15.2,0,129.4,0,0,2
1948-11,11.9,0,0,東京都,東京,,0,193.3,0,71,6.2,10.0,0,143.6,0,1,4
1948-12,7.9,0,0,東京都,東京,,0,50.2,0,72,5.0,7.6,0,136.4,0,0,5
1949-01,5.4,0,0,東京都,東京,,0,54.5,0,65,3.8,5.7,0,183.5,1,0,1
1949-02,6.5,0,0,東京都,東京,,0,70.9,0,67,5.6,6.5,0,135.9,1,1,5
1949-03,6.7,0,0,東京都,東京,,0,56.8,0,61,5.9,6.0,0,171.0,4,0,1
1949-04,12.1,0,0,東京都,東京,,0,120.5,0,62,5.2,8.5,0,215.5,0,0,2
1949-05,18.4,0,0,東京都,東京,,0,109.7,0,74,6.9,15.1,0,195.3,0,0,4
1949-06,19.4,0,0,東京都,東京,,0,284.3,0,80,8.5,17.9,0,115.5,0,0,0
1949-07,25.3,0,0,東京都,東京,,0,81.6,0,79,6.8,24.8,0,227.6,0,0,2
1949-08,26.6,0,0,東京都,東京,,0,253.2,0,79,7.0,26.5,0,197.4,0,2,11
1949-09,22.4,0,0,東京都,東京,,0,200.1,0,82,7.2,21.7,0,144.3,0,1,7
1949-10,16.1,0,0,東京都,東京,,0,296.9,0,81,7.4,14.5,0,113.9,0,0,4
1949-11,10.0,0,0,東京都,東京,,0,167.1,0,74,7.0,9.1,0,105.4,0,0,3
1949-12,6.0,0,0,東京都,東京,,0,86.5,0,70,5.0,6.7,0,153.5,2,0,6
1950-01,5.0,0,0,東京都,東京,,0,89.3,0,62,4.6,5.5,0,175.8,2,0,3
1950-02,4.7,0,0,東京都,東京,,0,78.7,0,62,4.9,5.5,0,138.5,9,0,3
1950-03,7.7,0,0,東京都,東京,,0,69.3,0,61,5.6,6.5,0,178.7,1,0,3
1950-04,13.9,0,0,東京都,東京,,0,147.4,0,72,7.6,11.2,0,147.5,0,1,1
1950-05,19.2,0,0,東京都,東京,,0,111.8,0,76,8.3,16.8,0,163.1,0,2,3
1950-06,21.8,0,0,東京都,東京,,0,372.1,0,83,8.5,21.9,0,125.9,0,1,3
1950-07,26.5,0,0,東京都,東京,,0,253.8,0,78,5.9,26.7,0,249.4,0,3,2
1950-08,26.2,0,0,東京都,東京,,0,297.7,0,83,6.2,27.6,0,178.6,0,3,7
1950-09,23.8,0,0,東京都,東京,,0,64.9,0,78,6.3,22.9,0,172.6,0,2,0
1950-10,15.8,0,0,東京都,東京,,0,223.5,0,76,7.0,13.5,0,120.7,0,0,0
1950-11,11.1,0,0,東京都,東京,,0,116.4,0,73,6.4,9.9,0,120.7,1,1,3
1950-12,5.4,0,0,東京都,東京,,0,126.8,0,65,4.1,5.9,0,165.9,0,1,4
1951-01,3.3,3.5,0,東京都,東京,,0,36.4,0,61,4.4,4.6,1017.2,183.1,2,1,1
1951-02,4.5,4.6,0,東京都,東京,,0,120.4,0,62,5.2,5.3,1015.2,155.5,4,1,3
1951-03,8.8,4.0,0,東京都,東京,,0,149.1,0,64,6.3,7.4,1014.5,156.3,1,0,2
1951-04,13.3,4.6,0,東京都,東京,,0,177.1,0,69,7.3,10.5,1015.1,146.1,0,1,1
1951-05,18.0,3.8,0,東京都,東京,,0,86.4,0,72,7.4,14.6,1011.1,198.7,0,0,2
1951-06,21.2,3.4,0,東京都,東京,,0,144.3,0,76,8.1,18.8,1007.3,168.0,0,2,5
1951-07,24.3,3.4,0,東京都,東京,,0,157.4,0,84,8.3,25.3,1009.8,162.0,0,0,6
1951-08,26.7,3.2,0,東京都,東京,,0,220.6,0,80,6.3,27.8,1010.7,218.2,0,5,3
1951-09,20.7,3.4,0,東京都,東京,,0,217.8,0,79,8.4,19.2,1012.4,99.7,0,0,2
1951-10,17.3,3.7,0,東京都,東京,,0,170.1,0,80,7.7,15.7,1015.5,126.2,0,1,3
1951-11,11.4,3.6,0,東京都,東京,,0,68.4,0,67,4.7,8.9,1015.9,165.9,0,0,1
1951-12,7.3,2.9,0,東京都,東京,,0,41.8,0,63,3.9,6.3,1015.9,173.9,0,0,3
1952-01,4.3,3.3,0,東京都,東京,,0,98.9,0,62,4.2,5.1,1014.7,177.7,2,0,1
1952-02,2.6,3.6,0,東京都,東京,,0,79.9,0,67,7.1,4.9,1016.8,107.4,11,0,2
1952-03,7.4,4.2,0,東京都,東京,,0,221.2,0,68,6.7,7.0,1013.3,152.2,5,1,2
1952-04,13.3,5.1,0,東京都,東京,,0,202.8,0,72,7.4,11.2,1015.2,165.5,0,2,1
1952-05,18.1,4.1,0,東京都,東京,,0,136.7,0,69,6.4,14.3,1012.4,228.5,0,0,0
1952-06,21.3,3.5,0,東京都,東京,,0,242.6,0,81,8.6,20.3,1007.7,134.6,0,2,2
1952-07,24.3,3.5,0,東京都,東京,,0,205.3,0,83,7.9,25.0,1008.1,158.5,0,3,4
1952-08,26.8,3.5,0,東京都,東京,,0,73.3,0,81,6.6,28.2,1009.6,203.1,0,2,3
1952-09,22.7,3.1,0,東京都,東京,,0,129.0,0,81,7.7,22.2,1012.0,107.2,0,2,0
1952-10,17.3,3.9,0,東京都,東京,,0,105.0,0,74,7.0,14.6,1016.2,128.3,0,0,0
1952-11,12.0,3.2,0,東京都,東京,,0,124.4,0,75,6.3,10.5,1018.7,121.9,0,0,3
1952-12,5.3,2.4,0,東京都,東京,,0,21.5,0,70,4.3,6.2,1018.0,152.5,2,0,7
1953-01,3.3,3.5,0,東京都,東京,,0,38.2,2,59,4.0,4.6,1013.8,183.3,2,1,1
1953-02,4.2,3.5,0,東京都,東京,,0,42.1,33,59,4.7,5.0,1019.1,158.4,4,0,0
1953-03,9.4,3.9,0,東京都,東京,,0,136.5,0,66,6.1,7.9,1012.7,159.3,2,1,3
1953-04,12.7,3.9,0,東京都,東京,,0,49.6,0,61,6.4,9.1,1014.8,197.8,0,0,0
1953-05,17.8,4.2,0,東京都,東京,,0,170.3,0,71,7.4,14.5,1013.0,186.4,0,0,3
1953-06,20.6,3.2,0,東京都,東京,,0,191.2,0,83,9.1,20.0,1007.5,84.2,0,0,1
1953-07,24.7,3.3,0,東京都,東京,,0,183.8,0,82,8.1,25.4,1009.1,127.0,0,0,2
1953-08,25.0,3.7,0,東京都,東京,,0,247.2,0,82,9.1,26.0,1009.2,116.4,0,2,5
1953-09,22.2,3.4,0,東京都,東京,,0,248.1,0,82,8.3,21.9,1012.5,106.4,0,3,2
1953-10,17.2,3.2,0,東京都,東京,,0,144.0,0,74,6.2,14.5,1016.8,167.3,0,1,5
1953-11,10.4,3.3,0,東京都,東京,,0,21.3,0,62,5.4,8.0,1017.5,169.6,0,0,0
1953-12,7.6,3.0,0,東京都,東京,,0,47.1,0,66,5.7,7.1,1020.9,130.4,0,0,6
1954-01,4.3,3.6,0,東京都,東京,,0,120.4,30,67,6.2,5.7,1015.2,129.2,4,1,2
1954-02,5.6,3.6,0,東京都,東京,,0,53.0,6,62,4.4,5.9,1016.0,176.8,4,0,0
1954-03,8.4,4.5,0,東京都,東京,,0,115.2,8,60,6.1,6.8,1017.0,178.7,6,0,1
1954-04,14.9,3.9,0,東京都,東京,,0,177.3,0,72,7.5,12.2,1013.4,146.3,0,1,1
1954-05,17.6,4.2,0,東京都,東京,,0,136.8,0,71,7.1,14.4,1011.7,158.9,0,1,4
1954-06,18.3,3.9,0,東京都,東京,,0,304.5,0,81,9.2,16.9,1009.6,82.6,0,1,0
1954-07,22.3,3.8,0,東京都,東京,,0,121.9,0,80,9.1,21.6,1008.8,105.4,0,1,0
1954-08,27.0,3.7,0,東京都,東京,,0,120.8,0,77,7.1,27.6,1009.9,199.4,0,5,0
1954-09,24.6,4.3,0,東京都,東京,,0,246.4,0,78,7.1,24.5,1011.2,159.3,0,2,2
1954-10,15.5,3.7,0,東京都,東京,,0,145.1,0,74,7.3,13.2,1016.7,116.2,0,0,1
1954-11,11.7,3.6,0,東京都,東京,,0,149.6,0,68,5.5,9.2,1018.3,168.4,0,0,2
1954-12,7.1,3.7,0,東京都,東京,,0,79.7,0,61,4.4,6.4,1018.4,150.3,0,0,2
1955-01,3.8,3.3,0,東京都,東京,,0,43.3,0,54,2.8,4.3,1016.0,215.9,2,0,0
1955-02,6.2,3.8,0,東京都,東京,,0,89.4,0,56,4.4,5.5,1011.8,174.6,2,0,1
1955-03,8.7,4.2,0,東京都,東京,,0,170.5,0,68,7.8,7.9,1017.8,101.2,1,0,0
1955-04,13.6,3.8,0,東京都,東京,,0,87.5,0,70,7.2,11.3,1014.9,143.1,0,0,5
1955-05,18.2,3.6,0,東京都,東京,,0,158.2,0,75,7.2,15.7,1010.3,173.1,0,3,6
1955-06,22.7,3.3,0,東京都,東京,,0,81.0,0,77,8.7,21.4,1008.3,148.2,0,0,1
1955-07,27.6,4.4,0,東京都,東京,,0,71.0,0,76,5.7,27.8,1008.8,246.6,0,4,0
1955-08,26.3,4.0,0,東京都,東京,,0,201.9,0,78,7.2,26.7,1009.6,189.8,0,5,1
1955-09,22.3,3.7,0,東京都,東京,,0,197.9,0,77,7.6,20.7,1012.1,129.1,0,0,2
1955-10,17.6,4.4,0,東京都,東京,,0,319.4,0,76,7.8,15.5,1013.7,117.6,0,0,3
1955-11,11.0,3.0,0,東京都,東京,,0,110.3,0,68,4.3,8.8,1018.2,184.1,0,0,0
1955-12,7.9,3.3,0,東京都,東京,,0,23.5,0,59,3.3,6.3,1013.2,194.8,0,0,1
1956-01,4.2,3.2,0,東京都,東京,,0,102.2,14,59,3.9,5.0,1011.3,185.5,3,0,0
1956-02,4.3,4.0,0,東京都,東京,,0,52.3,2,55,5.0,4.7,1010.9,173.4,4,0,0
1956-03,8.6,4.3,0,東京都,東京,,0,152.6,0,65,6.8,7.8,1016.4,143.0,2,0,1
1956-04,13.1,4.3,0,東京都,東京,,0,137.5,2,68,7.1,10.4,1013.3,170.2,1,0,2
1956-05,17.6,3.3,0,東京都,東京,,0,309.1,0,75,7.7,15.1,1012.5,133.5,0,0,3
1956-06,22.3,3.5,0,東京都,東京,,0,151.6,0,76,8.6,20.3,1008.0,142.4,0,2,2
1956-07,24.2,3.0,0,東京都,東京,,0,64.8,0,81,8.1,24.2,1007.8,134.7,0,1,4
1956-08,25.4,3.2,0,東京都,東京,,0,107.1,0,75,7.0,24.2,1008.0,164.5,0,0,1
1956-09,22.7,3.7,0,東京都,東京,,0,197.1,0,81,7.2,22.7,1013.6,132.4,0,0,4
1956-10,17.3,3.7,0,東京都,東京,,0,302.8,0,79,8.6,15.9,1017.8,84.7,0,0,1
1956-11,11.8,3.2,0,東京都,東京,,0,75.9,0,70,6.2,10.1,1018.3,133.4,0,0,2
1956-12,5.0,2.8,0,東京都,東京,,0,4.3,0,54,2.0,4.8,1016.2,217.0,0,0,2
1957-01,5.7,4.0,0,東京都,東京,,0,2.6,0,51,5.1,4.8,1015.9,161.2,1,0,0
1957-02,4.3,3.7,0,東京都,東京,,0,93.9,0,58,5.7,4.8,1016.1,128.3,2,0,1
1957-03,6.8,4.5,0,東京都,東京,,0,77.4,0,50,4.4,5.2,1011.8,216.3,1,0,0
1957-04,14.3,4.0,0,東京都,東京,,0,118.5,0,67,6.3,11.3,1014.6,151.7,0,0,0
1957-05,17.1,4.3,0,東京都,東京,,0,164.1,0,70,6.1,13.7,1011.1,191.9,0,0,3
1957-06,19.8,3.6,0,東京都,東京,,0,320.9,0,79,7.9,18.1,1008.2,104.1,0,0,0
1957-07,24.4,3.2,0,東京都,東京,,0,143.1,0,83,8.7,25.2,1006.6,91.9,0,2,3
1957-08,27.3,4.1,0,東京都,東京,,0,47.4,0,78,6.6,28.4,1009.2,190.3,0,1,0
1957-09,20.8,3.2,0,東京都,東京,,0,243.6,0,78,8.5,19.4,1011.8,76.8,0,0,1
1957-10,17.2,3.5,0,東京都,東京,,0,121.8,0,74,6.4,14.7,1013.9,141.2,0,1,4
1957-11,12.9,2.9,0,東京都,東京,,0,51.6,0,67,5.9,10.3,1018.8,164.1,0,0,2
1957-12,8.0,2.8,0,東京都,東京,,0,115.1,0,63,5.0,6.7,1015.1,163.0,0,0,1
1958-01,5.0,3.6,0,東京都,東京,,0,69.5,0,57,5.0,5.2,1016.2,190.7,1,0,1
1958-02,6.0,4.3,0,東京都,東京,,0,67.1,0,55,4.5,5.2,1015.0,180.3,2,0,0
1958-03,8.4,3.9,0,東京都,東京,,0,62.9,5,62,6.0,7.1,1013.4,158.6,4,0,1
1958-04,13.9,4.3,0,東京都,東京,,0,47.5,0,65,7.1,10.7,1014.4,161.4,0,0,2
1958-05,18.0,3.9,0,東京都,東京,,0,80.3,0,68,6.8,13.9,1011.1,205.1,0,1,0
1958-06,22.0,3.8,0,東京都,東京,,0,63.0,0,75,7.9,20.0,1008.5,174.9,0,0,1
1958-07,24.9,4.2,0,東京都,東京,,0,197.5,0,80,8.2,25.0,1007.6,129.3,0,1,3
1958-08,25.8,3.7,0,東京都,東京,,0,83.4,0,79,7.2,26.0,1009.8,161.0,0,0,2
1958-09,23.2,3.4,0,東京都,東京,,0,670.9,0,78,7.3,22.3,1009.8,132.6,0,2,1
1958-10,16.0,3.8,0,東京都,東京,,0,275.9,0,76,7.7,13.8,1017.8,119.5,0,0,4
1958-11,11.1,3.3,0,東京都,東京,,0,89.4,0,71,6.2,9.7,1019.1,117.6,0,0,2
1958-12,7.9,3.2,0,東京都,東京,,0,97.5,0,65,4.1,6.9,1016.1,187.7,0,0,3
1959-01,3.7,3.0,0,東京都,東京,,0,54.7,11,61,4.4,4.9,1013.8,170.0,3,0,3
1959-02,7.3,3.4,0,東京都,東京,,0,115.3,6,69,6.9,7.2,1019.3,118.5,2,0,2
1959-03,8.9,4.3,0,東京都,東京,,0,92.3,0,64,6.2,7.4,1017.3,179.4,0,0,0
1959-04,15.3,4.2,0,東京都,東京,,0,162.7,0,62,6.2,11.1,1013.5,191.3,0,0,4
1959-05,18.5,4.3,0,東京都,東京,,0,196.9,0,69,7.4,14.5,1011.1,194.2,0,1,2
1959-06,20.4,3.3,0,東京都,東京,,0,123.0,0,78,8.6,18.7,1008.0,113.9,0,1,0
1959-07,26.1,3.4,0,東京都,東京,,0,71.0,0,79,8.0,26.7,1006.7,157.5,0,4,1
1959-08,26.7,3.9,0,東京都,東京,,0,137.2,0,79,7.2,27.8,1006.1,180.5,0,3,2
1959-09,24.1,3.5,0,東京都,東京,,0,162.0,0,76,8.5,22.8,1010.5,121.9,0,0,1
1959-10,17.6,3.5,0,東京都,東京,,0,217.3,0,76,7.1,15.4,1015.9,124.1,0,0,2
1959-11,12.3,3.2,0,東京都,東京,,0,117.6,0,72,6.7,10.6,1018.3,117.2,0,1,1
1959-12,7.0,3.1,0,東京都,東京,,0,176.3,0,64,4.8,6.5,1017.8,159.9,0,1,4
1960-01,5.0,3.5,0,東京都,東京,,0,31.2,0,51,3.4,4.5,1014.9,208.9,0,0,0
1960-02,6.6,3.6,0,東京都,東京,,0,8.8,0,54,4.2,5.3,1015.4,207.3,2,0,1
1960-03,9.5,4.7,0,東京都,東京,,0,71.2,0,55,6.0,6.9,1013.9,209.0,1,1,2
1960-04,12.8,4.4,0,東京都,東京,,0,164.8,0,63,7.0,9.4,1014.3,154.6,0,2,0
1960-05,17.8,3.7,0,東京都,東京,,0,124.8,0,74,7.1,15.1,1010.3,186.9,0,0,4
1960-06,21.5,3.7,0,東京都,東京,,0,83.0,0,75,8.6,19.4,1010.0,155.4,0,2,4
1960-07,25.8,3.4,0,東京都,東京,,0,31.6,0,76,7.8,25.1,1008.2,181.3,0,1,1
1960-08,26.4,4.3,0,東京都,東京,,0,215.0,0,78,6.7,26.9,1010.5,218.5,0,3,0
1960-09,23.6,3.1,0,東京都,東京,,0,177.1,0,78,7.2,23.0,1013.5,147.9,0,2,4
1960-10,16.8,3.6,0,東京都,東京,,0,182.0,0,72,7.2,13.9,1017.0,134.4,0,0,1
1960-11,12.3,2.8,0,東京都,東京,,0,123.1,0,72,6.1,10.5,1016.9,134.1,0,0,7
1960-12,6.7,2.7,0,東京都,東京,,0,69.3,0,60,3.6,6.0,1013.9,183.9,1,1,2
1961-01,3.6,2.9,⬆️北,東京都,東京,,0,39.0,0,54,3.6,4.3,1015.2,183.6,0,0,0
1961-02,4.5,3.2,⬆️北,東京都,東京,,0,43.5,0,49,3.7,4.1,1011.8,197.9,2,0,0
1961-03,8.2,3.5,⬆️北,東京都,東京,,0,106.6,4,61,6.3,6.7,1016.9,181.1,2,0,1
1961-04,14.9,3.9,↙️南南西,東京都,東京,,0,183.1,0,63,6.3,10.9,1013.9,205.8,0,1,2
1961-05,19.8,4.0,↙️南南西,東京都,東京,,0,55.5,0,69,7.5,15.9,1011.2,191.2,0,0,1
1961-06,22.6,3.4,↙️南南西,東京都,東京,,0,305.5,0,75,7.9,20.5,1009.0,166.4,0,3,0
1961-07,27.4,3.2,↙️南南西,東京都,東京,,0,29.5,0,74,7.4,26.9,1007.9,217.2,0,1,4
1961-08,26.8,3.1,↙️南南西,東京都,東京,,0,30.9,0,77,7.1,27.0,1009.2,172.2,0,2,3
1961-09,25.3,3.5,↙️南南西,東京都,東京,,0,37.0,0,72,5.9,23.4,1013.0,181.1,0,3,2
1961-10,18.3,3.3,⬆️北,東京都,東京,,0,338.4,0,78,8.5,16.7,1015.5,82.3,0,0,3
1961-11,12.7,3.0,⬆️北,東京都,東京,,0,50.7,0,63,5.9,9.3,1019.1,161.0,0,0,2
1961-12,7.2,2.5,⬆️北,東京都,東京,,0,40.5,0,58,2.9,6.0,1013.7,202.6,0,1,2
1962-01,4.5,2.6,⬆️北,東京都,東京,,0,40.5,0,52,3.8,4.4,1009.9,210.7,2,0,0
1962-02,5.9,3.0,⬆️北,東京都,東京,,0,13.5,0,48,4.1,4.5,1014.1,195.0,3,0,0
1962-03,8.2,3.3,⬆️北,東京都,東京,,0,65.5,0,58,4.7,6.3,1011.8,189.8,2,0,2
1962-04,14.1,3.7,⬆️北,東京都,東京,,0,124.2,0,61,6.2,9.9,1015.3,202.6,0,1,0
1962-05,18.4,3.2,↙️南南西,東京都,東京,,0,211.5,0,70,7.2,14.8,1010.7,177.0,0,0,2
1962-06,20.9,3.1,↙️南南西,東京都,東京,,0,244.5,0,76,8.8,18.6,1008.4,111.8,0,1,3
1962-07,25.1,3.0,↙️南南西,東京都,東京,,0,166.9,0,81,7.8,26.0,1008.9,135.9,0,3,2
1962-08,28.1,4.1,↙️南南西,東京都,東京,,0,50.1,0,71,5.3,26.9,1009.7,270.5,0,1,1
1962-09,24.5,3.1,⬆️北,東京都,東京,,0,4.9,0,70,6.9,22.0,1012.6,168.7,0,1,1
1962-10,16.7,2.6,⬆️北,東京都,東京,,0,119.8,0,70,6.6,13.4,1016.7,135.9,0,0,2
1962-11,11.3,2.4,⬆️北,東京都,東京,,0,151.8,0,71,6.2,9.7,1018.9,117.6,4,0,5
1962-12,7.0,2.5,⬆️北,東京都,東京,,0,62.8,0,62,3.6,6.1,1015.4,175.8,1,1,1
1963-01,3.2,2.6,⬆️北,東京都,東京,,0,0.2,0,46,2.0,3.4,1003.2,231.1,1,0,0
1963-02,4.8,3.1,⬆️北,東京都,東京,,0,21.3,0,48,4.9,4.1,1013.5,199.9,3,0,0
1963-03,7.6,3.7,⬆️北,東京都,東京,,0,86.7,8,59,5.5,6.3,1014.7,198.8,7,1,1
1963-04,13.9,3.7,↙️南南西,東京都,東京,,0,76.1,0,68,6.7,11.0,1018.5,193.6,0,0,4
1963-05,18.4,3.2,↙️南南西,東京都,東京,,0,135.1,0,74,8.6,16.1,1013.0,102.9,0,0,10
1963-06,21.8,2.8,↙️南南西,東京都,東京,,0,248.2,0,78,8.4,20.7,1011.2,119.4,0,1,4
1963-07,25.7,2.9,↙️南南西,東京都,東京,,0,65.9,0,76,7.9,25.1,1009.8,151.9,0,4,3
1963-08,26.6,2.9,↙️南南西,東京都,東京,,0,382.2,0,77,7.6,26.6,1007.2,166.2,0,5,1
1963-09,21.4,2.3,⬆️北,東京都,東京,,0,144.2,0,73,8.3,18.6,1010.9,123.1,0,0,7
1963-10,16.3,2.9,⬆️北,東京都,東京,,0,294.7,0,74,6.9,13.7,1016.8,135.3,0,0,2
1963-11,12.1,2.3,⬆️北,東京都,東京,,0,90.6,0,65,6.0,9.3,1017.1,164.2,0,0,3
1963-12,8.1,2.4,⬆️北,東京都,東京,,0,29.8,0,59,3.8,6.5,1016.2,184.6,0,0,6
1964-01,5.4,2.8,⬆️北,東京都,東京,,0,144.6,0,60,6.6,5.5,1017.5,124.6,3,0,0
1964-02,4.2,3.5,⬆️北,東京都,東京,,0,64.0,10,56,6.3,4.6,1019.0,151.0,8,0,1
1964-03,7.6,3.2,⬆️北,東京都,東京,,0,99.7,0,57,5.9,5.9,1015.1,199.0,2,0,0
1964-04,15.3,3.2,↗️北東,東京都,東京,,0,94.2,0,75,8.7,13.2,1019.2,128.4,0,0,2
1964-05,18.9,3.1,↙️南南西,東京都,東京,,0,80.4,0,67,7.1,14.6,1013.7,209.5,0,0,2
1964-06,21.5,2.8,↙️南南西,東京都,東京,,0,139.9,0,73,8.6,18.6,1007.1,125.2,0,0,3
1964-07,25.5,2.4,↙️南南西,東京都,東京,,0,45.9,0,80,7.8,25.9,1007.5,153.6,0,0,7
1964-08,27.8,2.8,↙️南南西,東京都,東京,,0,110.8,0,77,7.2,28.7,1008.6,184.3,0,2,3
1964-09,22.3,2.8,⬆️北,東京都,東京,,0,132.4,0,77,8.7,21.0,1012.4,89.0,0,0,2
1964-10,15.9,3.9,⬆️北,東京都,東京,,0,130.5,0,73,7.2,13.5,1019.2,143.9,0,0,4
1964-11,11.1,3.6,↖️北北西,東京都,東京,,0,50.3,0,62,4.8,8.4,1016.2,170.6,0,0,0
1964-12,7.5,3.5,↖️北北西,東京都,東京,,0,47.5,0,60,5.0,6.3,1018.5,164.1,0,0,2
1965-01,4.4,3.8,↖️北北西,東京都,東京,,0,48.0,11,57,4.5,4.8,1010.6,175.4,5,0,1
1965-02,4.7,3.9,↖️北北西,東京都,東京,,0,10.5,0,51,4.8,4.4,1009.7,193.4,1,0,0
1965-03,6.9,4.7,↖️北北西,東京都,東京,,0,44.5,0,48,4.2,4.9,1009.0,252.4,2,0,0
1965-04,11.1,4.4,↖️北北西,東京都,東京,,0,87.0,0,55,6.4,7.5,1009.9,178.4,1,1,1
1965-05,17.2,4.3,⬇️南,東京都,東京,,0,400.0,0,72,7.7,14.0,1007.5,189.1,0,1,1
1965-06,21.6,3.6,⬇️南,東京都,東京,,0,219.5,0,77,8.6,19.9,1005.0,148.5,0,0,5
1965-07,24.2,3.1,⬇️南南東,東京都,東京,,0,97.0,0,80,8.8,23.8,1003.1,102.2,0,1,7
1965-08,26.7,3.5,⬇️南南東,東京都,東京,,0,234.5,0,71,5.3,24.7,1006.2,232.2,0,5,2
1965-09,22.2,3.9,⬆️北,東京都,東京,,0,204.5,0,72,7.7,19.3,1006.2,128.6,0,2,6
1965-10,16.9,3.7,⬆️北,東京都,東京,,0,53.0,0,63,5.2,12.2,1013.6,199.4,0,1,1
1965-11,12.7,3.7,↖️北北西,東京都,東京,,0,131.5,0,61,6.2,9.2,1013.7,150.2,0,0,2
1965-12,7.0,3.3,↖️北北西,東京都,東京,,0,66.0,0,57,5.0,5.8,1010.8,153.5,3,0,0
1966-01,4.6,3.2,↖️北北西,東京都,東京,,0,23.6,0,46,3.0,4.0,1010.3,195.8,2,1,0
1966-02,7.2,4.0,↖️北北西,東京都,東京,,0,122.0,0,51,5.5,5.5,1010.8,149.6,2,0,2
1966-03,9.6,4.1,↖️北北西,東京都,東京,,0,99.9,0,57,6.6,7.0,1006.9,150.4,1,0,2
1966-04,13.6,4.0,↖️北北西,東京都,東京,,0,133.7,0,68,7.8,10.9,1010.6,132.6,0,0,4
1966-05,17.9,4.5,⬇️南,東京都,東京,,0,196.2,0,62,6.0,12.6,1008.2,232.6,0,0,3
1966-06,20.1,4.0,⬇️南南東,東京都,東京,,0,510.2,0,73,8.7,17.3,1006.4,137.3,0,1,1
1966-07,24.4,3.5,⬇️南南東,東京都,東京,,0,160.8,0,76,8.3,23.5,1005.1,112.6,0,2,5
1966-08,26.9,3.9,⬇️南,東京都,東京,,0,54.5,0,71,6.7,25.1,1005.9,204.3,0,4,1
1966-09,23.2,4.1,⬆️北,東京都,東京,,0,197.1,0,73,8.2,21.1,1006.9,122.9,0,3,2
1966-10,18.9,2.9,↖️北北西,東京都,東京,,0,108.5,0,65,5.5,14.3,1011.5,175.7,0,0,3
1966-11,12.9,3.3,↖️北北西,東京都,東京,,0,29.0,0,57,5.9,8.9,1012.8,132.8,0,0,1
1966-12,6.6,3.4,↖️北北西,東京都,東京,,0,8.0,0,47,4.8,4.7,1012.2,162.2,1,0,0
1967-01,4.4,3.5,↖️北北西,東京都,東京,,0,32.2,0,46,3.2,3.9,1011.3,194.4,2,0,0
1967-02,4.9,3.9,↖️北北西,東京都,東京,,0,43.8,24,57,5.0,5.1,1014.1,162.6,4,0,1
1967-03,9.5,4.4,↖️北北西,東京都,東京,,0,69.7,0,54,5.3,6.7,1011.6,180.8,4,1,0
1967-04,14.5,3.8,⬇️南南東,東京都,東京,,0,104.7,0,58,7.0,9.8,1014.7,172.0,2,0,4
1967-05,20.0,3.8,⬇️南,東京都,東京,,0,49.3,0,62,6.3,14.4,1008.2,258.3,0,1,4
1967-06,23.0,3.9,⬇️南南東,東京都,東京,,0,109.3,0,67,7.4,18.6,1002.2,182.7,0,1,2
1967-07,26.3,3.6,⬇️南南東,東京都,東京,,0,89.2,0,73,7.9,24.9,1003.7,143.5,0,2,1
1967-08,28.0,3.1,↙️南南西,東京都,東京,,0,67.3,0,67,7.4,25.4,1003.1,160.5,0,2,0
1967-09,22.6,3.9,⬆️北,東京都,東京,,0,148.8,0,74,8.4,20.2,1006.4,98.4,0,0,2
1967-10,16.9,3.9,↖️北北西,東京都,東京,,0,214.7,0,66,6.9,12.7,1012.1,131.5,0,0,2
1967-11,12.1,3.4,↖️北北西,東京都,東京,,0,61.4,0,61,7.1,9.0,1017.2,114.1,0,0,2
1967-12,6.7,3.0,↖️北北西,東京都,東京,,0,32.9,0,53,3.3,5.3,1012.2,187.8,1,0,1
1968-01,5.7,3.6,↖️北北西,東京都,東京,,0,9.5,0,44,3.2,4.0,1007.4,219.2,2,0,0
1968-02,4.3,3.9,↖️北北西,東京都,東京,,0,48.0,30,44,4.4,3.7,1012.0,205.8,6,0,3
1968-03,10.0,4.6,↖️北北西,東京都,東京,,0,94.0,0,56,6.7,7.2,1010.4,157.9,1,1,0
1968-04,14.1,3.8,⬇️南南東,東京都,東京,,0,117.5,0,62,6.4,10.1,1013.9,192.1,0,1,1
1968-05,17.5,4.1,⬇️南南東,東京都,東京,,0,185.5,0,69,7.0,13.7,1007.4,182.6,0,0,0
1968-06,22.0,3.6,⬇️南南東,東京都,東京,,0,175.0,0,72,8.1,18.9,1007.1,152.9,0,5,1
1968-07,24.7,3.6,⬇️南南東,東京都,東京,,0,136.0,0,78,8.0,24.1,1003.2,127.4,0,1,1
1968-08,26.6,3.9,⬇️南南東,東京都,東京,,0,256.0,0,79,7.9,27.0,1004.1,130.5,0,4,1
1968-09,21.9,3.3,⬆️北,東京都,東京,,0,109.5,0,73,7.3,19.1,1011.2,133.9,0,1,6
1968-10,16.3,3.3,↖️北北西,東京都,東京,,0,152.5,0,68,7.3,12.7,1011.5,101.6,0,1,3
1968-11,14.1,3.2,↖️北北西,東京都,東京,,0,19.5,0,56,3.7,9.3,1014.9,197.8,0,1,2
1968-12,10.2,3.1,↖️北北西,東京都,東京,,0,188.0,0,59,5.7,7.6,1010.8,137.2,0,0,1
1969-01,5.7,3.3,↖️北北西,東京都,東京,,0,54.5,2,56,5.4,5.2,1010.1,148.4,5,0,0
1969-02,5.7,3.8,↖️北北西,東京都,東京,,0,100.0,8,60,7.5,5.6,1012.5,97.1,7,0,0
1969-03,7.9,3.8,↖️北北西,東京都,東京,,0,121.0,54,58,6.3,6.4,1011.5,179.3,5,1,3
1969-04,14.6,4.5,↖️北北西,東京都,東京,,0,73.0,2,61,6.5,10.6,1010.4,178.5,1,2,0
1969-05,19.6,4.1,⬇️南南東,東京都,東京,,0,88.5,0,61,6.2,13.7,1005.0,200.4,0,1,2
1969-06,21.8,4.6,⬇️南,東京都,東京,,0,187.5,0,67,7.3,17.6,1004.2,156.4,0,1,3
1969-07,25.0,3.8,⬇️南南東,東京都,東京,,0,102.0,0,73,8.0,23.1,1006.8,138.1,0,2,1
1969-08,27.2,3.6,⬇️南南東,東京都,東京,,0,131.5,0,74,7.4,26.4,1004.9,148.6,0,2,7
1969-09,22.8,3.4,↖️北北西,東京都,東京,,0,238.5,0,71,7.2,20.2,1009.8,122.4,0,4,4
1969-10,17.3,3.7,⬆️北,東京都,東京,,0,146.0,0,64,7.0,12.8,1011.9,140.4,0,0,0
1969-11,12.8,3.1,↖️北北西,東京都,東京,,0,93.5,0,63,6.3,9.6,1014.6,129.0,0,0,1
1969-12,7.2,3.4,↖️北北西,東京都,東京,,0,7.0,0,51,3.1,5.4,1012.6,199.3,1,0,0
1970-01,4.5,3.5,↖️北北西,東京都,東京,,0,58.5,0,47,4.2,4.1,1010.8,182.0,2,0,0
1970-02,6.0,3.8,↖️北北西,東京都,東京,,0,34.5,3,51,4.2,4.8,1011.6,160.1,1,0,0
1970-03,5.5,4.0,⬆️北,東京都,東京,,0,46.5,3,52,5.8,4.8,1010.8,195.8,7,0,1
1970-04,13.0,4.0,⬆️北,東京都,東京,,0,94.0,0,68,7.5,10.3,1013.7,130.2,0,0,0
1970-05,19.6,4.0,⬇️南南東,東京都,東京,,0,161.5,0,68,7.5,15.3,1008.5,194.1,0,0,1
1970-06,20.7,3.1,⬇️南南東,東京都,東京,,0,218.0,0,77,8.2,18.6,1007.5,90.5,0,0,6
1970-07,25.4,3.7,⬇️南南東,東京都,東京,,0,118.5,0,75,7.4,24.0,1004.4,137.0,0,0,3
1970-08,27.4,4.2,⬇️南,東京都,東京,,0,20.5,0,69,7.7,25.1,1007.4,187.8,0,3,1
1970-09,24.0,3.4,⬆️北,東京都,東京,,0,86.0,0,73,8.2,21.9,1009.2,92.9,0,3,2
1970-10,17.2,3.3,⬆️北,東京都,東京,,0,98.5,0,71,6.2,14.2,1014.3,131.5,0,0,4
1970-11,12.3,3.8,⬆️北,東京都,東京,,0,144.5,0,61,5.2,8.8,1012.4,156.3,0,1,1
1970-12,6.8,3.0,↖️北北西,東京都,東京,,0,41.0,0,54,4.7,5.3,1011.8,132.5,2,0,0
1971-01,5.1,4.0,↖️北北西,東京都,東京,,0,32.0,15,49,4.4,4.3,1009.8,181.6,3,1,1
1971-02,5.9,3.9,↖️北北西,東京都,東京,,0,38.0,1,54,5.8,5.1,1012.2,148.9,5,0,3
1971-03,8.3,4.2,↖️北北西,東京都,東京,,0,67.5,0,53,4.3,6.3,1010.8,203.3,1,0,0
1971-04,13.5,4.3,⬇️南,東京都,東京,,0,134.0,0,64,6.7,9.8,1011.2,164.5,0,0,1
1971-05,17.4,3.6,⬇️南,東京都,東京,,0,110.0,0,70,7.4,13.8,1008.6,168.9,0,2,4
1971-06,21.3,3.1,⬇️南南東,東京都,東京,,0,91.5,0,73,8.8,18.4,1003.7,106.0,0,1,2
1971-07,25.8,3.7,⬇️南南東,東京都,東京,,0,153.5,0,75,7.9,24.9,1002.6,161.1,0,4,5
1971-08,26.7,4.2,⬇️南南東,東京都,東京,,0,195.0,0,72,6.6,25.2,1005.5,203.1,0,1,0
1971-09,21.1,3.7,⬆️北,東京都,東京,,0,273.0,0,77,8.7,19.5,1008.0,77.5,0,0,3
1971-10,15.5,3.2,⬆️北,東京都,東京,,0,258.5,0,71,6.9,12.5,1013.0,121.1,0,0,0
1971-11,11.9,2.9,⬆️北,東京都,東京,,0,30.5,0,60,4.4,8.4,1014.5,154.7,0,0,0
1971-12,7.9,3.5,⬆️北,東京都,東京,,0,55.0,0,55,4.2,5.9,1013.8,172.4,0,0,1
1972-01,6.6,3.7,⬆️北,東京都,東京,,0,113.5,0,59,5.0,5.9,1014.7,156.4,2,0,2
1972-02,5.1,4.1,⬆️北,東京都,東京,,0,142.0,13,58,6.8,5.1,1009.5,112.6,7,1,1
1972-03,9.7,4.9,⬆️北,東京都,東京,,0,44.0,0,54,5.3,7.0,1010.1,207.7,0,0,0
1972-04,13.4,4.3,⬆️北,東京都,東京,,0,186.5,0,66,6.5,10.6,1013.1,181.4,0,0,4
1972-05,18.6,4.6,↙️南南西,東京都,東京,,0,116.0,0,65,6.8,13.9,1006.1,207.1,0,1,2
1972-06,21.4,3.9,⬇️南南東,東京都,東京,,0,107.0,0,71,8.0,18.1,1004.6,155.7,0,0,1
1972-07,25.2,4.9,↙️南南西,東京都,東京,,0,301.0,0,76,8.0,24.2,1004.6,167.0,0,4,2
1972-08,26.6,4.8,↙️南南西,東京都,東京,,0,94.5,0,70,5.5,24.5,1005.8,242.0,0,2,2
1972-09,23.1,3.3,⬆️北,東京都,東京,,0,281.0,0,70,6.9,19.9,1008.0,171.1,0,1,0
1972-10,18.5,3.5,⬆️北,東京都,東京,,0,43.5,0,63,6.6,13.4,1012.5,149.4,0,0,1
1972-11,12.3,3.1,⬆️北,東京都,東京,,0,43.0,0,56,5.7,8.2,1012.0,159.7,0,0,2
1972-12,8.1,3.1,⬆️北,東京都,東京,,0,155.5,0,56,4.6,6.1,1012.7,161.6,0,1,0
1973-01,6.3,3.4,↖️北北西,東京都,東京,,0,136.0,0,55,4.5,5.3,1013.6,177.6,2,0,0
1973-02,6.9,3.4,⬆️北,東京都,東京,,0,45.0,0,52,4.7,5.4,1010.9,162.9,0,0,0
1973-03,7.8,4.3,⬆️北,東京都,東京,,0,10.0,0,47,5.6,5.2,1009.8,207.5,0,0,0
1973-04,15.3,3.7,⬇️南,東京都,東京,,0,143.0,0,67,7.5,11.6,1009.5,163.3,0,1,1
1973-05,17.9,3.5,⬇️南,東京都,東京,,0,97.5,0,63,7.0,12.9,1008.4,205.1,0,1,1
1973-06,19.8,3.4,➡️東北東,東京都,東京,,0,121.5,0,74,8.8,17.2,1005.2,96.3,0,4,0
1973-07,26.1,3.3,⬇️南,東京都,東京,,0,49.5,0,71,5.6,23.9,1006.5,225.8,0,3,0
1973-08,28.5,4.4,↙️南南西,東京都,東京,,0,50.0,0,69,6.1,26.7,1008.7,226.4,0,3,0
1973-09,23.2,3.5,⬆️北,東京都,東京,,0,155.0,0,70,7.4,19.9,1008.5,154.2,0,1,0
1973-10,17.4,3.2,⬆️北,東京都,東京,,0,237.5,0,65,6.8,13.1,1013.6,151.1,0,0,1
1973-11,12.1,3.5,↖️北北西,東京都,東京,,0,104.5,0,53,3.7,7.7,1010.8,196.5,0,1,2
1973-12,6.6,3.2,↖️北北西,東京都,東京,,0,0.0,0,40,1.9,3.9,1009.0,229.0,0,0,0
1974-01,4.4,4.0,↖️北北西,東京都,東京,,0,29.0,8,40,2.4,3.3,1009.7,229.5,5,1,0
1974-02,5.1,3.6,⬆️北,東京都,東京,,0,58.5,6,55,6.0,4.9,1011.2,134.8,7,0,0
1974-03,7.3,3.7,⬆️北,東京都,東京,,0,114.0,7,57,6.0,5.9,1012.5,183.7,5,1,0
1974-04,14.8,4.5,⬇️南,東京都,東京,,0,151.0,0,62,6.3,10.5,1008.5,202.8,0,1,2
1974-05,19.3,4.0,⬇️南,東京都,東京,,0,93.5,0,62,6.3,13.9,1009.7,231.5,0,1,1
1974-06,21.9,3.1,⬇️南南東,東京都,東京,,0,204.5,0,74,8.5,19.4,1003.3,137.0,0,4,0
1974-07,23.4,2.9,↗️北北東,東京都,東京,,0,270.5,0,79,8.8,22.7,1005.4,108.9,0,3,8
1974-08,27.1,3.5,⬇️南,東京都,東京,,0,179.0,0,73,7.5,26.2,1003.8,198.3,0,2,0
1974-09,22.8,3.6,⬆️北,東京都,東京,,0,246.5,0,72,8.2,20.3,1008.4,132.5,0,2,0
1974-10,17.8,2.9,⬆️北,東京都,東京,,0,165.0,0,67,7.9,13.6,1011.3,99.6,0,0,1
1974-11,11.7,3.1,⬆️北,東京都,東京,,0,30.5,0,54,5.1,7.5,1014.5,154.5,0,0,0
1974-12,6.7,3.1,⬆️北,東京都,東京,,0,38.5,0,56,5.5,5.4,1015.9,151.2,1,0,0
1975-01,4.7,2.9,⬆️北,東京都,東京,,0,67.5,0,51,4.2,4.4,1010.2,182.7,2,0,2
1975-02,5.1,3.3,↖️北北西,東京都,東京,,0,75.0,15,48,5.2,4.2,1008.9,176.4,2,0,1
1975-03,7.9,3.2,↖️北北西,東京都,東京,,0,108.0,2,58,5.6,6.1,1009.4,182.3,3,0,2
1975-04,14.3,3.3,⬆️北,東京都,東京,,0,161.5,0,65,7.7,10.9,1011.3,152.4,0,1,0
1975-05,18.6,3.2,⬇️南,東京都,東京,,0,151.0,0,66,7.8,14.0,1007.9,213.1,0,1,0
1975-06,21.6,2.5,➡️東北東,東京都,東京,,0,106.5,0,78,9.3,20.1,1003.9,82.9,0,3,0
1975-07,25.6,3.2,⬇️南,東京都,東京,,0,175.5,0,70,6.6,23.0,1005.3,189.7,0,1,0
1975-08,27.3,3.0,↙️南南西,東京都,東京,,0,26.5,0,67,5.3,24.1,1007.6,250.8,0,1,0
1975-09,25.2,3.0,↙️南南西,東京都,東京,,0,99.5,0,67,5.8,21.6,1009.3,192.7,0,1,0
1975-10,17.3,2.8,⬆️北,東京都,東京,,0,273.0,0,69,7.7,13.8,1013.1,100.5,0,1,0
1975-11,12.7,3.2,⬆️北,東京都,東京,,0,245.0,0,67,6.5,9.9,1015.2,124.0,0,0,1
1975-12,6.7,2.4,⬆️北,東京都,東京,,0,51.5,0,57,4.5,5.6,1012.5,171.4,2,0,0
1976-01,5.4,3.0,↖️北北西,東京都,東京,,0,0.5,0,44,2.0,4.0,1009.1,225.2,1,0,0
1976-02,6.8,3.1,⬆️北,東京都,東京,,0,128.0,1,59,5.9,6.2,1012.8,137.3,1,0,0
1976-03,9.0,3.0,⬆️北,東京都,東京,,0,87.0,0,59,7.2,6.9,1011.6,148.2,1,0,1
1976-04,13.0,2.9,⬇️南,東京都,東京,,0,129.0,0,67,8.0,10.5,1012.9,120.2,1,0,0
1976-05,17.7,2.8,⬇️南,東京都,東京,,0,218.0,0,70,7.2,14.2,1007.9,174.5,0,3,0
1976-06,21.5,3.2,⬇️南,東京都,東京,,0,186.0,0,76,9.3,19.4,1006.0,83.9,0,1,2
1976-07,23.9,3.1,⬇️南,東京都,東京,,0,102.0,0,77,6.9,23.1,1007.7,178.8,0,2,2
1976-08,25.1,2.6,↙️南南西,東京都,東京,,0,159.0,0,76,8.0,24.2,1005.8,156.6,0,0,0
1976-09,22.0,2.7,⬆️北,東京都,東京,,0,284.0,0,74,7.4,19.8,1008.2,128.6,0,1,0
1976-10,17.5,2.6,⬆️北,東京都,東京,,0,155.0,0,66,6.6,13.5,1010.4,141.5,0,1,1
1976-11,11.2,2.7,⬆️北,東京都,東京,,0,78.0,0,59,5.7,8.2,1014.3,132.6,0,0,0
1976-12,7.3,2.7,⬆️北,東京都,東京,,0,31.0,0,52,4.2,5.4,1011.5,173.3,0,0,0
1977-01,3.4,2.9,⬆️北,東京都,東京,,0,19.5,0,48,5.2,3.8,1012.3,161.5,3,0,0
1977-02,4.9,3.0,⬆️北,東京都,東京,,0,27.0,1,47,4.3,4.3,1011.5,188.6,2,0,0
1977-03,9.3,3.0,⬆️北,東京都,東京,,0,167.0,0,61,6.7,7.3,1013.9,141.9,3,0,0
1977-04,15.1,3.8,⬇️南,東京都,東京,,0,110.5,0,62,6.4,10.8,1009.3,182.1,0,1,0
1977-05,18.7,3.2,⬇️南,東京都,東京,,0,96.5,0,62,6.1,13.2,1007.8,225.0,0,1,0
1977-06,20.9,2.5,↗️北北東,東京都,東京,,0,202.5,0,76,9.2,18.8,1005.5,99.5,0,1,0
1977-07,25.8,2.7,⬇️南,東京都,東京,,0,91.0,0,72,7.4,24.0,1005.0,204.3,0,3,0
1977-08,25.0,2.7,⬇️南,東京都,東京,,0,290.5,0,77,8.8,24.4,1002.7,100.8,0,1,0
1977-09,24.3,3.0,⬇️南,東京都,東京,,0,233.5,0,72,7.9,22.3,1009.2,133.0,0,2,0
1977-10,18.7,2.5,⬆️北,東京都,東京,,0,60.0,0,67,5.8,14.6,1015.9,173.9,0,0,0
1977-11,14.8,2.9,⬆️北,東京都,東京,,0,102.5,0,65,6.0,11.2,1014.6,136.5,0,0,0
1977-12,8.9,2.6,⬆️北,東京都,東京,,0,53.5,0,55,4.3,6.3,1014.3,177.4,0,0,1
1978-01,5.6,3.0,↖️北北西,東京都,東京,,0,28.0,24,50,4.1,4.6,1007.3,160.0,5,0,0
1978-02,4.2,3.0,↖️北北西,東京都,東京,,0,32.0,1,49,4.6,4.1,1009.7,157.7,5,1,0
1978-03,8.7,3.0,⬆️北,東京都,東京,,0,115.5,0,52,4.9,5.9,1009.1,193.1,1,2,1
1978-04,13.9,3.4,⬆️北,東京都,東京,,0,186.5,0,61,5.9,9.8,1008.2,163.9,0,0,1
1978-05,19.0,2.8,⬇️南,東京都,東京,,0,130.0,0,68,7.7,15.1,1008.5,167.2,0,0,0
1978-06,23.8,4.4,↙️南南西,東京都,東京,,0,104.0,0,71,7.2,21.0,1005.7,192.6,0,0,0
1978-07,27.8,2.7,⬇️南,東京都,東京,,0,45.0,0,72,5.9,26.4,1006.8,217.1,0,1,0
1978-08,28.9,3.9,↙️南南西,東京都,東京,,0,26.0,0,66,4.9,25.9,1006.2,255.6,0,0,0
1978-09,22.2,2.8,⬆️北,東京都,東京,,0,124.0,0,73,8.0,19.5,1009.2,102.2,0,0,0
1978-10,17.3,2.7,⬆️北,東京都,東京,,0,147.0,0,67,6.4,13.3,1013.6,132.9,0,0,0
1978-11,12.9,2.6,⬆️北,東京都,東京,,0,65.0,0,60,5.0,9.0,1013.8,160.2,0,0,1
1978-12,8.5,2.5,⬆️北,東京都,東京,,0,27.0,0,54,3.9,6.2,1015.6,154.7,2,0,0
1979-01,6.6,3.2,↖️北北西,東京都,東京,,0,59.0,1,53,3.3,5.1,1012.2,179.5,3,0,0
1979-02,8.4,3.5,↖️北北西,東京都,東京,,0,96.0,0,58,5.0,6.5,1007.5,164.6,0,0,0
1979-03,9.9,4.1,↖️北北西,東京都,東京,,0,92.0,0,51,5.8,6.4,1009.5,190.2,1,0,0
1979-04,13.9,4.2,↖️北北西,東京都,東京,,0,109.5,0,59,6.8,9.5,1010.6,161.3,0,1,0
1979-05,18.6,3.4,⬇️南,東京都,東京,,0,148.5,0,61,5.9,13.1,1006.4,230.6,0,2,1
1979-06,24.4,3.8,↙️南西,東京都,東京,,0,63.0,0,69,6.5,21.0,1008.1,217.9,0,0,0
1979-07,25.2,2.9,⬇️南,東京都,東京,,0,88.5,0,72,7.5,23.2,1003.7,143.1,0,1,0
1979-08,27.4,3.2,↙️南西,東京都,東京,,0,104.5,0,72,7.7,26.3,1005.2,156.0,0,3,0
1979-09,24.1,3.1,⬆️北,東京都,東京,,0,146.5,0,71,8.1,21.1,1010.3,119.1,0,1,1
1979-10,19.6,3.3,⬆️北,東京都,東京,,0,320.5,0,67,6.7,15.3,1009.9,149.3,0,0,2
1979-11,14.3,3.4,↖️北北西,東京都,東京,,0,182.5,0,67,7.8,11.0,1015.2,102.9,0,0,4
1979-12,10.1,3.0,↖️北北西,東京都,東京,,0,43.0,0,54,4.1,6.8,1015.4,186.2,0,0,0
1980-01,5.6,3.8,↖️北北西,東京都,東京,,0,88.5,2,52,4.1,4.9,1009.2,182.0,1,0,0
1980-02,5.2,3.8,↖️北北西,東京都,東京,,0,26.0,0,44,4.1,3.9,1011.5,206.1,2,0,0
1980-03,8.2,4.0,↖️北北西,東京都,東京,,0,173.5,1,54,6.2,6.0,1011.5,157.5,4,0,0
1980-04,13.6,3.9,↙️南南西,東京都,東京,,0,107.0,0,63,7.4,9.9,1012.3,156.6,0,2,0
1980-05,19.2,3.6,⬇️南,東京都,東京,,0,154.5,0,67,6.4,14.9,1007.9,204.2,0,2,0
1980-06,23.6,3.2,⬇️南,東京都,東京,,0,172.5,0,72,8.3,20.7,1006.3,146.7,0,2,0
1980-07,23.8,2.8,➡️東北東,東京都,東京,,0,202.0,0,79,9.0,23.2,1003.7,95.0,0,1,0
1980-08,23.4,2.7,⬆️北,東京都,東京,,0,168.5,0,77,8.5,22.2,1006.0,105.3,0,1,0
1980-09,23.0,3.6,↖️北北西,東京都,東京,,0,181.5,0,73,7.4,20.9,1009.1,125.2,0,1,0
1980-10,18.2,3.5,↖️北北西,東京都,東京,,0,136.0,0,64,6.2,13.6,1011.7,160.0,0,0,1
1980-11,13.0,3.2,↖️北北西,東京都,東京,,0,133.5,0,61,5.3,9.2,1013.5,149.6,0,1,0
1980-12,7.7,3.5,↖️北北西,東京都,東京,,0,34.0,0,51,2.9,5.4,1006.0,213.2,1,0,0
1981-01,4.4,3.5,↖️北北西,東京都,東京,,0,3.5,0,44,2.9,3.7,1009.2,233.4,1,0,0
1981-02,5.3,3.5,↖️北北西,東京都,東京,,0,38.0,2,51,5.5,4.6,1009.5,157.3,7,0,0
1981-03,9.0,3.7,↖️北北西,東京都,東京,,0,113.0,0,58,6.0,6.6,1011.9,192.6,1,0,0
1981-04,13.9,3.7,↖️北北西,東京都,東京,,0,166.0,0,57,5.7,9.0,1008.4,207.5,0,1,0
1981-05,17.5,3.3,↖️北北西,東京都,東京,,0,151.5,0,64,6.8,12.6,1006.2,182.6,0,0,0
1981-06,20.2,2.6,↖️北北西,東京都,東京,,0,103.0,0,76,8.8,17.9,1006.1,83.2,0,0,5
1981-07,26.3,3.0,↙️南南西,東京都,東京,,0,167.0,0,75,7.6,25.4,1007.1,181.3,0,3,0
1981-08,26.2,3.3,↙️南南西,東京都,東京,,0,133.0,0,71,6.9,24.1,1002.4,190.7,0,2,1
1981-09,21.8,3.2,↖️北北西,東京都,東京,,0,138.5,0,71,7.7,18.7,1009.3,140.0,0,0,0
1981-10,17.6,3.3,↖️北北西,東京都,東京,,0,343.5,0,63,6.3,12.7,1011.1,161.2,0,0,1
1981-11,10.4,3.0,↖️北北西,東京都,東京,,0,99.0,0,61,6.4,7.9,1014.2,130.6,0,0,0
1981-12,7.6,3.4,↖️北北西,東京都,東京,,0,7.5,0,51,3.4,5.4,1013.8,206.6,0,0,0
1982-01,5.8,3.6,↖️北北西,東京都,東京,,0,32.5,2,51,4.8,4.8,1010.9,194.0,7,0,0
1982-02,5.5,3.8,↖️北北西,東京都,東京,,0,51.5,0,49,5.3,4.5,1012.8,168.0,5,0,0
1982-03,9.9,3.9,↖️北北西,東京都,東京,,0,73.0,0,56,5.8,7.0,1011.7,177.8,2,0,0
1982-04,14.0,4.0,⬇️南,東京都,東京,,0,134.0,0,62,5.9,10.1,1011.4,177.5,0,1,0
1982-05,20.7,3.8,⬇️南,東京都,東京,,0,85.5,0,67,5.6,16.4,1007.2,243.7,0,0,0
1982-06,21.4,3.2,⬆️北,東京都,東京,,0,224.5,0,72,7.9,18.2,1003.2,152.6,0,2,0
1982-07,23.1,2.8,⬇️南,東京都,東京,,0,140.0,0,76,8.4,21.4,1005.9,102.3,0,1,0
1982-08,27.1,3.5,⬇️南,東京都,東京,,0,152.5,0,75,6.2,26.7,1006.3,170.1,0,3,1
1982-09,22.3,3.6,⬆️北,東京都,東京,,0,371.5,0,73,7.5,19.5,1008.7,104.3,0,0,0
1982-10,18.0,3.5,↖️北北西,東京都,東京,,0,159.5,0,67,5.5,14.0,1012.6,171.6,0,1,0
1982-11,14.3,3.1,↖️北北西,東京都,東京,,0,136.0,0,65,6.7,11.0,1014.3,118.8,0,0,0
1982-12,9.5,3.1,↖️北北西,東京都,東京,,0,15.0,0,58,4.5,7.0,1013.0,156.1,0,0,0
1983-01,6.2,3.4,↖️北北西,東京都,東京,,0,29.5,0,51,3.8,4.9,1014.2,205.0,1,0,0
1983-02,6.1,3.9,↖️北北西,東京都,東京,,0,50.5,2,50,4.0,4.6,1010.8,202.9,2,0,0
1983-03,8.6,4.1,↖️北北西,東京都,東京,,0,99.0,0,59,6.0,6.7,1012.1,176.0,1,0,2
1983-04,15.9,3.4,↙️南西,東京都,東京,,0,114.5,0,69,6.6,12.5,1011.2,176.6,0,0,1
1983-05,19.7,3.6,↙️南西,東京都,東京,,0,105.5,0,64,6.5,14.5,1008.2,241.5,0,1,0
1983-06,20.5,3.4,↗️北東,東京都,東京,,0,198.0,0,72,7.4,17.0,1005.4,162.7,0,4,1
1983-07,23.8,3.2,⬇️南,東京都,東京,,0,141.5,0,79,8.6,23.6,1003.3,119.4,0,3,1
1983-08,27.5,3.3,⬇️南,東京都,東京,,0,168.5,0,76,6.9,27.7,1004.7,163.7,0,1,0
1983-09,23.1,2.8,⬆️北,東京都,東京,,0,242.5,0,77,8.3,22.0,1009.1,92.8,0,3,1
1983-10,17.7,3.4,↖️北北西,東京都,東京,,0,130.0,0,66,7.3,13.6,1012.7,141.6,0,0,2
1983-11,12.3,3.5,↖️北北西,東京都,東京,,0,53.5,0,59,4.2,8.7,1012.0,181.8,0,1,0
1983-12,7.1,3.7,↖️北北西,東京都,東京,,0,7.5,1,48,2.9,4.9,1010.4,217.1,3,0,0
1984-01,3.7,3.7,↖️北北西,東京都,東京,,0,50.0,57,51,3.9,4.0,1010.3,208.8,5,0,0
1984-02,3.0,3.9,↖️北北西,東京都,東京,,0,51.0,31,52,5.6,4.0,1010.4,182.5,10,0,0
1984-03,5.9,3.7,↖️北北西,東京都,東京,,0,69.0,3,56,5.7,5.1,1011.0,205.7,10,0,0
1984-04,11.6,3.5,↖️北北西,東京都,東京,,0,64.0,0,65,7.2,8.9,1014.3,168.2,1,0,2
1984-05,17.2,3.6,➡️東北東,東京都,東京,,0,77.5,0,69,8.0,13.5,1009.0,172.2,0,1,0
1984-06,21.8,3.3,⬇️南,東京都,東京,,0,202.0,0,79,9.0,20.6,1006.9,113.2,0,0,1
1984-07,26.2,2.9,➡️東北東,東京都,東京,,0,81.5,0,78,7.4,26.4,1004.0,180.1,0,1,1
1984-08,28.6,3.2,⬇️南,東京都,東京,,0,31.5,0,70,5.5,27.1,1006.9,252.3,0,3,0
1984-09,23.5,2.9,↖️北北西,東京都,東京,,0,61.0,0,72,7.2,20.8,1008.8,146.9,0,0,0
1984-10,17.7,3.7,↖️北北西,東京都,東京,,0,73.5,0,64,7.2,13.3,1011.3,145.9,0,0,0
1984-11,12.2,3.1,↖️北北西,東京都,東京,,0,50.5,0,60,5.4,8.7,1016.3,148.7,0,0,1
1984-12,7.7,3.4,↖️北北西,東京都,東京,,0,68.0,0,57,5.1,6.1,1011.9,163.3,1,0,2
1985-01,4.1,3.5,↖️北北西,東京都,東京,,0,4.5,0,48,4.3,4.0,1012.8,200.9,2,0,0
1985-02,6.5,3.9,↖️北北西,東京都,東京,,0,142.0,0,58,5.4,5.6,1008.1,153.2,1,1,2
1985-03,7.8,3.7,⬆️北,東京都,東京,,0,134.5,0,72,9.1,7.6,1016.7,74.0,2,0,0
1985-04,14.2,3.7,⬆️北,東京都,東京,,0,201.5,0,69,6.6,11.2,1010.9,183.8,0,2,2
1985-05,19.1,3.6,↙️南西,東京都,東京,,0,89.5,0,67,7.7,14.8,1009.5,201.8,0,0,0
1985-06,20.2,3.1,⬆️北,東京都,東京,,0,381.0,0,77,8.9,18.2,1006.7,104.3,0,0,1
1985-07,26.3,2.8,↙️南西,東京都,東京,,0,115.0,0,76,6.8,25.7,1003.5,194.8,0,3,2
1985-08,27.9,3.5,⬇️南,東京都,東京,,0,146.0,0,74,5.9,27.4,1008.8,257.8,0,0,0
1985-09,23.1,3.3,⬆️北,東京都,東京,,0,106.0,0,76,8.5,21.5,1010.5,101.9,0,2,0
1985-10,17.9,3.2,↖️北北西,東京都,東京,,0,92.5,0,66,6.8,13.7,1013.3,149.4,0,0,0
1985-11,13.3,3.0,↖️北北西,東京都,東京,,0,85.5,0,62,4.8,9.8,1009.9,173.5,0,0,0
1985-12,7.4,3.3,↖️北北西,東京都,東京,,0,18.5,0,55,3.5,5.9,1011.7,202.9,1,0,0
1986-01,4.5,3.3,↖️北北西,東京都,東京,,0,15.0,0,47,4.6,4.0,1010.2,185.7,2,0,0
1986-02,4.3,3.9,↖️北北西,東京都,東京,,0,27.5,26,49,5.4,4.1,1010.2,181.6,7,0,0
1986-03,7.8,4.3,↖️北北西,東京都,東京,,0,188.0,10,59,6.4,6.2,1009.8,161.5,5,2,0
1986-04,13.9,3.7,↖️北北西,東京都,東京,,0,88.0,0,63,7.1,10.3,1011.6,175.2,0,0,0
1986-05,17.9,3.5,⬇️南,東京都,東京,,0,210.0,0,69,7.1,14.1,1005.6,194.2,0,1,0
1986-06,21.1,3.4,⬇️南,東京都,東京,,0,138.0,0,74,7.9,18.2,1005.5,158.1,0,2,0
1986-07,23.9,2.8,↗️北東,東京都,東京,,0,137.0,0,81,8.2,24.0,1005.9,109.1,0,2,1
1986-08,26.8,3.5,⬇️南,東京都,東京,,0,233.5,0,74,6.4,26.1,1005.1,199.8,0,1,0
1986-09,23.7,3.0,⬆️北,東京都,東京,,0,190.5,0,78,7.8,22.8,1007.5,113.9,0,2,0
1986-10,17.1,3.4,⬆️北,東京都,東京,,0,74.0,0,66,6.0,13.4,1012.4,155.9,0,0,0
1986-11,12.3,3.3,↖️北北西,東京都,東京,,0,41.0,0,61,6.5,8.8,1015.4,126.0,0,0,0
1986-12,8.5,3.6,↖️北北西,東京都,東京,,0,115.5,2,57,4.1,6.4,1013.5,163.8,2,0,0
1987-01,5.8,3.7,↖️北北西,東京都,東京,,0,38.0,12,51,4.4,4.8,1012.2,181.4,6,0,0
1987-02,6.8,3.9,↖️北北西,東京都,東京,,0,29.5,7,55,5.2,5.6,1010.2,159.2,4,0,0
1987-03,9.3,3.9,↖️北北西,東京都,東京,,0,94.0,5,59,6.2,7.1,1009.3,149.1,5,0,0
1987-04,14.4,3.6,⬇️南,東京都,東京,,0,42.5,0,59,6.6,9.7,1012.4,199.4,0,0,0
1987-05,19.3,3.9,↙️南西,東京都,東京,,0,65.0,0,64,7.3,14.3,1009.7,172.6,0,0,0
1987-06,22.1,3.7,↙️南西,東京都,東京,,0,120.5,0,67,6.7,17.7,1005.9,193.3,0,0,0
1987-07,27.0,3.4,↙️南西,東京都,東京,,0,146.5,0,72,7.8,25.5,1003.8,177.6,0,4,0
1987-08,27.3,3.3,⬇️南,東京都,東京,,0,45.5,0,73,7.6,26.2,1005.8,159.2,0,6,0
1987-09,23.3,3.9,⬆️北,東京都,東京,,0,214.5,0,72,8.3,20.7,1010.0,104.1,0,1,2
1987-10,18.9,3.3,⬆️北,東京都,東京,,0,193.0,0,69,6.8,15.1,1013.1,145.3,0,1,0
1987-11,12.8,3.6,↖️北北西,東京都,東京,,0,39.5,0,61,6.5,9.2,1015.3,122.5,0,0,0
1987-12,8.1,3.1,↖️北北西,東京都,東京,,0,60.5,5,60,4.1,6.5,1014.5,166.7,2,0,0
1988-01,7.7,3.2,↖️北北西,東京都,東京,,0,28.0,0,52,5.2,5.5,1011.2,197.0,2,0,1
1988-02,4.9,3.9,↖️北北西,東京都,東京,,0,17.5,1,46,5.2,4.0,1013.0,178.3,4,0,0
1988-03,8.4,4.3,↖️北北西,東京都,東京,,0,185.0,1,59,7.6,6.5,1011.0,129.8,4,0,0
1988-04,14.3,3.6,⬇️南,東京都,東京,,0,107.5,9,60,6.3,9.9,1011.2,183.3,2,1,0
1988-05,18.2,3.8,↖️北北西,東京都,東京,,0,144.0,0,62,7.3,12.8,1006.8,178.3,0,3,0
1988-06,22.3,3.5,⬇️南,東京都,東京,,0,198.0,0,72,7.8,19.2,1003.6,122.6,0,2,0
1988-07,22.4,3.3,↗️北東,東京都,東京,,0,158.0,0,77,9.0,20.8,1005.0,61.8,0,0,0
1988-08,27.0,3.3,↙️南西,東京都,東京,,0,341.5,0,76,7.9,26.7,1004.8,143.7,0,7,1
1988-09,22.8,3.6,⬆️北,東京都,東京,,0,251.5,0,78,9.3,21.6,1007.8,39.2,0,0,0
1988-10,17.5,3.3,↖️北北西,東京都,東京,,0,58.5,0,60,6.4,12.4,1010.1,152.1,0,0,0
1988-11,11.4,3.4,↖️北北西,東京都,東京,,0,26.0,0,56,3.6,7.5,1009.1,205.8,0,1,0
1988-12,8.4,3.5,↖️北北西,東京都,東京,,0,0.0,0,47,2.6,5.3,1013.2,213.8,0,0,0
1989-01,8.1,4.0,↖️北北西,東京都,東京,,0,95.0,0,55,5.7,6.1,1015.1,152.6,1,0,0
1989-02,7.5,4.0,↖️北北西,東京都,東京,,0,107.0,0,56,6.2,6.0,1013.8,135.5,1,0,1
1989-03,9.6,4.2,↖️北北西,東京都,東京,,0,118.0,0,57,6.2,6.8,1010.3,176.4,2,1,0
1989-04,15.6,4.1,↖️北北西,東京都,東京,,0,187.0,0,57,6.0,10.0,1008.4,218.4,0,1,1
1989-05,17.7,3.4,⬆️北,東京都,東京,,0,210.0,0,70,8.0,14.0,1007.6,131.6,0,5,1
1989-06,20.7,3.4,⬇️南,東京都,東京,,0,205.0,0,71,8.2,17.2,1006.7,134.6,0,0,1
1989-07,24.1,3.4,⬇️南,東京都,東京,,0,154.0,0,76,8.2,22.7,1009.2,118.6,0,4,1
1989-08,27.1,3.7,⬇️南,東京都,東京,,0,360.5,0,72,6.7,25.7,1003.9,191.5,0,5,0
1989-09,25.2,3.7,↙️南西,東京都,東京,,0,204.0,0,71,8.4,22.8,1008.1,115.1,0,2,0
1989-10,17.5,3.6,↖️北北西,東京都,東京,,0,197.0,0,66,6.5,13.3,1012.5,134.3,0,0,1
1989-11,14.2,3.2,↖️北北西,東京都,東京,,0,71.0,0,61,5.4,10.3,1015.1,145.2,0,1,3
1989-12,9.2,3.7,↖️北北西,東京都,東京,,0,29.0,0,51,4.4,5.9,1012.3,178.9,0,0,0
1990-01,5.0,3.6,↖️北北西,東京都,東京,,0,32.5,4,50,4.7,4.3,1014.4,179.3,5,0,1
1990-02,7.8,3.5,↖️北北西,東京都,東京,,0,116.5,11,67,8.1,7.2,1018.7,81.6,5,0,0
1990-03,10.6,4.6,↖️北北西,東京都,東京,,0,97.5,0,49,5.4,6.3,1011.6,200.4,0,0,0
1990-04,14.7,3.9,↖️北北西,東京都,東京,,0,137.5,0,59,6.7,9.9,1008.8,155.4,0,2,0
1990-05,19.2,3.4,↙️南西,東京都,東京,,0,120.5,0,60,7.1,13.3,1009.0,174.6,0,2,0
1990-06,23.5,3.5,⬇️南,東京都,東京,,0,68.0,0,68,8.1,19.6,1005.8,133.4,0,1,0
1990-07,25.7,3.1,⬇️南,東京都,東京,,0,51.0,0,71,7.6,23.3,1005.1,143.8,0,1,0
1990-08,28.6,4.0,↙️南西,東京都,東京,,0,181.5,0,68,5.4,26.4,1004.7,230.2,0,2,0
1990-09,24.8,3.4,⬇️南,東京都,東京,,0,287.0,0,70,7.0,21.9,1010.0,140.2,0,4,0
1990-10,19.2,3.5,↖️北北西,東京都,東京,,0,148.5,0,66,7.0,14.9,1012.8,137.6,0,0,0
1990-11,15.1,3.2,↖️北北西,東京都,東京,,0,234.0,0,64,4.7,11.2,1014.1,166.9,0,2,0
1990-12,10.0,3.3,↖️北北西,東京都,東京,,0,38.0,0,49,3.1,6.0,1011.5,197.3,0,1,0
1991-01,6.3,3.6,↖️北北西,東京都,東京,,0,55.0,0,48,3.4,4.6,1010.4,210.6,1,0,0
1991-02,6.5,3.8,↖️北北西,東京都,東京,,0,69.0,0,45,4.5,4.5,1008.9,199.3,2,0,0
1991-03,9.5,3.5,↖️北北西,東京都,東京,,0,164.0,0,63,7.0,7.6,1013.3,115.8,0,0,0
1991-04,15.4,3.6,↖️北北西,東京都,東京,,0,112.5,0,64,7.0,11.3,1011.7,150.7,0,0,3
1991-05,18.8,3.5,↙️南西,東京都,東京,,0,61.0,0,63,6.4,13.9,1008.4,204.0,0,0,0
1991-06,23.6,3.0,⬇️南,東京都,東京,,0,142.0,0,73,8.1,21.0,1003.9,127.7,0,1,0
1991-07,26.7,3.0,↙️南西,東京都,東京,,0,72.0,0,70,8.5,24.1,1002.8,136.4,0,2,0
1991-08,25.5,3.3,➡️東北東,東京都,東京,,0,238.0,0,72,7.9,23.6,1003.8,138.4,0,4,0
1991-09,23.9,3.2,⬆️北,東京都,東京,,0,445.5,0,76,7.8,22.6,1008.6,85.6,0,1,0
1991-10,18.1,3.6,↖️北北西,東京都,東京,,0,533.0,0,74,8.1,15.5,1008.9,74.8,0,2,0
1991-11,13.0,3.3,↖️北北西,東京都,東京,,0,114.0,0,59,5.7,8.9,1015.7,145.8,0,0,1
1991-12,9.2,3.0,↖️北北西,東京都,東京,,0,36.0,1,59,4.9,7.0,1015.3,143.9,2,0,0
1992-01,6.8,3.2,↖️北北西,東京都,東京,,0,50.0,1,56,3.8,5.5,1013.1,183.2,1,0,0
1992-02,6.9,3.5,↖️北北西,東京都,東京,,0,36.0,13,49,5.3,5.0,1009.6,166.4,3,1,0
1992-03,9.7,3.6,↖️北北西,東京都,東京,,0,205.0,0,66,8.0,8.0,1014.2,98.8,4,2,0
1992-04,15.1,3.9,↖️北北西,東京都,東京,,0,167.5,0,61,5.9,10.3,1006.8,172.5,0,2,0
1992-05,17.3,3.9,↖️北北西,東京都,東京,,0,134.0,0,64,7.4,12.8,1006.5,162.4,0,7,0
1992-06,20.6,3.0,⬇️南,東京都,東京,,0,237.0,0,71,8.5,17.3,1005.5,113.0,0,1,0
1992-07,25.5,2.6,⬇️南,東京都,東京,,0,111.5,0,72,7.5,23.2,1003.9,153.6,0,2,0
1992-08,27.0,3.5,⬇️南,東京都,東京,,0,9.0,0,70,6.8,25.0,1008.3,184.7,0,0,0
1992-09,23.3,3.5,↖️北北西,東京都,東京,,0,108.0,0,62,7.0,17.7,1008.6,161.7,0,1,0
1992-10,17.3,3.1,↖️北北西,東京都,東京,,0,328.0,0,71,7.2,13.9,1012.6,115.6,0,0,3
1992-11,13.0,3.1,↖️北北西,東京都,東京,,0,168.0,0,63,5.5,9.5,1016.1,146.6,0,0,2
1992-12,9.4,3.2,↖️北北西,東京都,東京,,0,65.5,0,52,4.8,6.4,1013.5,164.9,0,1,0
1993-01,6.2,3.4,↖️北北西,東京都,東京,,0,115.0,0,59,6.1,5.5,1013.2,130.0,5,0,0
1993-02,7.7,3.9,↖️北北西,東京都,東京,,0,57.0,0,47,3.7,5.1,1008.6,195.7,1,0,0
1993-03,8.7,3.6,↖️北北西,東京都,東京,,0,60.5,0,54,6.2,6.1,1011.0,187.7,2,0,0
1993-04,13.4,3.6,↖️北北西,東京都,東京,,0,58.0,0,54,5.5,8.3,1008.0,183.0,0,4,1
1993-05,18.1,3.4,↙️南西,東京都,東京,,0,65.5,0,61,6.8,12.3,1008.0,192.2,0,1,0
1993-06,21.7,3.0,⬇️南,東京都,東京,,0,260.0,0,74,8.3,19.2,1003.6,110.9,0,2,0
1993-07,22.5,3.2,➡️東北東,東京都,東京,,0,316.5,0,80,9.3,21.7,1005.4,75.2,0,1,0
1993-08,24.8,3.2,➡️東北東,東京都,東京,,0,412.0,0,76,8.3,23.7,1005.2,102.2,0,2,0
1993-09,22.9,3.1,↖️北北西,東京都,東京,,0,140.0,0,72,8.4,20.1,1008.9,90.8,0,1,0
1993-10,17.5,3.2,↖️北北西,東京都,東京,,0,156.0,0,63,6.3,12.7,1013.2,143.5,0,0,0
1993-11,14.1,2.9,↖️北北西,東京都,東京,,0,167.0,0,60,5.9,9.9,1016.4,147.5,0,0,0
1993-12,8.5,3.5,↖️北北西,東京都,東京,,0,65.0,0,55,5.1,6.3,1013.6,153.2,2,1,0
1994-01,5.5,3.4,↖️北北西,東京都,東京,,0,50.0,8,55,4.8,5.0,1011.6,173.6,6,0,0
1994-02,6.6,4.2,↖️北北西,東京都,東京,,0,88.5,27,45,4.6,4.4,1005.5,206.2,1,1,0
1994-03,8.1,3.3,↖️北北西,東京都,東京,,0,114.5,0,55,6.8,5.9,1012.9,158.1,0,0,0
1994-04,15.8,3.5,↖️北北西,東京都,東京,,0,49.0,0,57,6.6,10.2,1010.2,209.5,0,1,0
1994-05,19.5,3.4,⬇️南,東京都,東京,,0,133.5,0,63,7.0,14.2,1006.9,194.6,0,0,0
1994-06,22.4,2.8,⬇️南,東京都,東京,,0,144.5,0,71,7.9,18.9,1004.7,136.2,0,1,0
1994-07,28.3,2.9,⬇️南,東京都,東京,,0,93.5,0,69,7.5,26.3,1003.6,202.9,0,3,0
1994-08,28.9,3.1,⬇️南,東京都,東京,,0,92.5,0,68,6.0,26.8,1008.4,239.9,0,5,0
1994-09,24.8,3.1,↖️北北西,東京都,東京,,0,235.0,0,74,7.6,22.9,1005.3,131.8,0,6,0
1994-10,20.2,3.2,↖️北北西,東京都,東京,,0,57.0,0,68,8.5,16.2,1013.0,76.5,0,0,0
1994-11,13.4,3.0,↖️北北西,東京都,東京,,0,50.5,0,60,4.8,9.4,1018.4,167.0,0,2,0
1994-12,9.0,3.2,↖️北北西,東京都,東京,,0,23.0,0,53,5.2,6.1,1014.4,167.3,0,0,0
1995-01,6.3,3.5,↖️北北西,東京都,東京,,0,36.0,0,45,3.1,4.3,1009.9,224.2,0,0,0
1995-02,6.5,3.6,↖️北北西,東京都,東京,,0,27.0,1,49,5.0,4.7,1011.8,179.3,2,0,0
1995-03,8.9,3.6,↖️北北西,東京都,東京,,0,180.0,2,63,6.9,7.2,1011.3,134.4,3,2,0
1995-04,15.0,3.7,↖️北北西,東京都,東京,,0,99.5,0,56,7.1,9.9,1009.8,158.5,0,1,1
1995-05,19.1,3.3,⬇️南,東京都,東京,,0,204.5,0,68,7.8,14.8,1007.8,147.6,0,0,2
1995-06,20.4,3.0,➡️東北東,東京都,東京,,0,185.5,0,77,9.4,18.3,1004.4,62.6,0,1,1
1995-07,26.4,2.6,↙️南西,東京都,東京,,0,171.0,0,75,7.8,25.6,1004.9,137.1,0,1,1
1995-08,29.4,2.7,⬇️南,東京都,東京,,0,31.0,0,68,6.1,27.7,1006.6,248.7,0,5,0
1995-09,23.7,3.3,⬆️北,東京都,東京,,0,164.5,0,65,7.8,19.0,1007.2,149.0,0,0,0
1995-10,19.5,3.2,↖️北北西,東京都,東京,,0,79.0,0,63,6.7,14.4,1012.8,148.0,0,0,0
1995-11,12.7,3.5,↖️北北西,東京都,東京,,0,42.0,0,48,3.9,7.2,1009.5,203.4,0,1,0
1995-12,7.7,3.4,↖️北北西,東京都,東京,,0,0.0,0,42,2.6,4.4,1011.1,235.3,1,0,0
1996-01,6.6,3.5,↖️北北西,東京都,東京,,0,13.0,2,47,3.9,4.8,1010.6,197.8,2,0,0
1996-02,5.4,3.4,↖️北北西,東京都,東京,,0,45.0,16,48,5.0,4.4,1012.2,186.8,8,0,0
1996-03,9.2,3.9,↖️北北西,東京都,東京,,0,118.0,0,53,7.1,6.4,1009.7,162.5,1,0,0
1996-04,12.7,3.3,↖️北北西,東京都,東京,,0,111.0,0,55,6.0,8.2,1009.7,204.8,0,1,0
1996-05,18.1,3.2,↙️南西,東京都,東京,,0,128.0,0,65,7.0,13.6,1008.5,183.7,0,3,0
1996-06,22.6,3.0,⬇️南,東京都,東京,,0,36.0,0,72,9.0,19.7,1004.7,117.8,0,0,0
1996-07,26.2,3.1,⬇️南,東京都,東京,,0,253.5,0,74,7.0,24.9,1005.8,199.6,0,2,0
1996-08,26.0,3.3,➡️東北東,東京都,東京,,0,31.5,0,72,8.1,24.0,1006.6,149.1,0,0,0
1996-09,22.4,3.1,↖️北北西,東京都,東京,,0,382.0,0,72,7.7,19.4,1008.6,139.0,0,2,1
1996-10,18.0,3.0,↖️北北西,東京都,東京,,0,83.5,0,70,6.3,14.5,1013.5,139.9,0,1,0
1996-11,13.2,3.3,↖️北北西,東京都,東京,,0,84.0,0,65,7.0,10.1,1013.5,115.4,0,0,0
1996-12,9.3,3.1,↖️北北西,東京都,東京,,0,48.0,0,55,3.8,6.6,1012.8,187.8,0,0,0
1997-01,6.8,3.6,↖️北北西,東京都,東京,,0,29.0,0,47,3.0,4.7,1007.9,236.6,1,0,0
1997-02,7.0,3.8,↖️北北西,東京都,東京,,0,21.5,0,47,4.9,4.8,1011.1,191.6,2,1,0
1997-03,10.5,3.9,↖️北北西,東京都,東京,,0,106.0,0,56,6.3,7.2,1013.0,181.9,0,1,0
1997-04,15.2,3.3,↖️北北西,東京都,東京,,0,105.5,0,60,6.5,10.3,1009.7,184.3,0,1,2
1997-05,19.2,3.3,↙️南西,東京都,東京,,0,186.0,0,69,7.8,15.3,1005.5,162.7,0,1,1
1997-06,22.7,3.4,↙️南西,東京都,東京,,0,170.5,0,72,7.9,19.5,1005.4,160.6,0,1,0
1997-07,26.6,3.2,↙️南西,東京都,東京,,0,185.0,0,72,7.3,24.7,1004.6,191.9,0,1,0
1997-08,27.0,3.2,↙️南西,東京都,東京,,0,144.0,0,73,7.0,25.8,1006.2,176.1,0,2,0
1997-09,22.9,3.5,↖️北北西,東京都,東京,,0,204.0,0,75,8.6,21.1,1008.4,91.7,0,3,0
1997-10,18.7,2.9,↖️北北西,東京都,東京,,0,19.0,0,60,5.1,13.1,1010.6,192.6,0,0,0
1997-11,14.3,3.3,↖️北北西,東京都,東京,,0,91.0,0,63,6.2,10.4,1015.6,140.8,0,1,0
1997-12,9.2,3.1,↖️北北西,東京都,東京,,0,40.5,0,56,5.1,6.7,1015.3,153.1,1,0,1
1998-01,5.3,3.1,↖️北北西,東京都,東京,,0,122.0,32,59,4.9,5.2,1012.4,162.5,4,1,0
1998-02,7.0,3.5,↖️北北西,東京都,東京,,0,110.5,0,60,6.1,6.1,1014.0,150.4,2,1,1
1998-03,10.1,3.8,↖️北北西,東京都,東京,,0,108.0,6,57,5.9,7.2,1011.6,191.5,4,1,0
1998-04,16.3,3.3,↙️南西,東京都,東京,,0,188.0,0,76,8.3,14.4,1012.7,108.8,0,0,0
1998-05,20.5,3.4,↙️南西,東京都,東京,,0,140.5,0,71,8.2,17.1,1010.8,132.5,0,0,0
1998-06,21.5,3.1,➡️東北東,東京都,東京,,0,150.5,0,76,9.2,19.6,1006.6,73.1,0,0,0
1998-07,25.3,3.0,⬇️南,東京都,東京,,0,156.5,0,76,8.7,24.8,1004.2,113.6,0,4,0
1998-08,27.2,2.8,↙️南西,東京都,東京,,0,143.5,0,78,8.9,27.9,1004.6,91.7,0,4,0
1998-09,24.4,3.5,⬆️北,東京都,東京,,0,229.0,0,77,7.9,23.5,1008.7,83.8,0,1,0
1998-10,20.1,3.2,↖️北北西,東京都,東京,,0,142.5,0,71,7.6,16.9,1012.4,117.2,0,1,1
1998-11,13.9,3.0,↖️北北西,東京都,東京,,0,7.5,0,55,5.5,8.8,1011.7,157.9,0,0,0
1998-12,9.0,3.1,↖️北北西,東京都,東京,,0,48.0,0,57,5.1,6.5,1014.7,152.4,1,0,0
1999-01,6.6,3.1,↖️北北西,東京都,東京,,0,19.5,0,44,3.1,4.3,1009.4,217.0,0,0,0
1999-02,6.7,3.4,↖️北北西,東京都,東京,,0,35.5,1,44,4.1,4.3,1010.6,200.9,4,0,0
1999-03,10.1,3.5,↖️北北西,東京都,東京,,0,144.5,0,62,7.4,8.0,1011.4,119.0,0,0,0
1999-04,15.0,3.7,↖️北北西,東京都,東京,,0,205.0,0,66,7.3,11.5,1009.0,146.3,0,0,3
1999-05,19.9,3.2,↙️南西,東京都,東京,,0,103.5,0,64,7.1,14.6,1007.1,184.0,0,0,0
1999-06,22.8,3.2,↙️南西,東京都,東京,,0,192.5,0,73,8.5,20.0,1005.5,135.8,0,0,0
1999-07,25.9,3.7,↙️南西,東京都,東京,,0,342.0,0,76,7.9,25.5,1004.8,169.0,0,2,0
1999-08,28.5,3.4,↙️南西,東京都,東京,,0,301.0,0,74,6.9,28.7,1006.2,204.0,0,4,0
1999-09,26.2,3.3,↙️南西,東京都,東京,,0,91.0,0,71,7.7,23.9,1009.0,130.3,0,0,0
1999-10,19.5,3.3,↖️北北西,東京都,東京,,0,87.5,0,62,6.5,14.3,1013.0,158.4,0,1,0
1999-11,14.2,2.9,↖️北北西,東京都,東京,,0,93.0,0,60,5.5,9.8,1012.8,157.1,0,0,2
1999-12,9.0,2.8,↖️北北西,東京都,東京,,0,7.0,0,47,3.6,5.4,1013.2,186.3,0,0,0
2000-01,7.6,3.2,↖️北北西,東京都,東京,,0,66.5,0,51,6.0,5.5,1014.1,153.8,3,0,0
2000-02,6.0,3.7,↖️北北西,東京都,東京,,0,4.0,0,38,4.2,3.6,1008.1,207.7,4,1,0
2000-03,9.4,3.7,↖️北北西,東京都,東京,,0,85.5,0,44,4.7,5.3,1008.3,207.9,0,0,0
2000-04,14.5,3.6,↖️北北西,東京都,東京,,0,151.5,0,55,6.7,9.0,1006.9,174.9,0,3,0
2000-05,19.8,3.1,⬇️南,東京都,東京,,0,109.0,0,68,7.4,15.6,1007.3,184.0,0,2,0
2000-06,22.5,3.1,↙️南西,東京都,東京,,0,232.0,0,74,8.0,20.1,1004.8,129.8,0,0,1
2000-07,27.7,3.3,↙️南西,東京都,東京,,0,373.5,0,70,6.5,25.6,1003.6,210.2,0,5,0
2000-08,28.3,2.7,↙️南西,東京都,東京,,0,162.0,0,69,6.8,26.5,1007.1,185.7,0,4,0
2000-09,25.6,3.0,↖️北北西,東京都,東京,,0,164.0,0,69,7.2,22.6,1007.5,128.9,0,5,0
2000-10,18.8,2.9,↖️北北西,東京都,東京,,0,142.5,0,67,8.2,14.5,1013.1,97.7,0,1,0
2000-11,13.3,3.3,↖️北北西,東京都,東京,,0,106.0,0,63,7.4,9.8,1015.8,109.7,0,1,0
2000-12,8.8,3.1,↖️北北西,東京都,東京,,0,6.5,0,46,4.2,5.2,1012.9,172.2,0,0,0
2001-01,4.9,3.6,↖️北北西,東京都,東京,,0,126.5,12,47,4.4,4.0,1010.2,178.8,4,1,0
2001-02,6.6,3.3,↖️北北西,東京都,東京,,0,23.0,0,48,5.7,4.7,1012.9,153.0,4,0,0
2001-03,9.8,3.6,↖️北北西,東京都,東京,,0,107.5,0,51,5.7,6.3,1006.0,180.1,5,0,0
2001-04,15.7,3.6,↙️南西,東京都,東京,,0,40.5,0,56,5.5,10.1,1010.5,219.5,0,0,0
2001-05,19.5,3.2,↙️南西,東京都,東京,,0,170.5,0,69,7.8,15.6,1007.0,160.6,0,4,0
2001-06,23.1,2.8,↙️南西,東京都,東京,,0,144.5,0,70,9.0,19.7,1003.6,107.8,0,2,0
2001-07,28.5,3.2,↙️南西,東京都,東京,,0,41.5,0,63,5.9,24.6,1004.6,259.2,0,4,0
2001-08,26.4,2.9,➡️東北東,東京都,東京,,0,136.5,0,71,8.6,24.2,1005.7,94.0,0,0,0
2001-09,23.2,3.2,➡️東北東,東京都,東京,,0,204.0,0,68,7.4,19.8,1008.8,109.4,0,0,0
2001-10,18.7,3.2,↖️北北西,東京都,東京,,0,343.0,0,62,6.0,13.3,1013.1,154.6,0,1,0
2001-11,13.1,2.8,↖️北北西,東京都,東京,,0,123.5,0,55,4.9,8.3,1012.2,169.6,0,0,0
2001-12,8.4,3.1,↖️北北西,東京都,東京,,0,30.0,0,46,3.9,5.0,1013.9,189.9,1,0,0
2002-01,7.4,3.2,↖️北北西,東京都,東京,,0,98.5,0,46,3.9,4.8,1008.1,201.9,2,1,0
2002-02,7.9,3.1,↖️北北西,東京都,東京,,0,25.0,0,48,5.6,5.2,1013.1,163.5,2,0,0
2002-03,12.2,3.5,↖️北北西,東京都,東京,,0,82.0,0,49,5.5,7.0,1009.1,191.3,0,2,0
2002-04,16.1,3.7,➡️東北東,東京都,東京,,0,58.0,0,57,7.4,10.6,1011.6,164.2,0,0,0
2002-05,18.4,3.1,↙️南西,東京都,東京,,0,112.5,0,64,8.2,13.4,1008.2,153.0,0,2,0
2002-06,21.6,3.0,↙️南西,東京都,東京,,0,151.5,0,69,8.4,17.4,1004.7,123.3,0,2,0
2002-07,28.0,3.2,↙️南西,東京都,東京,,0,124.0,0,70,7.7,26.0,1003.7,189.5,0,0,0
2002-08,28.0,3.4,↙️南西,東京都,東京,,0,120.0,0,66,6.1,24.8,1005.3,231.0,0,4,0
2002-09,23.1,2.9,⬆️北,東京都,東京,,0,207.0,0,69,7.7,19.5,1009.9,117.3,0,4,0
2002-10,19.0,3.1,↖️北北西,東京都,東京,,0,194.0,0,62,5.4,13.9,1010.5,183.4,0,2,0
2002-11,11.6,3.1,↖️北北西,東京都,東京,,0,27.5,0,50,5.7,6.9,1010.5,140.9,0,0,0
2002-12,7.2,3.0,↖️北北西,東京都,東京,,0,94.5,3,57,5.9,5.9,1014.7,130.7,1,0,0
2003-01,5.5,3.2,↖️北北西,東京都,東京,,0,101.0,0,46,4.0,4.1,1010.3,208.0,5,0,0
2003-02,6.4,3.3,↖️北北西,東京都,東京,,0,53.5,0,52,5.8,5.0,1013.1,154.0,4,0,0
2003-03,8.7,3.6,↖️北北西,東京都,東京,,0,159.5,0,49,5.4,5.6,1011.8,203.8,0,0,0
2003-04,15.1,3.7,↙️南西,東京都,東京,,0,121.0,0,61,7.4,10.6,1010.3,162.6,0,0,0
2003-05,18.8,2.9,➡️東北東,東京都,東京,,0,172.5,0,65,8.0,14.2,1011.8,145.6,0,1,0
2003-06,23.2,2.8,↙️南西,東京都,東京,,0,85.0,0,69,8.8,19.6,1004.4,103.6,0,0,0
2003-07,22.8,2.8,➡️東北東,東京都,東京,,0,187.5,0,75,9.7,20.8,1005.6,48.2,0,0,0
2003-08,26.0,3.0,↙️南西,東京都,東京,,0,370.0,0,73,8.3,24.3,1006.3,130.3,0,2,0
2003-09,24.2,3.3,⬆️北,東京都,東京,,0,150.0,0,66,7.3,20.0,1009.2,160.2,0,1,1
2003-10,17.8,3.1,↖️北北西,東京都,東京,,0,171.5,0,59,7.2,12.1,1012.1,137.6,0,2,0
2003-11,14.4,3.0,⬆️北,東京都,東京,,0,229.5,0,67,7.5,11.3,1016.4,87.9,0,0,2
2003-12,9.2,3.0,↖️北北西,東京都,東京,,0,53.0,0,50,4.0,5.8,1010.1,181.4,1,0,0
2004-01,6.3,3.4,↖️北北西,東京都,東京,,0,3.5,0,43,4.1,4.1,1011.0,203.6,4,0,0
2004-02,8.5,3.5,↖️北北西,東京都,東京,,0,20.0,0,45,4.0,5.2,1009.9,218.3,0,0,0
2004-03,9.8,4.1,↙️南西,東京都,東京,,0,129.5,0,53,6.4,6.6,1012.6,170.9,2,0,0
2004-04,16.4,4.0,↙️南西,東京都,東京,,0,69.5,0,51,5.4,9.5,1007.0,235.4,0,1,0
2004-05,19.6,3.8,➡️東北東,東京都,東京,,0,149.0,0,67,8.3,15.4,1008.0,139.9,0,0,0
2004-06,23.7,3.6,↙️南西,東京都,東京,,0,112.5,0,66,7.5,19.4,1006.9,170.6,0,2,0
2004-07,28.5,3.4,↙️南西,東京都,東京,,0,23.5,0,62,6.3,23.7,1004.7,232.2,0,3,0
2004-08,27.2,3.8,↙️南西,東京都,東京,,0,79.5,0,65,8.0,23.2,1006.5,177.8,0,1,0
2004-09,25.1,4.1,↙️南西,東京都,東京,,0,195.0,0,68,7.4,21.5,1011.7,140.0,0,3,0
2004-10,17.5,3.6,⬆️北,東京都,東京,,0,780.0,0,69,7.1,13.9,1013.3,116.8,0,2,0
2004-11,15.6,3.1,↖️北北西,東京都,東京,,0,108.5,0,60,5.6,10.9,1014.9,160.9,0,2,2
2004-12,9.9,3.6,↖️北北西,東京都,東京,,0,79.5,3,49,5.3,5.9,1014.2,166.3,2,0,0
2005-01,6.1,3.7,↖️北北西,東京都,東京,,0,77.0,0,47,4.2,4.4,1008.4,200.0,2,0,0
2005-02,6.2,3.9,↖️北北西,東京都,東京,,0,48.0,1,45,6.3,4.2,1011.2,148.9,6,0,0
2005-03,9.0,3.5,⬆️北,東京都,東京,,0,71.0,2,49,6.0,5.7,1009.5,175.1,4,0,0
2005-04,15.1,3.8,↙️南西,東京都,東京,,0,81.0,0,54,5.4,9.2,1009.9,216.1,0,1,0
2005-05,17.7,3.9,↙️南西,東京都,東京,,0,180.5,0,58,7.2,11.7,1006.8,172.3,0,2,0
2005-06,23.2,3.0,↙️南西,東京都,東京,,0,170.5,0,70,8.9,19.9,1003.7,119.3,0,1,0
2005-07,25.6,2.9,↙️南西,東京都,東京,,0,247.5,0,71,8.9,23.1,1003.0,103.9,0,0,0
2005-08,28.1,3.4,↙️南西,東京都,東京,,0,189.5,0,68,7.6,25.4,1005.4,159.9,0,4,0
2005-09,24.7,3.6,↙️南西,東京都,東京,,0,177.5,0,67,7.1,20.9,1011.6,154.2,0,3,0
2005-10,19.2,3.3,↖️北北西,東京都,東京,,0,201.5,0,69,7.3,15.3,1012.5,108.3,0,1,0
2005-11,13.3,2.9,↖️北北西,東京都,東京,,0,34.5,0,52,4.7,8.0,1012.3,194.6,0,0,0
2005-12,6.4,3.4,↖️北北西,東京都,東京,,0,3.5,0,39,3.0,3.8,1007.8,212.4,2,0,0
2006-01,5.1,3.8,↖️北北西,東京都,東京,,0,67.0,10,44,4.9,3.9,1013.2,169.9,5,1,0
2006-02,6.7,3.7,↖️北北西,東京都,東京,,0,113.0,2,53,6.5,5.3,1014.9,128.5,3,0,0
2006-03,9.8,3.8,↖️北北西,東京都,東京,,0,79.5,0,48,5.9,6.0,1007.0,176.2,2,1,0
2006-04,13.6,3.6,↖️北北西,東京都,東京,,0,123.0,0,57,7.1,9.0,1006.2,147.0,0,2,1
2006-05,19.0,3.8,↙️南西,東京都,東京,,0,99.0,0,65,7.9,14.3,1009.9,136.7,0,3,0
2006-06,22.5,2.7,➡️東北東,東京都,東京,,0,138.5,0,71,9.1,19.3,1005.5,79.5,0,1,0
2006-07,25.6,2.7,↙️南西,東京都,東京,,0,165.0,0,74,9.4,24.2,1003.8,59.2,0,2,1
2006-08,27.5,2.7,↙️南西,東京都,東京,,0,126.0,0,69,7.5,25.3,1005.7,160.6,0,5,0
2006-09,23.5,3.8,⬆️北,東京都,東京,,0,175.5,0,68,7.8,19.8,1008.8,103.5,0,2,0
2006-10,19.5,3.7,⬆️北,東京都,東京,,0,318.0,0,66,7.1,14.8,1012.0,137.8,0,0,0
2006-11,14.4,3.3,↖️北北西,東京都,東京,,0,135.0,0,59,6.1,9.8,1012.0,147.5,0,2,0
2006-12,9.5,3.4,↖️北北西,東京都,東京,,0,200.5,0,52,5.9,6.2,1015.2,141.4,0,1,0
2007-01,7.6,3.4,↖️北北西,東京都,東京,,0,42.0,0,45,5.4,4.7,1015.1,175.6,0,0,0
2007-02,8.6,3.8,↖️北北西,東京都,東京,,0,57.0,0,45,4.1,5.1,1011.7,193.6,0,0,0
2007-03,10.8,4.1,↖️北北西,東京都,東京,,0,77.0,0,44,5.4,6.1,1010.2,195.0,2,1,0
2007-04,13.7,4.1,↙️南西,東京都,東京,,0,134.0,0,59,7.8,9.2,1009.9,151.0,1,5,0
2007-05,19.8,3.6,↙️南西,東京都,東京,,0,115.5,0,58,6.4,13.2,1003.4,226.4,0,2,1
2007-06,23.2,3.1,↙️南西,東京都,東京,,0,80.0,0,66,7.7,18.6,1005.7,187.2,0,1,0
2007-07,24.4,2.9,➡️東北東,東京都,東京,,0,253.0,0,74,8.8,22.6,1001.6,80.6,0,3,0
2007-08,29.0,3.3,↙️南西,東京都,東京,,0,9.5,0,66,6.4,26.1,1007.3,227.9,0,2,0
2007-09,25.2,4.0,↙️南西,東京都,東京,,0,319.5,0,71,8.0,22.9,1008.8,121.3,0,3,0
2007-10,19.0,3.3,⬆️北,東京都,東京,,0,135.5,0,63,7.3,13.8,1013.1,119.8,0,0,0
2007-11,13.3,2.5,↖️北北西,東京都,東京,,0,37.0,0,56,5.7,8.8,1013.4,148.8,0,1,0
2007-12,9.0,2.5,↖️北北西,東京都,東京,,0,72.0,0,54,5.0,6.2,1011.2,168.8,0,0,0
2008-01,5.9,2.8,↖️北北西,東京都,東京,,0,17.5,0,45,5.4,4.2,1013.4,164.8,3,0,0
2008-02,5.5,3.5,↖️北北西,東京都,東京,,0,57.0,4,41,4.3,3.7,1011.0,214.8,6,0,0
2008-03,10.7,2.9,↖️北北西,東京都,東京,,0,119.5,0,52,5.7,6.8,1011.0,187.2,0,2,0
2008-04,14.7,3.1,↖️北北西,東京都,東京,,0,240.0,0,59,7.2,9.8,1009.6,150.0,0,1,0
2008-05,18.5,3.0,↗️北北東,東京都,東京,,0,255.0,0,65,8.5,13.7,1007.8,136.9,0,0,0
2008-06,21.3,2.7,⬇️南,東京都,東京,,0,225.5,0,72,8.8,18.2,1006.2,106.9,0,1,0
2008-07,27.0,2.8,⬇️南南東,東京都,東京,,0,48.0,0,71,8.6,25.1,1005.1,168.4,0,7,0
2008-08,26.8,2.6,⬇️南南東,東京都,東京,,0,387.5,0,74,8.6,26.0,1004.5,130.0,0,8,0
2008-09,24.4,2.5,↖️北北西,東京都,東京,,0,158.5,0,69,7.9,21.2,1008.0,124.1,0,4,0
2008-10,19.4,2.4,↖️北北西,東京都,東京,,0,204.5,0,66,7.1,14.8,1013.4,141.0,0,1,0
2008-11,13.1,2.6,↖️北北西,東京都,東京,,0,74.0,0,56,6.2,8.6,1012.5,142.9,0,0,0
2008-12,9.8,2.8,↖️北北西,東京都,東京,,0,70.5,0,53,4.0,6.6,1013.0,190.8,0,1,0
2009-01,6.8,2.9,↖️北北西,東京都,東京,,0,142.0,0,48,5.5,4.8,1012.8,174.7,3,0,0
2009-02,7.8,3.1,↖️北北西,東京都,東京,,0,46.5,0,50,6.6,5.3,1010.7,131.2,2,0,0
2009-03,10.0,3.5,↖️北北西,東京都,東京,,0,98.5,0,48,6.4,6.1,1011.4,162.9,3,0,0
2009-04,15.7,3.3,↖️北北西,東京都,東京,,0,162.5,0,54,5.5,9.5,1008.7,226.7,0,1,0
2009-05,20.1,3.1,⬇️南,東京都,東京,,0,242.0,0,64,8.1,14.8,1007.3,154.6,0,2,0
2009-06,22.5,2.7,⬇️南南東,東京都,東京,,0,226.0,0,72,9.0,19.5,1003.3,98.8,0,2,0
2009-07,26.3,3.4,⬇️南,東京都,東京,,0,78.5,0,72,9.0,24.5,1003.3,103.5,0,2,0
2009-08,26.6,2.7,⬇️南南東,東京都,東京,,0,242.0,0,69,8.2,23.9,1005.5,136.1,0,3,0
2009-09,23.0,2.5,↗️北東,東京都,東京,,0,53.0,0,64,7.6,17.7,1009.0,136.5,0,0,0
2009-10,19.0,2.7,↖️北北西,東京都,東京,,0,276.5,0,64,6.4,13.9,1010.3,153.3,0,1,0
2009-11,13.5,2.5,↖️北北西,東京都,東京,,0,151.5,0,63,6.8,10.0,1014.9,124.0,0,0,0
2009-12,9.0,2.7,↖️北北西,東京都,東京,,0,82.5,0,51,4.6,6.0,1010.3,181.0,0,0,0
2010-01,7.0,2.7,↖️北北西,東京都,東京,,0,9.0,0,41,3.8,4.2,1010.2,221.9,1,0,0
2010-02,6.5,2.8,↗️北東,東京都,東京,,0,115.0,2,60,6.9,6.0,1012.6,118.3,10,0,0
2010-03,9.1,3.2,↖️北北西,東京都,東京,,0,143.5,0,61,7.0,7.1,1012.7,139.8,2,0,0
2010-04,12.4,3.1,↖️北北西,東京都,東京,,0,214.0,0,62,8.2,9.0,1013.6,139.9,1,0,0
2010-05,19.0,3.2,⬇️南,東京都,東京,,0,114.0,0,60,7.4,13.1,1007.3,198.8,0,0,1
2010-06,23.6,2.9,⬇️南,東京都,東京,,0,108.0,0,67,7.9,19.8,1007.1,162.5,0,3,0
2010-07,28.0,3.3,⬇️南,東京都,東京,,0,70.0,0,70,7.7,26.4,1005.9,182.7,0,2,0
2010-08,29.6,3.4,⬇️南,東京都,東京,,0,27.0,0,67,6.7,27.8,1009.7,222.6,0,1,0
2010-09,25.1,2.9,↖️北北西,東京都,東京,,0,428.0,0,68,7.6,21.8,1008.3,165.3,0,3,0
2010-10,18.9,2.5,↖️北北西,東京都,東京,,0,211.0,0,68,8.6,15.1,1012.7,81.4,0,0,0
2010-11,13.5,2.4,↖️北北西,東京都,東京,,0,94.5,0,56,5.8,8.7,1012.3,158.9,0,1,0
2010-12,9.9,2.7,↖️北北西,東京都,東京,,0,145.5,0,50,4.5,6.2,1005.1,194.9,1,1,0
2011-01,5.1,2.8,↖️北北西,東京都,東京,,0,3.5,0,36,3.2,3.1,1009.1,243.9,4,0,0
2011-02,7.0,2.9,↖️北北西,東京都,東京,,0,151.0,2,52,5.7,5.2,1013.6,148.9,7,0,0
2011-03,8.1,3.2,↖️北北西,東京都,東京,,0,74.0,0,47,5.3,5.1,1010.5,214.8,1,0,0
2011-04,14.5,3.8,⬇️南,東京都,東京,,0,96.0,0,50,5.7,8.5,1008.9,204.0,0,0,0
2011-05,18.5,3.0,⬇️南,東京都,東京,,0,213.5,0,63,8.0,13.2,1007.5,146.3,0,1,0
2011-06,22.8,2.6,⬇️南南東,東京都,東京,,0,116.5,0,71,9.0,19.7,1005.3,105.1,0,1,0
2011-07,27.3,3.3,⬇️南,東京都,東京,,0,54.5,0,67,7.0,24.5,1004.5,186.2,0,5,0
2011-08,27.5,2.6,⬇️南,東京都,東京,,0,244.0,0,71,7.6,25.8,1006.4,168.9,0,4,0
2011-09,25.1,3.3,⬇️南,東京都,東京,,0,235.0,0,68,7.1,22.0,1007.7,165.8,0,1,0
2011-10,19.5,2.8,↖️北北西,東京都,東京,,0,119.5,0,61,7.4,13.9,1013.6,141.3,0,0,0
2011-11,14.9,2.2,↖️北北西,東京都,東京,,0,112.5,0,58,6.7,10.2,1015.4,143.4,0,1,0
2011-12,7.5,2.6,↖️北北西,東京都,東京,,0,59.5,0,48,4.5,5.1,1013.3,187.6,0,0,0
2012-01,4.8,2.7,↖️北北西,東京都,東京,,0,50.0,4,43,5.0,3.7,1012.6,183.0,4,1,0
2012-02,5.4,2.9,↖️北北西,東京都,東京,,0,94.0,2,49,6.4,4.4,1011.6,148.6,5,0,0
2012-03,8.8,3.1,↖️北北西,東京都,東京,,0,144.5,0,59,6.4,6.7,1010.4,149.7,1,0,0
2012-04,14.5,3.2,↖️北北西,東京都,東京,,0,118.5,0,63,6.9,10.6,1010.8,162.4,0,2,0
2012-05,19.6,3.3,⬇️南,東京都,東京,,0,231.0,0,65,7.5,14.8,1005.9,195.4,0,6,0
2012-06,21.4,3.0,↗️北東,東京都,東京,,0,185.0,0,73,8.9,18.4,1005.6,125.3,0,1,0
2012-07,26.4,3.1,⬇️南,東京都,東京,,0,130.0,0,75,8.3,25.9,1004.5,181.3,0,2,0
2012-08,29.1,3.2,⬇️南,東京都,東京,,0,25.0,0,69,6.3,27.7,1008.2,236.0,0,3,0
2012-09,26.2,3.0,⬇️南南東,東京都,東京,,0,214.5,0,73,8.1,24.7,1009.8,164.4,0,10,0
2012-10,19.4,2.8,↖️北北西,東京都,東京,,0,154.5,0,65,6.8,14.8,1011.0,156.6,0,1,0
2012-11,12.7,2.7,↖️北北西,東京都,東京,,0,154.0,0,58,5.8,8.6,1009.6,153.3,0,0,1
2012-12,7.3,2.8,↖️北北西,東京都,東京,,0,69.0,0,52,4.7,5.3,1011.0,166.9,0,0,0
2013-01,5.5,2.9,↖️北北西,東京都,東京,,0,70.0,8,47,3.9,4.3,1012.6,212.5,2,0,0
2013-02,6.2,3.3,↖️北北西,東京都,東京,,0,30.0,0,48,5.6,4.7,1012.9,173.7,3,0,0
2013-03,12.1,3.6,↖️北北西,東京都,東京,,0,44.5,0,55,6.4,8.0,1009.0,190.1,0,0,0
2013-04,15.2,3.9,↖️北北西,東京都,東京,,0,283.0,0,55,5.9,9.6,1005.9,196.0,0,1,0
2013-05,19.8,3.4,⬇️南,東京都,東京,,0,56.0,0,61,6.0,14.3,1008.0,227.1,0,1,0
2013-06,22.9,2.8,⬇️南南東,東京都,東京,,0,159.0,0,74,8.7,20.7,1005.3,123.9,0,1,0
2013-07,27.3,2.9,⬇️南南東,東京都,東京,,0,115.5,0,73,8.7,26.3,1004.2,163.4,0,6,0
2013-08,29.2,3.0,⬇️南南東,東京都,東京,,0,99.0,0,70,6.9,28.0,1002.9,210.6,0,5,0
2013-09,25.2,3.0,↖️北北西,東京都,東京,,0,231.5,0,69,6.8,22.5,1010.2,164.2,0,4,0
2013-10,19.8,3.1,↖️北北西,東京都,東京,,0,440.0,0,72,7.9,16.9,1013.0,110.4,0,0,0
2013-11,13.5,2.6,↖️北北西,東京都,東京,,0,26.0,0,55,4.7,8.8,1011.1,177.4,0,0,0
2013-12,8.3,2.5,↖️北北西,東京都,東京,,0,59.5,0,52,4.3,5.7,1009.1,181.8,1,1,0
2014-01,6.3,2.8,↖️北北西,東京都,東京,,0,24.5,0,45,4.5,4.4,1013.4,204.1,3,0,0
2014-02,5.9,3.3,↖️北北西,東京都,東京,,0,157.5,49,52,7.0,5.0,1014.3,139.8,6,1,0
2014-03,10.4,3.5,↖️北北西,東京都,東京,,0,113.5,0,52,5.6,6.8,1010.3,205.0,1,1,0
2014-04,15.0,3.1,↖️北北西,東京都,東京,,0,155.0,0,56,5.7,9.6,1011.7,218.3,0,2,0
2014-05,20.3,3.4,⬇️南,東京都,東京,,0,135.5,0,62,6.7,14.7,1006.4,236.5,0,2,0
2014-06,23.4,2.6,⬇️南南東,東京都,東京,,0,311.0,0,75,8.4,21.1,1002.9,143.0,0,5,0
2014-07,26.8,2.8,⬇️南南東,東京都,東京,,0,105.5,0,74,7.6,25.9,1004.5,175.6,0,4,0
2014-08,27.7,3.2,⬇️南,東京都,東京,,0,105.0,0,74,7.5,27.2,1005.7,180.9,0,1,0
2014-09,23.2,2.6,↖️北北西,東京都,東京,,0,155.5,0,68,7.8,19.4,1008.4,145.8,0,2,0
2014-10,19.1,2.7,↖️北北西,東京都,東京,,0,384.5,0,67,7.4,15.0,1013.3,135.2,0,2,0
2014-11,14.2,2.5,↖️北北西,東京都,東京,,0,98.5,0,63,6.2,10.3,1013.4,134.6,0,0,0
2014-12,6.7,2.5,↖️北北西,東京都,東京,,0,62.0,0,55,4.2,5.5,1010.8,185.2,2,0,0
2015-01,5.8,3.2,↖️北北西,東京都,東京,,0,92.5,3,52,4.4,4.8,1012.1,182.0,4,0,0
2015-02,5.7,2.9,↖️北北西,東京都,東京,,0,62.0,0,59,5.4,5.4,1012.3,166.9,3,0,0
2015-03,10.3,3.1,↖️北北西,東京都,東京,,0,94.0,0,57,5.9,7.2,1013.7,194.2,1,0,0
2015-04,14.5,3.1,⬇️南,東京都,東京,,0,129.0,0,71,7.9,11.8,1013.9,149.5,1,1,0
2015-05,21.1,3.2,⬇️南,東京都,東京,,0,88.0,0,62,6.9,15.2,1006.9,240.6,0,1,0
2015-06,22.1,2.7,⬇️南南東,東京都,東京,,0,195.5,0,75,8.9,19.7,1005.6,137.3,0,1,0
2015-07,26.2,3.1,⬇️南,東京都,東京,,0,234.5,0,80,7.5,26.7,1006.5,181.8,0,2,0
2015-08,26.7,2.8,⬇️南南東,東京都,東京,,0,103.5,0,78,7.7,27.1,1006.6,137.6,0,2,0
2015-09,22.6,2.5,↖️北北西,東京都,東京,,0,503.5,0,79,8.3,21.5,1009.6,113.3,0,5,0
2015-10,18.4,2.8,↖️北北西,東京都,東京,,0,57.0,0,66,6.2,13.9,1012.6,181.3,0,1,0
2015-11,13.9,2.2,↖️北北西,東京都,東京,,0,139.5,0,74,7.1,12.0,1018.3,120.1,0,0,0
2015-12,9.3,2.5,↖️北北西,東京都,東京,,0,82.5,0,57,5.7,6.8,1016.3,162.0,0,0,0
2016-01,6.1,2.4,↖️北西,東京都,東京,,0,85.0,6,55,4.4,5.1,1013.2,201.5,2,0,0
2016-02,7.2,2.9,↖️北北西,東京都,東京,,0,57.0,0,56,5.8,5.9,1015.8,160.1,3,0,0
2016-03,10.1,2.8,↖️北北西,東京都,東京,,0,103.0,0,61,7.0,7.7,1016.0,161.9,1,1,0
2016-04,15.4,3.3,⬇️南,東京都,東京,,0,120.0,0,67,8.2,11.7,1010.7,149.2,0,0,0
2016-05,20.2,3.4,⬇️南,東京都,東京,,0,137.5,0,66,7.3,15.2,1010.5,204.9,0,0,0
2016-06,22.4,2.9,⬇️南南東,東京都,東京,,0,174.5,0,75,8.3,19.9,1006.6,139.1,0,0,0
2016-07,25.4,2.7,⬇️南南東,東京都,東京,,0,81.5,0,80,8.2,25.7,1007.3,143.7,0,2,0
2016-08,27.1,3.1,⬇️南南東,東京都,東京,,0,414.0,0,78,7.8,27.8,1002.3,156.5,0,5,0
2016-09,24.4,2.4,↖️北北西,東京都,東京,,0,287.0,0,86,8.9,26.1,1010.7,79.4,0,0,0
2016-10,18.7,2.4,↖️北北西,東京都,東京,,0,96.5,0,72,7.9,15.8,1014.8,119.6,0,0,0
2016-11,11.4,2.5,↖️北北西,東京都,東京,,0,139.0,0,71,6.7,9.7,1016.2,132.1,1,0,0
2016-12,8.9,2.6,↖️北北西,東京都,東京,,0,84.0,0,59,4.9,7.0,1015.1,193.7,0,0,0
2017-01,5.8,2.8,↖️北北西,東京都,東京,,0,26.0,0,53,3.3,4.9,1012.3,226.7,2,0,0
2017-02,6.9,3.5,↖️北西,東京都,東京,,0,15.5,0,49,4.7,4.9,1011.2,193.7,4,0,0
2017-03,8.5,2.8,↖️北北西,東京都,東京,,0,85.5,0,60,6.6,6.5,1011.5,190.3,0,0,0
2017-04,14.7,3.4,⬇️南,東京都,東京,,0,122.0,0,66,6.9,11.0,1009.9,198.8,0,2,0
2017-05,20.0,3.0,⬇️南,東京都,東京,,0,49.0,0,72,7.3,16.6,1009.5,216.9,0,2,0
2017-06,22.0,3.1,⬇️南,東京都,東京,,0,106.5,0,73,8.4,19.1,1005.6,158.8,0,2,0
2017-07,27.3,3.1,⬇️南,東京都,東京,,0,81.0,0,78,7.5,28.2,1006.2,189.1,0,4,0
2017-08,26.4,2.6,➡️東北東,東京都,東京,,0,141.5,0,83,9.2,28.4,1004.9,83.7,0,1,0
2017-09,22.8,2.7,⬇️南,東京都,東京,,0,209.5,0,79,8.4,21.8,1008.8,124.4,0,2,0
2017-10,16.8,2.7,↖️北北西,東京都,東京,,0,531.5,0,82,8.1,15.9,1015.6,94.7,0,1,0
2017-11,11.9,2.4,↖️北北西,東京都,東京,,0,47.0,0,67,6.1,9.5,1014.6,162.7,0,0,0
2017-12,6.6,2.5,↖️北西,東京都,東京,,0,15.0,0,56,3.9,5.5,1013.3,211.1,1,0,0
2018-01,4.7,2.6,↖️北北西,東京都,東京,,0,48.5,23,54,3.9,4.6,1011.4,206.1,4,0,0
2018-02,5.4,2.6,↖️北北西,東京都,東京,,0,20.0,1,56,5.8,5.0,1013.8,167.3,5,0,0
2018-03,11.5,3.0,↖️北北西,東京都,東京,,0,220.0,0,65,5.6,8.9,1014.1,198.0,1,1,0
2018-04,17.0,3.5,⬇️南,東京都,東京,,0,109.0,0,66,5.9,12.9,1011.3,201.8,0,0,0
2018-05,19.8,3.3,⬇️南,東京都,東京,,0,165.5,0,71,7.3,16.3,1008.5,199.3,0,1,0
2018-06,22.4,3.2,⬇️南,東京都,東京,,0,155.5,0,80,8.1,21.5,1006.5,163.1,0,1,0
2018-07,28.3,3.5,⬇️南,東京都,東京,,0,107.0,0,77,7.7,29.4,1007.6,227.2,0,1,0
2018-08,28.1,3.5,⬇️南,東京都,東京,,0,86.5,0,77,7.5,29.1,1005.9,217.4,0,6,0
2018-09,22.9,3.0,⬇️南,東京都,東京,,0,365.0,0,86,9.1,23.9,1010.7,96.7,0,2,0
2018-10,19.1,2.6,↖️北北西,東京都,東京,,0,61.5,0,74,7.0,16.6,1012.9,139.0,0,2,0
2018-11,14.0,2.1,↖️北北西,東京都,東京,,0,63.0,0,72,6.9,11.6,1016.9,151.0,0,0,0
2018-12,8.3,2.6,↖️北北西,東京都,東京,,0,44.0,0,61,6.0,7.0,1015.8,145.3,0,0,0
2019-01,5.6,2.8,↖️北西,東京都,東京,,0,16.0,0,51,2.8,4.5,1013.4,222.2,2,1,0
2019-02,7.2,2.7,↖️北北西,東京都,東京,,0,42.0,0,59,6.6,6.1,1015.0,138.0,4,0,0
2019-03,10.6,3.0,↖️北北西,東京都,東京,,0,117.5,0,60,6.4,7.6,1010.1,177.3,0,0,0
2019-04,13.6,3.3,⬇️南南東,東京都,東京,,0,90.5,0,63,6.7,10.1,1010.3,194.4,0,1,0
2019-05,20.0,3.3,⬇️南南東,東京都,東京,,0,120.5,0,65,7.1,14.9,1010.3,229.4,0,1,0
2019-06,21.8,2.9,⬇️南南東,東京都,東京,,0,225.0,0,81,8.5,20.9,1004.8,129.5,0,1,0
2019-07,24.1,2.6,⬇️南南東,東京都,東京,,0,193.0,0,89,9.0,26.8,1006.8,81.1,0,0,0
2019-08,28.4,3.2,⬇️南南東,東京都,東京,,0,110.0,0,80,6.8,30.9,1005.9,187.8,0,4,0
2019-09,25.1,2.7,↗️北東,東京都,東京,,0,197.0,0,79,8.0,25.0,1012.3,137.6,0,3,0
2019-10,19.4,2.8,↖️北北西,東京都,東京,,0,529.5,0,80,7.8,18.1,1013.2,112.8,0,1,0
2019-11,13.1,2.6,↖️北北西,東京都,東京,,0,156.5,0,69,5.2,10.5,1015.4,170.3,0,0,1
2019-12,8.5,2.4,↖️北北西,東京都,東京,,0,76.5,0,66,6.4,7.3,1016.7,128.6,0,0,0
2020-01,7.1,2.4,↖️北北西,東京都,東京,,0,135.0,0,65,5.8,6.5,1013.8,139.8,4,0,0
2020-02,8.3,2.7,↖️北西,東京都,東京,,0,15.0,0,55,5.2,6.2,1015.6,196.1,0,0,0
2020-03,10.7,3.1,↖️北西,東京都,東京,,0,131.0,1,65,5.9,8.4,1010.9,181.9,2,0,0
2020-04,12.8,3.2,↖️北北西,東京都,東京,,0,296.5,0,66,6.2,9.6,1009.7,213.4,0,1,0
2020-05,19.5,3.1,⬇️南,東京都,東京,,0,118.0,0,75,7.7,16.7,1008.4,175.5,0,2,0
2020-06,23.2,2.8,⬇️南,東京都,東京,,0,212.5,0,82,8.7,23.1,1004.7,136.3,0,1,0
2020-07,24.3,3.1,⬇️南,東京都,東京,,0,270.5,0,89,9.7,27.1,1006.2,47.7,0,4,0
2020-08,29.1,2.8,⬇️南南東,東京都,東京,,0,61.5,0,76,5.8,30.2,1008.3,254.7,0,5,0
2020-09,24.2,2.9,↖️北北西,東京都,東京,,0,117.5,0,83,8.3,25.3,1009.6,105.7,0,4,0
2020-10,17.5,2.4,↖️北北西,東京都,東京,,0,205.0,0,75,7.7,15.0,1014.5,113.9,0,0,0
2020-11,14.0,2.5,↖️北北西,東京都,東京,,0,14.5,0,65,5.8,10.6,1017.3,156.6,0,0,0
2020-12,7.7,2.1,↖️北北西,東京都,東京,,0,13.0,0,61,5.0,6.5,1013.9,167.9,0,0,0
2021-01,5.4,2.3,↖️北北西,東京都,東京,,0,43.5,0,57,5.1,5.2,1014.1,172.4,2,0,0
2021-02,8.5,2.9,↖️北西,東京都,東京,,0,88.5,0,49,3.9,5.6,1011.8,214.9,0,0,0
2021-03,12.8,3.2,↖️北西,東京都,東京,,0,173.0,0,62,7.0,9.4,1014.5,193.2,0,1,0
2021-04,15.1,3.2,⬇️南,東京都,東京,,0,156.0,0,60,5.7,10.3,1014.8,218.5,0,1,0
2021-05,19.6,3.2,⬇️南,東京都,東京,,0,99.5,0,73,8.5,16.5,1006.6,150.5,0,2,0
2021-06,22.7,2.7,⬇️南南東,東京都,東京,,0,168.5,0,77,8.5,21.0,1007.4,131.6,0,2,0
2021-07,25.9,2.4,⬇️南南東,東京都,東京,,0,310.0,0,83,7.7,27.2,1007.7,160.2,0,5,1
2021-08,27.4,3.1,⬇️南,東京都,東京,,0,382.5,0,80,7.2,29.0,1007.2,175.6,0,2,0
2021-09,22.3,2.4,↗️北北東,東京都,東京,,0,222.5,0,82,8.0,22.0,1012.2,100.7,0,0,0
2021-10,18.2,2.5,↖️北西,東京都,東京,,0,199.5,0,76,6.2,16.3,1015.8,163.0,0,1,0
2021-11,13.7,2.2,↖️北西,東京都,東京,,0,93.0,0,65,4.8,10.3,1013.2,206.7,0,1,0
2021-12,7.9,2.4,↖️北西,東京都,東京,,0,116.0,0,60,4.2,6.6,1013.0,202.5,1,0,0
2022-01,4.9,2.6,↖️北西,東京都,東京,,0,22.5,10,52,4.0,4.4,1012.7,206.8,2,0,0
2022-02,5.2,2.6,↖️北西,東京都,東京,,0,71.0,2,53,4.0,4.6,1013.6,190.9,4,0,0
2022-03,10.9,2.8,↖️北西,東京都,東京,,0,110.5,0,63,6.9,8.3,1012.0,195.6,3,1,0
2022-04,15.3,2.8,⬇️南南東,東京都,東京,,0,224.5,0,75,7.5,13.2,1013.6,169.6,0,0,0
2022-05,18.8,2.7,⬇️南南東,東京都,東京,,0,198.0,0,75,8.0,16.1,1010.0,181.1,0,2,0
2022-06,23.0,2.8,⬇️南南東,東京都,東京,,0,64.0,0,77,7.8,21.7,1007.1,167.6,0,1,0
2022-07,27.4,3.0,⬇️南南東,東京都,東京,,0,233.0,0,79,7.7,28.6,1004.8,176.4,0,0,0
2022-08,27.5,3.2,⬇️南,東京都,東京,,0,105.0,0,79,8.5,28.9,1005.9,150.4,0,3,0
2022-09,24.4,2.8,↗️北北東,東京都,東京,,0,310.0,0,81,8.1,24.6,1011.2,134.5,0,4,0
2022-10,17.2,2.4,↖️北北西,東京都,東京,,0,118.0,0,75,6.9,14.9,1016.3,119.4,0,0,0
2022-11,14.5,2.2,↖️北西,東京都,東京,,0,102.5,0,70,5.8,11.5,1015.6,160.9,0,0,0
2022-12,7.5,2.2,↖️北西,東京都,東京,,0,56.5,0,60,4.3,6.3,1011.9,175.7,0,0,0
2023-01,5.7,2.4,↖️北西,東京都,東京,,0,15.5,0,55,4.3,5.2,1013.4,195.0,1,0,0
2023-02,7.3,2.8,↖️北西,東京都,東京,,0,40.5,0,54,5.2,5.6,1016.6,178.6,1,0,0
2023-03,12.9,2.7,⬇️南南東,東京都,東京,,0,145.0,0,68,6.5,10.2,1016.2,164.1,0,1,0
2023-04,16.3,3.5,⬇️南,東京都,東京,,0,90.0,0,62,6.0,11.8,1011.5,197.2,0,2,0
2023-05,19.0,3.1,⬇️南,東京都,東京,,0,159.0,0,72,7.3,15.7,1011.0,195.9,0,1,0
2023-06,23.2,2.6,⬇️南南東,東京都,東京,,0,347.0,0,80,8.6,22.4,1006.1,137.5,0,0,2
2023-07,28.7,3.0,⬇️南南東,東京都,東京,,0,30.0,0,72,5.8,27.8,1007.2,250.4,0,2,0
2023-08,29.2,3.3,⬇️南南東,東京都,東京,,0,132.5,0,78,6.6,31.2,1007.0,222.3,0,3,0
2023-09,26.7,2.8,⬇️南,東京都,東京,,0,229.0,0,80,7.2,27.8,1009.7,143.7,0,2,0
2023-10,18.9,2.4,↖️北西,東京都,東京,,0,147.0,0,67,5.8,14.4,1011.6,200.6,0,2,0
2023-11,14.4,2.3,↖️北西,東京都,東京,,0,41.5,0,66,4.6,11.3,1013.9,174.8,0,0,0
2023-12,9.4,2.1,↖️北西,東京都,東京,,0,19.5,0,59,4.7,7.2,1015.4,199.1,0,0,0
2024-01,7.1,2.6,↖️北西,東京都,東京,,0,36.0,0,54,3.7,5.5,1013.6,198.5,1,1,0
2024-02,8.0,2.9,↖️北西,東京都,東京,,0,78.5,9,63,6.7,6.9,1017.3,152.4,3,1,0
2024-03,9.6,3.1,↖️北西,東京都,東京,,0,188.5,1,59,5.3,7.3,1010.4,201.6,1,1,0
2024-04,17.1,2.7,⬇️南南東,東京都,東京,,0,115.5,0,72,7.6,14.1,1011.7,150.3,0,0,0
2024-05,20.0,3.3,⬇️南,東京都,東京,,0,201.5,0,72,7.1,16.7,1010.7,185.5,0,0,0
2024-06,23.1,2.6,⬇️南南東,東京都,東京,,0,350.0,0,79,7.7,21.9,1006.7,158.1,0,2,0
2024-07,28.7,2.6,⬇️南南東,東京都,東京,,0,206.5,0,78,8.3,30.2,1005.2,199.6,0,7,0
2024-08,29.0,3.0,⬇️南南東,東京都,東京,,0,381.0,0,79,7.1,31.5,1004.9,189.8,0,10,0
2024-09,26.6,2.9,⬇️南,東京都,東京,,0,111.5,0,81,6.8,28.0,1010.5,160.8,0,3,0
2024-10,20.6,2.4,↖️北北西,東京都,東京,,0,174.5,0,79,7.9,19.5,1015.8,111.7,0,0,0
2024-11,13.7,2.3,↖️北西,東京都,東京,,0,82.0,0,69,5.4,11.0,1015.2,158.1,0,0,0
2024-12,8.1,2.3,↖️北西,東京都,東京,,0,0.5,0,54,3.2,5.9,1010.7,233.8,1,0,0
2025-01,6.6,2.3,↖️北西,東京都,東京,,0,26.0,0,53,3.5,5.2,1013.0,206.1,0,0,0
2025-02,6.5,2.9,↖️北西,東京都,東京,,0,6.5,0,44,3.4,4.3,1011.0,217.0,0,0,0
2025-03,10.7,2.9,↖️北西,東京都,東京,,0,153.0,2,65,6.5,8.5,1012.2,168.0,5,1,0
2025-04,15.6,3.1,⬇️南,東京都,東京,,0,154.5,0,69,6.7,12.2,1008.2,178.4,0,1,0
2025-05,17.9,3.1,⬇️南南東,東京都,東京,,0,96.5,0,73,8.2,14.7,1007.5,71.1,0,0,0
1872-05,0,0,0,北海道,札幌市,,0,0,0,0,0,0,0,0,0,0,0
1872-06,0,0,0,北海道,札幌市,,0,0,0,0,0,0,0,0,0,0,0
1872-07,0,0,0,北海道,札幌市,,0,0,0,0,0,0,0,0,0,0,0
1872-08,0,0,0,北海道,札幌市,,0,0,0,0,0,0,0,0,0,0,0
1872-09,0,0,0,北海道,札幌市,,0,0,0,0,0,0,0,0,0,0,0
1872-10,0,0,0,北海道,札幌市,,0,0,0,0,0,0,0,0,0,0,0
1872-11,0,0,0,北海道,札幌市,,0,0,0,0,0,0,0,0,0,0,0
1872-12,0,0,0,北海道,札幌市,,0,0,0,0,0,0,0,0,0,0,0
1873-01,0,0,0,北海道,札幌市,,0,0,0,0,0,0,0,0,0,0,0
1873-02,0,0,0,北海道,札幌市,,0,0,0,0,0,0,0,0,0,0,0
1873-03,0,0,0,北海道,札幌市,,0,0,0,0,0,0,0,0,0,0,0
1873-04,0,0,0,北海道,札幌市,,0,0,0,0,0,0,0,0,0,0,0
1873-05,0,0,0,北海道,札幌市,,0,0,0,0,0,0,0,0,0,0,0
1873-06,0,0,0,北海道,札幌市,,0,0,0,0,0,0,0,0,0,0,0
1873-07,0,0,0,北海道,札幌市,,0,0,0,0,0,0,0,0,0,0,0
1873-08,0,0,0,北海道,札幌市,,0,0,0,0,0,0,0,0,0,0,0
1873-09,0,0,0,北海道,札幌市,,0,0,0,0,0,0,0,0,0,0,0
1873-10,0,0,0,北海道,札幌市,,0,0,0,0,0,0,0,0,0,0,0
1873-11,0,0,0,北海道,札幌市,,0,0,0,0,0,0,0,0,0,0,0
1873-12,0,0,0,北海道,札幌市,,0,0,0,0,0,0,0,0,0,0,0
1874-01,0,0,0,北海道,札幌市,,0,0,0,0,0,0,0,0,0,0,0
1874-02,0,0,0,北海道,札幌市,,0,0,0,0,0,0,0,0,0,0,0
1874-03,0,0,0,北海道,札幌市,,0,0,0,0,0,0,0,0,0,0,0
1874-04,0,0,0,北海道,札幌市,,0,0,0,0,0,0,0,0,0,0,0
1874-05,0,0,0,北海道,札幌市,,0,0,0,0,0,0,0,0,0,0,0
1874-06,0,0,0,北海道,札幌市,,0,0,0,0,0,0,0,0,0,0,0
1874-07,0,0,0,北海道,札幌市,,0,0,0,0,0,0,0,0,0,0,0
1874-08,0,0,0,北海道,札幌市,,0,0,0,0,0,0,0,0,0,0,0
1874-09,0,0,0,北海道,札幌市,,0,0,0,0,0,0,0,0,0,0,0
1874-10,0,0,0,北海道,札幌市,,0,0,0,0,0,0,0,0,0,0,0
1874-11,0,0,0,北海道,札幌市,,0,0,0,0,0,0,0,0,0,0,0
1874-12,0,0,0,北海道,札幌市,,0,0,0,0,0,0,0,0,0,0,0
1875-01,0,0,0,北海道,札幌市,,0,0,0,0,0,0,0,0,0,0,0
1875-02,0,0,0,北海道,札幌市,,0,0,0,0,0,0,0,0,0,0,0
1875-03,0,0,0,北海道,札幌市,,0,0,0,0,0,0,0,0,0,0,0
1875-04,0,0,0,北海道,札幌市,,0,0,0,0,0,0,0,0,0,0,0
1875-05,0,0,0,北海道,札幌市,,0,0,0,0,0,0,0,0,0,0,0
1875-06,0,0,0,北海道,札幌市,,0,0,0,0,0,0,0,0,0,0,0
1875-07,0,0,0,北海道,札幌市,,0,0,0,0,0,0,0,0,0,0,0
1875-08,0,0,0,北海道,札幌市,,0,0,0,0,0,0,0,0,0,0,0
1875-09,0,0,0,北海道,札幌市,,0,0,0,0,0,0,0,0,0,0,0
1875-10,0,0,0,北海道,札幌市,,0,0,0,0,0,0,0,0,0,0,0
1875-11,0,0,0,北海道,札幌市,,0,0,0,0,0,0,0,0,0,0,0
1875-12,0,0,0,北海道,札幌市,,0,0,0,0,0,0,0,0,0,0,0
1876-01,0,0,0,北海道,札幌市,,0,0,0,0,0,0,0,0,0,0,0
1876-02,0,0,0,北海道,札幌市,,0,0,0,0,0,0,0,0,0,0,0
1876-03,0,0,0,北海道,札幌市,,0,0,0,0,0,0,0,0,0,0,0
1876-04,0,0,0,北海道,札幌市,,0,0,0,0,0,0,0,0,0,0,0
1876-05,0,0,0,北海道,札幌市,,0,0,0,0,0,0,0,0,0,0,0
1876-06,0,0,0,北海道,札幌市,,0,0,0,0,0,0,0,0,0,0,0
1876-07,0,0,0,北海道,札幌市,,0,0,0,0,0,0,0,0,0,0,0
1876-08,0,0,0,北海道,札幌市,,0,0,0,0,0,0,0,0,0,0,0
1876-09,0,0,0,北海道,札幌市,,0,182.8,0,0,0,0,0,0,0,0,0
1876-10,0,0,0,北海道,札幌市,,0,119.7,0,0,0,0,0,0,0,0,0
1876-11,0,0,0,北海道,札幌市,,0,221.5,0,0,0,0,0,0,0,0,0
1876-12,0,0,0,北海道,札幌市,,0,108.3,0,0,0,0,0,0,0,0,0
1877-01,-1.5,0,0,北海道,札幌市,,0,84.1,0,0,0,0,0,0,0,0,0
1877-02,-2.2,0,0,北海道,札幌市,,0,126.2,0,0,0,0,0,0,0,0,0
1877-03,1.4,0,0,北海道,札幌市,,0,78.3,0,0,0,0,0,0,0,0,0
1877-04,6.6,0,0,北海道,札幌市,,0,39.1,0,0,0,0,0,0,0,0,0
1877-05,9.7,0,0,北海道,札幌市,,0,73.0,0,0,0,0,0,0,0,0,0
1877-06,16.7,0,0,北海道,札幌市,,0,90.4,0,0,0,0,0,0,0,0,0
1877-07,21.1,0,0,北海道,札幌市,,0,48.8,0,0,0,0,0,0,0,0,0
1877-08,22.6,0,0,北海道,札幌市,,0,118.1,0,0,0,0,0,0,0,0,0
1877-09,17.0,0,0,北海道,札幌市,,0,97.8,0,0,0,0,0,0,0,0,0
1877-10,11.3,0,0,北海道,札幌市,,0,167.5,0,0,0,0,0,0,0,0,0
1877-11,2.5,0,0,北海道,札幌市,,0,163.8,0,0,0,0,0,0,0,0,0
1877-12,-1.7,0,0,北海道,札幌市,,0,68.5,0,0,0,0,0,0,0,0,0
1878-01,-5.9,0,0,北海道,札幌市,,0,25.7,0,0,0,0,0,0,0,0,0
1878-02,-3.8,0,0,北海道,札幌市,,0,76.6,0,0,0,0,0,0,0,0,0
1878-03,-0.2,0,0,北海道,札幌市,,0,174.5,0,0,0,0,0,0,0,0,0
1878-04,5.3,0,0,北海道,札幌市,,0,18.9,0,0,0,0,0,0,0,0,0
1878-05,10.9,0,0,北海道,札幌市,,0,142.5,0,0,0,0,0,0,0,0,0
1878-06,16.5,0,0,北海道,札幌市,,0,21.6,0,0,0,0,0,0,0,0,0
1878-07,19.8,0,0,北海道,札幌市,,0,90.9,0,0,0,0,0,0,0,0,0
1878-08,20.3,0,0,北海道,札幌市,,0,173.4,0,0,0,0,0,0,0,0,0
1878-09,18.1,0,0,北海道,札幌市,,0,85.1,0,0,0,0,0,0,0,0,0
1878-10,8.7,0,0,北海道,札幌市,,0,96.5,0,0,0,0,0,0,0,0,0
1878-11,0.5,0,0,北海道,札幌市,,0,69.2,0,0,0,0,0,0,0,0,0
1878-12,-4.9,0,0,北海道,札幌市,,0,82.4,0,0,0,0,0,0,0,0,0
1879-01,-5.9,0,0,北海道,札幌市,,0,206.2,0,75,0,0,0,0,0,0,0
1879-02,-4.8,0,0,北海道,札幌市,,0,103.9,0,72,0,0,0,0,0,0,0
1879-03,-0.4,0,0,北海道,札幌市,,0,55.4,0,75,0,0,0,0,0,0,0
1879-04,3.5,0,0,北海道,札幌市,,0,65.5,0,70,0,0,0,0,0,0,0
1879-05,10.9,0,0,北海道,札幌市,,0,27.0,0,78,0,0,0,0,0,0,0
1879-06,16.2,0,0,北海道,札幌市,,0,62.3,0,81,0,0,0,0,0,0,0
1879-07,21.4,0,0,北海道,札幌市,,0,52.7,0,79,0,0,0,0,0,0,0
1879-08,21.6,0,0,北海道,札幌市,,0,165.5,0,84,0,0,0,0,0,0,0
1879-09,15.4,0,0,北海道,札幌市,,0,215.5,0,82,0,0,0,0,0,0,0
1879-10,7.4,0,0,北海道,札幌市,,0,228.8,0,81,0,0,0,0,0,0,0
1879-11,2.0,0,0,北海道,札幌市,,0,125.0,0,88,0,0,0,0,0,0,0
1879-12,0.2,0,0,北海道,札幌市,,0,95.2,0,80,0,0,0,0,0,0,0
1880-01,-7.1,0,0,北海道,札幌市,,0,96.0,0,71,0,0,0,0,0,0,0
1880-02,-4.1,0,0,北海道,札幌市,,0,66.7,0,75,0,0,0,0,0,0,0
1880-03,0.0,0,0,北海道,札幌市,,0,84.7,0,74,0,0,0,0,0,0,0
1880-04,5.3,0,0,北海道,札幌市,,0,30.7,0,69,0,0,0,0,0,0,0
1880-05,11.0,0,0,北海道,札幌市,,0,69.2,0,78,0,0,0,0,0,0,0
1880-06,14.7,0,0,北海道,札幌市,,0,34.8,0,81,0,0,0,0,0,0,0
1880-07,20.6,0,0,北海道,札幌市,,0,22.9,0,81,0,0,0,0,0,0,0
1880-08,23.5,0,0,北海道,札幌市,,0,85.1,0,77,0,0,0,0,0,0,0
1880-09,16.9,0,0,北海道,札幌市,,0,102.1,0,82,0,0,0,0,0,0,0
1880-10,9.1,0,0,北海道,札幌市,,0,48.1,0,79,0,0,0,0,0,0,0
1880-11,3.6,0,0,北海道,札幌市,,0,150.0,0,83,0,0,0,0,0,0,0
1880-12,-3.4,0,0,北海道,札幌市,,0,145.0,0,81,0,0,0,0,0,0,0
1881-01,-4.6,0,0,北海道,札幌市,,0,173.0,0,78,0,0,0,0,0,0,0
1881-02,-4.8,0,0,北海道,札幌市,,0,81.2,0,75,0,0,0,0,0,0,0
1881-03,-2.3,0,0,北海道,札幌市,,0,74.8,0,77,0,0,0,0,0,0,0
1881-04,3.2,0,0,北海道,札幌市,,0,42.3,0,81,0,0,0,0,0,0,0
1881-05,12.1,0,0,北海道,札幌市,,0,52.0,0,68,0,0,0,0,0,0,0
1881-06,16.8,0,0,北海道,札幌市,,0,30.6,0,79,0,0,0,0,0,0,0
1881-07,18.5,0,0,北海道,札幌市,,0,59.0,0,82,0,0,0,0,0,0,0
1881-08,21.4,0,0,北海道,札幌市,,0,84.8,0,82,0,0,0,0,0,0,0
1881-09,17.6,0,0,北海道,札幌市,,0,90.2,0,78,0,0,0,0,0,0,0
1881-10,8.4,0,0,北海道,札幌市,,0,111.1,0,83,0,0,0,0,0,0,0
1881-11,3.5,0,0,北海道,札幌市,,0,108.5,0,83,0,0,0,0,0,0,0
1881-12,-4.3,0,0,北海道,札幌市,,0,109.6,0,78,0,0,0,0,0,0,0
1882-01,-3.9,0,0,北海道,札幌市,,0,72.1,0,0,0,0,0,0,0,0,0
1882-02,-3.0,0,0,北海道,札幌市,,0,50.8,0,0,0,0,0,0,0,0,0
1882-03,-0.9,0,0,北海道,札幌市,,0,69.2,0,0,0,0,0,0,0,0,0
1882-04,6.3,0,0,北海道,札幌市,,0,120.1,0,0,0,0,0,0,0,0,0
1882-05,11.1,0,0,北海道,札幌市,,0,136.5,0,0,0,0,0,0,0,0,0
1882-06,15.2,0,0,北海道,札幌市,,0,59.9,0,0,0,0,0,0,0,0,0
1882-07,19.0,0,0,北海道,札幌市,,0,70.1,0,0,0,0,0,0,0,0,0
1882-08,21.5,0,0,北海道,札幌市,,0,94.6,0,0,0,0,0,0,0,0,0
1882-09,16.4,0,0,北海道,札幌市,,0,88.3,0,0,0,0,0,0,0,0,0
1882-10,9.8,0,0,北海道,札幌市,,0,93.2,0,0,0,0,0,0,0,0,0
1882-11,1.2,0,0,北海道,札幌市,,0,66.9,0,0,0,0,0,0,0,0,0
1882-12,-4.8,0,0,北海道,札幌市,,0,61.8,0,0,0,0,0,0,0,0,0
1883-01,-5.7,2.6,0,北海道,札幌市,,0,57.8,0,80,0,0,0,0,0,0,0
1883-02,-6.6,1.9,0,北海道,札幌市,,0,24.6,0,86,0,0,0,0,0,0,0
1883-03,-3.6,2.4,0,北海道,札幌市,,0,28.4,0,89,0,0,0,0,0,0,0
1883-04,3.3,3.2,0,北海道,札幌市,,0,36.4,0,78,0,0,0,0,0,0,0
1883-05,8.9,2.9,0,北海道,札幌市,,0,60.5,0,78,0,0,0,0,0,0,0
1883-06,14.3,2.6,0,北海道,札幌市,,0,55.2,0,81,0,0,0,0,0,0,0
1883-07,21.0,2.4,0,北海道,札幌市,,0,9.6,0,84,0,0,0,0,0,0,0
1883-08,21.7,2.1,0,北海道,札幌市,,0,6.9,0,78,0,0,0,0,0,0,0
1883-09,15.3,2.5,0,北海道,札幌市,,0,161.0,0,82,0,0,0,0,0,0,0
1883-10,10.3,2.0,0,北海道,札幌市,,0,223.6,0,85,0,0,0,0,0,0,0
1883-11,2.1,1.8,0,北海道,札幌市,,0,154.5,0,83,0,0,0,0,0,0,0
1883-12,-3.3,2.2,0,北海道,札幌市,,0,83.4,0,82,0,0,0,0,0,0,0
1884-01,-5.7,2.0,0,北海道,札幌市,,0,63.7,0,82,0,0,0,0,0,0,0
1884-02,-5.4,1.8,0,北海道,札幌市,,0,76.6,0,79,0,0,0,0,0,0,0
1884-03,-3.4,2.9,0,北海道,札幌市,,0,62.1,0,78,0,0,0,0,0,0,0
1884-04,3.4,3.1,0,北海道,札幌市,,0,23.6,0,76,0,0,0,0,0,0,0
1884-05,10.2,3.8,0,北海道,札幌市,,0,66.3,0,75,0,0,0,0,0,0,0
1884-06,14.0,3.3,0,北海道,札幌市,,0,57.0,0,83,0,0,0,0,0,0,0
1884-07,19.2,2.5,0,北海道,札幌市,,0,43.2,0,83,0,0,0,0,0,0,0
1884-08,18.4,2.6,0,北海道,札幌市,,0,87.6,0,83,0,0,0,0,0,0,0
1884-09,15.8,2.4,0,北海道,札幌市,,0,116.6,0,86,0,0,0,0,0,0,0
1884-10,7.8,2.0,0,北海道,札幌市,,0,176.5,0,83,0,0,0,0,0,0,0
1884-11,0.0,2.4,0,北海道,札幌市,,0,82.5,0,80,0,0,0,0,0,0,0
1884-12,-5.8,1.8,0,北海道,札幌市,,0,76.5,0,80,0,0,0,0,0,0,0
1885-01,-7.6,2.1,0,北海道,札幌市,,0,69.9,0,79,0,0,0,0,0,0,0
1885-02,-5.9,3.4,0,北海道,札幌市,,0,20.1,0,79,0,0,0,0,0,0,0
1885-03,-2.5,3.3,0,北海道,札幌市,,0,50.2,0,76,0,0,0,0,0,0,0
1885-04,3.2,4.0,0,北海道,札幌市,,0,17.7,0,79,0,0,0,0,0,0,0
1885-05,9.0,4.1,0,北海道,札幌市,,0,98.6,0,76,0,0,0,0,0,0,0
1885-06,14.4,2.9,0,北海道,札幌市,,0,26.6,0,76,0,0,0,0,0,0,0
1885-07,17.9,2.0,0,北海道,札幌市,,0,57.8,0,86,0,0,0,0,0,0,0
1885-08,20.6,2.6,0,北海道,札幌市,,0,147.2,0,87,0,0,0,0,0,0,0
1885-09,16.0,2.7,0,北海道,札幌市,,0,165.8,0,85,0,0,0,0,0,0,0
1885-10,10.3,1.9,0,北海道,札幌市,,0,62.2,0,83,0,0,0,0,0,0,0
1885-11,4.1,2.3,0,北海道,札幌市,,0,95.5,0,80,0,0,0,0,0,0,0
1885-12,-0.4,2.6,0,北海道,札幌市,,0,71.5,0,77,0,0,0,0,0,0,0
1886-01,-6.4,1.7,0,北海道,札幌市,,0,80.9,0,75,0,0,0,0,0,0,0
1886-02,-4.6,2.7,0,北海道,札幌市,,0,51.7,0,76,0,0,0,0,0,0,0
1886-03,-0.3,2.7,0,北海道,札幌市,,0,20.0,0,74,0,0,0,0,0,0,0
1886-04,7.2,2.6,0,北海道,札幌市,,0,11.0,0,68,0,0,0,0,0,0,0
1886-05,11.2,3.3,0,北海道,札幌市,,0,44.3,0,77,0,0,0,0,0,0,0
1886-06,16.3,3.3,0,北海道,札幌市,,0,116.8,0,80,0,0,0,0,0,0,0
1886-07,20.7,3.0,0,北海道,札幌市,,0,79.9,0,83,0,0,0,0,0,0,0
1886-08,22.8,2.8,0,北海道,札幌市,,0,139.5,0,81,0,0,0,0,0,0,0
1886-09,18.1,2.2,0,北海道,札幌市,,0,191.8,0,86,0,0,0,0,0,0,0
1886-10,10.9,1.8,0,北海道,札幌市,,0,99.0,0,80,0,0,0,0,0,0,0
1886-11,2.6,1.7,0,北海道,札幌市,,0,73.6,0,80,0,0,0,0,0,0,0
1886-12,-2.8,1.9,0,北海道,札幌市,,0,66.6,0,83,0,0,0,0,0,0,0
1887-01,-6.1,1.5,0,北海道,札幌市,,0,107.2,0,80,0,0,0,0,0,0,0
1887-02,-4.0,2.1,0,北海道,札幌市,,0,28.1,0,82,0,0,0,0,0,0,0
1887-03,-1.0,3.2,0,北海道,札幌市,,0,85.8,0,83,0,0,0,0,0,0,0
1887-04,4.6,3.4,0,北海道,札幌市,,0,77.3,0,75,0,0,0,0,0,0,0
1887-05,9.6,3.3,0,北海道,札幌市,,0,78.3,0,76,0,0,0,0,0,0,0
1887-06,14.8,2.9,0,北海道,札幌市,,0,39.5,0,84,0,0,0,0,0,0,0
1887-07,19.7,2.4,0,北海道,札幌市,,0,33.3,0,85,0,0,0,0,0,0,0
1887-08,21.8,2.6,0,北海道,札幌市,,0,61.6,0,85,0,0,0,0,0,0,0
1887-09,14.8,2.2,0,北海道,札幌市,,0,143.9,0,84,0,0,0,0,0,0,0
1887-10,10.6,2.4,0,北海道,札幌市,,0,38.2,0,77,0,0,0,0,0,0,0
1887-11,4.4,2.3,0,北海道,札幌市,,0,109.3,0,82,0,0,0,0,0,0,0
1887-12,-1.8,2.2,0,北海道,札幌市,,0,127.6,0,84,0,0,0,0,0,0,0
1888-01,-5.5,1.9,0,北海道,札幌市,,0,70.3,0,85,0,0,0,0,0,0,0
1888-02,-6.5,1.7,0,北海道,札幌市,,0,59.4,0,86,0,0,0,0,0,0,0
1888-03,-1.1,3.0,0,北海道,札幌市,,0,60.9,0,81,0,0,0,0,0,0,0
1888-04,6.2,3.8,0,北海道,札幌市,,0,52.1,0,63,0,0,0,0,0,0,0
1888-05,11.0,3.4,0,北海道,札幌市,,0,50.3,0,69,0,0,0,0,0,0,0
1888-06,11.1,3.0,0,北海道,札幌市,,0,149.9,0,83,0,0,0,0,0,0,0
1888-07,20.4,2.7,0,北海道,札幌市,,0,43.9,0,82,0,0,0,0,0,0,0
1888-08,20.4,1.6,0,北海道,札幌市,,0,121.4,0,85,0,0,0,0,0,0,0
1888-09,15.1,2.2,0,北海道,札幌市,,0,116.9,0,81,0,0,0,0,0,0,0
1888-10,10.5,2.1,0,北海道,札幌市,,0,96.5,0,77,0,0,0,0,0,0,0
1888-11,4.9,1.8,0,北海道,札幌市,,0,96.5,0,81,0,0,0,0,0,0,0
1888-12,-2.2,2.0,0,北海道,札幌市,,0,116.5,0,84,0,0,0,0,0,0,0
1889-01,-7.8,1.9,0,北海道,札幌市,,0,74.5,0,83,0,0,0,0,0,0,0
1889-02,-5.4,2.1,0,北海道,札幌市,,0,127.2,0,85,0,0,0,0,0,0,0
1889-03,-1.6,2.9,0,北海道,札幌市,,0,85.1,0,84,0,0,0,0,0,0,0
1889-04,4.6,3.0,0,北海道,札幌市,,0,79.8,0,76,0,0,0,0,0,0,0
1889-05,8.9,3.2,0,北海道,札幌市,,0,24.4,0,72,0,0,0,0,0,0,0
1889-06,13.9,2.3,0,北海道,札幌市,,0,32.5,0,79,0,0,0,0,0,0,0
1889-07,19.3,2.8,0,北海道,札幌市,,0,76.9,0,83,0,0,0,0,0,0,0
1889-08,20.7,1.8,0,北海道,札幌市,,0,141.8,0,83,0,0,0,0,0,0,0
1889-09,14.9,2.1,0,北海道,札幌市,,0,215.7,0,83,0,0,0,0,0,0,0
1889-10,7.8,2.1,0,北海道,札幌市,,0,114.5,0,80,0,0,0,0,0,0,0
1889-11,1.5,2.3,0,北海道,札幌市,,0,60.1,0,82,0,0,0,0,0,0,0
1889-12,-2.6,2.3,0,北海道,札幌市,,0,67.6,0,85,0,0,0,0,0,0,0
1890-01,-7.0,1.8,0,北海道,札幌市,,0,28.6,0,81,0,0,0,0,0,0,0
1890-02,-3.5,2.6,0,北海道,札幌市,,0,74.4,0,87,0,0,0,0,0,0,0
1890-03,1.2,2.8,0,北海道,札幌市,,0,61.3,0,78,0,0,0,0,0,0,0
1890-04,6.9,3.5,0,北海道,札幌市,,0,169.1,0,68,0,0,0,0,0,0,0
1890-05,11.9,3.4,0,北海道,札幌市,,0,25.4,0,65,0,0,0,0,0,0,0
1890-06,15.3,2.5,0,北海道,札幌市,,0,26.8,0,79,0,0,0,0,0,0,0
1890-07,19.1,2.1,0,北海道,札幌市,,0,72.5,0,80,0,0,0,0,0,0,0
1890-08,22.8,3.2,0,北海道,札幌市,,0,50.5,0,80,0,0,0,0,0,0,0
1890-09,19.6,3.0,0,北海道,札幌市,,0,228.9,0,86,0,0,0,0,0,0,0
1890-10,9.2,2.0,0,北海道,札幌市,,0,85.1,0,82,0,0,0,0,0,0,0
1890-11,3.8,3.0,0,北海道,札幌市,,0,118.1,0,81,0,0,0,0,0,0,0
1890-12,0.9,3.1,0,北海道,札幌市,,0,160.3,0,82,0,0,0,0,0,0,0
1891-01,-7.6,3.0,0,北海道,札幌市,,0,66.1,0,79,0,0,0,115.0,0,0,0
1891-02,-4.9,2.3,0,北海道,札幌市,,0,55.4,0,79,0,0,0,109.3,0,0,0
1891-03,1.7,3.7,0,北海道,札幌市,,0,33.4,0,73,0,0,0,194.6,0,0,0
1891-04,5.0,3.9,0,北海道,札幌市,,0,29.5,0,68,0,0,0,185.6,0,0,0
1891-05,11.7,4.4,0,北海道,札幌市,,0,27.2,0,69,0,0,0,212.5,0,0,0
1891-06,16.0,3.7,0,北海道,札幌市,,0,12.1,0,75,0,0,0,176.2,0,0,0
1891-07,18.9,3.0,0,北海道,札幌市,,0,198.0,0,84,0,0,0,167.5,0,0,0
1891-08,19.1,2.3,0,北海道,札幌市,,0,161.0,0,85,0,0,0,156.4,0,0,0
1891-09,15.9,2.3,0,北海道,札幌市,,0,88.3,0,82,0,0,0,127.0,0,0,0
1891-10,9.2,2.4,0,北海道,札幌市,,0,116.0,0,77,0,0,0,144.3,0,0,0
1891-11,2.9,2.9,0,北海道,札幌市,,0,95.2,0,74,0,0,0,93.9,0,0,0
1891-12,-2.3,2.8,0,北海道,札幌市,,0,94.8,0,75,0,0,0,81.1,0,0,0
1892-01,-7.0,2.3,0,北海道,札幌市,,0,61.0,0,79,0,0,0,83.0,0,0,0
1892-02,-5.9,2.3,0,北海道,札幌市,,0,32.6,0,80,0,0,0,134.2,0,0,0
1892-03,-3.9,2.6,0,北海道,札幌市,,0,96.5,0,80,0,0,0,138.9,0,0,0
1892-04,4.8,3.0,0,北海道,札幌市,,0,51.7,0,71,0,0,0,184.7,0,0,0
1892-05,10.9,2.7,0,北海道,札幌市,,0,30.9,0,66,0,0,0,230.5,0,0,0
1892-06,15.7,2.2,0,北海道,札幌市,,0,43.7,0,78,0,0,0,214.0,0,0,0
1892-07,21.3,2.2,0,北海道,札幌市,,0,53.7,0,79,0,0,0,201.7,0,0,0
1892-08,20.7,1.6,0,北海道,札幌市,,0,173.9,0,84,0,0,0,190.9,0,0,0
1892-09,18.0,1.8,0,北海道,札幌市,,0,236.1,0,85,0,0,0,126.4,0,0,0
1892-10,9.0,1.6,0,北海道,札幌市,,0,141.6,0,80,0,0,0,153.4,0,0,0
1892-11,1.5,2.0,0,北海道,札幌市,,0,72.2,0,75,0,0,0,108.7,0,0,0
1892-12,-6.3,1.8,0,北海道,札幌市,,0,56.6,0,81,0,0,0,104.9,0,0,0
1893-01,-7.2,2.1,0,北海道,札幌市,,0,66.6,0,80,0,0,0,81.9,0,0,0
1893-02,-7.6,2.5,0,北海道,札幌市,,0,53.2,0,82,0,0,0,114.6,0,0,0
1893-03,-1.5,2.5,0,北海道,札幌市,,0,18.7,0,77,0,0,0,176.5,0,0,0
1893-04,4.9,3.2,0,北海道,札幌市,,0,49.2,0,80,0,0,0,140.6,0,0,0
1893-05,8.6,3.0,0,北海道,札幌市,,0,70.5,0,75,0,0,0,110.5,0,0,0
1893-06,14.7,2.7,0,北海道,札幌市,,0,52.1,0,84,0,0,0,135.4,0,0,0
1893-07,17.8,2.0,0,北海道,札幌市,,0,54.9,0,84,0,0,0,179.6,0,0,0
1893-08,20.6,1.5,0,北海道,札幌市,,0,80.2,0,84,0,0,0,180.2,0,0,0
1893-09,14.5,1.8,0,北海道,札幌市,,0,122.9,0,81,0,0,0,196.8,0,0,0
1893-10,9.9,2.1,0,北海道,札幌市,,0,34.3,0,75,0,0,0,183.9,0,0,0
1893-11,3.7,1.9,0,北海道,札幌市,,0,185.0,0,79,0,0,0,72.6,0,0,0
1893-12,-3.7,2.0,0,北海道,札幌市,,0,107.1,0,82,0,0,0,80.5,0,0,0
1894-01,-7.0,0,0,北海道,札幌市,,0,29.3,0,82,0,0,0,92.5,0,0,0
1894-02,-4.7,0,0,北海道,札幌市,,0,49.0,0,80,0,0,0,98.5,0,0,0
1894-03,-0.9,0,0,北海道,札幌市,,0,83.1,0,79,0,0,0,152.4,0,0,0
1894-04,6.2,0,0,北海道,札幌市,,0,46.0,0,75,0,0,0,187.3,0,0,0
1894-05,9.4,0,0,北海道,札幌市,,0,60.2,0,75,0,0,0,191.2,0,0,0
1894-06,17.6,0,0,北海道,札幌市,,0,30.8,0,78,0,0,0,242.9,0,0,0
1894-07,20.6,0,0,北海道,札幌市,,0,78.7,0,84,0,0,0,191.2,0,0,0
1894-08,20.5,0,0,北海道,札幌市,,0,139.3,0,84,0,0,0,189.7,0,0,0
1894-09,16.4,0,0,北海道,札幌市,,0,142.1,0,84,0,0,0,165.6,0,0,0
1894-10,8.4,0,0,北海道,札幌市,,0,114.6,0,84,0,0,0,153.3,0,0,0
1894-11,4.1,0,0,北海道,札幌市,,0,106.9,0,82,0,0,0,111.2,0,0,0
1894-12,-3.1,0,0,北海道,札幌市,,0,106.5,0,83,0,0,0,85.6,0,0,0
1895-01,-8.9,2.3,0,北海道,札幌市,,0,66.8,0,87,0,0,0,109.0,0,0,0
1895-02,-4.9,4.0,0,北海道,札幌市,,0,97.1,0,87,0,0,0,90.5,0,0,0
1895-03,-3.7,2.9,0,北海道,札幌市,,0,89.8,0,82,0,0,0,138.6,0,0,0
1895-04,5.1,4.9,0,北海道,札幌市,,0,35.9,0,74,0,0,0,187.9,0,0,0
1895-05,10.6,3.9,0,北海道,札幌市,,0,107.6,0,75,0,0,0,179.5,0,0,0
1895-06,13.8,3.0,0,北海道,札幌市,,0,55.1,0,82,0,0,0,178.2,0,0,0
1895-07,17.2,2.9,0,北海道,札幌市,,0,55.3,0,82,0,0,0,248.1,0,0,0
1895-08,21.0,2.8,0,北海道,札幌市,,0,45.9,0,83,0,0,0,242.2,0,0,0
1895-09,16.4,2.3,0,北海道,札幌市,,0,32.8,0,86,0,0,0,179.4,0,0,0
1895-10,10.4,2.1,0,北海道,札幌市,,0,103.4,0,81,0,0,0,179.7,0,0,0
1895-11,2.1,3.4,0,北海道,札幌市,,0,64.0,0,75,0,0,0,97.6,0,0,0
1895-12,-2.4,2.5,0,北海道,札幌市,,0,89.8,0,80,0,0,0,107.3,0,0,0
1896-01,-5.9,4.0,0,北海道,札幌市,,0,78.7,0,82,0,0,0,85.1,0,0,0
1896-02,-5.8,2.4,0,北海道,札幌市,,0,60.6,0,85,0,0,0,123.9,0,0,0
1896-03,-3.3,2.7,0,北海道,札幌市,,0,59.2,0,80,0,0,0,159.6,0,0,0
1896-04,5.6,4.1,0,北海道,札幌市,,0,30.6,0,70,0,0,0,216.8,0,0,0
1896-05,12.3,4.5,0,北海道,札幌市,,0,26.8,0,65,0,0,0,238.1,0,0,0
1896-06,16.3,3.2,0,北海道,札幌市,,0,39.6,0,82,0,0,0,196.5,0,0,0
1896-07,18.3,2.9,0,北海道,札幌市,,0,245.4,0,87,0,0,0,160.2,0,0,0
1896-08,21.2,3.3,0,北海道,札幌市,,0,133.5,0,87,0,0,0,129.7,0,0,0
1896-09,15.7,2.6,0,北海道,札幌市,,0,116.8,0,91,0,0,0,121.3,0,0,0
1896-10,8.7,2.6,0,北海道,札幌市,,0,172.4,0,85,0,0,0,156.8,0,0,0
1896-11,3.5,2.9,0,北海道,札幌市,,0,125.6,0,85,0,0,0,88.4,0,0,0
1896-12,-3.8,2.9,0,北海道,札幌市,,0,61.8,0,85,0,0,0,72.3,0,0,0
1897-01,-6.4,3.3,0,北海道,札幌市,,0,41.4,0,86,0,0,0,85.5,0,0,0
1897-02,-5.4,3.5,0,北海道,札幌市,,0,61.9,0,79,0,0,0,123.8,0,0,0
1897-03,-2.7,3.9,0,北海道,札幌市,,0,28.3,0,75,0,0,0,171.7,0,0,0
1897-04,3.3,3.8,0,北海道,札幌市,,0,96.0,0,74,0,0,0,191.6,0,0,0
1897-05,9.8,3.9,0,北海道,札幌市,,0,83.0,0,76,0,0,0,212.3,0,0,0
1897-06,12.9,3.7,0,北海道,札幌市,,0,34.2,0,84,0,0,0,141.4,0,0,0
1897-07,18.1,3.4,0,北海道,札幌市,,0,35.0,0,84,0,0,0,184.3,0,0,0
1897-08,20.2,2.6,0,北海道,札幌市,,0,38.2,0,81,0,0,0,239.3,0,0,0
1897-09,15.6,2.2,0,北海道,札幌市,,0,89.0,0,84,0,0,0,156.5,0,0,0
1897-10,8.7,3.4,0,北海道,札幌市,,0,90.6,0,82,0,0,0,156.3,0,0,0
1897-11,2.8,2.9,0,北海道,札幌市,,0,50.8,0,78,0,0,0,98.5,0,0,0
1897-12,-6.0,2.7,0,北海道,札幌市,,0,76.2,0,81,0,0,0,96.8,0,0,0
1898-01,-5.6,3.7,0,北海道,札幌市,,0,48.0,0,84,0,0,0,57.8,0,0,0
1898-02,-6.0,3.1,0,北海道,札幌市,,0,44.1,0,87,0,0,0,76.4,0,0,0
1898-03,-5.6,4.1,0,北海道,札幌市,,0,74.5,0,85,0,0,0,112.0,0,0,0
1898-04,4.8,4.1,0,北海道,札幌市,,0,23.7,0,69,0,0,0,215.7,0,0,0
1898-05,9.0,4.5,0,北海道,札幌市,,0,72.7,0,76,0,0,0,180.2,0,0,0
1898-06,14.5,3.2,0,北海道,札幌市,,0,37.4,0,79,0,0,0,207.8,0,0,0
1898-07,19.4,3.1,0,北海道,札幌市,,0,132.2,0,89,0,0,0,149.5,0,0,0
1898-08,20.8,2.6,0,北海道,札幌市,,0,139.6,0,86,0,0,0,147.2,0,0,0
1898-09,14.4,3.2,0,北海道,札幌市,,0,308.3,0,84,0,0,0,136.2,0,0,0
1898-10,8.5,3.3,0,北海道,札幌市,,0,77.4,0,74,0,0,0,178.6,0,0,0
1898-11,2.9,3.1,0,北海道,札幌市,,0,32.0,0,75,0,0,0,95.1,0,0,0
1898-12,-1.8,2.8,0,北海道,札幌市,,0,88.5,0,82,0,0,0,65.8,0,0,0
1899-01,-4.9,3.4,0,北海道,札幌市,,0,63.5,0,86,0,0,0,90.8,0,0,0
1899-02,-4.5,3.0,0,北海道,札幌市,,0,36.4,0,84,0,0,0,106.8,0,0,0
1899-03,-1.5,4.2,0,北海道,札幌市,,0,69.9,0,75,0,0,0,189.0,0,0,0
1899-04,5.6,4.5,0,北海道,札幌市,,0,54.0,0,75,0,0,0,182.2,0,0,0
1899-05,11.8,4.4,0,北海道,札幌市,,0,43.4,0,72,0,0,0,253.6,0,0,0
1899-06,15.3,3.6,0,北海道,札幌市,,0,93.2,0,83,0,0,0,171.1,0,0,0
1899-07,19.4,3.3,0,北海道,札幌市,,0,171.5,0,86,0,0,0,203.0,0,0,0
1899-08,19.5,3.3,0,北海道,札幌市,,0,150.5,0,87,0,0,0,136.4,0,0,0
1899-09,14.8,2.6,0,北海道,札幌市,,0,39.2,0,81,0,0,0,222.9,0,0,0
1899-10,9.5,2.7,0,北海道,札幌市,,0,216.6,0,82,0,0,0,145.3,0,0,0
1899-11,2.3,3.2,0,北海道,札幌市,,0,73.9,0,81,0,0,0,72.9,0,0,0
1899-12,-3.4,2.9,0,北海道,札幌市,,0,56.9,0,76,0,0,0,90.6,0,0,0
1900-01,-7.6,3.1,0,北海道,札幌市,,0,74.6,0,81,0,0,0,86.8,0,0,0
1900-02,-7.4,2.8,0,北海道,札幌市,,0,62.5,0,85,0,0,0,118.8,0,0,0
1900-03,-3.0,3.2,0,北海道,札幌市,,0,64.8,0,85,0,0,0,153.9,0,0,0
1900-04,4.9,4.1,0,北海道,札幌市,,0,39.8,0,70,0,0,0,197.2,0,0,0
1900-05,10.7,4.4,0,北海道,札幌市,,0,65.2,0,77,0,0,0,168.0,0,0,0
1900-06,14.5,3.6,0,北海道,札幌市,,0,51.8,0,78,0,0,0,247.6,0,0,0
1900-07,17.2,3.6,0,北海道,札幌市,,0,45.0,0,83,0,0,0,198.0,0,0,0
1900-08,20.9,3.1,0,北海道,札幌市,,0,149.9,0,87,0,0,0,170.8,0,0,0
1900-09,16.1,2.7,0,北海道,札幌市,,0,80.7,0,83,0,0,0,148.3,0,0,0
1900-10,10.0,3.2,0,北海道,札幌市,,0,107.9,0,80,0,0,0,142.1,0,0,0
1900-11,3.8,3.3,0,北海道,札幌市,,0,67.1,0,77,0,0,0,86.0,0,0,0
1900-12,-3.5,2.9,0,北海道,札幌市,,0,45.2,0,78,0,0,0,81.3,0,0,0
1901-01,-5.4,4.0,0,北海道,札幌市,,0,108.0,0,83,0,0,0,56.6,0,0,0
1901-02,-5.3,3.2,0,北海道,札幌市,,0,31.2,0,84,0,0,0,100.2,0,0,0
1901-03,-1.5,3.6,0,北海道,札幌市,,0,78.9,0,76,0,0,0,182.6,0,0,0
1901-04,6.9,4.3,0,北海道,札幌市,,0,21.5,0,67,0,0,0,222.4,0,0,0
1901-05,11.5,3.5,0,北海道,札幌市,,0,68.9,0,71,0,0,0,248.9,0,0,0
1901-06,14.0,3.9,0,北海道,札幌市,,0,107.8,0,83,0,0,0,134.3,0,0,0
1901-07,18.2,3.1,0,北海道,札幌市,,0,84.6,0,85,0,0,0,182.9,0,0,0
1901-08,20.8,2.7,0,北海道,札幌市,,0,92.8,0,89,0,0,0,152.5,0,0,0
1901-09,15.9,2.4,0,北海道,札幌市,,0,211.7,0,87,0,0,0,131.9,0,0,0
1901-10,9.6,3.1,0,北海道,札幌市,,0,137.6,0,79,0,0,0,189.2,0,0,0
1901-11,3.1,3.4,0,北海道,札幌市,,0,78.7,0,75,0,0,0,117.8,0,0,0
1901-12,-4.8,3.2,0,北海道,札幌市,,0,133.0,0,74,0,0,0,97.6,0,0,0
1902-01,-7.5,3.8,0,北海道,札幌市,,0,60.5,0,75,0,0,0,122.7,0,0,0
1902-02,-6.4,3.2,0,北海道,札幌市,,0,27.4,0,77,0,0,0,101.7,0,0,0
1902-03,-0.6,4.4,0,北海道,札幌市,,0,31.4,0,75,0,0,0,132.8,0,0,0
1902-04,4.3,5.5,0,北海道,札幌市,,0,93.9,0,64,0,0,0,187.9,0,0,0
1902-05,9.2,5.0,0,北海道,札幌市,,0,119.6,0,76,0,0,0,180.4,0,0,0
1902-06,13.1,3.4,0,北海道,札幌市,,0,45.6,0,81,0,0,0,195.6,0,0,0
1902-07,16.4,3.5,0,北海道,札幌市,,0,124.4,0,86,0,0,0,180.5,0,0,0
1902-08,17.9,3.1,0,北海道,札幌市,,0,40.1,0,82,0,0,0,222.1,0,0,0
1902-09,17.3,3.6,0,北海道,札幌市,,0,57.4,0,80,0,0,0,171.6,0,0,0
1902-10,10.1,2.9,0,北海道,札幌市,,0,62.2,0,80,0,0,0,187.2,0,0,0
1902-11,3.9,2.8,0,北海道,札幌市,,0,125.5,0,77,0,0,0,126.2,0,0,0
1902-12,-0.3,3.5,0,北海道,札幌市,,0,141.3,0,82,0,0,0,54.2,0,0,0
1903-01,-2.7,3.3,0,北海道,札幌市,,0,93.8,0,80,0,0,0,78.0,0,0,0
1903-02,-4.7,2.4,0,北海道,札幌市,,0,49.7,0,77,0,0,0,109.5,0,0,0
1903-03,1.1,4.1,0,北海道,札幌市,,0,49.3,0,72,0,0,0,166.9,0,0,0
1903-04,7.5,4.4,0,北海道,札幌市,,0,8.9,0,73,0,0,0,205.0,0,0,0
1903-05,9.8,4.6,0,北海道,札幌市,,0,84.2,0,79,0,0,0,178.0,0,0,0
1903-06,13.8,4.0,0,北海道,札幌市,,0,70.6,0,81,0,0,0,184.1,0,0,0
1903-07,17.9,3.0,0,北海道,札幌市,,0,59.7,0,86,0,0,0,143.0,0,0,0
1903-08,19.2,3.1,0,北海道,札幌市,,0,35.1,0,83,0,0,0,203.9,0,0,0
1903-09,17.0,2.6,0,北海道,札幌市,,0,138.6,0,83,0,0,0,182.9,0,0,0
1903-10,8.7,2.9,0,北海道,札幌市,,0,47.5,0,77,0,0,0,162.8,0,0,0
1903-11,1.9,2.8,0,北海道,札幌市,,0,145.1,0,79,0,0,0,78.5,0,0,0
1903-12,-5.1,3.7,0,北海道,札幌市,,0,113.9,0,76,0,0,0,87.3,0,0,0
1904-01,-7.6,3.0,0,北海道,札幌市,,0,83.0,0,79,0,0,0,117.2,0,0,0
1904-02,-3.8,3.8,0,北海道,札幌市,,0,55.1,0,74,0,0,0,152.4,0,0,0
1904-03,-0.9,4.0,0,北海道,札幌市,,0,61.9,0,72,0,0,0,170.2,0,0,0
1904-04,6.1,3.8,0,北海道,札幌市,,0,32.9,0,71,0,0,0,264.9,0,0,0
1904-05,10.8,4.7,0,北海道,札幌市,,0,37.1,0,72,0,0,0,246.8,0,0,0
1904-06,16.5,3.4,0,北海道,札幌市,,0,72.6,0,83,0,0,0,201.0,0,0,0
1904-07,19.4,3.2,0,北海道,札幌市,,0,228.0,0,87,0,0,0,184.2,0,0,0
1904-08,22.0,2.6,0,北海道,札幌市,,0,64.5,0,85,0,0,0,271.1,0,0,0
1904-09,15.2,2.6,0,北海道,札幌市,,0,152.6,0,83,0,0,0,181.0,0,0,0
1904-10,9.5,2.9,0,北海道,札幌市,,0,72.6,0,78,0,0,0,159.8,0,0,0
1904-11,1.5,2.9,0,北海道,札幌市,,0,69.0,0,75,0,0,0,91.5,0,0,0
1904-12,-2.3,3.6,0,北海道,札幌市,,0,103.7,0,78,0,0,0,71.4,0,0,0
1905-01,-3.3,2.7,0,北海道,札幌市,,0,62.6,0,78,0,0,0,82.8,0,0,0
1905-02,-7.1,3.4,0,北海道,札幌市,,0,160.0,0,81,0,0,0,101.4,0,0,0
1905-03,-2.2,3.5,0,北海道,札幌市,,0,31.5,0,70,0,0,0,205.3,0,0,0
1905-04,2.9,4.4,0,北海道,札幌市,,0,53.9,0,75,0,0,0,190.7,0,0,0
1905-05,11.2,4.3,0,北海道,札幌市,,0,46.0,0,71,0,0,0,214.2,0,0,0
1905-06,15.1,3.4,0,北海道,札幌市,,0,109.3,0,84,0,0,0,149.4,0,0,0
1905-07,18.6,3.6,0,北海道,札幌市,,0,50.6,0,86,0,0,0,252.0,0,0,0
1905-08,18.7,3.2,0,北海道,札幌市,,0,49.6,0,82,0,0,0,190.4,0,0,0
1905-09,16.0,2.8,0,北海道,札幌市,,0,123.1,0,81,0,0,0,184.8,0,0,0
1905-10,10.0,3.0,0,北海道,札幌市,,0,67.3,0,79,0,0,0,182.5,0,0,0
1905-11,3.0,3.4,0,北海道,札幌市,,0,50.7,0,73,0,0,0,112.1,0,0,0
1905-12,-2.1,2.9,0,北海道,札幌市,,0,79.3,0,77,0,0,0,96.7,0,0,0
1906-01,-7.1,3.1,0,北海道,札幌市,,0,82.0,0,79,0,0,0,114.0,0,0,0
1906-02,-6.8,2.7,0,北海道,札幌市,,0,53.9,0,78,0,0,0,121.1,0,0,0
1906-03,-1.2,4.0,0,北海道,札幌市,,0,46.7,0,74,0,0,0,159.7,0,0,0
1906-04,5.2,3.8,0,北海道,札幌市,,0,41.1,0,75,0,0,0,162.3,0,0,0
1906-05,11.1,4.5,0,北海道,札幌市,,0,55.8,0,70,0,0,0,199.9,0,0,0
1906-06,12.9,4.2,0,北海道,札幌市,,0,28.3,0,81,0,0,0,212.4,0,0,0
1906-07,20.0,4.0,0,北海道,札幌市,,0,31.9,0,80,0,0,0,196.4,0,0,0
1906-08,19.9,2.6,0,北海道,札幌市,,0,30.5,0,82,0,0,0,211.0,0,0,0
1906-09,14.9,2.7,0,北海道,札幌市,,0,81.8,0,77,0,0,0,221.8,0,0,0
1906-10,9.3,2.6,0,北海道,札幌市,,0,189.6,0,77,0,0,0,155.3,0,0,0
1906-11,-0.1,3.4,0,北海道,札幌市,,0,81.1,0,75,0,0,0,108.6,0,0,0
1906-12,-2.4,3.6,0,北海道,札幌市,,0,118.8,0,79,0,0,0,52.3,0,0,0
1907-01,-5.4,3.2,0,北海道,札幌市,,0,75.2,0,76,0,0,0,85.7,0,0,0
1907-02,-6.1,2.9,0,北海道,札幌市,,0,32.6,0,75,0,0,0,136.5,0,0,0
1907-03,-2.3,2.9,0,北海道,札幌市,,0,53.4,0,72,0,0,0,175.9,0,0,0
1907-04,5.8,3.9,0,北海道,札幌市,,0,50.4,0,76,0,0,0,152.5,0,0,0
1907-05,10.6,4.6,0,北海道,札幌市,,0,124.5,0,80,0,0,0,147.5,0,0,0
1907-06,13.5,4.1,0,北海道,札幌市,,0,91.4,0,84,0,0,0,164.2,0,0,0
1907-07,18.1,2.8,0,北海道,札幌市,,0,96.9,0,84,0,0,0,224.9,0,0,0
1907-08,23.3,3.6,0,北海道,札幌市,,0,114.3,0,87,0,0,0,141.0,0,0,0
1907-09,15.9,2.5,0,北海道,札幌市,,0,167.6,0,85,0,0,0,138.3,0,0,0
1907-10,8.4,3.4,0,北海道,札幌市,,0,126.4,0,79,0,0,0,144.3,0,0,0
1907-11,2.4,2.9,0,北海道,札幌市,,0,90.1,0,78,0,0,0,62.7,0,0,0
1907-12,-5.2,3.8,0,北海道,札幌市,,0,97.9,0,76,0,0,0,62.1,0,0,0
1908-01,-8.5,2.0,0,北海道,札幌市,,0,98.3,0,81,0,0,0,95.6,0,0,0
1908-02,-6.4,2.4,0,北海道,札幌市,,0,52.8,0,76,0,0,0,140.1,0,0,0
1908-03,-3.0,4.7,0,北海道,札幌市,,0,139.9,0,80,0,0,0,139.1,0,0,0
1908-04,5.0,4.1,0,北海道,札幌市,,0,34.7,0,74,0,0,0,210.6,0,0,0
1908-05,9.2,4.5,0,北海道,札幌市,,0,92.6,0,84,0,0,0,154.4,0,0,0
1908-06,13.5,4.7,0,北海道,札幌市,,0,34.1,0,83,0,0,0,183.2,0,0,0
1908-07,17.4,3.8,0,北海道,札幌市,,0,34.6,0,81,0,0,0,182.7,0,0,0
1908-08,22.0,3.0,0,北海道,札幌市,,0,76.8,0,84,0,0,0,211.4,0,0,0
1908-09,15.3,2.9,0,北海道,札幌市,,0,66.1,0,81,0,0,0,156.1,0,0,0
1908-10,9.2,2.8,0,北海道,札幌市,,0,54.1,0,82,0,0,0,178.2,0,0,0
1908-11,0.6,3.5,0,北海道,札幌市,,0,106.3,0,75,0,0,0,76.7,0,0,0
1908-12,-4.4,4.3,0,北海道,札幌市,,0,112.2,0,75,0,0,0,81.2,0,0,0
1909-01,-9.4,2.9,0,北海道,札幌市,,0,44.1,0,79,0,0,0,119.1,0,0,0
1909-02,-5.9,3.9,0,北海道,札幌市,,0,42.9,0,79,0,0,0,96.7,0,0,0
1909-03,-3.6,3.6,0,北海道,札幌市,,0,41.5,0,73,0,0,0,170.7,0,0,0
1909-04,6.4,4.8,0,北海道,札幌市,,0,126.4,0,71,0,0,0,167.1,0,0,0
1909-05,11.0,4.8,0,北海道,札幌市,,0,113.7,0,81,0,0,0,174.5,0,0,0
1909-06,15.2,4.5,0,北海道,札幌市,,0,60.4,0,81,0,0,0,242.4,0,0,0
1909-07,19.0,3.5,0,北海道,札幌市,,0,80.8,0,82,0,0,0,185.4,0,0,0
1909-08,20.8,3.2,0,北海道,札幌市,,0,52.8,0,81,0,0,0,220.7,0,0,0
1909-09,16.0,2.7,0,北海道,札幌市,,0,109.3,0,81,0,0,0,172.9,0,0,0
1909-10,8.1,2.8,0,北海道,札幌市,,0,180.9,0,81,0,0,0,147.1,0,0,0
1909-11,3.5,4.4,0,北海道,札幌市,,0,141.2,0,73,0,0,0,113.8,0,0,0
1909-12,-4.2,2.9,0,北海道,札幌市,,0,112.7,0,79,0,0,0,103.4,0,0,0
1910-01,-4.9,3.3,0,北海道,札幌市,,0,56.8,0,74,0,0,0,120.9,0,0,0
1910-02,-5.7,3.8,0,北海道,札幌市,,0,92.2,0,74,0,0,0,120.1,0,0,0
1910-03,-2.1,3.7,0,北海道,札幌市,,0,26.6,0,69,0,0,0,204.7,0,0,0
1910-04,5.5,4.5,0,北海道,札幌市,,0,45.4,0,74,0,0,0,219.0,0,0,0
1910-05,10.6,4.7,0,北海道,札幌市,,0,27.0,0,74,0,0,0,207.8,0,0,0
1910-06,15.2,4.8,0,北海道,札幌市,,0,185.7,0,80,0,0,0,196.2,0,0,0
1910-07,18.8,4.9,0,北海道,札幌市,,0,100.8,0,81,0,0,0,205.6,0,0,0
1910-08,20.6,3.8,0,北海道,札幌市,,0,28.6,0,81,0,0,0,201.6,0,0,0
1910-09,15.1,2.6,0,北海道,札幌市,,0,91.6,0,81,0,0,0,145.4,0,0,0
1910-10,10.2,2.3,0,北海道,札幌市,,0,11.3,0,79,0,0,0,205.3,0,0,0
1910-11,2.8,3.5,0,北海道,札幌市,,0,123.2,0,74,0,0,0,84.7,0,0,0
1910-12,-6.5,3.2,0,北海道,札幌市,,0,51.5,0,73,0,0,0,114.8,0,0,0
1911-01,-6.4,3.5,0,北海道,札幌市,,0,56.1,0,77,0,0,0,101.3,0,0,0
1911-02,-5.4,3.2,0,北海道,札幌市,,0,22.7,0,75,0,0,0,145.1,0,0,0
1911-03,-0.9,3.4,0,北海道,札幌市,,0,68.2,0,72,0,0,0,172.0,0,0,0
1911-04,5.2,3.8,0,北海道,札幌市,,0,66.2,0,74,0,0,0,188.1,0,0,0
1911-05,11.3,4.4,0,北海道,札幌市,,0,11.3,0,66,0,0,0,246.5,0,0,0
1911-06,15.7,2.8,0,北海道,札幌市,,0,80.1,0,81,0,0,0,197.8,0,0,0
1911-07,18.6,3.7,0,北海道,札幌市,,0,66.5,0,87,0,0,0,160.2,0,0,0
1911-08,19.7,3.0,0,北海道,札幌市,,0,172.8,0,87,0,0,0,174.0,0,0,0
1911-09,17.2,3.3,0,北海道,札幌市,,0,85.8,0,83,0,0,0,200.1,0,0,0
1911-10,10.2,3.0,0,北海道,札幌市,,0,168.4,0,83,0,0,0,117.0,0,0,0
1911-11,5.5,3.6,0,北海道,札幌市,,0,133.7,0,80,0,0,0,75.3,0,0,0
1911-12,-3.4,3.4,0,北海道,札幌市,,0,71.8,0,73,0,0,0,92.5,0,0,0
1912-01,-5.7,3.9,0,北海道,札幌市,,0,81.0,0,81,0,0,0,92.1,0,0,0
1912-02,-3.8,3.8,0,北海道,札幌市,,0,94.8,0,79,0,0,0,107.2,0,0,0
1912-03,-1.7,5.3,0,北海道,札幌市,,0,116.0,0,75,0,0,0,153.8,0,0,0
1912-04,4.8,4.7,0,北海道,札幌市,,0,57.3,0,69,0,0,0,211.7,0,0,0
1912-05,9.7,4.1,0,北海道,札幌市,,0,170.8,0,78,0,0,0,237.5,0,0,0
1912-06,14.9,4.4,0,北海道,札幌市,,0,52.3,0,82,0,0,0,165.0,0,0,0
1912-07,18.0,3.6,0,北海道,札幌市,,0,36.4,0,86,0,0,0,155.0,0,0,0
1912-08,20.8,3.2,0,北海道,札幌市,,0,109.5,0,84,0,0,0,191.4,0,0,0
1912-09,14.4,3.0,0,北海道,札幌市,,0,172.9,0,84,0,0,0,170.6,0,0,0
1912-10,8.9,3.4,0,北海道,札幌市,,0,44.7,0,80,0,0,0,144.7,0,0,0
1912-11,0.3,3.3,0,北海道,札幌市,,0,136.9,0,75,0,0,0,98.2,0,0,0
1912-12,-5.5,3.1,0,北海道,札幌市,,0,95.1,0,79,0,0,0,79.5,0,0,0
1913-01,-8.7,2.9,0,北海道,札幌市,,0,54.1,0,81,0,0,0,104.6,0,0,0
1913-02,-5.4,3.9,0,北海道,札幌市,,0,55.5,0,76,0,0,0,124.9,0,0,0
1913-03,-2.6,3.1,0,北海道,札幌市,,0,36.0,0,75,0,0,0,165.5,0,0,0
1913-04,5.7,3.7,0,北海道,札幌市,,0,26.6,0,69,0,0,0,226.3,0,0,0
1913-05,9.4,4.9,0,北海道,札幌市,,0,53.4,0,75,0,0,0,215.2,0,0,0
1913-06,12.8,4.2,0,北海道,札幌市,,0,41.5,0,82,0,0,0,161.7,0,0,0
1913-07,16.9,3.2,0,北海道,札幌市,,0,86.9,0,88,0,0,0,105.1,0,0,0
1913-08,18.4,2.9,0,北海道,札幌市,,0,284.3,0,82,0,0,0,225.0,0,0,0
1913-09,13.9,3.0,0,北海道,札幌市,,0,60.0,0,82,0,0,0,182.7,0,0,0
1913-10,9.2,2.7,0,北海道,札幌市,,0,49.0,0,77,0,0,0,156.0,0,0,0
1913-11,2.3,4.0,0,北海道,札幌市,,0,96.4,0,73,0,0,0,85.8,0,0,0
1913-12,-3.5,2.7,0,北海道,札幌市,,0,63.3,0,76,0,0,0,56.3,0,0,0
1914-01,-3.3,3.9,0,北海道,札幌市,,0,182.2,0,78,0,0,0,46.4,0,0,0
1914-02,-4.5,2.7,0,北海道,札幌市,,0,77.9,0,78,0,0,0,130.1,0,0,0
1914-03,1.2,4.3,0,北海道,札幌市,,0,88.7,0,73,0,0,0,149.2,0,0,0
1914-04,4.8,4.3,0,北海道,札幌市,,0,71.1,0,71,0,0,0,228.0,0,0,0
1914-05,12.5,4.4,0,北海道,札幌市,,0,20.9,0,65,0,0,0,242.9,0,0,0
1914-06,14.8,3.6,0,北海道,札幌市,,0,61.0,0,83,0,0,0,190.0,0,0,0
1914-07,18.5,3.2,0,北海道,札幌市,,0,127.5,0,83,0,0,0,208.9,0,0,0
1914-08,20.3,2.8,0,北海道,札幌市,,0,149.0,0,85,0,0,0,153.0,0,0,0
1914-09,16.9,3.1,0,北海道,札幌市,,0,179.4,0,83,0,0,0,164.3,0,0,0
1914-10,9.5,2.4,0,北海道,札幌市,,0,64.7,0,82,0,0,0,194.1,0,0,0
1914-11,5.2,4.1,0,北海道,札幌市,,0,179.3,0,78,0,0,0,80.6,0,0,0
1914-12,-3.8,2.8,0,北海道,札幌市,,0,119.1,0,79,0,0,0,90.1,0,0,0
1915-01,-6.9,3.7,0,北海道,札幌市,,0,100.5,0,78,0,0,0,107.2,0,0,0
1915-02,-4.4,4.2,0,北海道,札幌市,,0,116.5,0,81,0,0,0,101.6,0,0,0
1915-03,-2.2,3.8,0,北海道,札幌市,,0,71.1,0,76,0,0,0,163.0,0,0,0
1915-04,4.0,5.0,0,北海道,札幌市,,0,72.2,0,72,0,0,0,182.7,0,0,0
1915-05,8.2,5.4,0,北海道,札幌市,,0,32.8,0,76,0,0,0,225.9,0,0,0
1915-06,16.1,3.7,0,北海道,札幌市,,0,29.3,0,80,0,0,0,205.4,0,0,0
1915-07,17.9,3.2,0,北海道,札幌市,,0,97.2,0,86,0,0,0,134.3,0,0,0
1915-08,21.3,3.8,0,北海道,札幌市,,0,32.3,0,84,0,0,0,198.8,0,0,0
1915-09,17.5,3.0,0,北海道,札幌市,,0,57.6,0,81,0,0,0,188.2,0,0,0
1915-10,11.0,2.9,0,北海道,札幌市,,0,299.9,0,82,0,0,0,135.0,0,0,0
1915-11,3.6,3.5,0,北海道,札幌市,,0,86.5,0,74,0,0,0,117.7,0,0,0
1915-12,-1.1,4.0,0,北海道,札幌市,,0,118.8,0,75,0,0,0,87.8,0,0,0
1916-01,-3.8,3.9,0,北海道,札幌市,,0,61.9,0,76,0,0,0,74.5,0,0,0
1916-02,-4.3,3.5,0,北海道,札幌市,,0,101.0,0,80,0,0,0,106.2,0,0,0
1916-03,-3.1,3.7,0,北海道,札幌市,,0,43.0,0,75,0,0,0,168.2,0,0,0
1916-04,4.1,4.3,0,北海道,札幌市,,0,63.4,0,70,0,0,0,196.7,0,0,0
1916-05,9.7,4.6,0,北海道,札幌市,,0,76.8,0,75,0,0,0,185.8,0,0,0
1916-06,16.7,3.8,0,北海道,札幌市,,0,81.6,0,83,0,0,0,169.1,0,0,0
1916-07,20.1,4.1,0,北海道,札幌市,,0,41.7,0,81,0,0,0,275.4,0,0,0
1916-08,22.9,3.0,0,北海道,札幌市,,0,21.4,0,78,0,0,0,289.8,0,0,0
1916-09,16.7,2.8,0,北海道,札幌市,,0,156.1,0,80,0,0,0,168.3,0,0,0
1916-10,10.2,2.4,0,北海道,札幌市,,0,50.6,0,77,0,0,0,176.8,0,0,0
1916-11,4.4,2.4,0,北海道,札幌市,,0,89.9,0,80,0,0,0,109.7,0,0,0
1916-12,-2.9,4.1,0,北海道,札幌市,,0,101.8,0,77,0,0,0,75.3,0,0,0
1917-01,-6.6,2.9,0,北海道,札幌市,,0,142.6,0,86,0,0,0,102.7,0,0,0
1917-02,-5.1,3.2,0,北海道,札幌市,,0,109.0,0,81,0,0,0,118.2,0,0,0
1917-03,-1.8,3.9,0,北海道,札幌市,,0,40.1,0,73,0,0,0,176.0,0,0,0
1917-04,4.9,4.4,0,北海道,札幌市,,0,75.4,0,73,0,0,0,171.3,0,0,0
1917-05,9.8,3.9,0,北海道,札幌市,,0,45.9,0,69,0,0,0,209.4,0,0,0
1917-06,14.6,3.7,0,北海道,札幌市,,0,111.3,0,79,0,0,0,204.9,0,0,0
1917-07,19.6,3.0,0,北海道,札幌市,,0,123.2,0,87,0,0,0,151.7,0,0,0
1917-08,21.4,3.4,0,北海道,札幌市,,0,28.4,0,80,0,0,0,251.9,0,0,0
1917-09,16.5,2.9,0,北海道,札幌市,,0,124.6,0,81,0,0,0,171.3,0,0,0
1917-10,11.1,2.9,0,北海道,札幌市,,0,155.2,0,76,0,0,0,158.3,0,0,0
1917-11,1.9,2.8,0,北海道,札幌市,,0,124.7,0,80,0,0,0,92.8,0,0,0
1917-12,-0.8,2.6,0,北海道,札幌市,,0,113.2,0,78,0,0,0,121.1,0,0,0
1918-01,-6.0,2.9,0,北海道,札幌市,,0,207.4,0,81,0,0,0,101.1,0,0,0
1918-02,-4.8,3.1,0,北海道,札幌市,,0,43.4,0,76,0,0,0,117.8,0,0,0
1918-03,-0.8,4.7,0,北海道,札幌市,,0,81.0,0,72,0,0,0,155.4,0,0,0
1918-04,5.2,4.2,0,北海道,札幌市,,0,57.4,0,70,0,0,0,210.1,0,0,0
1918-05,11.0,4.1,0,北海道,札幌市,,0,37.3,0,73,0,0,0,174.3,0,0,0
1918-06,15.2,3.7,0,北海道,札幌市,,0,84.2,0,81,0,0,0,172.5,0,0,0
1918-07,19.9,3.0,0,北海道,札幌市,,0,86.8,0,86,0,0,0,161.6,0,0,0
1918-08,21.4,2.5,0,北海道,札幌市,,0,109.7,0,84,0,0,0,172.3,0,0,0
1918-09,17.9,2.6,0,北海道,札幌市,,0,164.5,0,82,0,0,0,122.9,0,0,0
1918-10,9.8,2.5,0,北海道,札幌市,,0,52.8,0,77,0,0,0,187.1,0,0,0
1918-11,2.7,2.9,0,北海道,札幌市,,0,79.3,0,76,0,0,0,84.1,0,0,0
1918-12,-4.3,3.5,0,北海道,札幌市,,0,37.1,0,73,0,0,0,85.4,0,0,0
1919-01,-7.0,3.1,0,北海道,札幌市,,0,80.3,0,79,0,0,0,82.9,0,0,0
1919-02,-4.9,3.3,0,北海道,札幌市,,0,43.1,0,78,0,0,0,118.1,0,0,0
1919-03,-1.1,4.2,0,北海道,札幌市,,0,72.3,0,74,0,0,0,126.2,0,0,0
1919-04,4.9,4.9,0,北海道,札幌市,,0,41.2,0,75,0,0,0,210.2,0,0,0
1919-05,10.2,4.5,0,北海道,札幌市,,0,53.9,0,72,0,0,0,238.3,0,0,0
1919-06,14.2,4.1,0,北海道,札幌市,,0,141.7,0,81,0,0,0,194.3,0,0,0
1919-07,20.5,3.0,0,北海道,札幌市,,0,66.7,0,81,0,0,0,269.5,0,0,0
1919-08,19.9,3.0,0,北海道,札幌市,,0,81.3,0,83,0,0,0,207.6,0,0,0
1919-09,17.3,3.1,0,北海道,札幌市,,0,145.0,0,84,0,0,0,131.5,0,0,0
1919-10,10.9,2.4,0,北海道,札幌市,,0,147.0,0,79,0,0,0,143.6,0,0,0
1919-11,4.8,3.1,0,北海道,札幌市,,0,60.9,0,75,0,0,0,99.6,0,0,0
1919-12,-2.3,3.4,0,北海道,札幌市,,0,107.1,0,76,0,0,0,84.4,0,0,0
1920-01,-2.0,2.9,0,北海道,札幌市,,0,187.4,0,79,0,0,0,58.1,0,0,0
1920-02,-6.3,2.3,0,北海道,札幌市,,0,92.3,0,79,0,0,0,129.7,0,0,0
1920-03,-0.2,2.8,0,北海道,札幌市,,0,45.0,0,75,0,0,0,191.8,0,0,0
1920-04,6.4,3.8,0,北海道,札幌市,,0,47.1,0,73,0,0,0,169.2,0,0,0
1920-05,11.1,3.6,0,北海道,札幌市,,0,105.0,0,83,0,0,0,121.1,0,0,0
1920-06,16.4,3.4,0,北海道,札幌市,,0,96.0,0,81,0,0,0,205.0,0,0,0
1920-07,21.3,3.0,0,北海道,札幌市,,0,81.7,0,83,0,0,0,214.9,0,0,0
1920-08,22.5,3.2,0,北海道,札幌市,,0,157.6,0,85,0,0,0,138.0,0,0,0
1920-09,15.7,2.5,0,北海道,札幌市,,0,138.7,0,82,0,0,0,194.6,0,0,0
1920-10,9.5,2.9,0,北海道,札幌市,,0,108.8,0,78,0,0,0,167.0,0,0,0
1920-11,4.6,2.9,0,北海道,札幌市,,0,79.0,0,77,0,0,0,105.2,0,0,0
1920-12,-4.1,3.5,0,北海道,札幌市,,0,112.0,0,77,0,0,0,101.6,0,0,0
1921-01,-6.1,3.0,0,北海道,札幌市,,0,93.2,0,80,0,0,0,89.8,0,0,0
1921-02,-5.0,2.9,0,北海道,札幌市,,0,58.5,0,80,0,0,0,112.9,0,0,0
1921-03,-1.7,3.0,0,北海道,札幌市,,0,42.7,0,73,0,0,0,163.1,0,0,0
1921-04,6.8,4.3,0,北海道,札幌市,,0,89.7,0,74,0,0,0,184.2,0,0,0
1921-05,9.9,3.9,0,北海道,札幌市,,0,95.5,0,75,0,0,0,228.2,0,0,0
1921-06,14.5,2.9,0,北海道,札幌市,,0,24.9,0,78,0,0,0,243.0,0,0,0
1921-07,20.4,3.1,0,北海道,札幌市,,0,62.9,0,83,0,0,0,162.9,0,0,0
1921-08,21.2,2.2,0,北海道,札幌市,,0,34.7,0,83,0,0,0,193.8,0,0,0
1921-09,17.0,1.9,0,北海道,札幌市,,0,65.8,0,81,0,0,0,139.1,0,0,0
1921-10,9.8,2.0,0,北海道,札幌市,,0,48.3,0,81,0,0,0,155.7,0,0,0
1921-11,2.2,2.8,0,北海道,札幌市,,0,174.8,0,77,0,0,0,107.3,0,0,0
1921-12,-3.0,2.6,0,北海道,札幌市,,0,90.7,0,76,0,0,0,89.5,0,0,0
1922-01,-10.2,2.3,0,北海道,札幌市,,0,101.8,0,80,0,0,0,134.7,0,0,0
1922-02,-2.2,3.8,0,北海道,札幌市,,0,79.4,0,77,0,0,0,104.6,0,0,0
1922-03,-2.5,3.9,0,北海道,札幌市,,0,55.7,0,76,0,0,0,146.5,0,0,0
1922-04,6.4,3.5,0,北海道,札幌市,,0,77.0,0,73,0,0,0,251.8,0,0,0
1922-05,9.9,4.1,0,北海道,札幌市,,0,58.8,0,78,0,0,0,201.4,0,0,0
1922-06,15.5,3.9,0,北海道,札幌市,,0,85.6,0,79,0,0,0,228.3,0,0,0
1922-07,19.9,3.4,0,北海道,札幌市,,0,76.0,0,86,0,0,0,166.7,0,0,0
1922-08,21.2,1.9,0,北海道,札幌市,,0,207.7,0,87,0,0,0,150.7,0,0,0
1922-09,16.8,2.8,0,北海道,札幌市,,0,58.9,0,83,0,0,0,189.0,0,0,0
1922-10,11.3,2.7,0,北海道,札幌市,,0,185.7,0,82,0,0,0,150.8,0,0,0
1922-11,3.4,2.9,0,北海道,札幌市,,0,154.8,0,77,0,0,0,98.0,0,0,0
1922-12,-3.5,2.0,0,北海道,札幌市,,0,197.4,0,82,0,0,0,64.9,0,0,0
1923-01,-7.1,2.9,0,北海道,札幌市,,0,81.0,0,77,0,0,0,100.3,0,0,0
1923-02,-5.8,1.9,0,北海道,札幌市,,0,61.5,0,79,0,0,0,144.4,0,0,0
1923-03,-0.3,3.1,0,北海道,札幌市,,0,50.8,0,75,0,0,0,163.9,0,0,0
1923-04,4.7,4.2,0,北海道,札幌市,,0,49.4,0,69,0,0,0,210.3,0,0,0
1923-05,10.7,4.5,0,北海道,札幌市,,0,76.9,0,77,0,0,0,213.3,0,0,0
1923-06,14.4,3.3,0,北海道,札幌市,,0,85.1,0,81,0,0,0,185.0,0,0,0
1923-07,18.8,2.3,0,北海道,札幌市,,0,82.2,0,84,0,0,0,157.1,0,0,0
1923-08,21.0,2.7,0,北海道,札幌市,,0,82.5,0,84,0,0,0,229.3,0,0,0
1923-09,17.0,2.5,0,北海道,札幌市,,0,279.3,0,85,0,0,0,119.7,0,0,0
1923-10,10.3,2.5,0,北海道,札幌市,,0,110.6,0,81,0,0,0,159.5,0,0,0
1923-11,3.7,3.0,0,北海道,札幌市,,0,114.7,0,75,0,0,0,95.7,0,0,0
1923-12,-2.4,2.9,0,北海道,札幌市,,0,83.4,0,75,0,0,0,87.8,0,0,0
1924-01,-6.3,3.0,0,北海道,札幌市,,0,64.5,0,78,0,0,0,79.8,0,0,0
1924-02,-5.7,3.2,0,北海道,札幌市,,0,54.4,0,78,0,0,0,104.1,0,0,0
1924-03,-4.3,2.4,0,北海道,札幌市,,0,70.7,0,79,0,0,0,150.8,0,0,0
1924-04,6.6,3.6,0,北海道,札幌市,,0,40.5,0,74,0,0,0,190.5,0,0,0
1924-05,9.5,4.7,0,北海道,札幌市,,0,56.3,0,78,0,0,0,241.1,0,0,0
1924-06,14.9,3.1,0,北海道,札幌市,,0,32.1,0,84,0,0,0,206.6,0,0,0
1924-07,22.7,2.6,0,北海道,札幌市,,0,52.0,0,82,0,0,0,243.5,0,0,0
1924-08,22.2,3.5,0,北海道,札幌市,,0,103.6,0,80,0,0,0,248.5,0,0,0
1924-09,16.7,2.6,0,北海道,札幌市,,0,95.0,0,81,0,0,0,179.6,0,0,0
1924-10,9.3,2.9,0,北海道,札幌市,,0,166.0,0,77,0,0,0,146.8,0,0,0
1924-11,4.0,2.3,0,北海道,札幌市,,0,166.8,0,79,0,0,0,67.9,0,0,0
1924-12,-3.8,2.4,0,北海道,札幌市,,0,100.9,0,79,0,0,0,83.3,0,0,0
1925-01,-5.4,3.3,0,北海道,札幌市,,0,76.1,0,84,0,0,0,59.8,0,0,0
1925-02,-5.5,2.8,0,北海道,札幌市,,0,59.5,0,76,0,0,0,125.3,0,0,0
1925-03,-3.6,3.2,0,北海道,札幌市,,0,80.7,0,79,0,0,0,135.9,0,0,0
1925-04,5.0,3.4,0,北海道,札幌市,,0,33.2,0,72,0,0,0,190.0,0,0,0
1925-05,10.6,4.2,0,北海道,札幌市,,0,51.0,0,75,0,0,0,221.2,0,0,0
1925-06,17.0,3.8,0,北海道,札幌市,,0,43.2,0,75,0,0,0,292.9,0,0,0
1925-07,18.8,2.9,0,北海道,札幌市,,0,52.1,0,81,0,0,0,236.7,0,0,0
1925-08,22.6,4.0,0,北海道,札幌市,,0,72.3,0,82,0,0,0,202.5,0,0,0
1925-09,17.7,3.0,0,北海道,札幌市,,0,85.4,0,82,0,0,0,167.7,0,0,0
1925-10,10.7,2.5,0,北海道,札幌市,,0,163.2,0,80,0,0,0,156.1,0,0,0
1925-11,3.9,3.6,0,北海道,札幌市,,0,191.8,0,80,0,0,0,92.3,0,0,0
1925-12,-1.4,3.4,0,北海道,札幌市,,0,173.8,0,79,0,0,0,76.9,0,0,0
1926-01,-6.2,3.1,0,北海道,札幌市,,0,125.8,0,83,0,0,0,69.0,0,0,0
1926-02,-3.6,3.8,0,北海道,札幌市,,0,65.4,0,81,0,0,0,81.7,0,0,0
1926-03,-1.1,3.1,0,北海道,札幌市,,0,83.3,0,77,0,0,0,131.5,0,0,0
1926-04,3.3,4.0,0,北海道,札幌市,,0,59.5,0,72,0,0,0,164.3,0,0,0
1926-05,10.0,4.3,0,北海道,札幌市,,0,53.4,0,76,0,0,0,209.1,0,0,0
1926-06,14.5,3.0,0,北海道,札幌市,,0,42.5,0,77,0,0,0,229.9,0,0,0
1926-07,18.9,2.8,0,北海道,札幌市,,0,98.2,0,83,0,0,0,170.6,0,0,0
1926-08,19.9,2.8,0,北海道,札幌市,,0,83.3,0,81,0,0,0,209.3,0,0,0
1926-09,17.1,3.0,0,北海道,札幌市,,0,195.9,0,83,0,0,0,140.0,0,0,0
1926-10,7.8,3.1,0,北海道,札幌市,,0,245.9,0,80,0,0,0,117.2,0,0,0
1926-11,2.8,3.2,0,北海道,札幌市,,0,210.3,0,79,0,0,0,72.4,0,0,0
1926-12,-2.9,2.9,0,北海道,札幌市,,0,95.6,0,77,0,0,0,57.2,0,0,0
1927-01,-5.8,3.1,0,北海道,札幌市,,0,62.0,0,77,0,0,0,101.8,0,0,0
1927-02,-7.5,3.1,0,北海道,札幌市,,0,101.2,0,81,0,0,0,123.1,0,0,0
1927-03,-1.5,3.5,0,北海道,札幌市,,0,43.8,0,72,0,0,0,159.1,0,0,0
1927-04,7.0,5.1,0,北海道,札幌市,,0,40.6,0,72,0,0,0,181.5,0,0,0
1927-05,10.0,4.1,0,北海道,札幌市,,0,60.9,0,73,0,0,0,179.9,0,0,0
1927-06,14.7,3.1,0,北海道,札幌市,,0,23.7,0,74,0,0,0,244.5,0,0,0
1927-07,21.0,3.0,0,北海道,札幌市,,0,207.4,0,85,0,0,0,172.3,0,0,0
1927-08,22.0,3.4,0,北海道,札幌市,,0,163.0,0,84,0,0,0,180.1,0,0,0
1927-09,16.2,2.6,0,北海道,札幌市,,0,77.8,0,81,0,0,0,185.9,0,0,0
1927-10,11.0,2.8,0,北海道,札幌市,,0,64.1,0,79,0,0,0,160.2,0,0,0
1927-11,4.7,2.7,0,北海道,札幌市,,0,68.3,0,77,0,0,0,100.4,0,0,0
1927-12,-2.9,3.3,0,北海道,札幌市,,0,137.0,0,78,0,0,0,59.6,0,0,0
1928-01,-5.2,2.6,0,北海道,札幌市,,0,121.6,0,82,0,0,0,60.3,0,0,0
1928-02,-6.4,3.0,0,北海道,札幌市,,0,97.4,0,79,0,0,0,125.6,0,0,0
1928-03,-0.4,4.1,0,北海道,札幌市,,0,40.1,0,75,0,0,0,159.2,0,0,0
1928-04,5.7,4.3,0,北海道,札幌市,,0,16.4,0,68,0,0,0,241.4,0,0,0
1928-05,11.6,4.0,0,北海道,札幌市,,0,50.7,0,71,0,0,0,190.8,0,0,0
1928-06,14.7,3.4,0,北海道,札幌市,,0,51.0,0,79,0,0,0,169.8,0,0,0
1928-07,20.5,3.8,0,北海道,札幌市,,0,31.3,0,80,0,0,0,244.7,0,0,0
1928-08,22.7,3.7,0,北海道,札幌市,,0,53.2,0,76,0,0,0,260.9,0,0,0
1928-09,18.5,2.8,0,北海道,札幌市,,0,166.5,0,82,0,0,0,114.7,0,0,0
1928-10,11.1,2.4,0,北海道,札幌市,,0,64.3,0,82,0,0,0,157.6,0,0,0
1928-11,4.4,3.8,0,北海道,札幌市,,0,81.8,0,72,0,0,0,110.0,0,0,0
1928-12,-3.8,3.1,0,北海道,札幌市,,0,148.5,0,77,0,0,0,76.9,0,0,0
1929-01,-7.0,3.7,0,北海道,札幌市,,0,223.9,0,83,0,0,0,90.5,0,0,0
1929-02,-6.2,3.2,0,北海道,札幌市,,0,41.6,0,81,0,0,0,111.7,0,0,0
1929-03,-1.7,4.2,0,北海道,札幌市,,0,68.5,0,79,0,0,0,148.0,0,0,0
1929-04,3.7,4.0,0,北海道,札幌市,,0,89.5,0,73,0,0,0,174.1,0,0,0
1929-05,10.1,3.7,0,北海道,札幌市,,0,43.7,0,78,0,0,0,205.2,0,0,0
1929-06,14.3,3.5,0,北海道,札幌市,,0,38.9,0,81,0,0,0,183.6,0,0,0
1929-07,21.4,2.7,0,北海道,札幌市,,0,30.9,0,83,0,0,0,181.8,0,0,0
1929-08,21.3,3.0,0,北海道,札幌市,,0,233.6,0,84,0,0,0,175.8,0,0,0
1929-09,15.6,2.4,0,北海道,札幌市,,0,35.8,0,79,0,0,0,191.8,0,0,0
1929-10,11.2,2.4,0,北海道,札幌市,,0,117.8,0,81,0,0,0,139.1,0,0,0
1929-11,3.2,2.0,0,北海道,札幌市,,0,108.4,0,79,0,0,0,104.5,0,0,0
1929-12,-1.6,2.9,0,北海道,札幌市,,0,76.8,0,79,0,0,0,79.3,0,0,0
1930-01,-7.2,2.9,0,北海道,札幌市,,0,89.0,0,78,0,0,0,103.9,0,0,0
1930-02,-4.1,3.1,0,北海道,札幌市,,0,37.9,0,81,0,0,0,91.8,0,0,0
1930-03,0.5,3.9,0,北海道,札幌市,,0,94.3,0,79,0,0,0,130.1,0,0,0
1930-04,5.7,4.4,0,北海道,札幌市,,0,22.1,0,69,0,0,0,221.8,0,0,0
1930-05,10.9,3.8,0,北海道,札幌市,,0,51.8,0,75,0,0,0,226.0,0,0,0
1930-06,15.0,2.9,0,北海道,札幌市,,0,54.4,0,82,0,0,0,186.3,0,0,0
1930-07,20.2,3.2,0,北海道,札幌市,,0,66.9,0,82,0,0,0,213.7,0,0,0
1930-08,22.2,2.9,0,北海道,札幌市,,0,284.0,0,83,0,0,0,160.7,0,0,0
1930-09,17.3,2.5,0,北海道,札幌市,,0,129.0,0,83,0,0,0,168.5,0,0,0
1930-10,10.8,2.5,0,北海道,札幌市,,0,122.9,0,83,0,0,0,180.6,0,0,0
1930-11,3.0,3.2,0,北海道,札幌市,,0,109.1,0,76,0,0,0,92.5,0,0,0
1930-12,-4.3,2.7,0,北海道,札幌市,,0,90.4,0,76,0,0,0,99.3,0,0,0
1931-01,-7.7,2.5,0,北海道,札幌市,,0,98.5,0,81,7.5,2.8,0,77.8,30,0,0
1931-02,-7.9,2.7,0,北海道,札幌市,,0,84.3,0,79,7.0,2.7,0,126.1,27,0,0
1931-03,-0.4,4.7,0,北海道,札幌市,,0,45.8,0,74,7.2,4.4,0,140.8,24,0,0
1931-04,4.3,4.9,0,北海道,札幌市,,0,109.8,0,72,7.7,5.9,0,140.3,15,0,2
1931-05,9.2,4.8,0,北海道,札幌市,,0,128.8,0,77,7.9,8.8,0,160.4,2,0,1
1931-06,13.4,4.1,0,北海道,札幌市,,0,127.5,0,84,7.7,12.8,0,148.4,0,0,3
1931-07,16.0,2.9,0,北海道,札幌市,,0,103.7,0,85,8.8,15.3,0,105.5,0,1,1
1931-08,21.3,2.5,0,北海道,札幌市,,0,132.0,0,85,7.2,21.5,0,184.1,0,2,7
1931-09,17.1,2.8,0,北海道,札幌市,,0,85.3,0,83,6.2,15.9,0,169.7,0,0,2
1931-10,10.4,2.5,0,北海道,札幌市,,0,72.5,0,80,5.6,10.3,0,192.2,1,3,0
1931-11,4.2,2.5,0,北海道,札幌市,,0,100.2,0,77,7.0,6.4,0,106.6,11,0,1
1931-12,-2.6,2.3,0,北海道,札幌市,,0,84.4,0,78,8.0,4.0,0,51.1,28,0,0
1932-01,-2.5,2.9,0,北海道,札幌市,,0,43.8,0,72,6.6,3.7,0,116.7,24,0,0
1932-02,-5.6,2.2,0,北海道,札幌市,,0,44.7,0,74,7.1,3.1,0,122.8,16,0,0
1932-03,-1.2,2.9,0,北海道,札幌市,,0,71.0,0,73,6.9,4.1,0,151.2,24,0,0
1932-04,5.4,5.1,0,北海道,札幌市,,0,113.3,0,69,6.8,6.1,0,177.6,8,0,0
1932-05,11.5,4.1,0,北海道,札幌市,,0,61.2,0,74,6.9,9.9,0,212.0,1,0,2
1932-06,15.9,4.1,0,北海道,札幌市,,0,34.1,0,77,6.5,13.9,0,242.5,0,1,3
1932-07,18.5,2.6,0,北海道,札幌市,,0,125.4,0,86,8.6,18.1,0,115.8,0,0,4
1932-08,19.8,2.8,0,北海道,札幌市,,0,291.7,0,87,7.9,19.9,0,160.2,0,5,0
1932-09,16.3,2.4,0,北海道,札幌市,,0,272.0,0,86,7.6,16.0,0,135.1,0,1,0
1932-10,11.3,2.4,0,北海道,札幌市,,0,55.9,0,77,4.9,10.3,0,198.5,0,3,2
1932-11,5.2,3.0,0,北海道,札幌市,,0,160.8,0,77,7.3,6.9,0,98.5,9,0,2
1932-12,-1.6,2.9,0,北海道,札幌市,,0,88.8,0,75,7.3,4.1,0,80.7,21,0,0
1933-01,-6.8,2.6,0,北海道,札幌市,,0,67.3,0,79,7.0,3.1,0,83.1,28,0,0
1933-02,-7.2,2.8,0,北海道,札幌市,,0,85.6,0,78,7.5,2.8,0,119.1,26,0,2
1933-03,-3.6,3.0,0,北海道,札幌市,,0,38.2,0,74,6.6,3.5,0,166.6,25,0,0
1933-04,4.3,4.3,0,北海道,札幌市,,0,42.4,0,67,6.0,5.5,0,222.3,7,0,1
1933-05,11.5,3.9,0,北海道,札幌市,,0,48.4,0,72,6.0,9.6,0,240.4,1,1,1
1933-06,15.2,3.6,0,北海道,札幌市,,0,55.8,0,78,6.6,13.3,0,217.1,0,0,4
1933-07,22.4,2.7,0,北海道,札幌市,,0,98.6,0,81,7.1,21.6,0,199.1,0,0,4
1933-08,22.8,2.9,0,北海道,札幌市,,0,138.6,0,84,7.5,22.9,0,191.9,0,0,0
1933-09,16.6,2.4,0,北海道,札幌市,,0,136.7,0,83,6.5,15.7,0,155.0,0,1,0
1933-10,9.2,2.2,0,北海道,札幌市,,0,139.5,0,82,6.4,9.5,0,144.2,0,0,4
1933-11,3.7,3.2,0,北海道,札幌市,,0,145.5,0,74,7.0,6.0,0,102.4,13,0,1
1933-12,-2.1,2.3,0,北海道,札幌市,,0,49.3,0,75,7.0,4.0,0,86.2,23,0,0
1934-01,-4.9,2.5,0,北海道,札幌市,,0,55.4,0,77,7.3,3.3,0,102.0,25,0,0
1934-02,-4.9,2.7,0,北海道,札幌市,,0,89.7,0,79,8.1,3.3,0,81.2,27,0,0
1934-03,-1.6,3.2,0,北海道,札幌市,,0,77.8,0,71,7.5,3.9,0,158.4,29,0,0
1934-04,4.9,4.3,0,北海道,札幌市,,0,39.9,0,64,6.3,5.5,0,217.9,10,0,1
1934-05,10.9,3.6,0,北海道,札幌市,,0,93.7,0,79,7.5,10.1,0,172.5,0,0,4
1934-06,16.7,2.6,0,北海道,札幌市,,0,55.1,0,83,8.3,15.6,0,146.3,0,2,5
1934-07,17.7,2.7,0,北海道,札幌市,,0,37.5,0,81,6.7,16.1,0,221.4,0,0,3
1934-08,19.6,2.4,0,北海道,札幌市,,0,83.1,0,82,7.4,18.4,0,183.3,0,1,2
1934-09,16.0,2.5,0,北海道,札幌市,,0,163.0,0,82,7.2,14.8,0,158.0,0,1,2
1934-10,9.3,2.5,0,北海道,札幌市,,0,108.5,0,76,6.2,8.9,0,169.9,1,1,0
1934-11,3.6,3.2,0,北海道,札幌市,,0,162.8,0,74,7.4,6.1,0,97.7,16,0,1
1934-12,-2.6,2.7,0,北海道,札幌市,,0,35.2,0,73,7.1,3.7,0,92.8,21,0,1
1935-01,-5.4,3.3,0,北海道,札幌市,,0,78.2,0,76,7.5,3.2,0,111.9,24,0,0
1935-02,-2.1,2.3,0,北海道,札幌市,,0,54.9,0,73,8.5,3.9,0,66.7,23,0,0
1935-03,-0.3,3.4,0,北海道,札幌市,,0,115.3,0,76,8.0,4.5,0,124.1,29,0,2
1935-04,5.5,4.3,0,北海道,札幌市,,0,90.3,0,72,7.1,6.5,0,192.4,5,0,1
1935-05,10.4,5.0,0,北海道,札幌市,,0,79.3,0,73,7.1,9.1,0,219.8,0,0,0
1935-06,14.9,3.4,0,北海道,札幌市,,0,102.3,0,83,8.3,14.0,0,151.4,0,0,3
1935-07,19.2,2.7,0,北海道,札幌市,,0,102.0,0,84,8.0,18.7,0,176.4,0,0,2
1935-08,19.3,2.2,0,北海道,札幌市,,0,171.3,0,84,8.0,18.7,0,157.6,0,0,1
1935-09,16.0,2.4,0,北海道,札幌市,,0,90.6,0,83,6.5,14.9,0,177.0,0,0,0
1935-10,12.1,2.3,0,北海道,札幌市,,0,225.2,0,84,7.2,11.7,0,129.2,0,1,0
1935-11,3.5,3.3,0,北海道,札幌市,,0,128.0,0,75,7.5,6.0,0,85.8,13,0,1
1935-12,-4.2,2.6,0,北海道,札幌市,,0,53.3,0,74,7.1,3.5,0,73.7,26,0,1
1936-01,-6.0,2.6,0,北海道,札幌市,,0,113.0,0,72,7.4,2.8,0,91.0,25,0,0
1936-02,-4.3,2.4,0,北海道,札幌市,,0,124.2,0,79,8.7,3.5,0,71.1,25,0,0
1936-03,-1.4,3.3,0,北海道,札幌市,,0,31.2,0,72,7.3,4.0,0,141.9,21,0,0
1936-04,4.5,4.6,0,北海道,札幌市,,0,70.9,0,73,7.0,6.0,0,159.6,7,0,0
1936-05,10.2,3.9,0,北海道,札幌市,,0,19.4,0,74,7.6,9.1,0,171.9,0,0,0
1936-06,16.2,3.1,0,北海道,札幌市,,0,44.4,0,79,7.7,14.3,0,185.2,0,0,3
1936-07,19.0,2.7,0,北海道,札幌市,,0,245.2,0,86,8.3,18.9,0,139.3,0,1,4
1936-08,20.5,2.4,0,北海道,札幌市,,0,75.9,0,84,7.6,20.0,0,171.6,0,0,1
1936-09,17.5,2.1,0,北海道,札幌市,,0,106.9,0,83,7.1,16.4,0,149.0,0,0,1
1936-10,10.4,2.8,0,北海道,札幌市,,0,227.3,0,79,5.4,10.0,0,167.5,2,3,1
1936-11,3.5,3.2,0,北海道,札幌市,,0,91.0,0,72,6.9,5.7,0,100.7,14,0,0
1936-12,-1.5,2.6,0,北海道,札幌市,,0,81.7,0,74,7.8,4.1,0,78.6,24,0,1
1937-01,-5.4,2.8,0,北海道,札幌市,,0,58.7,0,70,6.7,2.9,0,109.1,26,0,0
1937-02,-3.5,3.0,0,北海道,札幌市,,0,170.4,0,77,8.0,3.7,0,104.4,24,0,0
1937-03,-1.7,3.8,0,北海道,札幌市,,0,43.0,0,74,7.5,4.0,0,131.1,27,0,0
1937-04,5.1,4.0,0,北海道,札幌市,,0,49.8,0,69,5.7,6.0,0,209.1,10,0,0
1937-05,9.7,4.2,0,北海道,札幌市,,0,35.6,0,76,7.8,9.1,0,162.7,0,1,0
1937-06,14.7,3.1,0,北海道,札幌市,,0,24.5,0,78,5.9,13.1,0,243.8,0,0,7
1937-07,22.1,2.8,0,北海道,札幌市,,0,173.4,0,85,8.2,22.3,0,143.2,0,2,3
1937-08,21.7,2.3,0,北海道,札幌市,,0,60.5,0,82,7.3,21.2,0,199.5,0,1,3
1937-09,16.3,2.4,0,北海道,札幌市,,0,213.1,0,84,7.0,15.3,0,185.7,0,1,0
1937-10,9.9,2.3,0,北海道,札幌市,,0,79.0,0,82,5.8,10.0,0,158.3,0,0,0
1937-11,2.9,2.5,0,北海道,札幌市,,0,77.2,0,76,6.4,5.9,0,100.8,16,0,0
1937-12,-4.9,2.9,0,北海道,札幌市,,0,108.6,0,77,7.5,3.5,0,72.0,26,0,0
1938-01,-5.9,2.5,0,北海道,札幌市,,0,64.3,0,76,6.9,3.1,0,104.9,23,0,0
1938-02,-5.0,2.5,0,北海道,札幌市,,0,71.8,0,73,7.3,3.1,0,105.1,23,0,0
1938-03,0.0,2.8,0,北海道,札幌市,,0,36.9,0,72,6.5,4.5,0,163.6,16,0,1
1938-04,6.6,3.9,0,北海道,札幌市,,0,35.9,0,68,7.0,6.5,0,166.0,5,1,2
1938-05,12.4,3.2,0,北海道,札幌市,,0,77.2,0,76,7.4,10.8,0,193.2,0,0,0
1938-06,15.3,3.1,0,北海道,札幌市,,0,54.1,0,78,5.9,13.2,0,231.2,0,0,3
1938-07,19.9,3.1,0,北海道,札幌市,,0,61.0,0,82,6.8,19.1,0,229.1,0,0,2
1938-08,23.5,3.9,0,北海道,札幌市,,0,13.2,0,80,5.7,22.8,0,250.2,0,0,0
1938-09,16.8,2.2,0,北海道,札幌市,,0,255.6,0,86,7.1,16.5,0,156.2,0,5,2
1938-10,9.4,2.1,0,北海道,札幌市,,0,79.5,0,79,5.5,9.5,0,176.9,1,0,1
1938-11,3.0,1.8,0,北海道,札幌市,,0,177.9,0,81,7.4,6.3,0,79.8,15,2,0
1938-12,-4.4,2.2,0,北海道,札幌市,,0,181.0,0,76,7.3,3.5,0,99.3,28,0,0
1939-01,-7.8,2.5,0,北海道,札幌市,,0,159.4,0,79,7.9,2.8,0,81.4,30,0,0
1939-02,-5.9,3.2,0,北海道,札幌市,,0,86.9,0,76,7.9,3.1,0,103.9,24,0,0
1939-03,-1.2,2.8,0,北海道,札幌市,,0,99.2,0,76,7.3,4.3,0,143.9,23,0,2
1939-04,4.8,3.5,0,北海道,札幌市,,0,37.8,0,73,5.9,6.4,0,199.4,8,0,0
1939-05,10.4,3.4,0,北海道,札幌市,,0,55.1,0,78,6.9,9.6,0,199.9,0,0,4
1939-06,16.1,3.8,0,北海道,札幌市,,0,92.1,0,78,8.1,14.0,0,184.7,0,1,2
1939-07,21.1,2.4,0,北海道,札幌市,,0,158.6,0,84,7.1,20.8,0,211.1,0,0,5
1939-08,22.1,3.0,0,北海道,札幌市,,0,138.4,0,83,6.3,21.9,0,227.0,0,3,5
1939-09,18.7,2.1,0,北海道,札幌市,,0,182.2,0,85,7.8,18.1,0,164.3,0,4,0
1939-10,10.3,1.8,0,北海道,札幌市,,0,57.0,0,79,6.6,10.0,0,157.2,2,0,3
1939-11,3.9,2.0,0,北海道,札幌市,,0,38.1,0,75,7.0,6.3,0,123.8,13,0,1
1939-12,-2.4,2.2,0,北海道,札幌市,,0,69.0,0,73,7.6,3.7,0,89.0,26,0,0
1940-01,-7.3,1.9,0,北海道,札幌市,,0,93.0,0,76,7.1,2.8,0,131.5,26,0,0
1940-02,-4.6,2.4,0,北海道,札幌市,,0,123.3,0,76,8.5,3.2,0,102.1,28,0,0
1940-03,0.1,3.3,0,北海道,札幌市,,0,39.7,0,72,7.0,4.4,0,186.0,21,0,0
1940-04,4.8,3.4,0,北海道,札幌市,,0,87.7,0,71,7.2,6.0,0,196.1,10,0,0
1940-05,11.5,3.0,0,北海道,札幌市,,0,19.2,0,69,7.0,9.1,0,200.4,0,1,1
1940-06,14.5,1.9,0,北海道,札幌市,,0,89.7,0,84,8.3,13.7,0,130.8,0,1,10
1940-07,20.1,2.6,0,北海道,札幌市,,0,105.4,0,83,7.8,19.9,0,150.6,0,0,4
1940-08,21.0,3.3,0,北海道,札幌市,,0,97.2,0,82,6.8,19.9,0,227.0,0,0,0
1940-09,15.2,2.3,0,北海道,札幌市,,0,58.7,0,80,6.7,13.5,0,161.4,0,0,1
1940-10,11.0,2.6,0,北海道,札幌市,,0,112.0,0,76,5.7,9.7,0,192.7,0,1,0
1940-11,5.2,2.8,0,北海道,札幌市,,0,68.3,0,73,7.3,6.7,0,113.4,11,0,1
1940-12,-0.9,2.5,0,北海道,札幌市,,0,46.6,0,72,7.3,4.3,0,113.1,23,0,0
1941-01,-5.4,2.4,0,北海道,札幌市,,0,121.4,0,79,8.3,3.3,0,99.1,29,1,1
1941-02,-5.0,3.2,0,北海道,札幌市,,0,98.9,0,76,7.7,3.3,0,137.8,26,0,0
1941-03,-1.3,3.5,0,北海道,札幌市,,0,59.6,0,72,7.9,4.0,0,165.9,26,0,1
1941-04,4.7,3.9,0,北海道,札幌市,,0,38.0,0,69,7.2,5.7,0,203.7,15,0,0
1941-05,10.6,3.8,0,北海道,札幌市,,0,81.5,0,70,6.8,8.7,0,224.9,1,1,2
1941-06,14.9,3.4,0,北海道,札幌市,,0,98.0,0,79,6.5,13.1,0,231.6,0,1,6
1941-07,17.5,2.9,0,北海道,札幌市,,0,138.5,0,84,8.3,16.4,0,137.3,0,0,5
1941-08,19.6,2.5,0,北海道,札幌市,,0,53.3,0,85,8.2,19.1,0,115.2,0,0,6
1941-09,16.6,2.5,0,北海道,札幌市,,0,217.8,0,81,6.9,14.9,0,153.1,0,3,3
1941-10,10.6,2.4,0,北海道,札幌市,,0,183.5,0,78,7.2,9.7,0,143.1,3,2,1
1941-11,3.9,2.6,0,北海道,札幌市,,0,69.3,0,73,5.9,5.9,0,141.3,6,0,2
1941-12,-1.6,2.7,0,北海道,札幌市,,0,90.1,0,72,7.5,4.0,0,106.6,25,0,0
1942-01,-7.1,2.0,0,北海道,札幌市,,0,72.4,0,73,7.5,2.7,0,130.8,27,0,0
1942-02,-7.0,2.8,0,北海道,札幌市,,0,26.4,0,69,7.3,2.5,0,137.0,26,0,0
1942-03,0.1,3.7,0,北海道,札幌市,,0,90.0,0,73,7.8,4.7,0,158.9,16,0,0
1942-04,6.2,4.1,0,北海道,札幌市,,0,60.7,0,67,7.0,6.0,0,198.3,11,0,0
1942-05,10.6,4.1,0,北海道,札幌市,,0,53.3,0,71,7.8,8.8,0,221.7,0,1,1
1942-06,15.8,3.1,0,北海道,札幌市,,0,118.5,0,81,7.3,14.0,0,211.9,0,3,6
1942-07,20.4,2.6,0,北海道,札幌市,,0,85.0,0,84,8.3,19.9,0,206.6,0,0,4
1942-08,20.0,2.1,0,北海道,札幌市,,0,112.2,0,85,7.4,19.3,0,175.4,0,0,1
1942-09,16.3,2.1,0,北海道,札幌市,,0,125.9,0,82,6.7,14.8,0,175.3,0,0,3
1942-10,10.3,2.6,0,北海道,札幌市,,0,91.2,0,81,6.0,9.9,0,185.2,2,2,2
1942-11,3.3,2.9,0,北海道,札幌市,,0,164.0,0,74,7.9,5.9,0,109.7,19,1,6
1942-12,-3.5,1.9,0,北海道,札幌市,,0,95.4,0,79,7.7,3.7,0,99.5,29,0,3
1943-01,-5.6,2.4,0,北海道,札幌市,,0,75.8,0,74,7.3,3.1,0,116.4,27,0,0
1943-02,-4.8,2.7,0,北海道,札幌市,,0,79.3,0,73,8.1,3.2,0,130.5,28,0,0
1943-03,-1.0,2.8,0,北海道,札幌市,,0,63.3,0,74,7.0,4.1,0,189.2,22,0,0
1943-04,5.1,3.3,0,北海道,札幌市,,0,50.1,0,71,5.7,6.0,0,223.3,9,0,1
1943-05,10.6,3.1,0,北海道,札幌市,,0,41.9,0,77,7.0,9.6,0,185.0,0,0,3
1943-06,16.7,3.3,0,北海道,札幌市,,0,34.4,0,74,6.2,13.6,0,283.4,0,0,3
1943-07,22.3,2.9,0,北海道,札幌市,,0,88.9,0,82,7.1,21.7,0,228.2,0,2,3
1943-08,23.6,2.4,0,北海道,札幌市,,0,64.7,0,84,7.1,23.9,0,210.5,0,0,2
1943-09,17.9,2.8,0,北海道,札幌市,,0,132.3,0,84,8.0,16.9,0,143.5,0,2,5
1943-10,10.7,2.0,0,北海道,札幌市,,0,102.4,0,80,6.8,10.0,0,157.1,0,3,1
1943-11,2.5,2.6,0,北海道,札幌市,,0,124.2,0,76,7.5,5.6,0,113.4,22,1,0
1943-12,-2.7,2.8,0,北海道,札幌市,,0,119.3,0,76,7.6,3.9,0,97.7,27,0,0
1944-01,-6.4,2.8,0,北海道,札幌市,,0,182.6,0,75,8.2,2.9,0,101.6,29,0,0
1944-02,-6.3,2.6,0,北海道,札幌市,,0,85.3,0,78,8.3,2.9,0,123.9,27,0,0
1944-03,-1.2,3.0,0,北海道,札幌市,,0,43.1,0,73,7.4,4.1,0,157.8,22,0,0
1944-04,3.8,2.9,0,北海道,札幌市,,0,48.1,0,73,6.7,5.7,0,212.7,11,0,0
1944-05,11.7,3.3,0,北海道,札幌市,,0,25.2,0,68,6.4,8.9,0,233.1,0,1,3
1944-06,16.3,2.6,0,北海道,札幌市,,0,71.6,0,82,7.5,15.1,0,178.5,0,1,6
1944-07,21.2,2.3,0,北海道,札幌市,,0,119.6,0,82,6.7,20.3,0,222.1,0,3,12
1944-08,22.7,2.9,0,北海道,札幌市,,0,44.8,0,80,6.2,21.2,0,226.4,0,1,2
1944-09,17.7,2.9,0,北海道,札幌市,,0,134.3,0,81,7.1,16.1,0,164.1,0,0,2
1944-10,10.5,2.4,0,北海道,札幌市,,0,95.4,0,76,6.3,9.3,0,185.0,0,2,5
1944-11,2.8,2.7,0,北海道,札幌市,,0,102.1,0,76,7.5,5.7,0,128.2,16,0,2
1944-12,-6.1,2.1,0,北海道,札幌市,,0,60.7,0,76,7.2,2.9,0,108.5,29,0,0
1945-01,-8.8,2.1,0,北海道,札幌市,,0,119.7,0,81,7.1,2.7,0,104.0,28,0,0
1945-02,-6.5,3.0,0,北海道,札幌市,,0,86.2,0,80,8.2,3.1,0,106.5,26,0,0
1945-03,-1.3,3.5,0,北海道,札幌市,,0,74.9,0,80,8.1,4.4,0,149.5,23,0,0
1945-04,5.8,3.6,0,北海道,札幌市,,0,52.1,0,71,7.3,6.4,0,194.3,4,0,3
1945-05,9.0,3.5,0,北海道,札幌市,,0,65.9,0,80,7.8,9.1,0,149.2,0,0,4
1945-06,13.9,4.0,0,北海道,札幌市,,0,54.9,0,79,7.8,12.3,0,192.2,0,0,4
1945-07,16.7,3.2,0,北海道,札幌市,,0,98.1,0,81,7.9,15.1,0,161.1,0,0,9
1945-08,22.1,2.6,0,北海道,札幌市,,0,106.6,0,81,7.5,20.9,0,177.0,0,0,5
1945-09,16.1,2.0,0,北海道,札幌市,,0,99.3,0,81,6.6,14.0,0,193.0,0,0,1
1945-10,10.8,2.4,0,北海道,札幌市,,0,112.4,0,80,7.3,10.4,0,122.1,1,0,2
1945-11,4.2,2.6,0,北海道,札幌市,,0,155.4,0,77,7.7,6.3,0,80.4,9,0,0
1945-12,-4.1,2.6,0,北海道,札幌市,,0,150.1,0,78,7.6,3.6,0,73.0,31,0,0
1946-01,-5.3,2.8,0,北海道,札幌市,,0,222.4,0,79,8.0,3.3,0,62.8,28,0,0
1946-02,-5.2,2.7,0,北海道,札幌市,,0,90.7,0,75,7.1,3.2,0,117.9,24,0,0
1946-03,-2.8,3.8,0,北海道,札幌市,,0,74.9,0,79,7.5,4.0,0,149.2,25,0,0
1946-04,6.1,3.6,0,北海道,札幌市,,0,32.2,0,68,5.9,6.3,0,216.9,5,0,0
1946-05,10.1,3.8,0,北海道,札幌市,,0,41.7,0,73,7.4,8.8,0,168.7,0,0,1
1946-06,18.1,2.8,0,北海道,札幌市,,0,64.0,0,77,7.5,15.6,0,210.0,0,1,4
1946-07,21.4,3.0,0,北海道,札幌市,,0,87.5,0,80,7.6,19.9,0,220.2,0,0,0
1946-08,24.2,2.6,0,北海道,札幌市,,0,21.5,0,81,5.9,23.2,0,284.2,0,0,4
1946-09,17.2,2.8,0,北海道,札幌市,,0,100.0,0,76,6.0,13.9,0,231.6,0,4,1
1946-10,11.7,2.3,0,北海道,札幌市,,0,179.7,0,80,6.6,10.7,0,160.1,1,1,1
1946-11,5.2,2.4,0,北海道,札幌市,,0,107.0,0,75,6.7,6.7,0,138.9,12,1,0
1946-12,-2.8,2.1,0,北海道,札幌市,,0,174.8,0,76,7.6,3.9,0,123.2,26,0,0
1947-01,-4.4,2.3,0,北海道,札幌市,,0,73.3,0,75,7.3,3.5,0,118.3,27,0,0
1947-02,-5.2,1.8,0,北海道,札幌市,,0,35.7,0,75,8.2,3.1,0,118.6,26,0,0
1947-03,-1.4,2.8,0,北海道,札幌市,,0,87.7,0,73,7.3,4.0,0,158.3,26,0,0
1947-04,5.9,3.4,0,北海道,札幌市,,0,128.3,0,73,7.5,6.5,0,142.0,10,1,0
1947-05,11.3,3.1,0,北海道,札幌市,,0,56.6,0,72,5.8,9.2,0,249.7,1,0,1
1947-06,14.5,3.6,0,北海道,札幌市,,0,26.6,0,75,7.3,12.1,0,233.4,0,0,1
1947-07,20.4,2.5,0,北海道,札幌市,,0,57.9,0,82,8.0,19.3,0,209.8,0,0,6
1947-08,21.1,2.4,0,北海道,札幌市,,0,92.8,0,84,8.3,20.5,0,172.2,0,1,2
1947-09,15.9,2.4,0,北海道,札幌市,,0,224.2,0,82,7.3,14.1,0,159.7,0,3,0
1947-10,9.6,1.9,0,北海道,札幌市,,0,106.8,0,81,6.2,9.2,0,156.9,1,0,1
1947-11,2.4,2.5,0,北海道,札幌市,,0,140.3,0,74,7.9,5.5,0,119.6,23,1,0
1947-12,-4.4,2.4,0,北海道,札幌市,,0,146.5,0,76,7.7,3.5,0,104.0,30,0,0
1948-01,-2.4,2.7,0,北海道,札幌市,,0,122.7,0,76,7.6,4.0,0,99.0,25,0,0
1948-02,-4.1,2.1,0,北海道,札幌市,,0,95.4,0,75,7.8,3.5,0,98.7,26,0,0
1948-03,-0.4,2.6,0,北海道,札幌市,,0,54.0,0,77,6.3,4.4,0,177.5,20,0,0
1948-04,8.0,3.4,0,北海道,札幌市,,0,48.4,0,70,6.5,7.2,0,200.1,1,0,0
1948-05,13.5,4.2,0,北海道,札幌市,,0,86.5,0,66,5.9,9.6,0,253.0,0,1,0
1948-06,16.4,3.3,0,北海道,札幌市,,0,43.8,0,77,7.4,14.1,0,229.5,0,1,3
1948-07,21.8,2.3,0,北海道,札幌市,,0,51.0,0,81,8.6,20.8,0,161.1,0,1,3
1948-08,23.7,2.0,0,北海道,札幌市,,0,77.9,0,77,5.7,22.1,0,273.5,0,2,2
1948-09,17.1,1.4,0,北海道,札幌市,,0,84.7,0,79,7.5,15.1,0,162.1,0,2,1
1948-10,10.5,1.8,0,北海道,札幌市,,0,68.6,0,74,6.5,9.2,0,157.7,0,0,1
1948-11,3.5,1.7,0,北海道,札幌市,,0,49.2,0,74,6.4,5.9,0,127.2,13,0,1
1948-12,-0.2,2.2,0,北海道,札幌市,,0,108.4,0,76,7.3,4.7,0,100.5,18,0,3
1949-01,-1.9,2.8,0,北海道,札幌市,,0,127.1,0,73,7.6,3.9,0,103.7,28,0,0
1949-02,-1.4,3.3,0,北海道,札幌市,,0,85.7,0,76,8.0,4.3,0,91.9,20,0,0
1949-03,-2.1,3.4,0,北海道,札幌市,,0,106.4,0,76,7.8,3.9,0,148.0,28,0,0
1949-04,4.2,4.8,0,北海道,札幌市,,0,86.5,0,75,7.8,6.0,0,160.4,9,0,2
1949-05,13.1,4.7,0,北海道,札幌市,,0,48.5,0,70,7.3,10.1,0,216.6,0,0,4
1949-06,15.2,3.5,0,北海道,札幌市,,0,31.4,0,74,6.9,12.4,0,218.2,0,0,2
1949-07,20.4,2.9,0,北海道,札幌市,,0,28.0,0,78,7.5,18.1,0,195.0,0,0,3
1949-08,23.5,3.2,0,北海道,札幌市,,0,42.1,0,81,6.9,22.5,0,219.1,0,0,5
1949-09,17.7,3.0,0,北海道,札幌市,,0,127.3,0,79,6.7,15.3,0,178.1,0,2,1
1949-10,10.7,2.7,0,北海道,札幌市,,0,126.1,0,77,6.2,9.6,0,172.5,1,1,5
1949-11,2.8,3.0,0,北海道,札幌市,,0,91.8,0,72,6.7,5.5,0,102.7,16,0,6
1949-12,-3.6,3.0,0,北海道,札幌市,,0,122.2,0,77,6.5,3.7,0,91.0,24,1,6
1950-01,-4.8,3.7,0,北海道,札幌市,,0,115.4,0,75,7.9,3.4,1008.2,62.1,26,0,0
1950-02,-3.1,2.9,0,北海道,札幌市,,0,63.5,0,71,8.2,3.5,1011.3,98.8,26,0,0
1950-03,-0.4,4.1,0,北海道,札幌市,,0,78.3,0,73,6.8,4.4,1010.3,169.0,23,0,1
1950-04,6.8,4.3,0,北海道,札幌市,,0,34.4,0,68,5.1,6.7,1015.3,250.4,6,0,2
1950-05,12.5,4.5,0,北海道,札幌市,,0,61.2,0,70,6.0,9.9,1009.3,240.2,0,0,3
1950-06,16.4,3.7,0,北海道,札幌市,,0,38.3,0,79,7.7,14.6,1007.3,187.7,0,0,9
1950-07,22.8,3.1,0,北海道,札幌市,,0,136.8,0,79,6.2,21.8,1006.2,232.4,0,1,5
1950-08,24.0,3.0,0,北海道,札幌市,,0,212.6,0,80,5.9,24.0,1006.0,246.5,0,2,4
1950-09,17.1,3.0,0,北海道,札幌市,,0,149.0,0,80,7.4,15.9,1010.2,140.9,0,0,1
1950-10,8.3,2.1,0,北海道,札幌市,,0,54.9,0,73,6.0,8.0,1015.2,148.0,4,0,1
1950-11,3.7,3.2,0,北海道,札幌市,,0,205.1,0,78,7.4,6.4,1014.6,100.5,14,0,1
1950-12,-2.9,2.7,0,北海道,札幌市,,0,155.6,0,78,7.1,4.0,1009.7,67.0,27,0,0
1951-01,-6.3,2.7,0,北海道,札幌市,,0,111.1,0,75,7.0,3.0,1012.8,101.1,29,0,0
1951-02,-5.0,3.0,0,北海道,札幌市,,0,105.7,0,81,7.8,3.5,1013.3,83.6,28,0,0
1951-03,-1.2,3.5,0,北海道,札幌市,,0,76.5,0,75,7.1,4.3,1011.0,152.8,24,0,0
1951-04,5.8,4.2,0,北海道,札幌市,,0,68.1,0,73,6.7,6.6,1011.0,156.2,6,0,3
1951-05,12.2,3.9,0,北海道,札幌市,,0,28.8,0,65,6.3,9.1,1006.8,209.6,1,0,2
1951-06,15.9,3.7,0,北海道,札幌市,,0,99.7,0,77,7.0,13.7,1004.8,170.5,0,4,2
1951-07,19.7,3.6,0,北海道,札幌市,,0,62.1,0,79,6.3,18.4,1007.5,226.1,0,0,3
1951-08,24.0,3.3,0,北海道,札幌市,,0,61.3,0,77,5.3,22.8,1006.9,237.2,0,0,2
1951-09,15.6,3.2,0,北海道,札幌市,,0,185.5,0,74,5.6,13.0,1009.2,191.2,0,3,1
1951-10,9.7,2.4,0,北海道,札幌市,,0,64.6,0,74,5.7,8.9,1013.5,171.7,1,0,2
1951-11,4.0,2.9,0,北海道,札幌市,,0,174.9,0,76,7.2,6.3,1012.9,96.6,11,0,0
1951-12,-0.5,2.7,0,北海道,札幌市,,0,73.8,0,77,6.6,4.6,1011.7,102.0,20,0,0
1952-01,-4.8,2.8,0,北海道,札幌市,,0,98.0,0,73,6.5,3.2,1010.8,105.9,30,0,0
1952-02,-6.9,3.2,0,北海道,札幌市,,0,32.7,0,68,5.6,2.5,1013.1,154.9,23,0,0
1952-03,-1.4,3.5,0,北海道,札幌市,,0,46.2,0,72,6.2,4.1,1012.4,177.9,19,0,0
1952-04,6.1,4.3,0,北海道,札幌市,,0,52.1,0,73,6.5,6.9,1011.5,189.4,3,0,1
1952-05,11.4,4.2,0,北海道,札幌市,,0,59.9,0,67,6.4,8.8,1008.7,242.7,0,2,2
1952-06,16.4,3.4,0,北海道,札幌市,,0,103.9,0,78,6.4,14.6,1005.4,227.2,0,2,1
1952-07,20.4,2.8,0,北海道,札幌市,,0,140.3,0,84,7.7,19.9,1006.1,177.7,0,0,2
1952-08,21.3,2.2,0,北海道,札幌市,,0,55.0,0,84,8.0,21.2,1007.8,162.7,0,0,1
1952-09,16.4,2.8,0,北海道,札幌市,,0,79.4,0,79,6.3,14.6,1009.5,172.2,0,0,0
1952-10,10.5,3.0,0,北海道,札幌市,,0,117.4,0,77,5.5,10.0,1013.9,164.6,2,0,1
1952-11,1.5,2.8,0,北海道,札幌市,,0,80.8,0,74,6.3,5.2,1017.1,114.0,19,0,0
1952-12,-6.0,2.8,0,北海道,札幌市,,0,97.3,0,74,6.3,3.0,1015.0,93.7,27,0,0
1953-01,-6.6,2.3,0,北海道,札幌市,,0,107.2,190,76,7.9,3.0,1010.1,68.1,29,0,0
1953-02,-6.1,2.9,0,北海道,札幌市,,0,70.7,125,70,6.0,2.9,1015.1,132.8,25,0,0
1953-03,0.1,3.3,0,北海道,札幌市,,0,72.7,37,72,6.9,4.6,1011.1,142.5,19,0,0
1953-04,5.5,3.8,0,北海道,札幌市,,0,56.0,3,70,5.8,6.3,1010.8,190.9,8,0,0
1953-05,11.3,4.1,0,北海道,札幌市,,0,70.8,0,73,6.3,9.6,1010.9,200.5,1,0,3
1953-06,15.5,3.8,0,北海道,札幌市,,0,74.2,0,76,5.8,13.3,1006.9,232.4,0,0,1
1953-07,20.1,3.7,0,北海道,札幌市,,0,154.3,0,82,7.3,19.6,1006.6,169.4,0,3,1
1953-08,20.2,3.1,0,北海道,札幌市,,0,124.0,0,77,5.5,18.4,1007.4,223.5,0,2,0
1953-09,16.8,3.1,0,北海道,札幌市,,0,154.7,0,74,4.9,14.1,1011.2,211.8,0,0,0
1953-10,10.3,2.5,0,北海道,札幌市,,0,112.2,0,75,4.6,9.5,1014.5,188.8,0,3,1
1953-11,0.3,2.9,0,北海道,札幌市,,0,213.9,140,76,6.7,4.9,1013.1,97.7,23,0,1
1953-12,-1.8,2.9,0,北海道,札幌市,,0,129.9,100,73,7.2,4.1,1016.4,89.2,26,0,1
1954-01,-5.4,2.7,0,北海道,札幌市,,0,178.1,234,77,7.2,3.3,1012.7,89.1,26,0,0
1954-02,-3.1,3.0,0,北海道,札幌市,,0,83.1,55,74,7.0,3.8,1012.4,101.1,22,0,0
1954-03,-1.3,3.1,0,北海道,札幌市,,0,25.8,20,68,5.8,3.9,1014.1,163.8,24,0,0
1954-04,6.8,3.8,0,北海道,札幌市,,0,42.9,7,65,6.1,6.5,1011.1,212.7,5,0,1
1954-05,10.6,4.4,0,北海道,札幌市,,0,58.2,0,70,6.7,8.8,1006.8,197.0,0,0,2
1954-06,13.8,4.1,0,北海道,札幌市,,0,44.3,0,73,6.1,11.4,1010.6,210.9,0,0,0
1954-07,17.7,3.2,0,北海道,札幌市,,0,58.4,0,78,6.8,15.8,1008.5,218.5,0,1,5
1954-08,20.6,2.7,0,北海道,札幌市,,0,143.3,0,85,8.4,20.7,1008.2,133.1,0,1,3
1954-09,18.0,3.2,0,北海道,札幌市,,0,136.0,0,78,6.6,16.5,1009.7,157.9,0,0,0
1954-10,9.4,3.2,0,北海道,札幌市,,0,94.9,0,71,5.4,8.6,1015.9,177.9,0,1,1
1954-11,3.7,2.9,0,北海道,札幌市,,0,52.7,30,67,5.3,5.5,1015.7,143.0,11,1,0
1954-12,-0.7,3.3,0,北海道,札幌市,,0,137.8,122,72,7.8,4.4,1013.9,67.7,22,0,0
1955-01,-5.8,2.6,0,北海道,札幌市,,0,188.7,244,78,7.2,3.2,1011.2,82.1,29,0,0
1955-02,-3.7,3.5,0,北海道,札幌市,,0,122.3,133,73,6.9,3.5,1006.8,118.2,23,0,0
1955-03,-0.8,3.9,0,北海道,札幌市,,0,103.3,67,71,6.9,4.3,1015.2,164.4,24,0,1
1955-04,6.0,3.8,0,北海道,札幌市,,0,68.2,2,63,5.8,5.9,1010.6,203.8,5,1,0
1955-05,10.2,4.7,0,北海道,札幌市,,0,109.9,0,75,7.1,9.4,1009.6,193.1,0,0,2
1955-06,16.3,3.2,0,北海道,札幌市,,0,67.1,0,77,7.1,14.1,1005.1,213.2,0,3,4
1955-07,23.7,2.7,0,北海道,札幌市,,0,40.8,0,76,5.6,22.1,1004.9,272.2,0,1,1
1955-08,22.3,3.6,0,北海道,札幌市,,0,190.1,0,80,6.3,21.8,1007.4,208.4,0,5,1
1955-09,16.2,3.3,0,北海道,札幌市,,0,80.7,0,77,6.3,14.4,1011.2,173.1,0,0,1
1955-10,10.8,2.9,0,北海道,札幌市,,0,209.9,0,78,7.1,10.5,1012.4,120.4,1,2,2
1955-11,3.8,2.7,0,北海道,札幌市,,0,111.2,41,71,6.8,5.8,1014.4,105.7,12,0,0
1955-12,-0.1,2.6,0,北海道,札幌市,,0,59.9,53,70,6.7,4.4,1008.2,104.6,20,0,0
1956-01,-5.2,2.5,0,北海道,札幌市,,0,94.6,95,72,6.7,3.1,1006.9,114.0,29,0,0
1956-02,-4.6,2.4,0,北海道,札幌市,,0,40.3,53,69,5.7,3.1,1007.6,130.6,26,0,0
1956-03,0.0,3.2,0,北海道,札幌市,,0,100.7,108,72,7.6,4.6,1014.0,138.8,21,0,0
1956-04,6.3,4.0,0,北海道,札幌市,,0,93.6,6,58,5.3,5.5,1007.9,241.6,10,0,0
1956-05,14.0,4.6,0,北海道,札幌市,,0,19.0,0,57,5.6,8.8,1006.9,291.3,0,0,2
1956-06,14.9,3.5,0,北海道,札幌市,,0,133.7,0,81,7.6,13.6,1006.8,169.7,0,0,8
1956-07,18.2,4.4,0,北海道,札幌市,,0,70.5,0,81,8.6,17.2,1007.5,136.9,0,1,8
1956-08,19.1,2.8,0,北海道,札幌市,,0,226.2,0,82,7.3,18.4,1006.6,196.7,0,2,2
1956-09,17.5,2.8,0,北海道,札幌市,,0,30.5,0,75,4.5,15.6,1011.6,218.1,0,2,1
1956-10,11.9,3.6,0,北海道,札幌市,,0,114.9,0,74,6.3,10.5,1016.3,159.4,1,0,0
1956-11,3.5,2.9,0,北海道,札幌市,,0,58.2,41,72,6.4,6.0,1015.0,112.0,17,1,1
1956-12,-3.8,2.4,0,北海道,札幌市,,0,157.7,214,77,6.9,3.6,1010.6,85.7,28,0,0
1957-01,-4.2,3.0,0,北海道,札幌市,,0,96.2,137,76,7.0,3.5,1012.1,101.1,27,0,0
1957-02,-5.1,2.8,0,北海道,札幌市,,0,74.5,100,73,7.0,3.2,1013.7,125.8,26,0,0
1957-03,-1.9,3.5,0,北海道,札幌市,,0,69.1,51,72,7.6,3.8,1008.4,167.8,28,0,0
1957-04,6.5,4.1,0,北海道,札幌市,,0,50.6,42,64,5.9,6.3,1009.5,235.2,6,0,0
1957-05,12.1,4.3,0,北海道,札幌市,,0,105.4,0,68,5.6,9.6,1008.5,299.4,0,1,0
1957-06,14.1,4.0,0,北海道,札幌市,,0,56.6,0,78,6.8,12.4,1007.0,218.6,0,2,2
1957-07,19.7,4.1,0,北海道,札幌市,,0,51.2,0,81,7.2,18.4,1005.7,227.3,0,1,6
1957-08,21.6,3.4,0,北海道,札幌市,,0,122.8,0,82,8.6,21.2,1007.4,142.3,0,1,5
1957-09,15.7,3.0,0,北海道,札幌市,,0,307.7,0,78,6.8,14.2,1009.8,184.7,0,1,2
1957-10,10.8,2.7,0,北海道,札幌市,,0,134.4,0,74,6.0,10.1,1011.3,179.0,2,0,1
1957-11,5.3,3.3,0,北海道,札幌市,,0,26.8,7,68,5.6,6.3,1015.3,149.5,8,0,1
1957-12,-0.1,3.2,0,北海道,札幌市,,0,146.1,103,75,7.5,4.7,1011.8,110.9,25,1,0
1958-01,-3.8,3.6,0,北海道,札幌市,,0,190.0,169,76,7.7,3.6,1010.2,86.5,29,4,0
1958-02,-2.4,3.4,0,北海道,札幌市,,0,145.0,175,77,8.2,4.0,1012.8,108.7,28,0,0
1958-03,-0.5,4.0,0,北海道,札幌市,,0,75.1,78,67,7.0,4.0,1008.3,200.6,25,0,0
1958-04,5.8,4.4,0,北海道,札幌市,,0,31.4,4,62,6.3,5.9,1010.6,214.0,9,0,0
1958-05,11.4,4.1,0,北海道,札幌市,,0,30.1,0,69,6.9,9.2,1008.1,237.7,0,0,2
1958-06,15.9,3.8,0,北海道,札幌市,,0,60.1,0,76,7.1,13.7,1006.8,238.0,0,1,4
1958-07,20.1,3.3,0,北海道,札幌市,,0,164.4,0,80,6.7,18.7,1005.6,237.8,0,0,6
1958-08,20.8,2.7,0,北海道,札幌市,,0,112.0,0,80,7.3,19.7,1008.6,201.6,0,1,4
1958-09,16.9,2.5,0,北海道,札幌市,,0,122.6,0,77,6.9,15.0,1010.2,192.0,0,0,1
1958-10,10.4,2.7,0,北海道,札幌市,,0,109.5,0,74,6.0,9.5,1016.9,162.3,0,0,1
1958-11,4.2,2.5,0,北海道,札幌市,,0,65.6,19,69,5.9,5.8,1017.3,129.4,9,0,1
1958-12,0.0,3.2,0,北海道,札幌市,,0,110.3,66,75,7.8,4.6,1012.9,89.8,28,1,0
1959-01,-5.4,3.1,0,北海道,札幌市,,0,98.6,134,71,7.1,3.0,1009.3,108.0,30,0,0
1959-02,-1.9,3.2,0,北海道,札幌市,,0,62.9,71,71,7.3,3.9,1016.9,115.0,23,1,0
1959-03,1.6,3.5,0,北海道,札幌市,,0,49.0,32,74,6.9,5.2,1015.8,139.1,14,0,1
1959-04,8.4,5.2,0,北海道,札幌市,,0,140.7,5,65,6.1,7.2,1008.2,214.2,6,0,0
1959-05,12.9,4.3,0,北海道,札幌市,,0,49.6,0,67,5.5,9.7,1007.9,243.5,0,0,1
1959-06,15.7,4.0,0,北海道,札幌市,,0,46.3,0,76,7.5,13.5,1007.3,205.8,0,3,3
1959-07,20.1,3.5,0,北海道,札幌市,,0,58.9,0,80,8.0,18.8,1004.4,146.9,0,0,3
1959-08,21.3,3.5,0,北海道,札幌市,,0,87.8,0,77,7.4,19.5,1006.4,222.2,0,1,1
1959-09,17.2,3.3,0,北海道,札幌市,,0,166.4,0,78,5.9,15.5,1009.3,169.4,0,1,0
1959-10,11.3,3.0,0,北海道,札幌市,,0,70.2,0,73,5.1,10.0,1014.2,195.0,0,0,0
1959-11,3.4,2.9,0,北海道,札幌市,,0,112.5,46,74,7.2,6.1,1016.2,102.9,19,0,1
1959-12,-2.4,2.5,0,北海道,札幌市,,0,119.1,142,74,7.7,4.1,1013.8,87.2,27,0,0
1960-01,-6.2,2.8,0,北海道,札幌市,,0,111.3,167,74,7.0,3.0,1009.6,95.6,30,0,0
1960-02,-3.2,3.0,0,北海道,札幌市,,0,62.3,80,72,7.2,3.6,1010.4,128.7,26,0,0
1960-03,-0.4,4.0,0,北海道,札幌市,,0,66.2,40,71,7.4,4.4,1011.9,158.7,23,0,1
1960-04,5.2,4.7,0,北海道,札幌市,,0,121.9,29,70,6.4,6.2,1010.3,216.2,9,1,0
1960-05,11.0,5.0,0,北海道,札幌市,,0,64.3,0,72,7.5,9.4,1008.0,187.1,0,0,1
1960-06,15.3,4.0,0,北海道,札幌市,,0,88.5,0,79,7.0,13.7,1007.1,191.5,0,4,2
1960-07,20.0,2.8,0,北海道,札幌市,,0,86.1,0,79,7.4,18.3,1006.2,200.1,0,0,3
1960-08,23.0,3.5,0,北海道,札幌市,,0,63.3,0,74,6.5,20.9,1008.2,244.2,0,0,1
1960-09,18.0,3.2,0,北海道,札幌市,,0,128.9,0,74,5.9,15.4,1010.5,207.1,0,2,0
1960-10,10.2,2.9,0,北海道,札幌市,,0,95.7,0,72,5.1,9.2,1017.6,175.3,2,0,0
1960-11,4.6,3.2,0,北海道,札幌市,,0,110.9,16,70,6.7,6.1,1015.3,121.3,13,1,0
1960-12,-3.0,2.8,0,北海道,札幌市,,0,68.6,74,71,6.6,3.6,1009.9,101.0,30,0,0
1961-01,-6.2,2.7,↖️北北西,北海道,札幌市,,0,72.4,138,70,6.2,2.8,1011.2,137.8,30,0,0
1961-02,-4.0,2.8,⬆️北,北海道,札幌市,,0,108.5,97,73,7.7,3.4,1006.9,103.2,28,0,0
1961-03,0.0,3.1,⬆️北,北海道,札幌市,,0,72.2,64,70,6.9,4.3,1013.6,179.3,26,1,0
1961-04,7.4,4.5,↘️南東,北海道,札幌市,,0,30.4,2,64,6.3,6.6,1008.4,195.7,5,0,0
1961-05,12.5,3.9,↘️南東,北海道,札幌市,,0,102.0,0,69,6.2,9.8,1006.1,237.6,0,0,0
1961-06,17.5,3.3,⬇️南南東,北海道,札幌市,,0,32.8,0,73,6.3,14.5,1005.9,251.5,0,1,4
1961-07,21.6,3.1,↘️南東,北海道,札幌市,,0,193.0,0,79,6.4,20.3,1004.4,235.6,0,2,6
1961-08,21.7,2.6,⬇️南南東,北海道,札幌市,,0,98.5,0,81,6.7,21.1,1007.6,198.0,0,3,4
1961-09,19.3,2.6,↘️南東,北海道,札幌市,,0,155.1,0,78,6.1,17.7,1010.0,183.0,0,3,2
1961-10,10.9,2.9,⬇️南,北海道,札幌市,,0,93.9,0,68,6.4,9.2,1016.3,139.6,1,1,0
1961-11,4.2,2.7,↖️北西,北海道,札幌市,,0,83.8,25,73,6.2,6.2,1015.7,106.2,10,1,1
1961-12,-1.2,2.3,↘️南東,北海道,札幌市,,0,52.5,50,73,7.2,4.2,1010.9,78.9,23,0,0
1962-01,-3.6,2.9,↖️北西,北海道,札幌市,,0,135.3,200,77,7.5,3.7,1006.1,89.8,27,1,1
1962-02,-3.9,2.2,↘️東南東,北海道,札幌市,,0,68.4,70,69,7.1,3.3,1010.2,122.9,23,0,0
1962-03,-0.9,2.8,↘️南東,北海道,札幌市,,0,91.8,95,69,7.1,4.1,1006.5,147.1,29,1,0
1962-04,8.4,4.3,↘️南東,北海道,札幌市,,0,69.9,0,63,6.2,7.1,1011.6,220.2,1,0,5
1962-05,12.7,3.6,↖️北北西,北海道,札幌市,,0,20.8,0,70,6.4,10.2,1006.9,217.8,0,0,6
1962-06,16.1,3.1,↖️北北西,北海道,札幌市,,0,55.8,0,75,7.3,13.5,1005.5,215.4,0,1,2
1962-07,20.1,3.2,↘️南東,北海道,札幌市,,0,125.0,0,81,7.9,19.1,1007.0,191.8,0,0,6
1962-08,20.6,2.8,↘️南東,北海道,札幌市,,0,357.4,0,82,7.8,20.0,1007.2,115.5,0,1,1
1962-09,17.7,2.8,↘️南東,北海道,札幌市,,0,106.7,0,75,7.2,15.5,1010.1,145.1,0,0,2
1962-10,9.7,2.3,↘️南東,北海道,札幌市,,0,19.0,0,67,5.3,8.2,1014.9,191.0,0,1,0
1962-11,3.6,2.6,↖️北西,北海道,札幌市,,0,77.3,63,67,6.8,5.7,1016.1,107.9,15,0,0
1962-12,-0.9,2.6,↖️北西,北海道,札幌市,,0,100.6,57,71,7.4,4.2,1011.6,94.2,21,3,0
1963-01,-4.7,2.0,↘️東南東,北海道,札幌市,,0,68.2,108,73,7.2,3.3,998.8,94.0,27,0,0
1963-02,-2.9,2.2,↘️南東,北海道,札幌市,,0,59.9,95,71,6.5,3.6,1010.2,130.3,19,0,0
1963-03,1.1,2.8,↘️南東,北海道,札幌市,,0,58.0,52,71,5.9,4.8,1012.1,158.1,17,0,2
1963-04,6.6,4.0,↘️南東,北海道,札幌市,,0,96.3,18,69,6.9,6.7,1014.5,176.9,7,0,2
1963-05,12.9,3.9,↘️南東,北海道,札幌市,,0,72.2,0,59,5.6,8.6,1008.0,275.4,2,1,2
1963-06,15.6,3.6,↘️南東,北海道,札幌市,,0,85.4,0,78,7.2,13.7,1009.0,182.7,0,0,3
1963-07,20.3,2.7,↘️南東,北海道,札幌市,,0,99.1,0,82,8.5,19.5,1007.1,143.6,0,0,6
1963-08,21.5,2.5,↖️北北西,北海道,札幌市,,0,80.7,0,84,8.7,21.6,1006.3,119.6,0,6,6
1963-09,16.0,2.6,⬇️南南東,北海道,札幌市,,0,194.4,0,74,5.8,13.7,1007.3,200.3,0,4,2
1963-10,10.6,2.7,↖️北北西,北海道,札幌市,,0,111.1,0,73,5.6,9.5,1016.4,166.3,0,1,0
1963-11,5.4,2.7,⬇️南,北海道,札幌市,,0,106.3,29,69,6.7,6.4,1012.3,97.3,12,1,0
1963-12,0.1,2.6,↖️北北西,北海道,札幌市,,0,102.9,76,74,7.9,4.7,1011.1,74.8,23,1,1
1964-01,-3.8,2.1,↖️北北西,北海道,札幌市,,0,98.1,165,73,7.6,3.5,1015.3,96.7,28,1,0
1964-02,-6.1,2.0,⬇️南,北海道,札幌市,,0,119.2,184,73,7.6,2.9,1017.7,116.3,28,0,0
1964-03,0.2,3.0,↖️北北西,北海道,札幌市,,0,38.0,24,71,7.3,4.6,1013.0,144.8,21,0,0
1964-04,6.2,4.0,↖️北北西,北海道,札幌市,,0,112.5,7,66,6.3,6.2,1017.0,189.8,7,1,0
1964-05,12.7,4.0,↖️北北西,北海道,札幌市,,0,69.1,0,64,6.3,9.2,1012.3,226.8,0,0,1
1964-06,15.8,3.3,↖️北北西,北海道,札幌市,,0,158.6,0,79,7.5,14.1,1005.4,161.4,0,1,2
1964-07,18.7,3.0,↘️南東,北海道,札幌市,,0,109.7,0,80,8.0,17.2,1005.2,139.9,0,2,2
1964-08,21.5,3.4,↘️南東,北海道,札幌市,,0,152.1,0,80,8.2,20.7,1007.2,122.6,0,2,2
1964-09,15.7,2.8,↘️南東,北海道,札幌市,,0,84.4,0,72,6.4,13.4,1010.8,192.2,0,2,1
1964-10,9.4,2.4,↖️北西,北海道,札幌市,,0,95.9,15,71,5.7,8.8,1016.3,157.8,5,2,0
1964-11,3.9,2.2,⬇️南,北海道,札幌市,,0,93.0,46,71,7.2,5.9,1012.4,89.8,12,0,0
1964-12,-1.7,2.4,↘️南東,北海道,札幌市,,0,143.5,145,75,7.1,4.2,1013.8,79.2,27,0,0
1965-01,-2.8,2.2,↖️北西,北海道,札幌市,,0,105.2,117,74,8.1,3.8,1009.8,87.8,29,1,0
1965-02,-4.3,2.9,↖️北北西,北海道,札幌市,,0,177.1,179,73,7.5,3.4,1006.6,72.1,28,1,0
1965-03,-1.2,3.3,↖️北北西,北海道,札幌市,,0,95.4,99,70,7.3,4.1,1008.1,165.5,27,0,0
1965-04,4.6,3.4,↖️北北西,北海道,札幌市,,0,56.6,12,63,6.1,5.4,1008.3,200.3,11,0,0
1965-05,11.8,3.9,↘️南東,北海道,札幌市,,0,38.8,0,65,6.1,8.8,1007.3,190.2,0,1,1
1965-06,16.1,3.0,↘️南東,北海道,札幌市,,0,46.1,0,73,6.2,13.3,1005.9,214.8,0,0,2
1965-07,18.6,3.2,↘️東南東,北海道,札幌市,,0,63.6,0,79,8.5,17.0,1004.0,149.3,0,0,5
1965-08,22.1,3.1,↘️南東,北海道,札幌市,,0,26.6,0,76,6.5,20.1,1007.2,175.6,0,0,3
1965-09,17.2,3.0,↘️南東,北海道,札幌市,,0,480.5,0,75,6.4,15.0,1007.1,168.5,0,4,0
1965-10,10.5,2.1,⬇️南南東,北海道,札幌市,,0,57.4,0,70,5.1,9.0,1014.6,172.9,0,0,0
1965-11,3.7,3.2,↖️北西,北海道,札幌市,,0,99.2,35,69,8.0,5.8,1012.0,92.3,21,2,1
1965-12,-2.0,2.4,↘️南東,北海道,札幌市,,0,97.1,73,76,7.5,4.1,1008.8,60.6,28,0,0
1966-01,-4.7,2.7,↖️北西,北海道,札幌市,,0,181.0,235,76,7.6,3.4,1006.5,98.7,31,1,0
1966-02,-3.9,3.2,↘️南東,北海道,札幌市,,0,74.0,98,74,7.2,3.6,1010.0,116.4,25,0,1
1966-03,0.8,3.2,↖️北北西,北海道,札幌市,,0,143.0,89,75,8.2,5.0,1005.3,123.1,24,0,3
1966-04,5.4,3.7,↘️南東,北海道,札幌市,,0,75.8,2,69,7.1,6.3,1011.6,166.4,9,0,0
1966-05,12.2,3.6,↖️北北西,北海道,札幌市,,0,43.3,0,63,6.7,8.7,1008.3,206.6,1,0,0
1966-06,15.7,3.4,↘️南東,北海道,札幌市,,0,96.3,0,73,7.3,13.0,1009.3,200.9,0,0,3
1966-07,18.5,3.1,↘️南東,北海道,札幌市,,0,58.2,0,80,7.9,17.2,1004.8,156.4,0,2,5
1966-08,22.0,3.1,↘️南東,北海道,札幌市,,0,118.5,0,81,7.3,21.5,1006.7,158.9,0,4,1
1966-09,15.8,2.1,↘️南東,北海道,札幌市,,0,102.6,0,75,6.6,13.7,1009.1,168.4,0,3,0
1966-10,12.3,2.0,↘️南東,北海道,札幌市,,0,169.4,0,77,7.0,11.3,1013.0,133.7,0,1,2
1966-11,4.9,2.6,⬇️南南東,北海道,札幌市,,0,85.2,35,70,7.0,6.3,1010.8,121.6,14,0,0
1966-12,-4.2,1.9,↖️北西,北海道,札幌市,,0,180.2,235,77,6.9,3.6,1011.3,76.9,31,1,0
1967-01,-6.3,2.4,↖️北西,北海道,札幌市,,0,96.4,153,73,6.9,2.9,1009.1,93.4,29,0,0
1967-02,-4.4,2.2,↖️北西,北海道,札幌市,,0,36.9,40,68,6.0,3.2,1013.3,139.5,24,0,0
1967-03,0.6,3.1,↖️北西,北海道,札幌市,,0,89.3,40,69,6.6,4.5,1009.9,177.7,22,0,0
1967-04,6.5,4.0,↖️北西,北海道,札幌市,,0,63.1,8,66,6.1,6.5,1014.2,199.5,6,0,1
1967-05,13.6,3.2,↘️南東,北海道,札幌市,,0,49.2,0,73,7.0,11.1,1009.3,211.9,0,0,5
1967-06,15.7,2.7,↖️北北西,北海道,札幌市,,0,123.2,0,78,7.6,13.9,1003.8,168.3,0,1,0
1967-07,20.9,2.7,↘️南東,北海道,札幌市,,0,100.4,0,81,8.0,20.4,1004.7,173.4,0,1,5
1967-08,22.1,2.5,↘️南東,北海道,札幌市,,0,92.1,0,75,6.6,20.0,1004.3,226.5,0,3,1
1967-09,16.3,2.3,↘️南東,北海道,札幌市,,0,174.0,0,80,7.2,14.8,1011.7,145.8,0,1,0
1967-10,10.4,2.2,↘️南東,北海道,札幌市,,0,102.3,0,69,5.2,8.9,1013.1,193.7,0,1,0
1967-11,2.7,2.6,↖️北西,北海道,札幌市,,0,75.9,33,67,7.1,5.3,1016.6,131.0,16,0,1
1967-12,-2.1,2.0,↘️南東,北海道,札幌市,,0,101.5,100,74,6.5,4.0,1011.5,98.8,24,1,0
1968-01,-3.4,2.0,↘️南東,北海道,札幌市,,0,103.0,134,75,7.7,3.6,1004.0,111.4,29,1,0
1968-02,-4.8,2.0,↘️南東,北海道,札幌市,,0,101.5,134,73,6.2,3.3,1012.0,162.2,24,0,0
1968-03,1.8,3.0,↘️南東,北海道,札幌市,,0,37.0,15,71,6.6,5.0,1008.7,164.8,18,0,0
1968-04,7.1,2.8,↖️北西,北海道,札幌市,,0,37.0,0,66,5.8,6.7,1015.8,214.4,1,0,2
1968-05,11.6,3.7,↘️南東,北海道,札幌市,,0,92.5,0,72,7.6,9.7,1010.2,159.6,0,1,0
1968-06,16.7,3.1,↘️南東,北海道,札幌市,,0,38.0,0,73,5.7,13.8,1009.3,243.8,0,0,5
1968-07,20.6,2.8,↘️南東,北海道,札幌市,,0,48.0,0,77,6.4,18.8,1004.6,223.3,0,1,4
1968-08,20.8,2.8,↘️南東,北海道,札幌市,,0,129.0,0,80,7.6,19.7,1006.0,173.7,0,3,2
1968-09,17.1,3.0,↘️南東,北海道,札幌市,,0,108.5,0,76,5.8,14.9,1013.4,178.1,0,0,0
1968-10,8.7,1.9,↘️南東,北海道,札幌市,,0,67.5,0,71,5.5,8.3,1014.2,165.1,3,0,0
1968-11,6.2,2.4,↘️南東,北海道,札幌市,,0,135.0,12,72,6.2,7.1,1014.3,125.0,8,0,0
1968-12,0.6,2.2,↖️北西,北海道,札幌市,,0,84.0,75,71,6.8,4.9,1011.9,101.5,18,0,0
1969-01,-5.5,1.9,↖️北西,北海道,札幌市,,0,69.5,105,70,6.7,2.9,1010.0,132.6,31,0,0
1969-02,-5.3,2.4,↖️北西,北海道,札幌市,,0,107.5,128,69,6.6,3.0,1013.6,140.2,23,0,0
1969-03,-1.4,2.7,↖️北西,北海道,札幌市,,0,40.0,46,66,6.4,3.8,1012.2,206.1,24,0,0
1969-04,6.0,3.3,↖️北西,北海道,札幌市,,0,32.0,14,67,7.1,6.2,1011.7,179.4,8,0,0
1969-05,11.0,3.9,↘️南東,北海道,札幌市,,0,78.0,0,67,7.1,8.6,1004.4,188.4,0,0,0
1969-06,15.0,3.1,↘️南東,北海道,札幌市,,0,102.0,0,79,8.3,13.6,1004.3,156.2,0,1,5
1969-07,20.6,2.9,↘️南東,北海道,札幌市,,0,58.5,0,77,6.7,19.1,1007.6,222.3,0,2,3
1969-08,19.6,2.6,↘️南東,北海道,札幌市,,0,170.5,0,82,8.3,18.9,1006.1,128.1,0,3,1
1969-09,16.4,2.4,↖️北西,北海道,札幌市,,0,76.5,0,72,5.6,14.0,1010.4,220.6,0,3,1
1969-10,9.8,2.7,↘️南東,北海道,札幌市,,0,88.5,0,70,6.0,8.8,1013.5,179.9,0,0,1
1969-11,3.8,2.6,↖️北西,北海道,札幌市,,0,65.0,48,67,7.2,5.7,1014.6,136.7,16,1,0
1969-12,-3.6,2.3,↖️北西,北海道,札幌市,,0,69.5,94,70,7.3,3.5,1010.7,115.9,30,0,0
1970-01,-5.9,1.9,↖️北西,北海道,札幌市,,0,106.0,137,73,6.9,3.0,1011.3,138.3,28,0,0
1970-02,-3.0,3.0,↖️北西,北海道,札幌市,,0,89.5,83,72,7.9,3.7,1008.9,127.7,28,0,0
1970-03,-3.0,2.8,↖️北西,北海道,札幌市,,0,151.0,153,74,7.6,3.8,1008.4,170.0,29,0,0
1970-04,5.9,3.2,↘️南東,北海道,札幌市,,0,45.5,6,64,5.3,6.0,1014.9,251.0,6,0,1
1970-05,13.8,3.8,↘️南東,北海道,札幌市,,0,38.0,0,65,6.5,10.0,1009.2,238.2,0,2,0
1970-06,16.0,3.0,↘️南東,北海道,札幌市,,0,95.5,0,76,6.4,13.6,1008.7,226.2,0,1,4
1970-07,21.4,3.1,↘️南東,北海道,札幌市,,0,66.0,0,75,7.6,19.5,1006.0,207.6,0,1,2
1970-08,21.5,3.0,↖️北西,北海道,札幌市,,0,99.0,0,78,7.0,20.1,1009.3,205.6,0,0,1
1970-09,17.4,3.0,↘️南東,北海道,札幌市,,0,196.5,0,72,5.8,14.5,1010.3,224.6,0,0,0
1970-10,11.2,2.3,↘️南東,北海道,札幌市,,0,83.5,0,70,5.7,9.7,1014.4,188.6,2,1,0
1970-11,4.9,2.5,↘️南東,北海道,札幌市,,0,87.0,33,71,7.3,6.4,1012.4,120.4,14,0,2
1970-12,-2.2,2.4,↖️西北西,北海道,札幌市,,0,61.5,66,68,6.7,3.6,1009.8,130.8,28,0,0
1971-01,-5.0,2.1,↘️南東,北海道,札幌市,,0,108.5,169,75,6.8,3.2,1011.9,119.7,26,1,0
1971-02,-3.7,2.4,↘️南東,北海道,札幌市,,0,50.0,61,73,7.0,3.6,1013.9,141.4,23,0,0
1971-03,0.0,2.8,↖️北西,北海道,札幌市,,0,47.5,50,65,7.4,4.0,1009.5,171.3,24,0,1
1971-04,6.4,3.7,↖️北西,北海道,札幌市,,0,20.0,1,54,5.8,5.2,1011.2,221.1,5,0,0
1971-05,10.4,3.8,↖️北西,北海道,札幌市,,0,64.5,0,69,7.6,8.6,1008.6,192.4,3,0,0
1971-06,14.4,2.9,↖️北西,北海道,札幌市,,0,81.5,0,79,6.6,12.8,1005.5,216.1,0,0,2
1971-07,19.0,3.1,↘️南東,北海道,札幌市,,0,91.5,0,82,8.7,18.0,1003.5,139.9,0,0,4
1971-08,20.3,2.8,↘️南東,北海道,札幌市,,0,40.0,0,82,7.5,19.8,1007.9,195.9,0,0,1
1971-09,15.6,2.7,↘️南東,北海道,札幌市,,0,126.5,0,80,6.8,14.3,1011.0,195.3,0,0,0
1971-10,10.5,2.4,↘️南東,北海道,札幌市,,0,180.0,0,74,5.2,9.5,1013.3,182.3,1,1,0
1971-11,4.4,2.4,↖️北西,北海道,札幌市,,0,49.5,17,71,7.7,6.1,1014.0,104.5,11,2,0
1971-12,-1.4,2.6,⬅️西,北海道,札幌市,,0,93.0,111,71,7.9,4.1,1011.5,109.7,27,0,0
1972-01,-3.9,2.4,↖️北西,北海道,札幌市,,0,148.5,195,78,7.9,3.7,1017.7,107.8,24,0,0
1972-02,-3.8,2.8,↘️南東,北海道,札幌市,,0,267.5,173,76,7.4,3.6,1011.0,137.3,29,0,0
1972-03,0.2,2.8,↖️北西,北海道,札幌市,,0,42.0,27,71,6.5,4.5,1012.4,233.9,18,0,0
1972-04,6.9,3.4,↘️南東,北海道,札幌市,,0,67.0,19,68,6.5,6.9,1014.0,234.2,4,0,0
1972-05,11.8,3.2,↘️南東,北海道,札幌市,,0,115.5,0,69,6.3,9.5,1006.1,214.1,0,1,0
1972-06,15.7,3.3,↘️南東,北海道,札幌市,,0,87.0,0,81,6.9,14.3,1005.4,179.0,0,3,0
1972-07,20.6,3.2,↘️東南東,北海道,札幌市,,0,29.5,0,81,7.2,19.7,1006.0,236.8,0,0,0
1972-08,21.7,2.6,↘️東南東,北海道,札幌市,,0,63.5,0,78,7.0,20.2,1006.0,174.6,0,4,1
1972-09,16.8,2.9,↘️南東,北海道,札幌市,,0,284.0,0,79,6.3,15.3,1010.2,188.0,0,2,0
1972-10,11.9,2.9,↘️南東,北海道,札幌市,,0,107.0,0,73,6.4,10.5,1012.3,181.3,0,5,0
1972-11,3.7,2.8,↘️南東,北海道,札幌市,,0,265.5,24,72,8.0,5.8,1011.0,96.6,19,3,1
1972-12,0.0,2.2,↘️南東,北海道,札幌市,,0,82.0,52,71,7.6,4.5,1011.8,84.1,20,1,0
1973-01,-2.7,1.8,↘️南東,北海道,札幌市,,0,87.5,130,78,7.9,4.0,1015.0,104.3,28,0,0
1973-02,-2.3,2.9,↖️北西,北海道,札幌市,,0,69.0,96,68,8.0,3.7,1009.1,125.3,24,1,0
1973-03,-1.9,2.8,↘️南東,北海道,札幌市,,0,89.0,90,68,7.1,3.7,1010.1,189.5,26,0,0
1973-04,6.8,4.2,↘️南東,北海道,札幌市,,0,46.5,0,61,5.8,6.0,1009.3,230.7,3,0,0
1973-05,12.1,3.4,↖️北西,北海道,札幌市,,0,41.0,0,67,6.5,9.3,1008.2,212.6,0,0,0
1973-06,15.8,2.7,↘️東南東,北海道,札幌市,,0,13.0,0,74,6.5,13.3,1008.8,242.3,0,0,3
1973-07,20.6,2.7,↖️北西,北海道,札幌市,,0,15.5,0,78,7.8,18.9,1007.8,194.0,0,0,0
1973-08,23.0,2.1,↖️北西,北海道,札幌市,,0,277.0,0,83,6.9,23.2,1008.2,193.1,0,2,2
1973-09,16.8,2.1,↘️南東,北海道,札幌市,,0,197.0,0,79,5.9,15.1,1010.5,183.2,0,2,0
1973-10,10.3,1.9,↘️南東,北海道,札幌市,,0,177.5,0,74,6.7,9.5,1014.0,136.1,0,2,0
1973-11,3.7,2.3,↘️南東,北海道,札幌市,,0,97.5,32,69,7.8,5.7,1008.4,105.2,15,2,0
1973-12,-1.9,2.0,↘️南東,北海道,札幌市,,0,62.5,82,70,7.0,3.8,1005.4,103.8,28,0,0
1974-01,-3.3,2.3,↖️北西,北海道,札幌市,,0,99.0,113,76,7.4,3.6,1008.7,129.7,23,1,0
1974-02,-3.2,2.2,↘️南東,北海道,札幌市,,0,71.5,106,75,7.5,3.7,1011.6,119.7,25,0,0
1974-03,-0.9,2.4,↖️北西,北海道,札幌市,,0,40.5,44,73,6.8,4.3,1013.6,199.5,23,0,0
1974-04,6.4,3.5,↘️南東,北海道,札幌市,,0,105.5,20,68,6.8,6.5,1007.5,163.6,4,0,0
1974-05,12.0,3.2,↖️北西,北海道,札幌市,,0,48.5,0,68,6.7,9.3,1009.4,226.9,0,0,2
1974-06,16.1,3.7,↘️南東,北海道,札幌市,,0,101.5,0,81,8.0,14.8,1006.4,163.8,0,0,1
1974-07,19.9,2.8,↘️南東,北海道,札幌市,,0,47.5,0,79,6.6,18.6,1008.0,243.7,0,0,0
1974-08,21.3,2.2,↖️北西,北海道,札幌市,,0,156.0,0,85,7.8,21.5,1005.7,184.1,0,1,0
1974-09,17.3,2.8,↘️南東,北海道,札幌市,,0,100.0,0,80,6.4,15.9,1010.1,155.3,0,1,0
1974-10,10.5,2.6,↘️南東,北海道,札幌市,,0,132.0,0,71,7.0,9.3,1010.6,132.3,1,0,0
1974-11,3.1,2.5,↖️北西,北海道,札幌市,,0,77.5,35,64,6.7,5.0,1012.8,122.3,15,1,0
1974-12,-4.0,2.3,↖️北西,北海道,札幌市,,0,83.5,133,66,7.0,3.1,1015.2,125.8,31,0,0
1975-01,-4.2,1.8,↘️南東,北海道,札幌市,,0,85.0,140,71,7.7,3.3,1009.1,111.0,26,0,0
1975-02,-4.4,2.0,↘️南東,北海道,札幌市,,0,60.0,80,68,7.2,3.1,1010.2,128.0,22,1,0
1975-03,-0.3,2.1,↘️南東,北海道,札幌市,,0,135.0,44,74,6.7,4.5,1010.7,171.3,21,0,0
1975-04,7.6,3.0,↖️北西,北海道,札幌市,,0,46.5,0,67,6.5,7.2,1011.5,202.8,2,0,0
1975-05,11.9,3.1,↖️北西,北海道,札幌市,,0,36.5,0,72,7.6,10.0,1009.1,193.6,0,0,0
1975-06,16.5,2.8,↘️東南東,北海道,札幌市,,0,67.0,0,76,7.7,14.2,1006.8,198.2,0,0,1
1975-07,19.9,1.9,↘️東南東,北海道,札幌市,,0,109.5,0,83,9.0,19.2,1005.5,97.1,0,2,0
1975-08,22.3,2.2,↘️東南東,北海道,札幌市,,0,342.5,0,78,7.0,21.1,1008.0,197.4,0,4,0
1975-09,18.6,2.1,↘️南東,北海道,札幌市,,0,99.5,0,73,7.0,16.4,1011.0,177.1,0,1,1
1975-10,10.4,1.8,↘️南東,北海道,札幌市,,0,198.5,1,73,5.6,9.5,1015.1,168.9,1,2,0
1975-11,4.8,2.1,↘️南東,北海道,札幌市,,0,180.0,26,72,6.5,6.4,1018.3,121.5,6,1,0
1975-12,-3.1,1.6,↖️北西,北海道,札幌市,,0,72.0,111,73,6.9,3.6,1013.4,97.8,27,0,0
1976-01,-4.1,2.0,↖️西北西,北海道,札幌市,,0,109.0,147,70,7.1,3.3,1006.2,128.7,30,0,0
1976-02,-2.8,2.2,↖️北西,北海道,札幌市,,0,60.5,75,69,7.5,3.6,1014.3,107.0,22,0,0
1976-03,0.0,2.4,↖️北西,北海道,札幌市,,0,68.5,76,66,6.6,4.1,1011.9,167.1,24,1,0
1976-04,5.9,3.0,↖️北西,北海道,札幌市,,0,23.0,1,64,6.0,6.0,1012.5,207.7,10,0,0
1976-05,12.7,2.9,↘️南東,北海道,札幌市,,0,33.0,0,62,5.6,8.8,1007.6,253.2,0,0,1
1976-06,15.4,2.8,↘️南東,北海道,札幌市,,0,78.5,0,79,7.7,13.6,1008.4,193.4,0,0,0
1976-07,20.4,2.5,↘️東南東,北海道,札幌市,,0,18.5,0,72,6.6,17.5,1008.4,240.5,0,2,1
1976-08,19.4,2.1,↘️南東,北海道,札幌市,,0,104.5,0,75,6.5,16.8,1007.6,201.5,0,2,0
1976-09,16.2,2.0,↘️南東,北海道,札幌市,,0,87.5,0,75,6.5,14.0,1011.9,157.3,0,0,0
1976-10,10.5,1.7,↘️南東,北海道,札幌市,,0,174.5,0,71,6.0,9.3,1010.5,163.5,3,0,0
1976-11,2.8,1.9,↖️北西,北海道,札幌市,,0,133.5,23,69,7.5,5.4,1013.3,85.0,22,1,0
1976-12,-2.0,1.4,↖️北西,北海道,札幌市,,0,108.5,122,69,6.9,3.8,1010.6,114.1,25,0,0
1977-01,-7.5,1.2,↘️南東,北海道,札幌市,,0,94.0,173,67,6.3,2.4,1011.9,133.6,29,0,0
1977-02,-5.5,1.7,↘️南東,北海道,札幌市,,0,86.0,102,67,7.6,2.9,1010.6,133.1,24,0,0
1977-03,-0.1,2.1,↘️南東,北海道,札幌市,,0,74.0,52,67,7.3,4.3,1014.7,174.2,19,0,0
1977-04,5.2,2.9,↖️北西,北海道,札幌市,,0,131.0,11,63,6.5,5.6,1009.1,176.0,13,0,0
1977-05,11.2,2.9,↖️北西,北海道,札幌市,,0,75.0,0,71,6.1,9.4,1008.6,223.1,1,0,1
1977-06,15.9,3.1,↘️南東,北海道,札幌市,,0,7.5,0,71,6.8,12.9,1007.7,247.5,0,0,2
1977-07,21.3,2.8,↘️南東,北海道,札幌市,,0,58.0,0,76,7.9,19.3,1006.3,186.3,0,1,2
1977-08,20.3,2.3,↘️南東,北海道,札幌市,,0,190.5,0,76,7.1,18.3,1006.0,192.6,0,4,2
1977-09,17.4,2.1,↘️南東,北海道,札幌市,,0,99.0,0,73,6.3,14.9,1011.2,168.7,0,1,0
1977-10,11.3,2.1,↘️南東,北海道,札幌市,,0,20.5,0,68,4.8,9.5,1017.8,186.9,0,1,0
1977-11,5.2,1.9,↘️南東,北海道,札幌市,,0,151.5,5,68,7.0,6.2,1017.0,111.7,5,1,0
1977-12,-0.6,2.0,↖️北西,北海道,札幌市,,0,115.5,89,70,8.0,4.2,1013.7,99.1,23,1,0
1978-01,-5.2,1.9,↖️北西,北海道,札幌市,,0,168.0,231,74,8.6,3.2,1007.3,93.5,29,0,0
1978-02,-7.6,1.6,↖️北西,北海道,札幌市,,0,105.0,153,69,7.3,2.5,1010.2,143.1,26,0,0
1978-03,-0.7,2.4,↖️北西,北海道,札幌市,,0,110.5,108,68,6.9,4.0,1008.8,176.4,23,1,0
1978-04,5.4,3.3,↖️北西,北海道,札幌市,,0,43.5,9,65,7.6,5.9,1007.1,139.1,6,0,0
1978-05,12.0,2.6,↘️南東,北海道,札幌市,,0,92.0,0,64,6.4,8.8,1008.5,222.5,0,1,0
1978-06,17.8,2.1,↖️北西,北海道,札幌市,,0,91.5,0,75,7.0,15.3,1006.1,209.9,0,1,2
1978-07,23.2,2.5,↘️南東,北海道,札幌市,,0,46.0,0,76,6.7,21.6,1007.1,228.2,0,2,1
1978-08,23.2,2.2,↘️南東,北海道,札幌市,,0,69.5,0,71,6.4,20.3,1005.7,213.6,0,0,0
1978-09,17.0,2.0,↘️南東,北海道,札幌市,,0,52.5,0,67,5.2,13.2,1011.3,203.6,0,3,0
1978-10,9.7,1.9,↘️南東,北海道,札幌市,,0,123.0,5,68,6.4,8.6,1015.2,153.9,2,0,0
1978-11,4.5,1.7,↘️南東,北海道,札幌市,,0,88.5,3,64,6.8,5.5,1015.0,134.5,13,0,0
1978-12,-1.0,1.6,↖️北西,北海道,札幌市,,0,100.0,82,68,7.2,4.1,1014.8,111.6,20,0,0
1979-01,-5.3,1.8,↖️北西,北海道,札幌市,,0,103.5,143,69,7.5,3.0,1012.1,99.1,27,0,0
1979-02,-2.6,2.2,↘️南東,北海道,札幌市,,0,109.0,127,66,7.4,3.4,1008.9,128.3,22,0,0
1979-03,-0.6,2.4,↖️北西,北海道,札幌市,,0,112.0,67,65,7.0,3.9,1010.5,139.1,22,0,0
1979-04,4.6,2.5,↖️北西,北海道,札幌市,,0,41.0,40,64,6.8,5.5,1012.1,165.3,11,0,0
1979-05,10.9,2.6,↖️北西,北海道,札幌市,,0,38.0,0,64,6.7,8.3,1008.4,209.9,0,0,0
1979-06,17.5,2.4,↘️南東,北海道,札幌市,,0,48.0,0,68,7.0,13.7,1007.9,188.4,0,0,2
1979-07,19.4,2.5,↘️南東,北海道,札幌市,,0,85.5,0,73,6.7,16.6,1005.5,218.3,0,3,0
1979-08,22.1,2.3,↘️南東,北海道,札幌市,,0,41.5,0,68,6.2,18.3,1006.1,237.9,0,0,0
1979-09,16.9,1.9,↘️南東,北海道,札幌市,,0,88.5,0,67,6.8,13.1,1012.5,184.1,0,1,0
1979-10,12.5,1.9,↘️南東,北海道,札幌市,,0,244.5,0,70,6.2,10.5,1011.6,161.5,1,3,0
1979-11,4.7,2.2,↖️北西,北海道,札幌市,,0,106.0,27,66,7.0,6.1,1016.6,117.9,15,0,0
1979-12,0.9,1.7,↘️南東,北海道,札幌市,,0,61.0,50,69,7.5,4.8,1015.1,103.2,17,0,0
1980-01,-3.9,2.4,↖️北西,北海道,札幌市,,0,97.0,143,68,8.3,3.2,1008.7,112.5,29,0,0
1980-02,-5.7,1.9,↖️北西,北海道,札幌市,,0,149.0,244,74,8.1,3.0,1010.1,126.3,28,0,0
1980-03,-0.5,2.6,↖️北西,北海道,札幌市,,0,108.0,109,64,7.1,3.9,1011.1,185.9,23,0,0
1980-04,4.1,2.8,↖️北西,北海道,札幌市,,0,86.0,11,66,6.8,5.4,1013.0,144.7,11,0,0
1980-05,12.3,2.8,↘️南東,北海道,札幌市,,0,28.0,0,64,6.9,8.9,1007.4,215.4,1,0,1
1980-06,17.6,2.7,↘️東南東,北海道,札幌市,,0,125.5,0,71,6.8,14.1,1006.7,204.5,0,0,0
1980-07,19.4,2.1,↘️南東,北海道,札幌市,,0,86.0,0,76,7.6,17.3,1006.9,182.5,0,3,2
1980-08,19.0,2.3,↘️南東,北海道,札幌市,,0,126.0,0,78,7.7,17.1,1010.8,139.7,0,1,0
1980-09,16.9,2.1,↘️南東,北海道,札幌市,,0,35.0,0,68,6.1,13.5,1011.0,191.0,0,1,0
1980-10,10.8,2.0,↘️南東,北海道,札幌市,,0,120.5,0,70,6.3,9.2,1011.9,158.7,1,1,0
1980-11,5.1,2.0,⬇️南南東,北海道,札幌市,,0,48.0,10,68,5.4,6.1,1012.8,147.9,9,0,0
1980-12,-0.3,1.9,↘️南東,北海道,札幌市,,0,169.5,134,75,8.2,4.6,1006.0,94.0,23,2,0
1981-01,-4.9,1.5,↘️南東,北海道,札幌市,,0,162.0,273,76,7.3,3.3,1007.5,134.3,26,0,0
1981-02,-3.2,1.8,↘️東南東,北海道,札幌市,,0,41.0,62,72,8.1,3.6,1009.6,137.1,25,0,0
1981-03,-0.5,2.6,↘️南東,北海道,札幌市,,0,139.0,136,74,7.3,4.5,1012.0,162.7,27,1,0
1981-04,6.6,2.6,↖️北西,北海道,札幌市,,0,89.5,2,67,5.7,6.5,1008.1,205.0,3,1,2
1981-05,10.3,3.4,↖️北西,北海道,札幌市,,0,71.0,0,72,7.1,8.9,1007.7,196.3,0,0,0
1981-06,14.9,2.8,↘️南東,北海道,札幌市,,0,50.0,0,79,8.2,13.4,1008.7,173.3,0,1,2
1981-07,21.0,2.1,↘️東南東,北海道,札幌市,,0,41.0,0,80,7.7,19.9,1007.5,193.5,0,0,0
1981-08,20.9,2.6,↘️南東,北海道,札幌市,,0,644.0,0,79,8.1,19.3,1003.4,153.1,0,7,2
1981-09,16.2,2.0,↘️南東,北海道,札幌市,,0,176.5,0,72,6.0,13.4,1010.5,208.7,0,2,0
1981-10,11.0,2.6,↘️南東,北海道,札幌市,,0,80.5,0,67,5.8,9.1,1010.0,200.2,3,3,0
1981-11,1.8,2.2,↖️北西,北海道,札幌市,,0,73.5,47,64,7.3,4.6,1013.1,125.1,24,0,1
1981-12,-0.2,2.0,↖️北西,北海道,札幌市,,0,103.5,111,71,7.9,4.4,1011.8,87.0,26,1,0
1982-01,-4.4,2.1,↘️南東,北海道,札幌市,,0,122.0,193,73,8.1,3.3,1010.8,110.8,30,1,0
1982-02,-4.6,1.5,↘️南東,北海道,札幌市,,0,92.0,167,75,7.5,3.4,1013.2,145.3,26,0,0
1982-03,0.7,2.5,↘️南東,北海道,札幌市,,0,98.0,73,71,7.4,4.6,1011.7,168.1,25,2,0
1982-04,6.1,3.2,⬇️南南東,北海道,札幌市,,0,132.5,22,67,5.5,6.3,1012.5,218.3,6,0,0
1982-05,13.0,2.8,↖️北北西,北海道,札幌市,,0,26.5,0,65,7.4,9.6,1007.2,212.5,0,0,2
1982-06,15.8,2.5,↘️南東,北海道,札幌市,,0,52.5,0,69,5.3,12.2,1005.4,266.3,0,3,0
1982-07,20.4,2.9,⬇️南南東,北海道,札幌市,,0,44.5,0,73,5.5,17.4,1008.3,280.7,0,3,0
1982-08,22.8,3.1,⬇️南南東,北海道,札幌市,,0,47.0,0,77,6.8,21.3,1008.9,213.8,0,1,0
1982-09,17.8,2.0,⬇️南南東,北海道,札幌市,,0,133.0,0,70,6.1,14.5,1010.8,202.0,0,0,0
1982-10,12.5,2.3,⬇️南南東,北海道,札幌市,,0,118.5,0,67,4.6,9.8,1013.8,223.5,1,1,0
1982-11,5.9,2.4,⬇️南南東,北海道,札幌市,,0,99.5,24,67,8.1,6.5,1013.8,104.4,10,0,0
1982-12,0.3,1.9,⬇️南南東,北海道,札幌市,,0,78.5,82,69,7.7,4.3,1011.9,96.8,28,1,0
1983-01,-2.9,2.1,↖️北北西,北海道,札幌市,,0,64.0,88,67,8.1,3.4,1012.0,132.1,28,0,0
1983-02,-4.5,2.1,⬇️南南東,北海道,札幌市,,0,126.0,194,68,8.3,3.0,1011.2,114.0,28,0,0
1983-03,0.1,2.2,⬇️南南東,北海道,札幌市,,0,72.5,92,69,7.2,4.3,1014.3,192.0,23,0,0
1983-04,9.5,3.8,⬇️南南東,北海道,札幌市,,0,24.5,0,56,5.5,6.7,1010.1,242.7,1,0,0
1983-05,12.4,3.1,↖️北北西,北海道,札幌市,,0,43.0,0,66,7.1,9.5,1008.0,215.3,0,1,3
1983-06,13.6,2.9,⬇️南南東,北海道,札幌市,,0,59.0,0,76,8.3,11.9,1008.8,152.4,0,2,0
1983-07,18.2,2.7,↘️南東,北海道,札幌市,,0,44.0,0,77,8.0,16.2,1005.6,174.1,0,1,1
1983-08,22.3,2.5,↘️南東,北海道,札幌市,,0,97.0,0,79,6.2,21.3,1008.0,197.5,0,1,3
1983-09,17.7,2.1,⬇️南南東,北海道,札幌市,,0,119.5,0,75,7.3,15.4,1011.9,164.2,0,0,0
1983-10,9.7,2.4,↖️北西,北海道,札幌市,,0,88.5,3,63,6.6,7.8,1011.5,186.0,5,3,0
1983-11,5.1,2.1,⬇️南南東,北海道,札幌市,,0,85.0,3,70,6.7,6.5,1011.7,119.7,9,1,1
1983-12,-1.8,1.7,⬇️南南東,北海道,札幌市,,0,62.0,41,67,6.7,3.7,1009.1,120.1,26,1,0
1984-01,-4.7,1.8,⬇️南南東,北海道,札幌市,,0,70.5,117,70,6.1,3.1,1009.8,156.6,25,0,0
1984-02,-5.6,2.2,↖️北北西,北海道,札幌市,,0,148.5,239,72,8.0,3.0,1010.0,130.0,29,0,0
1984-03,-2.2,2.4,⬇️南南東,北海道,札幌市,,0,81.0,121,67,7.0,3.6,1010.8,217.5,30,1,0
1984-04,5.0,2.5,↘️南東,北海道,札幌市,,0,32.5,31,63,6.8,5.4,1017.5,231.2,11,0,0
1984-05,11.4,2.5,↖️北北西,北海道,札幌市,,0,34.0,0,71,7.0,9.5,1012.0,233.4,0,0,2
1984-06,18.2,3.2,⬇️南南東,北海道,札幌市,,0,38.0,0,72,7.2,14.9,1008.3,229.4,0,0,0
1984-07,22.1,2.7,↘️南東,北海道,札幌市,,0,44.5,0,78,7.5,20.8,1006.1,194.1,0,0,0
1984-08,23.6,2.5,⬇️南南東,北海道,札幌市,,0,39.0,0,72,6.6,21.2,1008.0,230.6,0,2,0
1984-09,17.7,2.1,⬇️南南東,北海道,札幌市,,0,53.5,0,70,6.1,14.5,1010.3,212.0,0,0,0
1984-10,10.3,2.6,⬇️南南東,北海道,札幌市,,0,77.0,1,64,6.2,8.3,1012.0,173.9,3,0,0
1984-11,3.7,2.4,↖️西北西,北海道,札幌市,,0,43.0,12,61,6.7,5.1,1015.4,146.5,18,2,0
1984-12,-2.1,1.8,↖️北西,北海道,札幌市,,0,63.5,40,68,7.5,3.8,1012.4,120.8,21,1,0
1985-01,-6.9,2.1,↘️南東,北海道,札幌市,,0,156.5,265,71,7.5,2.7,1011.6,120.3,30,0,0
1985-02,-2.2,2.5,↖️北北西,北海道,札幌市,,0,99.5,124,73,8.2,3.9,1008.5,108.6,27,0,0
1985-03,-0.1,2.3,⬇️南南東,北海道,札幌市,,0,39.0,43,65,7.0,4.0,1017.8,187.6,21,0,0
1985-04,7.6,2.9,↘️南東,北海道,札幌市,,0,54.5,3,66,7.2,6.9,1012.7,206.9,1,0,4
1985-05,12.4,2.8,↖️北北西,北海道,札幌市,,0,14.0,0,61,6.3,8.5,1009.9,273.5,0,0,0
1985-06,15.5,2.6,↘️南東,北海道,札幌市,,0,9.0,0,69,6.4,12.1,1009.3,248.3,0,0,0
1985-07,20.3,2.3,↖️北北西,北海道,札幌市,,0,107.0,0,80,7.6,19.1,1004.6,171.1,0,0,1
1985-08,24.6,2.4,↘️南東,北海道,札幌市,,0,43.0,0,74,6.2,22.8,1009.0,251.8,0,0,0
1985-09,17.1,2.1,⬇️南南東,北海道,札幌市,,0,164.5,0,71,6.7,14.3,1012.3,203.2,0,1,0
1985-10,10.9,2.3,⬇️南南東,北海道,札幌市,,0,173.0,0,68,6.9,9.2,1013.0,167.7,1,2,0
1985-11,4.1,1.9,⬇️南南東,北海道,札幌市,,0,69.0,30,69,7.7,5.9,1009.6,119.1,19,0,1
1985-12,-3.5,1.8,↖️北西,北海道,札幌市,,0,124.5,183,69,7.8,3.4,1011.5,126.2,29,0,0
1986-01,-5.8,2.1,⬇️南南東,北海道,札幌市,,0,121.0,158,70,7.9,2.9,1008.5,103.0,30,0,0
1986-02,-5.5,1.6,⬇️南南東,北海道,札幌市,,0,60.5,100,67,7.4,2.8,1010.9,123.0,25,0,0
1986-03,-0.4,2.7,↖️北北西,北海道,札幌市,,0,87.5,55,70,7.6,4.3,1011.4,139.0,28,1,0
1986-04,6.9,3.0,⬇️南南東,北海道,札幌市,,0,53.0,0,63,7.0,6.3,1010.4,168.3,8,0,0
1986-05,11.4,2.8,↖️北北西,北海道,札幌市,,0,48.0,0,67,7.2,8.8,1005.7,161.1,0,0,0
1986-06,16.1,2.3,↖️北北西,北海道,札幌市,,0,23.5,0,69,6.5,12.2,1007.8,227.6,0,0,0
1986-07,18.2,2.3,↘️東南東,北海道,札幌市,,0,66.5,0,77,8.2,16.1,1008.1,135.7,0,1,0
1986-08,22.3,2.3,↖️北北西,北海道,札幌市,,0,71.0,0,75,6.7,20.3,1007.3,183.4,0,2,1
1986-09,18.1,2.0,⬇️南南東,北海道,札幌市,,0,202.0,0,71,5.8,14.8,1009.4,188.2,0,2,0
1986-10,8.9,1.8,⬇️南南東,北海道,札幌市,,0,208.5,14,69,6.7,8.1,1014.2,145.8,4,4,0
1986-11,3.5,2.4,⬇️南南東,北海道,札幌市,,0,82.5,38,64,7.8,5.3,1013.6,93.9,18,2,0
1986-12,-1.5,2.2,↖️北西,北海道,札幌市,,0,104.0,99,68,7.7,3.8,1012.7,95.8,28,0,0
1987-01,-4.9,2.1,↖️北西,北海道,札幌市,,0,119.0,173,72,8.1,3.2,1010.1,77.6,31,0,0
1987-02,-3.8,2.3,↖️北西,北海道,札幌市,,0,82.0,130,68,7.9,3.3,1009.7,103.2,24,0,0
1987-03,-0.1,2.3,↖️北西,北海道,札幌市,,0,82.5,56,68,7.9,4.3,1009.0,126.0,24,0,0
1987-04,6.0,2.6,↘️南東,北海道,札幌市,,0,38.5,14,61,7.1,5.7,1010.6,176.7,10,0,1
1987-05,12.0,2.7,↖️北北西,北海道,札幌市,,0,64.5,0,63,6.1,8.6,1009.1,204.3,2,2,0
1987-06,17.3,2.3,↖️北北西,北海道,札幌市,,0,17.0,0,70,6.6,13.6,1007.3,235.5,0,1,0
1987-07,20.6,2.3,↘️南東,北海道,札幌市,,0,98.5,0,78,7.8,18.7,1003.8,149.5,0,1,2
1987-08,20.6,2.3,↘️南東,北海道,札幌市,,0,134.5,0,79,8.9,19.2,1007.7,84.4,0,0,1
1987-09,17.8,2.6,⬇️南南東,北海道,札幌市,,0,55.0,0,71,7.3,15.0,1013.1,148.9,0,0,0
1987-10,11.9,2.2,↘️南東,北海道,札幌市,,0,118.5,0,62,5.9,9.1,1013.6,180.1,2,2,0
1987-11,3.6,2.5,↖️北西,北海道,札幌市,,0,77.0,6,62,7.1,5.3,1014.6,103.3,12,2,0
1987-12,-2.3,2.0,↖️北西,北海道,札幌市,,0,110.5,135,69,7.3,3.7,1013.8,110.1,25,0,0
1988-01,-3.8,1.9,↖️北西,北海道,札幌市,,0,76.0,108,70,8.2,3.3,1009.4,84.3,28,0,0
1988-02,-5.2,2.2,↖️北西,北海道,札幌市,,0,104.5,185,69,7.8,2.9,1011.7,128.4,29,0,0
1988-03,-0.1,2.4,↖️北西,北海道,札幌市,,0,66.5,41,63,6.2,3.9,1012.4,175.0,27,1,0
1988-04,7.1,2.7,↘️南東,北海道,札幌市,,0,61.5,1,65,6.7,6.5,1011.7,186.9,4,0,1
1988-05,11.4,2.8,↖️北北西,北海道,札幌市,,0,91.5,0,66,7.3,9.1,1008.0,184.9,0,0,0
1988-06,16.6,2.3,↘️南東,北海道,札幌市,,0,79.5,0,77,8.3,14.5,1006.3,159.7,0,0,0
1988-07,18.3,2.2,↘️南東,北海道,札幌市,,0,24.0,0,74,7.2,15.5,1009.2,225.8,0,0,0
1988-08,22.9,2.6,↘️南東,北海道,札幌市,,0,165.0,0,78,7.0,22.0,1008.1,185.2,0,3,0
1988-09,17.6,1.8,↘️南東,北海道,札幌市,,0,70.0,0,74,7.0,15.0,1012.3,153.1,0,1,0
1988-10,10.9,2.3,↖️北西,北海道,札幌市,,0,101.5,0,65,6.8,8.8,1009.1,138.2,0,2,0
1988-11,2.9,2.0,⬇️南南東,北海道,札幌市,,0,137.0,14,66,7.3,5.1,1008.8,114.6,18,1,0
1988-12,-0.4,2.2,↖️西北西,北海道,札幌市,,0,144.0,179,70,8.3,4.3,1009.9,77.8,27,1,0
1989-01,-1.9,2.2,↖️北西,北海道,札幌市,,0,60.0,54,69,7.6,3.8,1016.2,107.5,25,1,0
1989-02,-1.4,2.1,↖️北西,北海道,札幌市,,0,27.5,44,63,7.5,3.5,1014.3,122.0,21,0,0
1989-03,2.4,2.7,↖️北西,北海道,札幌市,,0,64.0,20,69,8.3,5.0,1011.4,113.4,22,0,0
1989-04,7.3,2.7,↖️北北西,北海道,札幌市,,0,68.5,0,65,7.9,6.7,1008.6,163.2,5,0,0
1989-05,11.4,2.6,↘️南東,北海道,札幌市,,0,50.0,0,65,7.3,8.6,1007.8,215.4,0,1,1
1989-06,15.2,2.5,⬇️南南東,北海道,札幌市,,0,91.0,0,72,6.6,12.4,1009.3,220.7,0,0,0
1989-07,21.0,2.9,⬇️南南東,北海道,札幌市,,0,35.0,0,74,7.1,18.5,1010.8,205.9,0,0,0
1989-08,23.0,2.4,↖️北北西,北海道,札幌市,,0,146.5,0,71,6.7,19.9,1006.4,220.5,0,1,1
1989-09,18.4,2.1,↘️南東,北海道,札幌市,,0,165.0,0,72,7.8,15.7,1009.3,120.8,0,0,0
1989-10,11.8,2.2,⬇️南南東,北海道,札幌市,,0,67.0,0,68,6.9,9.7,1013.2,144.8,1,1,0
1989-11,6.6,2.0,↖️北西,北海道,札幌市,,0,103.5,4,67,7.3,6.7,1015.1,91.2,8,1,0
1989-12,-0.6,1.8,↖️北西,北海道,札幌市,,0,120.0,123,71,8.4,4.2,1011.5,88.1,28,0,0
1990-01,-4.9,1.8,↖️北西,北海道,札幌市,,0,138.0,196,69,7.0,3.1,1013.7,107.7,31,0,0
1990-02,-0.7,2.0,↘️南東,北海道,札幌市,,0,75.0,74,75,8.0,4.5,1021.0,95.7,23,0,0
1990-03,2.9,2.4,↖️北北西,北海道,札幌市,,0,77.5,14,61,6.0,4.6,1012.2,208.1,16,1,0
1990-04,7.9,2.9,↖️北北西,北海道,札幌市,,0,86.5,2,59,6.5,6.3,1009.1,198.7,5,1,0
1990-05,13.4,2.4,↖️北北西,北海道,札幌市,,0,25.0,0,66,6.8,9.9,1009.0,221.0,0,0,0
1990-06,17.7,2.4,↖️北北西,北海道,札幌市,,0,37.5,0,75,7.7,15.1,1006.6,160.5,0,2,1
1990-07,20.8,2.5,↘️東南東,北海道,札幌市,,0,48.5,0,75,6.9,18.4,1006.8,206.9,0,0,0
1990-08,23.1,2.2,↘️南東,北海道,札幌市,,0,137.5,0,77,7.5,21.6,1005.9,167.9,0,4,0
1990-09,18.7,1.8,⬇️南南東,北海道,札幌市,,0,123.5,0,73,7.4,16.2,1012.9,162.8,0,0,2
1990-10,13.0,1.8,↘️南東,北海道,札幌市,,0,87.0,0,69,5.1,10.5,1015.0,182.1,0,0,0
1990-11,7.5,2.1,⬇️南南東,北海道,札幌市,,0,73.0,15,66,7.1,7.1,1014.5,90.8,6,0,0
1990-12,1.9,1.8,⬇️南南東,北海道,札幌市,,0,158.0,146,71,8.1,5.1,1010.3,67.1,22,0,0
1991-01,-1.2,1.7,↖️北西,北海道,札幌市,,0,182.0,250,75,8.6,4.3,1009.5,83.0,29,1,0
1991-02,-2.8,2.0,↖️北北西,北海道,札幌市,,0,106.0,152,70,8.2,3.6,1009.7,97.0,25,0,1
1991-03,0.3,2.3,↖️北西,北海道,札幌市,,0,60.5,74,65,7.5,4.1,1014.0,120.6,26,1,0
1991-04,8.0,2.7,↘️南東,北海道,札幌市,,0,77.5,0,61,6.2,6.5,1011.9,178.9,2,0,1
1991-05,13.8,2.5,↖️北北西,北海道,札幌市,,0,23.0,0,59,6.0,9.2,1008.4,253.7,1,0,0
1991-06,18.8,2.3,↘️南東,北海道,札幌市,,0,28.0,0,72,6.8,15.6,1004.8,205.4,0,1,0
1991-07,20.2,2.5,↘️南東,北海道,札幌市,,0,76.5,0,76,8.3,18.0,1004.6,139.8,0,1,0
1991-08,21.5,2.1,↘️南東,北海道,札幌市,,0,108.0,0,75,6.5,19.2,1007.3,211.8,0,0,0
1991-09,18.4,1.9,↘️南東,北海道,札幌市,,0,56.0,0,71,6.3,15.1,1010.7,164.5,0,0,0
1991-10,12.7,1.8,⬇️南南東,北海道,札幌市,,0,84.0,0,69,7.1,10.4,1011.2,122.1,0,1,1
1991-11,4.7,1.8,↘️南東,北海道,札幌市,,0,54.0,4,69,7.3,6.1,1014.9,91.3,16,1,0
1991-12,-0.9,1.8,↖️西北西,北海道,札幌市,,0,117.0,135,69,8.0,4.2,1015.3,73.0,25,0,0
1992-01,-2.4,2.2,↘️南東,北海道,札幌市,,0,68.5,109,72,8.0,3.8,1012.8,62.8,30,0,1
1992-02,-2.5,2.5,↖️西北西,北海道,札幌市,,0,53.5,74,69,7.5,3.6,1008.3,117.0,24,1,0
1992-03,1.0,2.6,↖️北西,北海道,札幌市,,0,52.5,60,66,6.5,4.4,1016.8,151.6,21,1,0
1992-04,6.9,3.5,↘️南東,北海道,札幌市,,0,29.5,0,65,7.5,6.4,1007.3,149.5,7,0,0
1992-05,11.7,3.4,↖️北西,北海道,札幌市,,0,54.0,0,66,7.0,9.0,1007.5,195.9,1,0,0
1992-06,16.4,2.9,↘️東南東,北海道,札幌市,,0,25.5,0,74,7.2,13.7,1008.4,165.4,0,0,0
1992-07,20.7,2.8,↘️南東,北海道,札幌市,,0,45.0,0,75,7.5,18.3,1004.1,156.5,0,2,0
1992-08,21.1,2.7,↘️南東,北海道,札幌市,,0,170.0,0,77,7.8,19.4,1010.3,137.6,0,0,0
1992-09,16.2,2.8,↘️南東,北海道,札幌市,,0,274.0,0,76,7.1,14.2,1009.7,129.6,0,3,0
1992-10,11.6,2.2,↘️南東,北海道,札幌市,,0,111.0,0,73,6.0,9.9,1014.5,158.9,0,0,1
1992-11,4.8,2.7,↘️南東,北海道,札幌市,,0,114.0,43,67,6.9,5.9,1015.3,98.0,14,1,0
1992-12,0.1,2.5,↖️北西,北海道,札幌市,,0,92.5,90,69,7.9,4.5,1012.0,78.3,26,2,0
1993-01,-1.7,2.5,↖️西北西,北海道,札幌市,,0,98.0,117,71,8.3,3.9,1013.1,77.3,28,0,0
1993-02,-2.1,2.3,↖️北西,北海道,札幌市,,0,105.5,174,72,8.4,3.8,1008.1,66.9,28,0,0
1993-03,1.3,2.8,↖️北西,北海道,札幌市,,0,45.0,41,61,6.7,4.1,1011.3,148.2,24,0,0
1993-04,6.2,3.3,↖️北西,北海道,札幌市,,0,89.0,5,62,7.0,5.7,1007.1,164.0,13,0,0
1993-05,11.9,3.0,↖️北西,北海道,札幌市,,0,43.5,0,68,8.1,9.4,1008.8,171.7,0,0,0
1993-06,15.4,3.1,↖️北西,北海道,札幌市,,0,73.5,0,77,8.5,13.3,1005.8,125.9,0,1,0
1993-07,19.1,3.0,↘️東南東,北海道,札幌市,,0,36.0,0,70,7.8,15.3,1008.8,203.9,0,0,0
1993-08,20.0,2.7,↘️東南東,北海道,札幌市,,0,60.0,0,76,7.2,17.7,1007.4,175.1,0,1,0
1993-09,17.5,2.7,↘️南東,北海道,札幌市,,0,53.5,0,72,6.5,14.4,1011.1,141.1,0,1,0
1993-10,11.5,2.6,↘️南東,北海道,札幌市,,0,256.0,0,67,6.8,9.2,1012.4,142.1,0,4,0
1993-11,5.8,2.7,↘️南東,北海道,札幌市,,0,83.5,9,67,7.6,6.4,1016.3,96.4,14,0,0
1993-12,-0.1,2.6,⬅️西,北海道,札幌市,,0,122.0,62,68,8.5,4.3,1011.8,63.6,27,0,0
1994-01,-4.7,2.1,⬅️西,北海道,札幌市,,0,77.5,128,68,7.6,3.0,1011.8,129.0,29,0,0
1994-02,-1.3,3.2,↖️北西,北海道,札幌市,,0,222.5,226,71,8.4,4.0,1003.4,65.9,26,1,0
1994-03,-0.5,2.8,↖️北西,北海道,札幌市,,0,156.5,146,68,8.2,4.1,1012.0,112.2,28,0,0
1994-04,7.0,3.6,↖️北西,北海道,札幌市,,0,41.5,0,57,6.4,5.6,1008.7,200.4,4,0,0
1994-05,13.5,3.5,↘️南東,北海道,札幌市,,0,54.0,0,58,6.1,9.0,1005.6,230.3,0,0,1
1994-06,16.9,2.9,↖️北北西,北海道,札幌市,,0,5.5,0,70,6.5,13.4,1007.5,218.8,0,0,0
1994-07,22.2,2.9,↘️南東,北海道,札幌市,,0,41.0,0,74,7.0,19.7,1005.0,217.3,0,0,0
1994-08,24.8,2.5,↘️南東,北海道,札幌市,,0,104.5,0,74,7.2,23.2,1009.5,180.4,0,3,0
1994-09,19.8,2.3,↘️南東,北海道,札幌市,,0,313.5,0,75,7.6,17.3,1008.6,140.4,0,2,0
1994-10,12.4,2.4,⬇️南南東,北海道,札幌市,,0,127.5,0,67,5.9,9.7,1014.7,177.1,0,1,0
1994-11,5.4,2.7,↘️南東,北海道,札幌市,,0,90.5,38,67,7.1,6.2,1018.4,108.4,11,0,0
1994-12,-1.4,2.4,↖️西北西,北海道,札幌市,,0,96.0,107,68,8.0,3.9,1013.1,87.7,24,0,0
1995-01,-3.3,2.8,↖️北西,北海道,札幌市,,0,124.0,154,71,8.2,3.5,1008.8,90.1,30,1,0
1995-02,-2.3,2.4,↖️北西,北海道,札幌市,,0,59.5,66,70,6.8,3.7,1012.8,130.0,25,0,0
1995-03,0.9,2.7,⬇️南南東,北海道,札幌市,,0,50.0,29,66,6.7,4.4,1013.7,183.2,21,0,0
1995-04,7.3,3.4,↘️南東,北海道,札幌市,,0,107.0,0,64,7.7,6.6,1008.4,159.3,12,0,0
1995-05,13.3,3.2,↘️南東,北海道,札幌市,,0,50.5,0,68,7.3,10.3,1009.0,157.6,0,1,1
1995-06,15.6,2.8,↘️東南東,北海道,札幌市,,0,35.0,0,75,7.9,13.3,1008.1,146.2,0,0,0
1995-07,21.5,2.3,↘️南東,北海道,札幌市,,0,86.5,0,76,7.7,19.3,1004.9,136.0,0,0,2
1995-08,21.3,2.3,↘️南東,北海道,札幌市,,0,172.5,0,78,8.5,19.8,1007.4,109.7,0,1,0
1995-09,17.4,2.3,⬇️南南東,北海道,札幌市,,0,112.0,0,69,6.4,13.6,1008.0,171.8,0,1,0
1995-10,13.1,2.2,↘️南東,北海道,札幌市,,0,130.0,0,73,7.1,11.0,1013.1,128.8,0,2,0
1995-11,5.5,3.1,↖️西北西,北海道,札幌市,,0,133.0,30,66,8.3,6.1,1005.2,81.4,17,0,0
1995-12,0.0,2.5,↖️北西,北海道,札幌市,,0,180.5,256,70,7.9,4.4,1008.9,81.6,25,0,0
1996-01,-3.7,3.1,↖️北西,北海道,札幌市,,0,157.0,183,67,8.2,3.2,1007.7,81.4,29,1,0
1996-02,-3.4,2.2,↖️北西,北海道,札幌市,,0,77.5,138,66,8.1,3.3,1011.0,109.6,24,0,0
1996-03,0.5,2.9,↖️北西,北海道,札幌市,,0,73.0,61,62,7.6,4.0,1009.3,145.5,25,0,0
1996-04,5.8,2.9,↘️南東,北海道,札幌市,,0,30.0,12,59,7.7,5.4,1008.9,145.8,15,0,1
1996-05,10.5,3.3,↘️南東,北海道,札幌市,,0,88.0,0,72,8.0,9.1,1009.2,142.3,0,0,2
1996-06,15.7,3.1,↘️南東,北海道,札幌市,,0,29.0,0,71,7.6,12.7,1006.4,163.3,0,2,0
1996-07,20.4,2.8,↘️南東,北海道,札幌市,,0,88.5,0,76,9.1,18.2,1007.0,120.8,0,2,0
1996-08,20.9,3.0,↘️南東,北海道,札幌市,,0,85.5,0,71,7.1,17.6,1009.2,177.8,0,1,0
1996-09,18.2,2.8,↘️南東,北海道,札幌市,,0,124.5,0,71,7.6,14.9,1010.8,149.1,0,4,0
1996-10,11.5,2.6,↘️南東,北海道,札幌市,,0,153.0,3,68,7.0,9.5,1013.6,137.9,2,3,0
1996-11,4.1,2.6,⬇️南南東,北海道,札幌市,,0,96.0,35,63,8.1,5.3,1012.7,105.9,17,0,0
1996-12,-0.7,2.4,↖️北西,北海道,札幌市,,0,97.0,96,67,8.2,4.0,1012.0,89.6,28,0,0
1997-01,-2.5,2.2,↖️北西,北海道,札幌市,,0,49.5,35,68,7.8,3.5,1007.3,102.4,25,0,0
1997-02,-1.8,2.7,↖️北西,北海道,札幌市,,0,120.0,146,70,8.0,3.8,1010.0,99.4,26,0,0
1997-03,0.2,3.0,↖️北西,北海道,札幌市,,0,59.5,60,62,7.5,3.9,1012.2,160.9,24,0,0
1997-04,7.2,3.0,↖️北西,北海道,札幌市,,0,15.5,3,59,6.3,6.0,1009.6,191.8,9,0,0
1997-05,11.9,3.1,↘️南東,北海道,札幌市,,0,74.0,0,66,7.9,9.1,1006.7,159.1,0,1,0
1997-06,15.8,3.1,↖️北北西,北海道,札幌市,,0,21.0,0,76,7.4,13.8,1007.0,164.6,0,2,1
1997-07,22.0,2.6,↘️南東,北海道,札幌市,,0,81.0,0,73,7.2,19.3,1004.8,205.9,0,1,0
1997-08,20.5,2.3,↘️南東,北海道,札幌市,,0,188.0,0,77,8.2,18.6,1007.2,113.5,0,2,0
1997-09,17.1,2.5,↘️南東,北海道,札幌市,,0,131.0,0,70,7.0,13.6,1010.9,148.0,0,1,0
1997-10,10.8,2.6,⬇️南南東,北海道,札幌市,,0,82.5,0,68,6.5,9.0,1009.6,139.4,2,4,0
1997-11,7.1,2.6,⬇️南南東,北海道,札幌市,,0,117.0,1,69,7.2,7.1,1015.5,80.1,8,0,0
1997-12,0.4,2.3,↖️北西,北海道,札幌市,,0,76.0,69,67,8.3,4.3,1015.2,84.1,24,0,0
1998-01,-5.9,2.3,↖️西北西,北海道,札幌市,,0,108.5,156,67,7.9,2.7,1013.1,89.1,30,0,0
1998-02,-3.6,2.6,↘️南東,北海道,札幌市,,0,69.0,117,67,6.6,3.2,1015.6,123.0,23,0,0
1998-03,1.6,2.9,↖️北北西,北海道,札幌市,,0,83.0,63,64,6.6,4.4,1010.4,168.9,16,0,0
1998-04,9.0,3.4,↘️南東,北海道,札幌市,,0,28.5,2,63,5.9,7.3,1013.2,205.4,1,0,2
1998-05,13.5,3.0,↘️南東,北海道,札幌市,,0,58.0,0,64,6.5,9.7,1010.4,223.7,0,0,0
1998-06,15.5,3.3,↘️南東,北海道,札幌市,,0,83.0,0,74,7.4,13.2,1009.8,173.2,0,0,2
1998-07,20.3,2.4,↘️東南東,北海道,札幌市,,0,71.0,0,80,7.5,18.9,1006.8,150.2,0,1,0
1998-08,21.1,2.5,↘️南東,北海道,札幌市,,0,88.5,0,79,8.3,19.8,1007.6,99.9,0,0,1
1998-09,19.2,2.5,↘️南東,北海道,札幌市,,0,218.0,0,77,7.1,17.2,1011.3,145.1,0,0,0
1998-10,13.2,2.3,⬇️南南東,北海道,札幌市,,0,76.0,0,72,6.5,11.0,1013.5,153.7,0,0,0
1998-11,3.2,2.6,↖️北西,北海道,札幌市,,0,137.5,64,72,7.9,5.7,1010.5,92.7,18,0,2
1998-12,-1.7,2.3,↖️北西,北海道,札幌市,,0,134.0,159,74,8.4,4.1,1013.0,68.7,31,0,0
1999-01,-3.2,2.7,↖️北西,北海道,札幌市,,0,135.0,194,72,8.5,3.6,1006.9,62.1,30,0,0
1999-02,-3.6,2.5,↖️北西,北海道,札幌市,,0,84.0,112,71,8.2,3.5,1007.8,92.0,25,1,0
1999-03,-0.5,3.1,↖️北西,北海道,札幌市,,0,86.0,90,67,7.9,4.1,1011.7,116.1,24,0,0
1999-04,6.9,3.1,↘️南東,北海道,札幌市,,0,32.5,13,68,7.0,6.9,1010.8,160.3,7,0,3
1999-05,11.9,3.0,↖️北北西,北海道,札幌市,,0,93.5,0,69,7.0,9.5,1006.2,165.5,0,0,0
1999-06,17.8,2.7,↘️南東,北海道,札幌市,,0,32.5,0,71,7.2,14.2,1005.8,191.2,0,1,0
1999-07,22.1,2.4,↘️南東,北海道,札幌市,,0,154.5,0,81,8.1,21.8,1006.2,130.6,0,0,0
1999-08,24.9,2.6,↘️南東,北海道,札幌市,,0,103.0,0,78,6.8,24.5,1008.0,210.1,0,2,1
1999-09,19.7,2.4,⬇️南南東,北海道,札幌市,,0,107.5,0,74,7.1,17.1,1010.1,165.5,0,1,0
1999-10,11.9,2.6,⬇️南南東,北海道,札幌市,,0,80.5,0,73,7.1,10.4,1013.3,138.4,3,1,0
1999-11,5.5,2.3,↖️北西,北海道,札幌市,,0,75.5,29,69,7.5,6.4,1012.5,98.9,9,0,0
1999-12,-1.1,2.3,↖️北西,北海道,札幌市,,0,110.0,101,75,7.9,4.3,1011.1,81.3,31,1,1
2000-01,-3.1,2.2,⬇️南南東,北海道,札幌市,,0,131.5,202,79,8.4,4.0,1014.6,90.6,29,0,0
2000-02,-3.8,2.1,↖️北西,北海道,札幌市,,0,89.5,226,74,8.2,3.4,1007.2,121.7,28,0,0
2000-03,0.2,3.0,↖️北西,北海道,札幌市,,0,103.0,67,68,8.6,4.3,1005.5,129.1,28,1,0
2000-04,6.1,3.6,↖️北西,北海道,札幌市,,0,123.5,5,73,7.3,6.9,1005.9,139.4,9,0,0
2000-05,14.0,3.0,↘️南東,北海道,札幌市,,0,76.0,0,78,8.6,12.2,1008.6,146.0,0,1,1
2000-06,16.7,2.8,↖️北北西,北海道,札幌市,,0,50.5,0,79,7.3,15.0,1005.2,169.4,0,1,0
2000-07,22.2,2.6,↘️南東,北海道,札幌市,,0,194.0,0,83,8.4,22.3,1003.9,133.0,0,2,0
2000-08,23.9,2.5,↘️南東,北海道,札幌市,,0,103.5,0,77,7.2,22.8,1008.7,194.8,0,1,0
2000-09,18.6,2.4,⬇️南南東,北海道,札幌市,,0,307.0,0,78,8.0,16.6,1009.5,112.1,0,1,0
2000-10,11.6,2.4,⬇️南南東,北海道,札幌市,,0,24.5,0,64,6.6,9.1,1012.9,149.6,2,0,0
2000-11,3.9,2.7,↖️北西,北海道,札幌市,,0,140.0,113,65,7.6,5.5,1016.0,103.7,19,0,0
2000-12,-2.5,2.7,↖️北西,北海道,札幌市,,0,101.5,95,70,7.8,3.7,1010.3,94.3,30,0,0
2001-01,-5.7,2.2,⬇️南南東,北海道,札幌市,,0,71.0,128,68,7.3,2.8,1009.3,112.0,27,0,0
2001-02,-5.5,2.8,↖️西北西,北海道,札幌市,,0,64.0,92,63,8.0,2.7,1011.5,96.0,26,0,0
2001-03,0.2,3.0,↖️北西,北海道,札幌市,,0,83.0,64,65,7.9,4.1,1004.7,143.9,24,0,0
2001-04,8.3,3.1,↘️南東,北海道,札幌市,,0,28.0,2,59,6.1,6.4,1008.7,198.2,4,0,0
2001-05,13.4,2.8,↘️南東,北海道,札幌市,,0,17.0,0,66,6.7,9.9,1007.6,213.4,0,0,0
2001-06,16.7,2.7,↖️北北西,北海道,札幌市,,0,42.0,0,71,7.1,13.6,1004.1,194.4,0,3,1
2001-07,20.7,2.7,↘️南東,北海道,札幌市,,0,111.0,0,79,8.8,19.3,1005.1,122.9,0,1,1
2001-08,21.1,2.7,↘️南東,北海道,札幌市,,0,135.0,0,74,7.2,18.4,1008.5,208.2,0,0,0
2001-09,17.1,2.7,⬇️南南東,北海道,札幌市,,0,237.5,0,70,6.8,14.0,1011.6,144.3,0,0,0
2001-10,12.1,3.9,↖️北西,北海道,札幌市,,0,86.5,0,69,7.5,9.9,1014.4,128.5,0,1,0
2001-11,5.0,3.3,↖️北西,北海道,札幌市,,0,83.0,34,66,6.6,5.9,1010.6,98.6,16,1,0
2001-12,-3.4,3.4,⬅️西,北海道,札幌市,,0,167.0,200,66,7.9,3.2,1012.4,68.8,30,0,0
2002-01,-2.5,3.2,⬇️南南東,北海道,札幌市,,0,150.0,71,69,8.2,3.6,1007.4,75.6,30,0,0
2002-02,-0.6,3.2,↘️南東,北海道,札幌市,,0,60.5,73,67,6.7,4.0,1011.1,126.0,19,0,0
2002-03,2.5,4.0,↖️北西,北海道,札幌市,,0,45.0,37,61,7.1,4.5,1007.0,139.3,18,0,1
2002-04,9.6,4.6,⬇️南南東,北海道,札幌市,,0,30.5,0,60,6.7,7.1,1011.4,190.6,0,0,0
2002-05,13.6,3.9,↖️北西,北海道,札幌市,,0,41.0,0,61,6.6,9.3,1009.1,223.6,0,2,0
2002-06,15.9,3.9,↘️南東,北海道,札幌市,,0,64.5,0,70,7.7,12.6,1005.9,191.5,0,0,0
2002-07,20.5,3.5,↘️南東,北海道,札幌市,,0,128.0,0,79,8.4,19.0,1004.3,130.3,0,0,0
2002-08,20.1,4.2,↘️南東,北海道,札幌市,,0,102.5,0,79,8.8,18.5,1006.7,105.2,0,0,0
2002-09,17.7,2.9,↘️南東,北海道,札幌市,,0,87.5,0,68,6.7,13.8,1011.7,176.2,0,1,1
2002-10,12.0,3.7,⬇️南南東,北海道,札幌市,,0,149.0,0,65,7.1,9.5,1010.2,126.5,2,3,0
2002-11,2.8,3.4,⬇️南南東,北海道,札幌市,,0,165.0,25,68,8.1,5.2,1008.0,82.3,20,2,0
2002-12,-3.0,3.4,⬅️西,北海道,札幌市,,0,77.5,112,61,7.3,3.1,1014.4,107.4,25,0,0
2003-01,-3.6,3.6,↖️北西,北海道,札幌市,,0,104.0,144,67,7.8,3.3,1008.0,102.4,29,0,0
2003-02,-3.5,2.7,↘️南東,北海道,札幌市,,0,59.5,120,70,7.6,3.4,1014.0,108.2,25,0,0
2003-03,0.7,4.0,↖️北西,北海道,札幌市,,0,65.0,64,63,7.5,4.1,1012.1,156.7,22,1,0
2003-04,8.2,3.6,↖️北西,北海道,札幌市,,0,61.0,0,63,6.9,6.7,1009.8,161.4,3,0,0
2003-05,12.9,4.3,↘️南東,北海道,札幌市,,0,31.0,0,61,5.9,9.1,1011.8,228.7,0,0,2
2003-06,17.1,3.8,↘️南東,北海道,札幌市,,0,68.5,0,70,6.5,13.5,1005.0,219.0,0,1,2
2003-07,17.7,4.2,↘️南東,北海道,札幌市,,0,29.0,0,71,7.4,14.2,1009.0,185.9,0,0,0
2003-08,20.7,3.4,↘️南東,北海道,札幌市,,0,90.5,0,75,7.9,18.2,1007.2,151.0,0,2,1
2003-09,17.5,3.4,↘️南東,北海道,札幌市,,0,110.5,0,72,6.9,14.3,1010.4,147.3,0,0,0
2003-10,11.6,3.3,↘️南東,北海道,札幌市,,0,149.5,0,68,6.6,9.3,1011.3,136.5,0,1,0
2003-11,6.2,3.6,⬇️南南東,北海道,札幌市,,0,64.0,2,65,7.2,6.5,1016.8,105.6,12,1,0
2003-12,0.0,3.2,↖️北西,北海道,札幌市,,0,83.5,67,67,8.0,4.1,1008.2,84.4,24,0,0
2004-01,-2.5,3.3,↘️南東,北海道,札幌市,,0,139.0,156,70,7.8,3.6,1008.8,86.8,31,3,0
2004-02,-1.3,3.7,⬇️南南東,北海道,札幌市,,0,158.5,131,69,8.3,3.9,1006.3,106.5,27,0,0
2004-03,0.7,3.8,↘️南東,北海道,札幌市,,0,42.5,30,64,7.3,4.2,1010.4,139.5,22,0,1
2004-04,6.6,4.3,↖️北西,北海道,札幌市,,0,28.5,11,55,7.2,5.3,1006.1,168.8,10,0,0
2004-05,13.8,4.5,⬇️南南東,北海道,札幌市,,0,76.0,0,63,7.6,9.9,1006.9,174.5,0,1,0
2004-06,18.5,3.2,↘️南東,北海道,札幌市,,0,58.0,0,64,7.3,13.5,1006.3,188.1,0,2,0
2004-07,21.3,3.3,↘️南東,北海道,札幌市,,0,70.5,0,75,7.9,19.0,1004.7,162.8,0,2,0
2004-08,21.9,3.3,⬇️南南東,北海道,札幌市,,0,128.0,0,70,7.4,18.7,1005.9,169.6,0,2,0
2004-09,18.4,3.4,⬇️南南東,北海道,札幌市,,0,126.5,0,68,6.9,14.1,1012.3,150.1,0,0,0
2004-10,12.5,3.2,↘️南東,北海道,札幌市,,0,46.0,8,63,7.0,9.4,1014.8,140.3,3,0,0
2004-11,7.2,3.6,⬇️南南東,北海道,札幌市,,0,85.0,18,66,6.8,7.1,1013.0,110.7,10,0,0
2004-12,-0.8,3.3,↖️北西,北海道,札幌市,,0,172.0,110,67,8.2,4.1,1012.6,70.7,29,2,0
2005-01,-3.5,3.0,⬇️南南東,北海道,札幌市,,0,153.5,237,71,8.5,3.5,1006.5,71.5,29,1,0
2005-02,-3.9,3.7,↖️北西,北海道,札幌市,,0,120.5,139,70,8.4,3.3,1010.1,95.3,28,0,0
2005-03,0.1,3.9,↖️北西,北海道,札幌市,,0,124.0,95,66,7.9,4.1,1006.6,134.6,26,0,0
2005-04,6.2,4.8,↖️北西,北海道,札幌市,,0,55.0,10,65,7.8,6.1,1008.2,123.2,9,2,0
2005-05,10.7,4.2,⬇️南南東,北海道,札幌市,,0,62.0,0,65,7.5,8.3,1007.5,176.9,0,0,0
2005-06,18.3,3.8,↘️南東,北海道,札幌市,,0,51.0,0,69,7.4,14.4,1004.2,194.9,0,0,1
2005-07,20.1,3.6,↘️南東,北海道,札幌市,,0,119.0,0,75,8.4,17.6,1004.9,156.9,0,0,0
2005-08,23.5,3.5,↘️南東,北海道,札幌市,,0,114.0,0,72,6.5,21.0,1006.2,201.2,0,3,0
2005-09,18.8,3.1,⬇️南南東,北海道,札幌市,,0,126.0,0,69,6.5,14.9,1012.8,158.3,0,1,0
2005-10,13.2,3.1,⬇️南南東,北海道,札幌市,,0,72.0,0,64,5.9,9.8,1012.8,169.0,0,1,0
2005-11,5.5,3.1,⬇️南南東,北海道,札幌市,,0,150.5,4,66,6.7,6.2,1009.4,106.2,17,3,0
2005-12,-2.6,2.8,↖️北西,北海道,札幌市,,0,89.0,147,65,7.5,3.3,1005.5,112.5,27,0,0
2006-01,-4.1,3.5,↖️北西,北海道,札幌市,,0,132.0,189,70,8.6,3.2,1010.9,66.8,30,0,0
2006-02,-2.7,3.6,⬇️南南東,北海道,札幌市,,0,89.0,104,66,7.9,3.5,1013.4,89.3,23,0,0
2006-03,1.3,4.3,↖️北西,北海道,札幌市,,0,116.5,104,66,8.5,4.5,1004.1,113.0,26,1,0
2006-04,5.2,4.5,↖️北北西,北海道,札幌市,,0,95.0,26,66,8.1,5.8,1007.2,121.0,12,0,0
2006-05,12.9,4.2,↖️北北西,北海道,札幌市,,0,45.0,0,59,6.8,8.6,1009.5,234.8,0,0,2
2006-06,15.7,4.6,↘️南東,北海道,札幌市,,0,77.0,0,75,8.0,13.4,1007.2,150.3,0,2,2
2006-07,20.6,3.7,↘️南東,北海道,札幌市,,0,106.5,0,71,7.7,17.1,1005.4,201.3,0,3,0
2006-08,24.3,4.2,↘️南東,北海道,札幌市,,0,36.5,0,72,7.5,21.8,1006.6,201.3,0,2,0
2006-09,18.5,3.6,⬇️南南東,北海道,札幌市,,0,57.5,0,65,6.1,13.9,1011.6,189.2,0,0,0
2006-10,11.7,3.7,⬇️南南東,北海道,札幌市,,0,90.5,0,65,6.0,9.3,1014.3,170.0,0,3,0
2006-11,6.2,3.4,⬇️南南東,北海道,札幌市,,0,182.0,25,69,8.4,6.9,1011.5,96.7,12,1,0
2006-12,-0.5,2.8,↖️北西,北海道,札幌市,,0,118.0,136,70,7.6,4.2,1015.0,91.7,27,0,0
2007-01,-1.8,3.1,↖️北西,北海道,札幌市,,0,112.0,134,71,8.4,3.9,1014.2,71.6,28,0,0
2007-02,-1.5,3.8,↖️北西,北海道,札幌市,,0,111.5,153,71,7.6,3.9,1010.9,75.5,26,0,0
2007-03,0.9,3.6,⬇️南南東,北海道,札幌市,,0,91.0,91,67,7.9,4.4,1009.1,129.2,27,1,0
2007-04,6.3,3.4,⬇️南南東,北海道,札幌市,,0,57.5,4,63,6.7,5.8,1010.3,174.3,10,0,0
2007-05,12.5,4.3,↖️北北西,北海道,札幌市,,0,87.0,0,68,8.0,9.7,1003.6,184.0,0,1,0
2007-06,18.8,3.4,↖️北北西,北海道,札幌市,,0,38.0,0,71,6.2,15.3,1006.4,223.4,0,3,0
2007-07,19.6,4.2,↘️南東,北海道,札幌市,,0,45.0,0,69,7.2,15.7,1004.0,228.8,0,2,0
2007-08,23.5,2.6,↘️南東,北海道,札幌市,,0,65.5,0,71,7.0,20.4,1006.4,165.7,0,1,0
2007-09,19.1,3.1,⬇️南南東,北海道,札幌市,,0,193.5,0,72,7.9,16.1,1010.4,125.1,0,1,0
2007-10,11.7,2.9,⬇️南南東,北海道,札幌市,,0,66.5,0,67,5.8,9.2,1013.5,150.0,0,2,0
2007-11,3.9,3.4,↖️北西,北海道,札幌市,,0,75.0,10,63,6.5,5.3,1012.6,118.5,14,0,0
2007-12,-0.6,2.8,↖️北西,北海道,札幌市,,0,86.0,63,65,8.2,3.9,1010.9,84.0,30,0,0
2008-01,-4.3,3.1,↖️北西,北海道,札幌市,,0,111.0,184,66,8.4,3.0,1012.3,91.6,30,0,0
2008-02,-3.4,3.7,↖️北西,北海道,札幌市,,0,111.0,145,69,7.3,3.4,1009.3,108.8,24,1,0
2008-03,3.3,3.2,↖️北北西,北海道,札幌市,,0,32.0,21,67,7.0,5.2,1012.2,162.2,8,0,1
2008-04,9.4,3.9,↖️北北西,北海道,札幌市,,0,6.0,0,58,6.1,6.8,1011.5,192.4,2,0,0
2008-05,12.4,4.6,⬇️南南東,北海道,札幌市,,0,65.5,0,68,7.2,9.8,1008.5,185.4,0,3,0
2008-06,17.0,3.2,↘️南東,北海道,札幌市,,0,40.0,0,71,7.0,13.7,1007.7,193.8,0,0,0
2008-07,21.4,3.8,↘️南東,北海道,札幌市,,0,63.5,0,75,7.7,19.1,1005.8,146.7,0,1,0
2008-08,21.2,3.6,↘️南東,北海道,札幌市,,0,56.0,0,71,6.7,18.0,1007.0,188.1,0,1,0
2008-09,19.2,3.1,⬇️南南東,北海道,札幌市,,0,30.5,0,65,5.4,14.8,1008.3,202.9,0,1,0
2008-10,12.9,3.4,⬇️南南東,北海道,札幌市,,0,99.5,0,66,6.1,10.0,1013.4,161.1,0,1,0
2008-11,4.6,3.1,↖️北西,北海道,札幌市,,0,86.0,32,68,7.0,5.9,1011.2,125.2,11,2,0
2008-12,0.8,3.7,↖️北西,北海道,札幌市,,0,142.0,116,71,8.1,4.9,1010.6,86.3,24,1,0
2009-01,-1.3,3.3,⬇️南南東,北海道,札幌市,,0,103.0,99,70,8.2,4.0,1012.7,85.9,28,1,0
2009-02,-2.2,4.0,↖️北西,北海道,札幌市,,0,143.0,174,70,8.7,3.7,1009.2,68.0,27,0,0
2009-03,1.5,4.1,⬇️南南東,北海道,札幌市,,0,79.0,69,65,8.0,4.6,1009.3,113.5,23,0,0
2009-04,7.7,4.1,↖️北北西,北海道,札幌市,,0,58.0,2,57,6.3,5.9,1009.2,224.4,3,0,0
2009-05,13.9,4.2,↘️南東,北海道,札幌市,,0,42.5,0,61,5.9,9.4,1007.3,255.7,0,0,1
2009-06,17.5,4.1,↘️南東,北海道,札幌市,,0,50.0,0,72,8.0,14.1,1004.6,133.1,0,0,1
2009-07,19.7,3.1,↖️北北西,北海道,札幌市,,0,187.5,0,79,8.9,18.2,1003.4,82.6,0,2,0
2009-08,21.5,3.2,↘️南東,北海道,札幌市,,0,63.0,0,73,8.1,18.8,1007.0,156.3,0,0,0
2009-09,17.8,3.3,⬇️南南東,北海道,札幌市,,0,35.5,0,67,5.8,13.6,1010.2,183.0,0,0,0
2009-10,12.5,3.7,⬇️南南東,北海道,札幌市,,0,125.0,0,65,7.0,9.5,1010.2,127.0,0,2,0
2009-11,5.1,3.1,⬇️南南東,北海道,札幌市,,0,154.0,8,69,7.6,6.3,1015.4,75.7,13,0,0
2009-12,-0.7,3.0,⬇️南南東,北海道,札幌市,,0,106.5,98,68,7.9,4.0,1009.2,99.2,26,2,0
2010-01,-2.0,3.3,↖️北西,北海道,札幌市,,0,112.0,154,68,8.3,3.7,1006.7,82.8,30,0,0
2010-02,-3.2,3.6,↖️北西,北海道,札幌市,,0,59.5,99,66,8.1,3.3,1012.4,92.6,25,1,0
2010-03,-0.1,3.9,↖️北西,北海道,札幌市,,0,79.5,123,65,8.3,4.0,1012.0,114.5,28,1,0
2010-04,5.5,4.5,⬇️南南東,北海道,札幌市,,0,67.5,3,63,8.3,5.7,1013.0,124.3,7,0,0
2010-05,12.2,4.5,↖️北北西,北海道,札幌市,,0,44.5,0,65,7.5,9.1,1008.4,186.7,0,0,0
2010-06,19.2,2.6,↖️北北西,北海道,札幌市,,0,73.0,0,72,7.4,16.0,1007.5,222.7,0,1,0
2010-07,22.1,3.0,↖️北北西,北海道,札幌市,,0,143.5,0,79,9.2,21.1,1005.5,73.9,0,4,0
2010-08,24.8,2.6,⬇️南南東,北海道,札幌市,,0,213.5,0,73,8.1,22.6,1008.7,158.4,0,4,0
2010-09,20.0,3.4,⬇️南南東,北海道,札幌市,,0,92.0,0,65,6.7,15.7,1009.4,181.3,0,0,0
2010-10,12.2,3.1,⬇️南南東,北海道,札幌市,,0,130.5,9,68,6.8,10.0,1014.7,144.4,2,2,0
2010-11,5.9,3.3,⬇️南南東,北海道,札幌市,,0,194.5,25,69,7.2,6.6,1010.8,89.5,6,3,0
2010-12,0.6,3.4,⬇️南南東,北海道,札幌市,,0,115.0,58,70,8.3,4.7,1004.5,55.8,23,0,0
2011-01,-3.8,3.1,↖️西北西,北海道,札幌市,,0,120.0,172,66,8.4,3.1,1006.4,115.5,29,1,0
2011-02,-1.1,3.4,↘️南東,北海道,札幌市,,0,69.5,111,67,6.8,3.9,1013.0,140.8,21,0,0
2011-03,0.7,3.3,↖️北西,北海道,札幌市,,0,60.5,101,60,7.5,3.8,1008.6,159.7,25,1,0
2011-04,6.9,4.0,⬇️南南東,北海道,札幌市,,0,69.5,14,62,7.2,6.2,1007.2,164.6,5,0,0
2011-05,11.1,4.0,↖️北北西,北海道,札幌市,,0,56.5,0,71,8.1,9.4,1007.6,158.6,0,0,0
2011-06,17.3,3.3,↖️北北西,北海道,札幌市,,0,43.0,0,73,8.1,14.4,1004.3,164.6,0,1,0
2011-07,21.8,2.9,↘️南東,北海道,札幌市,,0,129.0,0,78,8.4,20.2,1005.7,170.2,0,0,2
2011-08,23.6,2.9,↘️南東,北海道,札幌市,,0,109.0,0,72,7.1,20.8,1007.1,214.4,0,1,0
2011-09,19.2,3.3,⬇️南南東,北海道,札幌市,,0,257.5,0,75,7.8,17.0,1009.4,127.4,0,0,0
2011-10,12.1,3.1,↘️南東,北海道,札幌市,,0,146.0,0,69,6.4,9.8,1012.7,129.9,0,3,1
2011-11,6.0,3.0,⬇️南南東,北海道,札幌市,,0,86.0,32,68,7.3,6.5,1014.2,116.5,12,1,0
2011-12,-2.0,3.1,↖️北西,北海道,札幌市,,0,107.0,106,68,7.5,3.7,1011.0,91.4,30,1,0
2012-01,-4.5,3.2,↖️北西,北海道,札幌市,,0,71.5,99,67,7.3,3.0,1011.7,131.5,30,0,0
2012-02,-4.4,3.2,↖️西北西,北海道,札幌市,,0,57.0,81,64,7.7,2.9,1010.4,133.8,28,0,0
2012-03,0.1,3.4,↖️北北西,北海道,札幌市,,0,44.5,62,66,8.3,4.1,1010.7,143.6,24,0,0
2012-04,7.0,4.2,↘️南東,北海道,札幌市,,0,34.5,19,66,7.5,6.7,1009.8,166.2,9,0,0
2012-05,13.0,4.0,↖️北北西,北海道,札幌市,,0,83.5,0,71,7.7,10.6,1008.1,207.2,0,1,0
2012-06,17.1,3.3,↘️南東,北海道,札幌市,,0,51.5,0,72,6.8,13.8,1008.2,215.6,0,0,0
2012-07,21.8,3.3,↘️南東,北海道,札幌市,,0,81.5,0,74,7.9,19.3,1004.9,205.6,0,1,0
2012-08,23.4,3.4,↘️南東,北海道,札幌市,,0,121.0,0,76,8.2,21.9,1009.0,146.7,0,0,0
2012-09,22.4,3.2,⬇️南南東,北海道,札幌市,,0,191.0,0,74,7.1,20.0,1011.8,166.2,0,4,0
2012-10,13.0,3.5,⬇️南南東,北海道,札幌市,,0,115.0,0,69,6.8,10.4,1011.1,153.2,0,3,0
2012-11,5.5,3.4,↖️北西,北海道,札幌市,,0,219.0,13,73,8.7,6.8,1008.0,79.5,13,3,0
2012-12,-2.3,3.3,↖️北西,北海道,札幌市,,0,209.0,212,69,8.6,3.7,1009.2,70.5,30,2,0
2013-01,-4.7,3.3,↖️北西,北海道,札幌市,,0,101.5,125,67,8.3,3.0,1011.8,111.2,30,0,0
2013-02,-4.0,3.3,⬇️南南東,北海道,札幌市,,0,117.0,168,68,7.9,3.2,1010.7,111.1,28,0,0
2013-03,0.0,4.2,⬇️南南東,北海道,札幌市,,0,108.0,105,67,8.6,4.2,1006.7,116.1,27,1,0
2013-04,6.3,4.5,⬇️南南東,北海道,札幌市,,0,115.0,5,64,8.3,6.1,1004.7,128.1,9,0,0
2013-05,11.3,4.1,↖️北北西,北海道,札幌市,,0,61.5,0,72,8.1,9.6,1008.4,142.1,1,0,0
2013-06,17.6,3.2,↖️北北西,北海道,札幌市,,0,62.0,0,76,5.8,15.1,1007.2,233.2,0,0,0
2013-07,22.5,4.0,⬇️南南東,北海道,札幌市,,0,54.5,0,75,7.1,20.2,1005.4,215.4,0,1,0
2013-08,23.1,3.4,⬇️南南東,北海道,札幌市,,0,183.5,0,79,8.3,22.4,1002.4,142.0,0,6,0
2013-09,18.8,3.2,⬇️南南東,北海道,札幌市,,0,173.0,0,73,7.6,16.1,1011.7,149.6,0,3,0
2013-10,12.9,3.4,⬇️南南東,北海道,札幌市,,0,131.0,0,71,7.4,10.8,1014.9,125.2,0,2,0
2013-11,6.3,3.1,⬇️南南東,北海道,札幌市,,0,116.0,20,68,7.7,6.6,1008.4,98.7,12,0,0
2013-12,0.8,3.1,↖️北西,北海道,札幌市,,0,124.0,101,70,8.2,4.6,1006.9,75.2,25,1,0
2014-01,-4.1,3.3,↖️北西,北海道,札幌市,,0,111.5,148,69,8.1,3.2,1010.6,87.8,31,0,0
2014-02,-3.5,3.4,↖️北西,北海道,札幌市,,0,89.0,118,69,7.1,3.3,1015.6,118.8,26,2,0
2014-03,0.5,3.4,↖️北北西,北海道,札幌市,,0,64.0,84,68,7.6,4.4,1009.6,155.5,22,0,0
2014-04,7.3,3.9,↖️北西,北海道,札幌市,,0,24.0,7,53,5.0,5.2,1010.5,257.8,5,0,0
2014-05,14.0,4.1,↘️南東,北海道,札幌市,,0,60.0,0,65,7.6,10.3,1005.0,207.7,0,0,0
2014-06,18.7,4.0,↘️南東,北海道,札幌市,,0,99.0,0,73,7.3,15.3,1005.5,182.4,0,0,0
2014-07,22.5,3.4,↖️北北西,北海道,札幌市,,0,76.5,0,70,7.2,18.8,1004.7,214.3,0,1,0
2014-08,22.4,3.1,↘️南東,北海道,札幌市,,0,217.5,0,73,7.2,19.7,1006.8,178.9,0,1,0
2014-09,18.1,3.3,↘️南東,北海道,札幌市,,0,146.0,0,68,6.5,14.0,1009.2,188.8,0,3,0
2014-10,11.3,3.2,⬇️南南東,北海道,札幌市,,0,124.0,0,64,6.4,8.7,1013.8,145.4,1,1,0
2014-11,6.1,3.2,⬇️南南東,北海道,札幌市,,0,64.0,32,66,7.1,6.4,1012.8,109.0,8,1,0
2014-12,-1.3,3.1,⬇️南南東,北海道,札幌市,,0,128.0,130,67,8.4,3.9,1005.7,66.3,28,2,0
2015-01,-1.5,3.8,↖️北西,北海道,札幌市,,0,143.5,127,70,8.6,3.9,1008.7,102.5,27,0,0
2015-02,-0.8,4.4,↖️北北西,北海道,札幌市,,0,59.5,39,68,8.2,4.0,1009.7,95.4,24,0,0
2015-03,3.8,3.5,⬇️南南東,北海道,札幌市,,0,125.5,39,67,7.5,5.3,1009.6,144.0,17,0,0
2015-04,8.7,4.2,⬇️南南東,北海道,札幌市,,0,90.0,0,59,6.0,6.6,1011.9,220.4,3,1,0
2015-05,14.2,4.4,⬇️南南東,北海道,札幌市,,0,37.0,0,56,6.3,8.9,1003.9,263.2,0,2,0
2015-06,16.7,3.7,↘️南東,北海道,札幌市,,0,66.5,0,73,7.9,13.7,1005.4,151.4,0,1,0
2015-07,21.3,3.1,↖️北北西,北海道,札幌市,,0,64.0,0,73,7.8,18.8,1005.0,175.0,0,0,0
2015-08,22.4,3.0,↘️南東,北海道,札幌市,,0,131.5,0,73,8.3,20.0,1008.0,158.6,0,2,0
2015-09,18.4,2.8,⬇️南南東,北海道,札幌市,,0,198.0,0,71,7.1,15.0,1010.4,151.8,0,5,0
2015-10,10.8,4.0,⬇️南南東,北海道,札幌市,,0,98.0,0,61,6.2,8.0,1009.1,150.9,2,2,0
2015-11,5.4,2.8,↖️北北西,北海道,札幌市,,0,137.0,49,67,7.7,6.1,1018.7,108.2,9,0,0
2015-12,0.8,2.9,⬇️南南東,北海道,札幌市,,0,124.0,101,68,7.9,4.6,1013.1,91.6,21,1,0
2016-01,-3.5,2.7,↖️西北西,北海道,札幌市,,0,74.0,98,65,8.3,3.1,1010.8,88.2,31,0,0
2016-02,-2.3,3.5,↖️北西,北海道,札幌市,,0,109.5,113,66,8.2,3.6,1012.6,99.3,26,2,1
2016-03,2.1,3.7,↖️北北西,北海道,札幌市,,0,60.5,67,63,6.4,4.5,1013.5,164.1,21,1,0
2016-04,7.8,4.4,↖️北北西,北海道,札幌市,,0,58.5,0,58,7.1,6.0,1009.0,174.9,4,0,0
2016-05,14.9,4.3,⬇️南南東,北海道,札幌市,,0,40.5,0,58,7.0,9.6,1008.5,229.5,0,1,0
2016-06,16.3,4.4,⬇️南南東,北海道,札幌市,,0,112.5,0,73,7.9,13.6,1006.3,157.7,0,1,0
2016-07,20.7,3.9,↘️南東,北海道,札幌市,,0,118.5,0,75,7.4,18.2,1006.8,211.1,0,0,0
2016-08,23.9,3.4,⬇️南南東,北海道,札幌市,,0,279.0,0,73,6.3,21.7,1004.0,225.3,0,3,0
2016-09,19.4,3.0,⬇️南南東,北海道,札幌市,,0,107.0,0,72,7.7,16.3,1011.8,155.0,0,1,0
2016-10,10.6,3.8,↖️西北西,北海道,札幌市,,0,78.0,4,58,7.0,7.8,1012.0,145.0,6,2,0
2016-11,2.1,3.6,↖️北西,北海道,札幌市,,0,115.5,39,65,8.2,4.9,1014.3,89.6,22,0,1
2016-12,-1.0,3.1,↖️北西,北海道,札幌市,,0,206.5,198,69,7.7,4.0,1012.0,78.8,25,0,0
2017-01,-3.9,2.4,↖️北北西,北海道,札幌市,,0,72.5,106,70,8.2,3.3,1010.4,77.2,29,0,0
2017-02,-2.0,3.8,↖️北西,北海道,札幌市,,0,57.5,88,66,8.5,3.6,1008.2,87.0,22,0,0
2017-03,1.4,3.4,↖️北北西,北海道,札幌市,,0,75.5,73,64,6.8,4.3,1010.2,184.1,21,0,0
2017-04,7.7,4.2,↘️南東,北海道,札幌市,,0,65.5,4,59,6.7,6.2,1006.3,193.2,5,1,0
2017-05,14.4,3.5,↘️南東,北海道,札幌市,,0,57.5,0,62,7.1,10.0,1007.6,212.4,0,0,1
2017-06,16.0,3.4,↖️北北西,北海道,札幌市,,0,168.5,0,72,7.8,13.0,1004.5,165.8,0,1,1
2017-07,22.9,2.8,↖️北北西,北海道,札幌市,,0,75.5,0,73,7.0,20.0,1004.5,200.8,0,0,0
2017-08,21.7,3.1,↘️南東,北海道,札幌市,,0,78.5,0,70,7.8,18.0,1006.0,184.4,0,0,0
2017-09,17.7,3.1,⬇️南南東,北海道,札幌市,,0,187.0,0,67,6.2,13.5,1007.7,183.3,0,4,0
2017-10,11.3,3.6,↘️南東,北海道,札幌市,,0,114.0,0,63,6.9,8.6,1015.7,152.9,3,2,0
2017-11,4.3,3.6,⬇️南南東,北海道,札幌市,,0,129.0,62,66,7.6,5.7,1010.5,94.0,15,0,0
2017-12,-2.0,2.7,↖️北西,北海道,札幌市,,0,77.0,102,67,8.0,3.6,1009.0,84.8,29,0,0
2018-01,-2.6,2.9,⬇️南南東,北海道,札幌市,,0,99.5,147,66,8.1,3.5,1006.9,88.4,30,1,0
2018-02,-4.2,2.7,⬇️南南東,北海道,札幌市,,0,43.0,78,65,7.1,3.0,1010.8,115.3,26,0,0
2018-03,2.4,4.1,↖️北西,北海道,札幌市,,0,115.5,74,62,7.6,4.6,1011.9,159.1,19,0,0
2018-04,8.2,3.6,↖️北北西,北海道,札幌市,,0,36.5,2,57,7.1,6.1,1009.1,184.1,9,0,0
2018-05,13.4,3.4,↖️北北西,北海道,札幌市,,0,66.0,0,63,7.3,9.5,1007.3,205.4,0,0,1
2018-06,16.6,4.0,↘️南東,北海道,札幌市,,0,141.5,0,69,8.4,12.9,1005.4,160.1,0,1,0
2018-07,21.4,2.9,↘️南東,北海道,札幌市,,0,155.5,0,77,8.0,20.0,1007.1,177.4,0,2,1
2018-08,21.2,3.2,↘️南東,北海道,札幌市,,0,228.5,0,79,8.6,19.8,1006.1,123.4,0,3,0
2018-09,18.9,3.5,⬇️南南東,北海道,札幌市,,0,49.5,0,69,7.0,15.1,1010.5,184.4,0,1,0
2018-10,13.0,3.1,⬇️南南東,北海道,札幌市,,0,187.0,0,72,5.7,10.8,1011.4,161.4,0,1,0
2018-11,6.4,2.9,⬇️南南東,北海道,札幌市,,0,73.0,18,71,7.5,7.0,1015.7,106.8,9,0,0
2018-12,-1.0,3.2,↖️北西,北海道,札幌市,,0,86.5,106,73,7.8,4.3,1012.6,75.8,28,0,0
2019-01,-3.0,3.6,↖️北西,北海道,札幌市,,0,86.0,125,70,8.1,3.5,1009.5,102.5,30,0,0
2019-02,-2.6,3.2,↖️西北西,北海道,札幌市,,0,32.5,52,65,7.4,3.4,1012.4,114.1,25,0,0
2019-03,2.5,3.8,↖️北西,北海道,札幌市,,0,39.0,33,65,7.4,4.8,1007.7,157.3,20,0,0
2019-04,8.0,3.5,↖️北西,北海道,札幌市,,0,30.5,1,59,6.0,6.1,1007.8,223.4,6,1,0
2019-05,15.7,3.9,↘️南東,北海道,札幌市,,0,29.5,0,61,5.4,10.6,1007.1,270.8,0,0,0
2019-06,17.4,3.5,↘️南東,北海道,札幌市,,0,71.0,0,73,7.3,14.3,1005.2,193.1,0,2,0
2019-07,21.7,4.0,↘️南東,北海道,札幌市,,0,31.5,0,76,7.5,19.9,1006.5,185.1,0,1,0
2019-08,22.5,3.8,↘️南東,北海道,札幌市,,0,144.5,0,78,7.9,21.4,1005.6,164.6,0,0,0
2019-09,19.3,2.9,↘️南東,北海道,札幌市,,0,108.5,0,70,6.1,15.9,1011.6,208.5,0,0,0
2019-10,13.3,3.2,↘️南東,北海道,札幌市,,0,97.0,0,70,6.1,10.9,1014.3,158.6,0,0,0
2019-11,3.9,3.6,↖️北西,北海道,札幌市,,0,82.0,44,66,7.2,5.5,1012.9,121.5,17,1,0
2019-12,-0.8,3.3,↖️北西,北海道,札幌市,,0,62.0,54,71,8.1,4.3,1013.8,88.2,25,0,0
2020-01,-2.3,2.9,↖️北西,北海道,札幌市,,0,51.5,85,71,8.1,3.7,1013.8,93.8,26,0,0
2020-02,-2.1,2.8,↖️北西,北海道,札幌市,,0,157.0,195,73,8.4,4.0,1014.2,99.6,25,0,0
2020-03,3.3,3.5,↖️北西,北海道,札幌市,,0,107.5,49,67,7.3,5.1,1008.8,174.2,18,1,1
2020-04,6.8,3.9,↖️北北西,北海道,札幌市,,0,52.5,0,65,7.2,6.3,1008.7,187.3,7,0,0
2020-05,13.7,3.6,↘️南東,北海道,札幌市,,0,45.5,0,66,7.0,10.2,1006.8,205.3,0,3,0
2020-06,18.3,3.8,↘️南東,北海道,札幌市,,0,51.5,0,73,8.3,15.1,1004.1,142.4,0,2,1
2020-07,21.2,3.2,↘️南東,北海道,札幌市,,0,56.5,0,77,7.3,19.2,1006.4,200.0,0,0,0
2020-08,23.3,3.4,↘️南東,北海道,札幌市,,0,124.0,0,76,7.0,21.8,1006.9,189.5,0,0,0
2020-09,20.1,3.4,↘️南東,北海道,札幌市,,0,53.5,0,76,8.0,18.2,1011.7,140.1,0,0,0
2020-10,13.1,3.3,⬇️南南東,北海道,札幌市,,0,66.0,0,69,6.6,10.5,1012.7,152.9,0,0,0
2020-11,6.3,3.3,⬇️南南東,北海道,札幌市,,0,113.0,19,69,8.1,6.9,1013.4,84.0,13,1,0
2020-12,-1.6,2.9,↖️西北西,北海道,札幌市,,0,26.5,50,65,7.0,3.7,1010.4,95.2,26,0,0
2021-01,-4.4,3.1,⬇️南南東,北海道,札幌市,,0,90.5,137,70,6.8,3.2,1011.3,109.5,27,1,0
2021-02,-2.2,3.4,↖️北西,北海道,札幌市,,0,78.5,75,69,8.2,3.8,1006.5,114.2,21,0,0
2021-03,3.8,3.9,↖️北北西,北海道,札幌市,,0,79.5,50,67,7.2,5.5,1013.0,161.7,16,0,0
2021-04,7.9,4.4,↖️北西,北海道,札幌市,,0,112.0,0,60,6.2,6.3,1012.9,207.1,4,0,0
2021-05,13.1,4.1,↘️南東,北海道,札幌市,,0,76.5,0,71,8.0,10.7,1004.6,148.5,0,0,0
2021-06,18.9,3.5,↘️南東,北海道,札幌市,,0,50.5,0,71,5.9,15.3,1006.9,260.7,0,1,0
2021-07,23.9,3.8,↘️南東,北海道,札幌市,,0,7.5,0,74,5.3,21.7,1008.6,285.3,0,0,0
2021-08,22.9,3.5,↘️南東,北海道,札幌市,,0,108.5,0,73,7.6,20.4,1007.7,187.4,0,1,0
2021-09,18.8,3.3,⬇️南南東,北海道,札幌市,,0,73.0,0,73,6.6,15.9,1012.9,201.2,0,1,0
2021-10,12.5,3.0,↘️南東,北海道,札幌市,,0,150.5,0,73,6.7,10.7,1014.8,158.2,0,0,0
2021-11,7.3,3.2,⬇️南南東,北海道,札幌市,,0,153.5,4,72,7.0,7.6,1010.5,105.1,9,2,0
2021-12,-0.5,3.2,↖️北西,北海道,札幌市,,0,108.5,114,71,6.6,4.4,1009.4,110.1,24,0,0
2022-01,-3.2,3.4,↖️北西,北海道,札幌市,,0,170.0,182,76,8.2,3.8,1008.6,85.0,29,0,0
2022-02,-2.2,3.3,↖️北西,北海道,札幌市,,0,112.0,141,71,7.0,3.7,1009.7,120.7,26,0,0
2022-03,2.6,3.3,↘️南東,北海道,札幌市,,0,54.5,34,69,7.4,5.0,1009.8,131.9,19,0,0
2022-04,9.1,4.0,↖️北北西,北海道,札幌市,,0,15.0,1,56,5.5,6.5,1011.6,243.0,5,0,0
2022-05,14.9,4.3,↘️南東,北海道,札幌市,,0,66.5,0,63,6.4,10.5,1007.1,224.1,0,0,2
2022-06,16.8,3.8,↖️北北西,北海道,札幌市,,0,71.0,0,77,7.8,15.0,1006.2,173.2,0,2,2
2022-07,23.1,3.1,↖️北北西,北海道,札幌市,,0,63.0,0,78,7.7,21.9,1005.9,179.4,0,0,0
2022-08,22.7,3.7,↘️南東,北海道,札幌市,,0,233.0,0,75,7.7,20.7,1003.8,152.6,0,0,0
2022-09,19.8,3.4,↘️南東,北海道,札幌市,,0,87.5,0,71,6.5,16.6,1011.6,196.1,0,1,0
2022-10,12.6,2.9,↘️南東,北海道,札幌市,,0,80.0,0,70,5.8,10.5,1015.7,164.0,0,1,0
2022-11,7.1,3.3,↘️南東,北海道,札幌市,,0,82.5,4,69,7.7,7.1,1013.7,96.7,8,0,0
2022-12,-1.4,2.6,↖️北北西,北海道,札幌市,,0,119.0,103,75,8.2,4.2,1008.6,81.1,29,0,0
2023-01,-4.4,3.0,↖️西北西,北海道,札幌市,,0,71.5,117,68,7.2,3.2,1010.3,123.8,29,0,0
2023-02,-2.7,2.8,↖️北北西,北海道,札幌市,,0,104.0,151,75,7.6,3.8,1014.5,102.8,27,0,0
2023-03,4.9,3.7,↘️南東,北海道,札幌市,,0,35.5,14,65,5.8,5.7,1014.9,179.7,11,0,0
2023-04,9.2,4.1,↖️北西,北海道,札幌市,,0,61.0,0,62,7.0,7.2,1007.6,161.6,2,0,0
2023-05,13.8,3.6,↖️北北西,北海道,札幌市,,0,21.5,0,66,6.5,10.3,1009.6,224.2,0,0,1
2023-06,19.3,3.6,↘️南東,北海道,札幌市,,0,133.5,0,73,7.2,16.3,1004.6,215.3,0,0,0
2023-07,23.8,2.9,↖️北北西,北海道,札幌市,,0,61.5,0,77,7.8,22.7,1004.6,171.6,0,0,0
2023-08,26.7,3.6,⬇️南南東,北海道,札幌市,,0,69.5,0,78,7.5,27.2,1006.5,175.5,0,4,0
2023-09,21.5,2.9,⬇️南南東,北海道,札幌市,,0,146.0,0,76,7.5,19.7,1010.0,144.1,0,3,0
2023-10,13.3,2.8,↘️南東,北海道,札幌市,,0,88.5,0,71,5.9,11.0,1009.1,177.3,0,2,0
2023-11,6.7,3.5,⬇️南南東,北海道,札幌市,,0,126.5,21,71,7.4,7.5,1010.0,105.6,12,2,0
2023-12,-0.7,3.0,⬅️西,北海道,札幌市,,0,47.0,56,67,6.9,4.1,1013.3,108.1,26,1,0
2024-01,-1.8,3.3,⬇️南南東,北海道,札幌市,,0,153.5,161,77,7.9,4.2,1011.2,81.0,30,1,0
2024-02,-1.9,3.3,↖️北西,北海道,札幌市,,0,117.0,151,71,7.6,3.9,1017.2,127.6,24,0,0
2024-03,0.8,3.2,↖️北北西,北海道,札幌市,,0,67.5,69,67,6.9,4.4,1009.1,181.7,2,0,0
2024-04,10.4,4.2,↖️北北西,北海道,札幌市,,0,34.5,1,65,0,8.3,1011.2,206.9,3,0,0
2024-05,14.2,4.1,↖️北北西,北海道,札幌市,,0,40.0,0,65,0,10.3,1007.7,214.6,0,0,0
2024-06,19.0,3.5,↘️南東,北海道,札幌市,,0,38.0,0,74,0,16.3,1005.4,202.4,0,2,0
2024-07,23.3,3.4,↖️北北西,北海道,札幌市,,0,144.0,0,77,0,22.0,1002.2,190.9,0,1,0
2024-08,24.6,3.1,↖️北北西,北海道,札幌市,,0,102.5,0,81,0,24.9,1005.6,133.7,0,4,0
2024-09,19.9,3.1,⬇️南南東,北海道,札幌市,,0,74.5,0,69,0,16.0,1011.1,212.3,0,2,0
2024-10,13.8,3.2,⬇️南南東,北海道,札幌市,,0,160.0,0,72,0,11.6,1015.9,178.4,1,0,0
2024-11,6.0,3.3,⬇️南南東,北海道,札幌市,,0,134.0,35,72,0,6.9,1013.6,98.7,13,1,0
2024-12,-1.9,3.1,↖️北西,北海道,札幌市,,0,54.5,82,69,0,3.7,1007.0,91.3,29,1,0
2025-01,-1.2,2.7,↖️北西,北海道,札幌市,,0,68.5,80,72,0,4.1,1010.8,122.0,28,0,0
2025-02,-0.9,3.3,↖️北西,北海道,札幌市,,0,118.0,126,72,0,4.1,1005.1,120.0,25,0,0
2025-03,2.0,3.7,↖️北西,北海道,札幌市,,0,94.5,75,70,0,5.0,1010.5,125.1,25,0,0
2025-04,8.5,3.7,↖️北北西,北海道,札幌市,,0,110.0,0,72,0,7.9,1007.5,134.8,3,1,0
2025-05,12.9,4.2,⬇️南南東,北海道,札幌市,,0,21.0,0,63,0,9.1,1005.8,62.7,0,0,0
