🌡️平均気温の合計(℃),☔降水量の合計(mm),💨平均風速(m/s),🧭最多風向(16方位),🏢都道府県,🏙️市区町村,⚪未使用1,⚪未使用2,🌡️平均気温(℃),❄️降雪量合計(cm),💧平均湿度(％),☁️平均雲量(10分比),♨️平均蒸気圧(hPa),🔄平均現地気圧(hPa),☀️日照時間(時間),🌨️雪日数(日),⚡雷日数(日),🌫️霧日数(日)
1872-05,0,0,0,福岡県,福岡市,,0,0,0,0,0,0,0,0,0,0,0
1872-06,0,0,0,福岡県,福岡市,,0,0,0,0,0,0,0,0,0,0,0
1872-07,0,0,0,福岡県,福岡市,,0,0,0,0,0,0,0,0,0,0,0
1872-08,0,0,0,福岡県,福岡市,,0,0,0,0,0,0,0,0,0,0,0
1872-09,0,0,0,福岡県,福岡市,,0,0,0,0,0,0,0,0,0,0,0
1872-10,0,0,0,福岡県,福岡市,,0,0,0,0,0,0,0,0,0,0,0
1872-11,0,0,0,福岡県,福岡市,,0,0,0,0,0,0,0,0,0,0,0
1872-12,0,0,0,福岡県,福岡市,,0,0,0,0,0,0,0,0,0,0,0
1873-01,0,0,0,福岡県,福岡市,,0,0,0,0,0,0,0,0,0,0,0
1873-02,0,0,0,福岡県,福岡市,,0,0,0,0,0,0,0,0,0,0,0
1873-03,0,0,0,福岡県,福岡市,,0,0,0,0,0,0,0,0,0,0,0
1873-04,0,0,0,福岡県,福岡市,,0,0,0,0,0,0,0,0,0,0,0
1873-05,0,0,0,福岡県,福岡市,,0,0,0,0,0,0,0,0,0,0,0
1873-06,0,0,0,福岡県,福岡市,,0,0,0,0,0,0,0,0,0,0,0
1873-07,0,0,0,福岡県,福岡市,,0,0,0,0,0,0,0,0,0,0,0
1873-08,0,0,0,福岡県,福岡市,,0,0,0,0,0,0,0,0,0,0,0
1873-09,0,0,0,福岡県,福岡市,,0,0,0,0,0,0,0,0,0,0,0
1873-10,0,0,0,福岡県,福岡市,,0,0,0,0,0,0,0,0,0,0,0
1873-11,0,0,0,福岡県,福岡市,,0,0,0,0,0,0,0,0,0,0,0
1873-12,0,0,0,福岡県,福岡市,,0,0,0,0,0,0,0,0,0,0,0
1874-01,0,0,0,福岡県,福岡市,,0,0,0,0,0,0,0,0,0,0,0
1874-02,0,0,0,福岡県,福岡市,,0,0,0,0,0,0,0,0,0,0,0
1874-03,0,0,0,福岡県,福岡市,,0,0,0,0,0,0,0,0,0,0,0
1874-04,0,0,0,福岡県,福岡市,,0,0,0,0,0,0,0,0,0,0,0
1874-05,0,0,0,福岡県,福岡市,,0,0,0,0,0,0,0,0,0,0,0
1874-06,0,0,0,福岡県,福岡市,,0,0,0,0,0,0,0,0,0,0,0
1874-07,0,0,0,福岡県,福岡市,,0,0,0,0,0,0,0,0,0,0,0
1874-08,0,0,0,福岡県,福岡市,,0,0,0,0,0,0,0,0,0,0,0
1874-09,0,0,0,福岡県,福岡市,,0,0,0,0,0,0,0,0,0,0,0
1874-10,0,0,0,福岡県,福岡市,,0,0,0,0,0,0,0,0,0,0,0
1874-11,0,0,0,福岡県,福岡市,,0,0,0,0,0,0,0,0,0,0,0
1874-12,0,0,0,福岡県,福岡市,,0,0,0,0,0,0,0,0,0,0,0
1875-01,0,0,0,福岡県,福岡市,,0,0,0,0,0,0,0,0,0,0,0
1875-02,0,0,0,福岡県,福岡市,,0,0,0,0,0,0,0,0,0,0,0
1875-03,0,0,0,福岡県,福岡市,,0,0,0,0,0,0,0,0,0,0,0
1875-04,0,0,0,福岡県,福岡市,,0,0,0,0,0,0,0,0,0,0,0
1875-05,0,0,0,福岡県,福岡市,,0,0,0,0,0,0,0,0,0,0,0
1875-06,0,0,0,福岡県,福岡市,,0,0,0,0,0,0,0,0,0,0,0
1875-07,0,0,0,福岡県,福岡市,,0,0,0,0,0,0,0,0,0,0,0
1875-08,0,0,0,福岡県,福岡市,,0,0,0,0,0,0,0,0,0,0,0
1875-09,0,0,0,福岡県,福岡市,,0,0,0,0,0,0,0,0,0,0,0
1875-10,0,0,0,福岡県,福岡市,,0,0,0,0,0,0,0,0,0,0,0
1875-11,0,0,0,福岡県,福岡市,,0,0,0,0,0,0,0,0,0,0,0
1875-12,0,0,0,福岡県,福岡市,,0,0,0,0,0,0,0,0,0,0,0
1876-01,0,0,0,福岡県,福岡市,,0,0,0,0,0,0,0,0,0,0,0
1876-02,0,0,0,福岡県,福岡市,,0,0,0,0,0,0,0,0,0,0,0
1876-03,0,0,0,福岡県,福岡市,,0,0,0,0,0,0,0,0,0,0,0
1876-04,0,0,0,福岡県,福岡市,,0,0,0,0,0,0,0,0,0,0,0
1876-05,0,0,0,福岡県,福岡市,,0,0,0,0,0,0,0,0,0,0,0
1876-06,0,0,0,福岡県,福岡市,,0,0,0,0,0,0,0,0,0,0,0
1876-07,0,0,0,福岡県,福岡市,,0,0,0,0,0,0,0,0,0,0,0
1876-08,0,0,0,福岡県,福岡市,,0,0,0,0,0,0,0,0,0,0,0
1876-09,0,0,0,福岡県,福岡市,,0,0,0,0,0,0,0,0,0,0,0
1876-10,0,0,0,福岡県,福岡市,,0,0,0,0,0,0,0,0,0,0,0
1876-11,0,0,0,福岡県,福岡市,,0,0,0,0,0,0,0,0,0,0,0
1876-12,0,0,0,福岡県,福岡市,,0,0,0,0,0,0,0,0,0,0,0
1877-01,0,0,0,福岡県,福岡市,,0,0,0,0,0,0,0,0,0,0,0
1877-02,0,0,0,福岡県,福岡市,,0,0,0,0,0,0,0,0,0,0,0
1877-03,0,0,0,福岡県,福岡市,,0,0,0,0,0,0,0,0,0,0,0
1877-04,0,0,0,福岡県,福岡市,,0,0,0,0,0,0,0,0,0,0,0
1877-05,0,0,0,福岡県,福岡市,,0,0,0,0,0,0,0,0,0,0,0
1877-06,0,0,0,福岡県,福岡市,,0,0,0,0,0,0,0,0,0,0,0
1877-07,0,0,0,福岡県,福岡市,,0,0,0,0,0,0,0,0,0,0,0
1877-08,0,0,0,福岡県,福岡市,,0,0,0,0,0,0,0,0,0,0,0
1877-09,0,0,0,福岡県,福岡市,,0,0,0,0,0,0,0,0,0,0,0
1877-10,0,0,0,福岡県,福岡市,,0,0,0,0,0,0,0,0,0,0,0
1877-11,0,0,0,福岡県,福岡市,,0,0,0,0,0,0,0,0,0,0,0
1877-12,0,0,0,福岡県,福岡市,,0,0,0,0,0,0,0,0,0,0,0
1878-01,0,0,0,福岡県,福岡市,,0,0,0,0,0,0,0,0,0,0,0
1878-02,0,0,0,福岡県,福岡市,,0,0,0,0,0,0,0,0,0,0,0
1878-03,0,0,0,福岡県,福岡市,,0,0,0,0,0,0,0,0,0,0,0
1878-04,0,0,0,福岡県,福岡市,,0,0,0,0,0,0,0,0,0,0,0
1878-05,0,0,0,福岡県,福岡市,,0,0,0,0,0,0,0,0,0,0,0
1878-06,0,0,0,福岡県,福岡市,,0,0,0,0,0,0,0,0,0,0,0
1878-07,0,0,0,福岡県,福岡市,,0,0,0,0,0,0,0,0,0,0,0
1878-08,0,0,0,福岡県,福岡市,,0,0,0,0,0,0,0,0,0,0,0
1878-09,0,0,0,福岡県,福岡市,,0,0,0,0,0,0,0,0,0,0,0
1878-10,0,0,0,福岡県,福岡市,,0,0,0,0,0,0,0,0,0,0,0
1878-11,0,0,0,福岡県,福岡市,,0,0,0,0,0,0,0,0,0,0,0
1878-12,0,0,0,福岡県,福岡市,,0,0,0,0,0,0,0,0,0,0,0
1879-01,0,0,0,福岡県,福岡市,,0,0,0,0,0,0,0,0,0,0,0
1879-02,0,0,0,福岡県,福岡市,,0,0,0,0,0,0,0,0,0,0,0
1879-03,0,0,0,福岡県,福岡市,,0,0,0,0,0,0,0,0,0,0,0
1879-04,0,0,0,福岡県,福岡市,,0,0,0,0,0,0,0,0,0,0,0
1879-05,0,0,0,福岡県,福岡市,,0,0,0,0,0,0,0,0,0,0,0
1879-06,0,0,0,福岡県,福岡市,,0,0,0,0,0,0,0,0,0,0,0
1879-07,0,0,0,福岡県,福岡市,,0,0,0,0,0,0,0,0,0,0,0
1879-08,0,0,0,福岡県,福岡市,,0,0,0,0,0,0,0,0,0,0,0
1879-09,0,0,0,福岡県,福岡市,,0,0,0,0,0,0,0,0,0,0,0
1879-10,0,0,0,福岡県,福岡市,,0,0,0,0,0,0,0,0,0,0,0
1879-11,0,0,0,福岡県,福岡市,,0,0,0,0,0,0,0,0,0,0,0
1879-12,0,0,0,福岡県,福岡市,,0,0,0,0,0,0,0,0,0,0,0
1880-01,0,0,0,福岡県,福岡市,,0,0,0,0,0,0,0,0,0,0,0
1880-02,0,0,0,福岡県,福岡市,,0,0,0,0,0,0,0,0,0,0,0
1880-03,0,0,0,福岡県,福岡市,,0,0,0,0,0,0,0,0,0,0,0
1880-04,0,0,0,福岡県,福岡市,,0,0,0,0,0,0,0,0,0,0,0
1880-05,0,0,0,福岡県,福岡市,,0,0,0,0,0,0,0,0,0,0,0
1880-06,0,0,0,福岡県,福岡市,,0,0,0,0,0,0,0,0,0,0,0
1880-07,0,0,0,福岡県,福岡市,,0,0,0,0,0,0,0,0,0,0,0
1880-08,0,0,0,福岡県,福岡市,,0,0,0,0,0,0,0,0,0,0,0
1880-09,0,0,0,福岡県,福岡市,,0,0,0,0,0,0,0,0,0,0,0
1880-10,0,0,0,福岡県,福岡市,,0,0,0,0,0,0,0,0,0,0,0
1880-11,0,0,0,福岡県,福岡市,,0,0,0,0,0,0,0,0,0,0,0
1880-12,0,0,0,福岡県,福岡市,,0,0,0,0,0,0,0,0,0,0,0
1881-01,0,0,0,福岡県,福岡市,,0,0,0,0,0,0,0,0,0,0,0
1881-02,0,0,0,福岡県,福岡市,,0,0,0,0,0,0,0,0,0,0,0
1881-03,0,0,0,福岡県,福岡市,,0,0,0,0,0,0,0,0,0,0,0
1881-04,0,0,0,福岡県,福岡市,,0,0,0,0,0,0,0,0,0,0,0
1881-05,0,0,0,福岡県,福岡市,,0,0,0,0,0,0,0,0,0,0,0
1881-06,0,0,0,福岡県,福岡市,,0,0,0,0,0,0,0,0,0,0,0
1881-07,0,0,0,福岡県,福岡市,,0,0,0,0,0,0,0,0,0,0,0
1881-08,0,0,0,福岡県,福岡市,,0,0,0,0,0,0,0,0,0,0,0
1881-09,0,0,0,福岡県,福岡市,,0,0,0,0,0,0,0,0,0,0,0
1881-10,0,0,0,福岡県,福岡市,,0,0,0,0,0,0,0,0,0,0,0
1881-11,0,0,0,福岡県,福岡市,,0,0,0,0,0,0,0,0,0,0,0
1881-12,0,0,0,福岡県,福岡市,,0,0,0,0,0,0,0,0,0,0,0
1882-01,0,0,0,福岡県,福岡市,,0,0,0,0,0,0,0,0,0,0,0
1882-02,0,0,0,福岡県,福岡市,,0,0,0,0,0,0,0,0,0,0,0
1882-03,0,0,0,福岡県,福岡市,,0,0,0,0,0,0,0,0,0,0,0
1882-04,0,0,0,福岡県,福岡市,,0,0,0,0,0,0,0,0,0,0,0
1882-05,0,0,0,福岡県,福岡市,,0,0,0,0,0,0,0,0,0,0,0
1882-06,0,0,0,福岡県,福岡市,,0,0,0,0,0,0,0,0,0,0,0
1882-07,0,0,0,福岡県,福岡市,,0,0,0,0,0,0,0,0,0,0,0
1882-08,0,0,0,福岡県,福岡市,,0,0,0,0,0,0,0,0,0,0,0
1882-09,0,0,0,福岡県,福岡市,,0,0,0,0,0,0,0,0,0,0,0
1882-10,0,0,0,福岡県,福岡市,,0,0,0,0,0,0,0,0,0,0,0
1882-11,0,0,0,福岡県,福岡市,,0,0,0,0,0,0,0,0,0,0,0
1882-12,0,0,0,福岡県,福岡市,,0,0,0,0,0,0,0,0,0,0,0
1883-01,0,0,0,福岡県,福岡市,,0,0,0,0,0,0,0,0,0,0,0
1883-02,0,0,0,福岡県,福岡市,,0,0,0,0,0,0,0,0,0,0,0
1883-03,0,0,0,福岡県,福岡市,,0,0,0,0,0,0,0,0,0,0,0
1883-04,0,0,0,福岡県,福岡市,,0,0,0,0,0,0,0,0,0,0,0
1883-05,0,0,0,福岡県,福岡市,,0,0,0,0,0,0,0,0,0,0,0
1883-06,0,0,0,福岡県,福岡市,,0,0,0,0,0,0,0,0,0,0,0
1883-07,0,0,0,福岡県,福岡市,,0,0,0,0,0,0,0,0,0,0,0
1883-08,0,0,0,福岡県,福岡市,,0,0,0,0,0,0,0,0,0,0,0
1883-09,0,0,0,福岡県,福岡市,,0,0,0,0,0,0,0,0,0,0,0
1883-10,0,0,0,福岡県,福岡市,,0,0,0,0,0,0,0,0,0,0,0
1883-11,0,0,0,福岡県,福岡市,,0,0,0,0,0,0,0,0,0,0,0
1883-12,0,0,0,福岡県,福岡市,,0,0,0,0,0,0,0,0,0,0,0
1884-01,0,0,0,福岡県,福岡市,,0,0,0,0,0,0,0,0,0,0,0
1884-02,0,0,0,福岡県,福岡市,,0,0,0,0,0,0,0,0,0,0,0
1884-03,0,0,0,福岡県,福岡市,,0,0,0,0,0,0,0,0,0,0,0
1884-04,0,0,0,福岡県,福岡市,,0,0,0,0,0,0,0,0,0,0,0
1884-05,0,0,0,福岡県,福岡市,,0,0,0,0,0,0,0,0,0,0,0
1884-06,0,0,0,福岡県,福岡市,,0,0,0,0,0,0,0,0,0,0,0
1884-07,0,0,0,福岡県,福岡市,,0,0,0,0,0,0,0,0,0,0,0
1884-08,0,0,0,福岡県,福岡市,,0,0,0,0,0,0,0,0,0,0,0
1884-09,0,0,0,福岡県,福岡市,,0,0,0,0,0,0,0,0,0,0,0
1884-10,0,0,0,福岡県,福岡市,,0,0,0,0,0,0,0,0,0,0,0
1884-11,0,0,0,福岡県,福岡市,,0,0,0,0,0,0,0,0,0,0,0
1884-12,0,0,0,福岡県,福岡市,,0,0,0,0,0,0,0,0,0,0,0
1885-01,0,0,0,福岡県,福岡市,,0,0,0,0,0,0,0,0,0,0,0
1885-02,0,0,0,福岡県,福岡市,,0,0,0,0,0,0,0,0,0,0,0
1885-03,0,0,0,福岡県,福岡市,,0,0,0,0,0,0,0,0,0,0,0
1885-04,0,0,0,福岡県,福岡市,,0,0,0,0,0,0,0,0,0,0,0
1885-05,0,0,0,福岡県,福岡市,,0,0,0,0,0,0,0,0,0,0,0
1885-06,0,0,0,福岡県,福岡市,,0,0,0,0,0,0,0,0,0,0,0
1885-07,0,0,0,福岡県,福岡市,,0,0,0,0,0,0,0,0,0,0,0
1885-08,0,0,0,福岡県,福岡市,,0,0,0,0,0,0,0,0,0,0,0
1885-09,0,0,0,福岡県,福岡市,,0,0,0,0,0,0,0,0,0,0,0
1885-10,0,0,0,福岡県,福岡市,,0,0,0,0,0,0,0,0,0,0,0
1885-11,0,0,0,福岡県,福岡市,,0,0,0,0,0,0,0,0,0,0,0
1885-12,0,0,0,福岡県,福岡市,,0,0,0,0,0,0,0,0,0,0,0
1886-01,0,0,0,福岡県,福岡市,,0,0,0,0,0,0,0,0,0,0,0
1886-02,0,0,0,福岡県,福岡市,,0,0,0,0,0,0,0,0,0,0,0
1886-03,0,0,0,福岡県,福岡市,,0,0,0,0,0,0,0,0,0,0,0
1886-04,0,0,0,福岡県,福岡市,,0,0,0,0,0,0,0,0,0,0,0
1886-05,0,0,0,福岡県,福岡市,,0,0,0,0,0,0,0,0,0,0,0
1886-06,0,0,0,福岡県,福岡市,,0,0,0,0,0,0,0,0,0,0,0
1886-07,0,0,0,福岡県,福岡市,,0,0,0,0,0,0,0,0,0,0,0
1886-08,0,0,0,福岡県,福岡市,,0,0,0,0,0,0,0,0,0,0,0
1886-09,0,0,0,福岡県,福岡市,,0,0,0,0,0,0,0,0,0,0,0
1886-10,0,0,0,福岡県,福岡市,,0,0,0,0,0,0,0,0,0,0,0
1886-11,0,0,0,福岡県,福岡市,,0,0,0,0,0,0,0,0,0,0,0
1886-12,0,0,0,福岡県,福岡市,,0,0,0,0,0,0,0,0,0,0,0
1887-01,0,0,0,福岡県,福岡市,,0,0,0,0,0,0,0,0,0,0,0
1887-02,0,0,0,福岡県,福岡市,,0,0,0,0,0,0,0,0,0,0,0
1887-03,0,0,0,福岡県,福岡市,,0,0,0,0,0,0,0,0,0,0,0
1887-04,0,0,0,福岡県,福岡市,,0,0,0,0,0,0,0,0,0,0,0
1887-05,0,0,0,福岡県,福岡市,,0,0,0,0,0,0,0,0,0,0,0
1887-06,0,0,0,福岡県,福岡市,,0,0,0,0,0,0,0,0,0,0,0
1887-07,0,0,0,福岡県,福岡市,,0,0,0,0,0,0,0,0,0,0,0
1887-08,0,0,0,福岡県,福岡市,,0,0,0,0,0,0,0,0,0,0,0
1887-09,0,0,0,福岡県,福岡市,,0,0,0,0,0,0,0,0,0,0,0
1887-10,0,0,0,福岡県,福岡市,,0,0,0,0,0,0,0,0,0,0,0
1887-11,0,0,0,福岡県,福岡市,,0,0,0,0,0,0,0,0,0,0,0
1887-12,0,0,0,福岡県,福岡市,,0,0,0,0,0,0,0,0,0,0,0
1888-01,0,0,0,福岡県,福岡市,,0,0,0,0,0,0,0,0,0,0,0
1888-02,0,0,0,福岡県,福岡市,,0,0,0,0,0,0,0,0,0,0,0
1888-03,0,0,0,福岡県,福岡市,,0,0,0,0,0,0,0,0,0,0,0
1888-04,0,0,0,福岡県,福岡市,,0,0,0,0,0,0,0,0,0,0,0
1888-05,0,0,0,福岡県,福岡市,,0,0,0,0,0,0,0,0,0,0,0
1888-06,0,0,0,福岡県,福岡市,,0,0,0,0,0,0,0,0,0,0,0
1888-07,0,0,0,福岡県,福岡市,,0,0,0,0,0,0,0,0,0,0,0
1888-08,0,0,0,福岡県,福岡市,,0,0,0,0,0,0,0,0,0,0,0
1888-09,0,0,0,福岡県,福岡市,,0,0,0,0,0,0,0,0,0,0,0
1888-10,0,0,0,福岡県,福岡市,,0,0,0,0,0,0,0,0,0,0,0
1888-11,0,0,0,福岡県,福岡市,,0,0,0,0,0,0,0,0,0,0,0
1888-12,0,0,0,福岡県,福岡市,,0,0,0,0,0,0,0,0,0,0,0
1889-01,0,0,0,福岡県,福岡市,,0,0,0,0,0,0,0,0,0,0,0
1889-02,0,0,0,福岡県,福岡市,,0,0,0,0,0,0,0,0,0,0,0
1889-03,0,0,0,福岡県,福岡市,,0,0,0,0,0,0,0,0,0,0,0
1889-04,0,0,0,福岡県,福岡市,,0,0,0,0,0,0,0,0,0,0,0
1889-05,0,0,0,福岡県,福岡市,,0,0,0,0,0,0,0,0,0,0,0
1889-06,0,0,0,福岡県,福岡市,,0,0,0,0,0,0,0,0,0,0,0
1889-07,0,0,0,福岡県,福岡市,,0,0,0,0,0,0,0,0,0,0,0
1889-08,0,0,0,福岡県,福岡市,,0,0,0,0,0,0,0,0,0,0,0
1889-09,0,0,0,福岡県,福岡市,,0,0,0,0,0,0,0,0,0,0,0
1889-10,0,0,0,福岡県,福岡市,,0,0,0,0,0,0,0,0,0,0,0
1889-11,0,0,0,福岡県,福岡市,,0,0,0,0,0,0,0,0,0,0,0
1889-12,0,0,0,福岡県,福岡市,,0,0,0,0,0,0,0,0,0,0,0
1890-01,116.2,0,0,福岡県,福岡市,,0,5.6,0,78,0,0,0,0,0,0,0
1890-02,106.9,0,0,福岡県,福岡市,,0,8.1,0,79,0,0,0,0,0,0,0
1890-03,168.3,0,0,福岡県,福岡市,,0,9.0,0,80,0,0,0,0,0,0,0
1890-04,215.8,0,0,福岡県,福岡市,,0,15.1,0,80,0,0,0,0,0,0,0
1890-05,231.4,0,0,福岡県,福岡市,,0,17.1,0,80,0,0,0,0,0,0,0
1890-06,190.4,0,0,福岡県,福岡市,,0,21.8,0,81,0,0,0,0,0,0,0
1890-07,406.2,0,0,福岡県,福岡市,,0,25.3,0,81,0,0,0,0,0,0,0
1890-08,68.2,0,0,福岡県,福岡市,,0,25.7,0,81,0,0,0,0,0,0,0
1890-09,57.2,0,0,福岡県,福岡市,,0,23.2,0,81,0,0,0,0,0,0,0
1890-10,112.7,0,0,福岡県,福岡市,,0,16.1,0,79,0,0,0,0,0,0,0
1890-11,61.9,0,0,福岡県,福岡市,,0,12.1,0,77,0,0,0,0,0,0,0
1890-12,195.6,0,0,福岡県,福岡市,,0,10.2,0,78,0,0,0,0,0,0,0
1891-01,56.7,0,0,福岡県,福岡市,,0,3.9,0,77,0,0,0,0,0,0,0
1891-02,84.8,0,0,福岡県,福岡市,,0,5.5,0,79,0,0,0,0,0,0,0
1891-03,87.1,0,0,福岡県,福岡市,,0,8.5,0,75,0,0,0,0,0,0,0
1891-04,83.0,0,0,福岡県,福岡市,,0,12.5,0,76,0,0,0,0,0,0,0
1891-05,39.0,0,0,福岡県,福岡市,,0,16.8,0,73,0,0,0,0,0,0,0
1891-06,134.4,0,0,福岡県,福岡市,,0,20.2,0,78,0,0,0,0,0,0,0
1891-07,668.7,0,0,福岡県,福岡市,,0,24.5,0,84,0,0,0,0,0,0,0
1891-08,212.4,0,0,福岡県,福岡市,,0,25.8,0,85,0,0,0,0,0,0,0
1891-09,300.6,0,0,福岡県,福岡市,,0,24.0,0,85,0,0,0,0,0,0,0
1891-10,32.6,0,0,福岡県,福岡市,,0,16.9,0,79,0,0,0,0,0,0,0
1891-11,51.8,0,0,福岡県,福岡市,,0,11.7,0,78,0,0,0,0,0,0,0
1891-12,59.6,0,0,福岡県,福岡市,,0,7.0,0,75,0,0,0,0,0,0,0
1892-01,39.0,0,0,福岡県,福岡市,,0,4.8,0,75,0,0,0,0,0,0,0
1892-02,90.8,0,0,福岡県,福岡市,,0,5.3,0,77,0,0,0,0,0,0,0
1892-03,101.2,0,0,福岡県,福岡市,,0,6.4,0,74,0,0,0,0,0,0,0
1892-04,144.2,0,0,福岡県,福岡市,,0,13.5,0,77,0,0,0,0,0,0,0
1892-05,189.2,0,0,福岡県,福岡市,,0,16.5,0,82,0,0,0,0,0,0,0
1892-06,186.8,0,0,福岡県,福岡市,,0,21.4,0,87,0,0,0,0,0,0,0
1892-07,122.5,0,0,福岡県,福岡市,,0,26.5,0,84,0,0,0,0,0,0,0
1892-08,87.0,0,0,福岡県,福岡市,,0,26.5,0,82,0,0,0,0,0,0,0
1892-09,136.8,0,0,福岡県,福岡市,,0,22.8,0,83,0,0,0,0,0,0,0
1892-10,111.1,0,0,福岡県,福岡市,,0,15.2,0,81,0,0,0,0,0,0,0
1892-11,71.9,0,0,福岡県,福岡市,,0,10.9,0,76,0,0,0,0,0,0,0
1892-12,35.8,0,0,福岡県,福岡市,,0,5.1,0,70,0,0,0,0,0,0,0
1893-01,45.1,0,0,福岡県,福岡市,,0,4.6,0,77,0,0,0,0,0,0,0
1893-02,66.6,0,0,福岡県,福岡市,,0,3.2,0,75,0,0,0,0,0,0,0
1893-03,67.0,0,0,福岡県,福岡市,,0,7.2,0,72,0,0,0,0,0,0,0
1893-04,77.5,0,0,福岡県,福岡市,,0,12.5,0,76,0,0,0,0,0,0,0
1893-05,125.1,0,0,福岡県,福岡市,,0,16.2,0,79,0,0,0,0,0,0,0
1893-06,135.9,0,0,福岡県,福岡市,,0,20.5,0,82,0,0,0,0,0,0,0
1893-07,48.4,0,0,福岡県,福岡市,,0,26.5,0,80,0,0,0,0,0,0,0
1893-08,209.0,0,0,福岡県,福岡市,,0,26.2,0,83,0,0,0,0,0,0,0
1893-09,203.7,0,0,福岡県,福岡市,,0,24.0,0,85,0,0,0,0,0,0,0
1893-10,228.5,0,0,福岡県,福岡市,,0,16.4,0,78,0,0,0,0,0,0,0
1893-11,84.4,0,0,福岡県,福岡市,,0,10.0,0,70,0,0,0,0,0,0,0
1893-12,25.3,0,0,福岡県,福岡市,,0,6.2,0,72,0,0,0,0,0,0,0
1894-01,64.9,0,0,福岡県,福岡市,,0,4.9,0,77,0,0,0,0,0,0,0
1894-02,64.6,0,0,福岡県,福岡市,,0,5.6,0,77,0,0,0,0,0,0,0
1894-03,120.6,0,0,福岡県,福岡市,,0,8.7,0,77,0,0,0,0,0,0,0
1894-04,142.5,0,0,福岡県,福岡市,,0,14.1,0,80,0,0,0,0,0,0,0
1894-05,19.0,0,0,福岡県,福岡市,,0,17.0,0,76,0,0,0,0,0,0,0
1894-06,181.4,0,0,福岡県,福岡市,,0,23.5,0,82,0,0,0,0,0,0,0
1894-07,61.6,0,0,福岡県,福岡市,,0,27.0,0,79,0,0,0,0,0,0,0
1894-08,4.6,0,0,福岡県,福岡市,,0,27.6,0,77,0,0,0,0,0,0,0
1894-09,157.5,0,0,福岡県,福岡市,,0,22.5,0,81,0,0,0,0,0,0,0
1894-10,9.2,0,0,福岡県,福岡市,,0,16.3,0,77,0,0,0,0,0,0,0
1894-11,70.1,0,0,福岡県,福岡市,,0,12.1,0,77,0,0,0,0,0,0,0
1894-12,129.1,0,0,福岡県,福岡市,,0,7.1,0,75,0,0,0,0,0,0,0
1895-01,50.3,0,0,福岡県,福岡市,,0,3.6,0,73,0,0,0,0,0,0,0
1895-02,87.3,0,0,福岡県,福岡市,,0,5.1,0,72,0,0,0,0,0,0,0
1895-03,148.5,0,0,福岡県,福岡市,,0,8.6,0,78,0,0,0,0,0,0,0
1895-04,56.9,0,0,福岡県,福岡市,,0,13.1,0,77,0,0,0,0,0,0,0
1895-05,33.8,0,0,福岡県,福岡市,,0,17.5,0,76,0,0,0,0,0,0,0
1895-06,259.6,0,0,福岡県,福岡市,,0,21.3,0,83,0,0,0,0,0,0,0
1895-07,268.1,0,0,福岡県,福岡市,,0,23.8,0,83,0,0,0,0,0,0,0
1895-08,21.7,0,0,福岡県,福岡市,,0,26.7,0,82,0,0,0,0,0,0,0
1895-09,48.9,0,0,福岡県,福岡市,,0,22.6,0,81,0,0,0,0,0,0,0
1895-10,64.1,0,0,福岡県,福岡市,,0,16.9,0,78,0,0,0,0,0,0,0
1895-11,62.0,0,0,福岡県,福岡市,,0,11.7,0,76,0,0,0,0,0,0,0
1895-12,94.0,0,0,福岡県,福岡市,,0,6.9,0,72,0,0,0,0,0,0,0
1896-01,35.8,0,0,福岡県,福岡市,,0,4.9,0,69,0,0,0,122.6,0,0,0
1896-02,60.6,0,0,福岡県,福岡市,,0,4.6,0,75,0,0,0,133.8,0,0,0
1896-03,71.9,0,0,福岡県,福岡市,,0,6.1,0,74,0,0,0,135.2,0,0,0
1896-04,173.2,0,0,福岡県,福岡市,,0,14.4,0,82,0,0,0,134.4,0,0,0
1896-05,180.8,0,0,福岡県,福岡市,,0,16.4,0,79,0,0,0,168.3,0,0,0
1896-06,262.9,0,0,福岡県,福岡市,,0,22.5,0,80,0,0,0,124.2,0,0,0
1896-07,235.6,0,0,福岡県,福岡市,,0,24.9,0,79,0,0,0,172.7,0,0,0
1896-08,205.2,0,0,福岡県,福岡市,,0,26.0,0,79,0,0,0,231.3,0,0,0
1896-09,61.5,0,0,福岡県,福岡市,,0,21.3,0,81,0,0,0,162.7,0,0,0
1896-10,66.3,0,0,福岡県,福岡市,,0,16.8,0,79,0,0,0,155.5,0,0,0
1896-11,101.5,0,0,福岡県,福岡市,,0,11.8,0,75,0,0,0,158.1,0,0,0
1896-12,95.5,0,0,福岡県,福岡市,,0,6.7,0,72,0,0,0,105.6,0,0,0
1897-01,83.8,0,0,福岡県,福岡市,,0,6.2,0,78,0,0,0,49.4,0,0,0
1897-02,59.6,0,0,福岡県,福岡市,,0,4.1,0,74,0,0,0,90.9,0,0,0
1897-03,175.8,0,0,福岡県,福岡市,,0,8.7,0,78,0,0,0,114.9,0,0,0
1897-04,81.9,0,0,福岡県,福岡市,,0,12.4,0,75,0,0,0,165.9,0,0,0
1897-05,110.0,0,0,福岡県,福岡市,,0,17.2,0,76,0,0,0,207.2,0,0,0
1897-06,54.1,0,0,福岡県,福岡市,,0,20.6,0,75,0,0,0,239.1,0,0,0
1897-07,264.1,0,0,福岡県,福岡市,,0,25.4,0,77,0,0,0,166.5,0,0,0
1897-08,166.9,0,0,福岡県,福岡市,,0,27.0,0,81,0,0,0,202.9,0,0,0
1897-09,332.8,0,0,福岡県,福岡市,,0,22.4,0,82,0,0,0,115.6,0,0,0
1897-10,29.4,0,0,福岡県,福岡市,,0,15.4,0,74,0,0,0,183.0,0,0,0
1897-11,52.4,0,0,福岡県,福岡市,,0,13.0,0,75,0,0,0,147.3,0,0,0
1897-12,43.2,0,0,福岡県,福岡市,,0,5.2,0,68,0,0,0,55.5,0,0,0
1898-01,80.5,0,0,福岡県,福岡市,,0,7.2,0,74,0,0,0,86.2,0,0,0
1898-02,101.5,0,0,福岡県,福岡市,,0,6.4,0,71,0,0,0,77.3,0,0,0
1898-03,68.8,0,0,福岡県,福岡市,,0,8.2,0,75,0,0,0,108.5,0,0,0
1898-04,23.7,0,0,福岡県,福岡市,,0,12.3,0,71,0,0,0,183.8,0,0,0
1898-05,295.0,0,0,福岡県,福岡市,,0,17.8,0,80,0,0,0,173.8,0,0,0
1898-06,126.5,0,0,福岡県,福岡市,,0,21.2,0,77,0,0,0,171.9,0,0,0
1898-07,285.2,0,0,福岡県,福岡市,,0,26.8,0,79,0,0,0,198.7,0,0,0
1898-08,107.7,0,0,福岡県,福岡市,,0,27.1,0,82,0,0,0,219.8,0,0,0
1898-09,145.8,0,0,福岡県,福岡市,,0,23.4,0,81,0,0,0,206.1,0,0,0
1898-10,79.4,0,0,福岡県,福岡市,,0,17.5,0,79,0,0,0,174.9,0,0,0
1898-11,91.1,0,0,福岡県,福岡市,,0,13.1,0,79,0,0,0,98.0,0,0,0
1898-12,135.5,0,0,福岡県,福岡市,,0,7.8,0,77,0,0,0,94.9,0,0,0
1899-01,42.9,0,0,福岡県,福岡市,,0,4.3,0,71,0,0,0,98.4,0,0,0
1899-02,159.0,0,0,福岡県,福岡市,,0,5.9,0,77,0,0,0,83.5,0,0,0
1899-03,97.3,0,0,福岡県,福岡市,,0,9.3,0,74,0,0,0,193.1,0,0,0
1899-04,106.2,0,0,福岡県,福岡市,,0,13.0,0,79,0,0,0,203.3,0,0,0
1899-05,107.0,0,0,福岡県,福岡市,,0,18.5,0,80,0,0,0,169.9,0,0,0
1899-06,251.4,0,0,福岡県,福岡市,,0,23.1,0,81,0,0,0,173.0,0,0,0
1899-07,121.2,0,0,福岡県,福岡市,,0,26.1,0,79,0,0,0,198.9,0,0,0
1899-08,207.6,0,0,福岡県,福岡市,,0,26.1,0,81,0,0,0,175.0,0,0,0
1899-09,212.7,0,0,福岡県,福岡市,,0,21.2,0,82,0,0,0,142.7,0,0,0
1899-10,55.3,0,0,福岡県,福岡市,,0,14.2,0,75,0,0,0,176.1,0,0,0
1899-11,44.3,0,0,福岡県,福岡市,,0,10.3,0,75,0,0,0,158.1,0,0,0
1899-12,73.7,0,0,福岡県,福岡市,,0,8.5,0,78,0,0,0,120.8,0,0,0
1900-01,89.9,0,0,福岡県,福岡市,,0,3.7,0,74,0,0,0,86.3,0,0,0
1900-02,29.0,0,0,福岡県,福岡市,,0,4.9,0,72,0,0,0,106.1,0,0,0
1900-03,47.1,0,0,福岡県,福岡市,,0,8.2,0,66,0,0,0,164.3,0,0,0
1900-04,140.6,0,0,福岡県,福岡市,,0,13.4,0,78,0,0,0,142.9,0,0,0
1900-05,258.7,0,0,福岡県,福岡市,,0,17.6,0,76,0,0,0,211.5,0,0,0
1900-06,126.5,0,0,福岡県,福岡市,,0,20.7,0,74,0,0,0,201.0,0,0,0
1900-07,467.4,0,0,福岡県,福岡市,,0,24.5,0,84,0,0,0,174.6,0,0,0
1900-08,239.2,0,0,福岡県,福岡市,,0,26.8,0,80,0,0,0,280.5,0,0,0
1900-09,134.7,0,0,福岡県,福岡市,,0,23.3,0,80,0,0,0,174.6,0,0,0
1900-10,114.0,0,0,福岡県,福岡市,,0,16.8,0,78,0,0,0,192.7,0,0,0
1900-11,125.3,0,0,福岡県,福岡市,,0,12.0,0,80,0,0,0,134.7,0,0,0
1900-12,30.3,0,0,福岡県,福岡市,,0,7.0,0,74,0,0,0,94.0,0,0,0
1901-01,80.6,0,0,福岡県,福岡市,,0,7.5,0,77,0,0,0,120.7,0,0,0
1901-02,62.5,0,0,福岡県,福岡市,,0,3.4,0,64,0,0,0,94.5,0,0,0
1901-03,72.0,0,0,福岡県,福岡市,,0,7.1,0,74,0,0,0,206.6,0,0,0
1901-04,121.8,0,0,福岡県,福岡市,,0,13.9,0,78,0,0,0,156.1,0,0,0
1901-05,65.9,0,0,福岡県,福岡市,,0,16.2,0,74,0,0,0,192.4,0,0,0
1901-06,322.3,0,0,福岡県,福岡市,,0,20.8,0,83,0,0,0,124.4,0,0,0
1901-07,565.9,0,0,福岡県,福岡市,,0,23.2,0,87,0,0,0,90.9,0,0,0
1901-08,118.9,0,0,福岡県,福岡市,,0,26.3,0,79,0,0,0,275.0,0,0,0
1901-09,44.4,0,0,福岡県,福岡市,,0,21.7,0,80,0,0,0,200.1,0,0,0
1901-10,193.4,0,0,福岡県,福岡市,,0,17.9,0,78,0,0,0,149.9,0,0,0
1901-11,31.2,0,0,福岡県,福岡市,,0,10.5,0,73,0,0,0,156.6,0,0,0
1901-12,35.6,0,0,福岡県,福岡市,,0,5.7,0,70,0,0,0,135.9,0,0,0
1902-01,40.8,0,0,福岡県,福岡市,,0,5.2,0,72,0,0,0,151.7,0,0,0
1902-02,44.7,0,0,福岡県,福岡市,,0,5.1,0,70,0,0,0,137.9,0,0,0
1902-03,90.0,0,0,福岡県,福岡市,,0,10.0,0,75,0,0,0,153.3,0,0,0
1902-04,191.3,0,0,福岡県,福岡市,,0,12.4,0,74,0,0,0,143.8,0,0,0
1902-05,232.6,0,0,福岡県,福岡市,,0,17.4,0,78,0,0,0,154.2,0,0,0
1902-06,158.8,0,0,福岡県,福岡市,,0,20.5,0,80,0,0,0,166.1,0,0,0
1902-07,129.1,0,0,福岡県,福岡市,,0,24.6,0,78,0,0,0,190.6,0,0,0
1902-08,286.4,0,0,福岡県,福岡市,,0,24.9,0,84,0,0,0,180.2,0,0,0
1902-09,251.1,0,0,福岡県,福岡市,,0,21.5,0,81,0,0,0,153.7,0,0,0
1902-10,53.5,0,0,福岡県,福岡市,,0,16.2,0,79,0,0,0,195.1,0,0,0
1902-11,108.2,0,0,福岡県,福岡市,,0,13.4,0,82,0,0,0,145.6,0,0,0
1902-12,152.3,0,0,福岡県,福岡市,,0,9.5,0,78,0,0,0,90.4,0,0,0
1903-01,82.8,0,0,福岡県,福岡市,,0,6.1,0,75,0,0,0,81.1,0,0,0
1903-02,125.7,0,0,福岡県,福岡市,,0,6.0,0,75,0,0,0,102.6,0,0,0
1903-03,138.2,0,0,福岡県,福岡市,,0,9.9,0,78,0,0,0,104.9,0,0,0
1903-04,134.4,0,0,福岡県,福岡市,,0,13.4,0,78,0,0,0,140.2,0,0,0
1903-05,241.3,0,0,福岡県,福岡市,,0,16.8,0,78,0,0,0,191.9,0,0,0
1903-06,68.1,0,0,福岡県,福岡市,,0,20.6,0,80,0,0,0,173.5,0,0,0
1903-07,229.9,0,0,福岡県,福岡市,,0,24.3,0,81,0,0,0,117.3,0,0,0
1903-08,96.8,0,0,福岡県,福岡市,,0,27.2,0,81,0,0,0,257.0,0,0,0
1903-09,49.2,0,0,福岡県,福岡市,,0,23.8,0,82,0,0,0,189.0,0,0,0
1903-10,146.4,0,0,福岡県,福岡市,,0,16.7,0,82,0,0,0,144.2,0,0,0
1903-11,76.9,0,0,福岡県,福岡市,,0,10.8,0,79,0,0,0,123.6,0,0,0
1903-12,67.3,0,0,福岡県,福岡市,,0,5.8,0,71,0,0,0,100.5,0,0,0
1904-01,29.4,0,0,福岡県,福岡市,,0,4.1,0,68,0,0,0,95.1,0,0,0
1904-02,60.7,0,0,福岡県,福岡市,,0,5.8,0,71,0,0,0,166.5,0,0,0
1904-03,94.0,0,0,福岡県,福岡市,,0,8.2,0,73,0,0,0,146.1,0,0,0
1904-04,285.5,0,0,福岡県,福岡市,,0,14.2,0,82,0,0,0,117.5,0,0,0
1904-05,125.4,0,0,福岡県,福岡市,,0,16.6,0,77,0,0,0,194.6,0,0,0
1904-06,436.7,0,0,福岡県,福岡市,,0,21.7,0,82,0,0,0,161.9,0,0,0
1904-07,115.2,0,0,福岡県,福岡市,,0,26.0,0,80,0,0,0,239.6,0,0,0
1904-08,1.5,0,0,福岡県,福岡市,,0,26.7,0,76,0,0,0,259.8,0,0,0
1904-09,112.1,0,0,福岡県,福岡市,,0,21.5,0,79,0,0,0,188.8,0,0,0
1904-10,62.2,0,0,福岡県,福岡市,,0,16.0,0,80,0,0,0,188.6,0,0,0
1904-11,81.9,0,0,福岡県,福岡市,,0,10.3,0,71,0,0,0,178.1,0,0,0
1904-12,113.3,0,0,福岡県,福岡市,,0,7.8,0,73,0,0,0,141.4,0,0,0
1905-01,63.7,0,0,福岡県,福岡市,,0,7.4,0,77,0,0,0,123.3,0,0,0
1905-02,67.6,0,0,福岡県,福岡市,,0,4.5,0,68,0,0,0,102.8,0,0,0
1905-03,236.2,0,0,福岡県,福岡市,,0,8.5,0,79,0,0,0,107.7,0,0,0
1905-04,99.3,0,0,福岡県,福岡市,,0,12.0,0,79,0,0,0,160.4,0,0,0
1905-05,101.8,0,0,福岡県,福岡市,,0,17.7,0,77,0,0,0,181.5,0,0,0
1905-06,357.4,0,0,福岡県,福岡市,,0,20.9,0,86,0,0,0,138.9,0,0,0
1905-07,594.6,0,0,福岡県,福岡市,,0,25.7,0,84,0,0,0,168.3,0,0,0
1905-08,405.5,0,0,福岡県,福岡市,,0,24.8,0,86,0,0,0,149.6,0,0,0
1905-09,71.4,0,0,福岡県,福岡市,,0,22.8,0,80,0,0,0,166.0,0,0,0
1905-10,64.1,0,0,福岡県,福岡市,,0,16.8,0,78,0,0,0,183.6,0,0,0
1905-11,29.0,0,0,福岡県,福岡市,,0,11.8,0,75,0,0,0,179.0,0,0,0
1905-12,120.7,0,0,福岡県,福岡市,,0,9.6,0,76,0,0,0,98.2,0,0,0
1906-01,82.5,0,0,福岡県,福岡市,,0,4.7,0,68,0,0,0,105.2,0,0,0
1906-02,142.9,0,0,福岡県,福岡市,,0,5.0,0,70,0,0,0,71.1,0,0,0
1906-03,90.1,0,0,福岡県,福岡市,,0,8.0,0,73,0,0,0,175.5,0,0,0
1906-04,63.0,0,0,福岡県,福岡市,,0,12.8,0,74,0,0,0,202.0,0,0,0
1906-05,151.9,0,0,福岡県,福岡市,,0,17.7,0,81,0,0,0,156.6,0,0,0
1906-06,337.8,0,0,福岡県,福岡市,,0,20.6,0,85,0,0,0,110.4,0,0,0
1906-07,60.3,0,0,福岡県,福岡市,,0,24.8,0,82,0,0,0,178.8,0,0,0
1906-08,157.6,0,0,福岡県,福岡市,,0,26.4,0,81,0,0,0,186.2,0,0,0
1906-09,272.0,0,0,福岡県,福岡市,,0,22.4,0,84,0,0,0,130.4,0,0,0
1906-10,153.1,0,0,福岡県,福岡市,,0,16.5,0,79,0,0,0,158.3,0,0,0
1906-11,25.8,0,0,福岡県,福岡市,,0,11.0,0,72,0,0,0,111.5,0,0,0
1906-12,71.9,0,0,福岡県,福岡市,,0,6.8,0,82,0,0,0,86.7,0,0,0
1907-01,84.2,0,0,福岡県,福岡市,,0,6.1,0,74,0,0,0,116.2,0,0,0
1907-02,91.5,0,0,福岡県,福岡市,,0,3.4,0,71,0,0,0,98.6,0,0,0
1907-03,88.1,0,0,福岡県,福岡市,,0,7.7,0,75,0,0,0,136.7,0,0,0
1907-04,118.5,0,0,福岡県,福岡市,,0,12.6,0,78,0,0,0,188.6,0,0,0
1907-05,60.6,0,0,福岡県,福岡市,,0,17.4,0,72,0,0,0,229.7,0,0,0
1907-06,137.2,0,0,福岡県,福岡市,,0,20.1,0,79,0,0,0,167.3,0,0,0
1907-07,308.5,0,0,福岡県,福岡市,,0,24.5,0,84,0,0,0,187.9,0,0,0
1907-08,75.9,0,0,福岡県,福岡市,,0,26.1,0,84,0,0,0,231.2,0,0,0
1907-09,305.8,0,0,福岡県,福岡市,,0,21.6,0,85,0,0,0,160.0,0,0,0
1907-10,121.6,0,0,福岡県,福岡市,,0,16.5,0,83,0,0,0,147.4,0,0,0
1907-11,83.3,0,0,福岡県,福岡市,,0,12.1,0,81,0,0,0,97.6,0,0,0
1907-12,27.4,0,0,福岡県,福岡市,,0,5.9,0,70,0,0,0,122.5,0,0,0
1908-01,79.7,0,0,福岡県,福岡市,,0,6.2,0,75,0,0,0,102.8,0,0,0
1908-02,33.8,0,0,福岡県,福岡市,,0,4.5,0,72,0,0,0,121.8,0,0,0
1908-03,85.5,0,0,福岡県,福岡市,,0,8.2,0,74,0,0,0,143.2,0,0,0
1908-04,205.9,0,0,福岡県,福岡市,,0,12.7,0,81,0,0,0,156.5,0,0,0
1908-05,62.8,0,0,福岡県,福岡市,,0,16.9,0,76,0,0,0,209.7,0,0,0
1908-06,400.6,0,0,福岡県,福岡市,,0,21.7,0,81,0,0,0,166.8,0,0,0
1908-07,316.2,0,0,福岡県,福岡市,,0,24.6,0,83,0,0,0,189.0,0,0,0
1908-08,158.2,0,0,福岡県,福岡市,,0,26.3,0,82,0,0,0,233.6,0,0,0
1908-09,163.1,0,0,福岡県,福岡市,,0,21.5,0,83,0,0,0,184.8,0,0,0
1908-10,136.0,0,0,福岡県,福岡市,,0,16.4,0,83,0,0,0,165.4,0,0,0
1908-11,27.7,0,0,福岡県,福岡市,,0,10.6,0,72,0,0,0,95.6,0,0,0
1908-12,51.8,0,0,福岡県,福岡市,,0,7.7,0,73,0,0,0,131.9,0,0,0
1909-01,72.8,0,0,福岡県,福岡市,,0,5.3,0,78,0,0,0,76.4,0,0,0
1909-02,51.6,0,0,福岡県,福岡市,,0,4.2,0,67,0,0,0,85.8,0,0,0
1909-03,147.6,0,0,福岡県,福岡市,,0,6.9,0,74,0,0,0,127.3,0,0,0
1909-04,132.9,0,0,福岡県,福岡市,,0,13.3,0,72,0,0,0,172.4,0,0,0
1909-05,57.8,0,0,福岡県,福岡市,,0,16.8,0,74,0,0,0,194.3,0,0,0
1909-06,279.9,0,0,福岡県,福岡市,,0,21.4,0,83,0,0,0,96.4,0,0,0
1909-07,281.6,0,0,福岡県,福岡市,,0,25.5,0,81,0,0,0,192.4,0,0,0
1909-08,181.4,0,0,福岡県,福岡市,,0,26.1,0,83,0,0,0,188.1,0,0,0
1909-09,362.8,0,0,福岡県,福岡市,,0,23.6,0,85,0,0,0,131.3,0,0,0
1909-10,78.5,0,0,福岡県,福岡市,,0,15.8,0,79,0,0,0,164.2,0,0,0
1909-11,79.1,0,0,福岡県,福岡市,,0,12.0,0,76,0,0,0,131.5,0,0,0
1909-12,73.0,0,0,福岡県,福岡市,,0,6.2,0,73,0,0,0,102.8,0,0,0
1910-01,152.6,0,0,福岡県,福岡市,,0,6.2,0,76,0,0,0,83.5,0,0,0
1910-02,79.7,0,0,福岡県,福岡市,,0,3.8,0,69,0,0,0,89.0,0,0,0
1910-03,141.6,0,0,福岡県,福岡市,,0,7.5,0,70,0,0,0,123.6,0,0,0
1910-04,98.2,0,0,福岡県,福岡市,,0,12.0,0,77,0,0,0,177.9,0,0,0
1910-05,125.6,0,0,福岡県,福岡市,,0,17.2,0,79,0,0,0,189.4,0,0,0
1910-06,394.3,0,0,福岡県,福岡市,,0,22.0,0,80,0,0,0,103.7,0,0,0
1910-07,116.5,0,0,福岡県,福岡市,,0,25.9,0,79,0,0,0,201.3,0,0,0
1910-08,80.6,0,0,福岡県,福岡市,,0,25.8,0,81,0,0,0,219.4,0,0,0
1910-09,335.7,0,0,福岡県,福岡市,,0,22.0,0,85,0,0,0,90.0,0,0,0
1910-10,62.4,0,0,福岡県,福岡市,,0,15.4,0,80,0,0,0,162.2,0,0,0
1910-11,72.5,0,0,福岡県,福岡市,,0,10.8,0,76,0,0,0,124.6,0,0,0
1910-12,58.6,0,0,福岡県,福岡市,,0,5.3,0,71,0,0,0,61.8,0,0,0
1911-01,69.4,0,0,福岡県,福岡市,,0,4.9,0,75,0,0,0,88.2,0,0,0
1911-02,33.0,0,0,福岡県,福岡市,,0,5.2,0,75,0,0,0,95.0,0,0,0
1911-03,208.5,0,0,福岡県,福岡市,,0,9.0,0,77,0,0,0,127.5,0,0,0
1911-04,121.9,0,0,福岡県,福岡市,,0,12.4,0,75,0,0,0,185.3,0,0,0
1911-05,94.9,0,0,福岡県,福岡市,,0,17.1,0,79,0,0,0,173.9,0,0,0
1911-06,317.0,0,0,福岡県,福岡市,,0,21.4,0,85,0,0,0,123.4,0,0,0
1911-07,244.7,0,0,福岡県,福岡市,,0,25.5,0,82,0,0,0,181.8,0,0,0
1911-08,77.6,0,0,福岡県,福岡市,,0,26.2,0,84,0,0,0,215.1,0,0,0
1911-09,283.9,0,0,福岡県,福岡市,,0,24.0,0,85,0,0,0,152.8,0,0,0
1911-10,110.7,0,0,福岡県,福岡市,,0,15.9,0,79,0,0,0,167.1,0,0,0
1911-11,128.5,0,0,福岡県,福岡市,,0,12.1,0,80,0,0,0,137.4,0,0,0
1911-12,58.1,0,0,福岡県,福岡市,,0,6.3,0,76,0,0,0,95.5,0,0,0
1912-01,59.5,0,0,福岡県,福岡市,,0,4.4,0,74,0,0,0,75.5,0,0,0
1912-02,156.7,0,0,福岡県,福岡市,,0,7.4,0,77,0,0,0,110.2,0,0,0
1912-03,139.1,0,0,福岡県,福岡市,,0,8.9,0,78,0,0,0,150.6,0,0,0
1912-04,155.8,0,0,福岡県,福岡市,,0,13.6,0,76,0,0,0,202.3,0,0,0
1912-05,43.7,0,0,福岡県,福岡市,,0,17.1,0,75,0,0,0,237.1,0,0,0
1912-06,115.1,0,0,福岡県,福岡市,,0,21.0,0,82,0,0,0,218.1,0,0,0
1912-07,434.2,0,0,福岡県,福岡市,,0,25.1,0,85,0,0,0,134.2,0,0,0
1912-08,41.4,0,0,福岡県,福岡市,,0,26.2,0,81,0,0,0,248.6,0,0,0
1912-09,130.3,0,0,福岡県,福岡市,,0,20.9,0,84,0,0,0,149.5,0,0,0
1912-10,90.8,0,0,福岡県,福岡市,,0,15.2,0,82,0,0,0,173.8,0,0,0
1912-11,70.8,0,0,福岡県,福岡市,,0,9.8,0,79,0,0,0,115.4,0,0,0
1912-12,155.0,0,0,福岡県,福岡市,,0,6.6,0,79,0,0,0,118.4,0,0,0
1913-01,81.9,0,0,福岡県,福岡市,,0,4.5,0,75,0,0,0,128.0,0,0,0
1913-02,42.1,0,0,福岡県,福岡市,,0,4.8,0,71,0,0,0,117.7,0,0,0
1913-03,21.8,0,0,福岡県,福岡市,,0,6.9,0,69,0,0,0,197.9,0,0,0
1913-04,276.1,0,0,福岡県,福岡市,,0,14.4,0,82,0,0,0,144.3,0,0,0
1913-05,143.2,0,0,福岡県,福岡市,,0,16.3,0,79,0,0,0,237.7,0,0,0
1913-06,189.5,0,0,福岡県,福岡市,,0,21.1,0,83,0,0,0,133.3,0,0,0
1913-07,30.9,0,0,福岡県,福岡市,,0,24.5,0,79,0,0,0,241.6,0,0,0
1913-08,47.8,0,0,福岡県,福岡市,,0,25.1,0,82,0,0,0,248.2,0,0,0
1913-09,148.9,0,0,福岡県,福岡市,,0,20.5,0,83,0,0,0,191.9,0,0,0
1913-10,109.8,0,0,福岡県,福岡市,,0,16.1,0,82,0,0,0,188.8,0,0,0
1913-11,61.9,0,0,福岡県,福岡市,,0,11.0,0,80,0,0,0,151.5,0,0,0
1913-12,107.5,0,0,福岡県,福岡市,,0,6.7,0,74,0,0,0,72.0,0,0,0
1914-01,66.2,0,0,福岡県,福岡市,,0,5.4,0,70,0,0,0,149.5,0,0,0
1914-02,120.4,0,0,福岡県,福岡市,,0,5.9,0,77,0,0,0,113.8,0,0,0
1914-03,168.1,0,0,福岡県,福岡市,,0,10.3,0,77,0,0,0,165.9,0,0,0
1914-04,153.4,0,0,福岡県,福岡市,,0,12.7,0,78,0,0,0,187.9,0,0,0
1914-05,147.6,0,0,福岡県,福岡市,,0,17.6,0,81,0,0,0,171.0,0,0,0
1914-06,586.1,0,0,福岡県,福岡市,,0,21.4,0,86,0,0,0,142.3,0,0,0
1914-07,29.6,0,0,福岡県,福岡市,,0,28.0,0,80,0,0,0,240.2,0,0,0
1914-08,137.9,0,0,福岡県,福岡市,,0,26.7,0,81,0,0,0,244.8,0,0,0
1914-09,89.1,0,0,福岡県,福岡市,,0,22.8,0,81,0,0,0,218.4,0,0,0
1914-10,157.8,0,0,福岡県,福岡市,,0,16.2,0,81,0,0,0,177.4,0,0,0
1914-11,87.9,0,0,福岡県,福岡市,,0,12.2,0,77,0,0,0,138.0,0,0,0
1914-12,76.2,0,0,福岡県,福岡市,,0,7.7,0,74,0,0,0,101.4,0,0,0
1915-01,57.7,0,0,福岡県,福岡市,,0,5.0,0,72,0,0,0,101.3,0,0,0
1915-02,108.0,0,0,福岡県,福岡市,,0,5.6,0,75,0,0,0,89.5,0,0,0
1915-03,85.1,0,0,福岡県,福岡市,,0,7.2,0,71,0,0,0,192.9,0,0,0
1915-04,211.0,0,0,福岡県,福岡市,,0,13.1,0,82,0,0,0,132.6,0,0,0
1915-05,112.1,0,0,福岡県,福岡市,,0,16.4,0,80,0,0,0,259.2,0,0,0
1915-06,391.8,0,0,福岡県,福岡市,,0,22.0,0,85,0,0,0,106.2,0,0,0
1915-07,115.3,0,0,福岡県,福岡市,,0,26.2,0,78,0,0,0,312.8,0,0,0
1915-08,158.3,0,0,福岡県,福岡市,,0,26.4,0,83,0,0,0,243.6,0,0,0
1915-09,373.4,0,0,福岡県,福岡市,,0,22.4,0,87,0,0,0,124.1,0,0,0
1915-10,195.5,0,0,福岡県,福岡市,,0,18.2,0,85,0,0,0,145.2,0,0,0
1915-11,73.4,0,0,福岡県,福岡市,,0,12.9,0,80,0,0,0,115.4,0,0,0
1915-12,19.4,0,0,福岡県,福岡市,,0,7.9,0,74,0,0,0,128.5,0,0,0
1916-01,73.4,0,0,福岡県,福岡市,,0,7.0,0,76,0,0,0,147.9,0,0,0
1916-02,96.3,0,0,福岡県,福岡市,,0,5.4,0,75,0,0,0,105.9,0,0,0
1916-03,65.7,0,0,福岡県,福岡市,,0,6.4,0,68,0,0,0,182.3,0,0,0
1916-04,194.9,0,0,福岡県,福岡市,,0,13.6,0,78,0,0,0,169.5,0,0,0
1916-05,85.8,0,0,福岡県,福岡市,,0,17.2,0,79,0,0,0,249.9,0,0,0
1916-06,349.5,0,0,福岡県,福岡市,,0,23.5,0,81,0,0,0,167.5,0,0,0
1916-07,347.9,0,0,福岡県,福岡市,,0,25.6,0,84,0,0,0,152.5,0,0,0
1916-08,61.2,0,0,福岡県,福岡市,,0,26.5,0,83,0,0,0,245.5,0,0,0
1916-09,187.6,0,0,福岡県,福岡市,,0,24.4,0,84,0,0,0,189.1,0,0,0
1916-10,123.0,0,0,福岡県,福岡市,,0,17.4,0,80,0,0,0,167.8,0,0,0
1916-11,38.9,0,0,福岡県,福岡市,,0,12.9,0,79,0,0,0,154.8,0,0,0
1916-12,52.6,0,0,福岡県,福岡市,,0,7.2,0,77,0,0,0,163.4,0,0,0
1917-01,64.3,0,0,福岡県,福岡市,,0,2.7,0,67,0,0,0,93.3,0,0,0
1917-02,76.5,0,0,福岡県,福岡市,,0,4.0,0,72,0,0,0,117.6,0,0,0
1917-03,117.4,0,0,福岡県,福岡市,,0,7.0,0,75,0,0,0,158.0,0,0,0
1917-04,106.5,0,0,福岡県,福岡市,,0,12.5,0,76,0,0,0,219.0,0,0,0
1917-05,48.7,0,0,福岡県,福岡市,,0,16.0,0,75,0,0,0,263.6,0,0,0
1917-06,314.3,0,0,福岡県,福岡市,,0,21.1,0,84,0,0,0,130.5,0,0,0
1917-07,170.8,0,0,福岡県,福岡市,,0,26.6,0,81,0,0,0,249.6,0,0,0
1917-08,269.2,0,0,福岡県,福岡市,,0,25.9,0,82,0,0,0,192.7,0,0,0
1917-09,220.8,0,0,福岡県,福岡市,,0,24.0,0,86,0,0,0,130.2,0,0,0
1917-10,169.6,0,0,福岡県,福岡市,,0,17.0,0,83,0,0,0,127.8,0,0,0
1917-11,41.8,0,0,福岡県,福岡市,,0,9.3,0,76,0,0,0,153.8,0,0,0
1917-12,76.8,0,0,福岡県,福岡市,,0,4.4,0,68,0,0,0,70.0,0,0,0
1918-01,21.0,0,0,福岡県,福岡市,,0,2.2,0,68,0,0,0,110.0,0,0,0
1918-02,45.1,0,0,福岡県,福岡市,,0,4.8,0,72,0,0,0,127.3,0,0,0
1918-03,121.5,0,0,福岡県,福岡市,,0,7.7,0,75,0,0,0,169.9,0,0,0
1918-04,144.1,0,0,福岡県,福岡市,,0,12.8,0,78,0,0,0,169.5,0,0,0
1918-05,126.2,0,0,福岡県,福岡市,,0,16.4,0,77,0,0,0,202.1,0,0,0
1918-06,231.5,0,0,福岡県,福岡市,,0,21.2,0,84,0,0,0,128.0,0,0,0
1918-07,427.7,0,0,福岡県,福岡市,,0,25.4,0,84,0,0,0,173.8,0,0,0
1918-08,157.3,0,0,福岡県,福岡市,,0,25.5,0,84,0,0,0,217.1,0,0,0
1918-09,89.6,0,0,福岡県,福岡市,,0,21.5,0,80,0,0,0,218.5,0,0,0
1918-10,222.1,0,0,福岡県,福岡市,,0,16.6,0,83,0,0,0,195.7,0,0,0
1918-11,109.6,0,0,福岡県,福岡市,,0,11.2,0,77,0,0,0,120.4,0,0,0
1918-12,142.3,0,0,福岡県,福岡市,,0,7.2,0,77,0,0,0,86.8,0,0,0
1919-01,89.9,0,0,福岡県,福岡市,,0,5.0,0,76,0,0,0,82.5,0,0,0
1919-02,72.4,0,0,福岡県,福岡市,,0,5.7,0,77,0,0,0,118.2,0,0,0
1919-03,108.7,0,0,福岡県,福岡市,,0,9.9,0,77,0,0,0,177.8,0,0,0
1919-04,63.2,0,0,福岡県,福岡市,,0,13.4,0,74,0,0,0,219.7,0,0,0
1919-05,70.3,0,0,福岡県,福岡市,,0,17.5,0,76,0,0,0,270.3,0,0,0
1919-06,139.9,0,0,福岡県,福岡市,,0,22.3,0,83,0,0,0,144.9,0,0,0
1919-07,236.9,0,0,福岡県,福岡市,,0,25.3,0,83,0,0,0,181.2,0,0,0
1919-08,147.9,0,0,福岡県,福岡市,,0,25.7,0,83,0,0,0,224.7,0,0,0
1919-09,104.9,0,0,福岡県,福岡市,,0,21.4,0,82,0,0,0,199.9,0,0,0
1919-10,115.1,0,0,福岡県,福岡市,,0,15.8,0,80,0,0,0,201.6,0,0,0
1919-11,79.8,0,0,福岡県,福岡市,,0,11.4,0,81,0,0,0,121.1,0,0,0
1919-12,85.8,0,0,福岡県,福岡市,,0,6.0,0,73,0,0,0,114.2,0,0,0
1920-01,83.2,0,0,福岡県,福岡市,,0,4.6,0,74,0,0,0,80.8,0,0,0
1920-02,76.0,0,0,福岡県,福岡市,,0,4.8,0,77,0,0,0,111.6,0,0,0
1920-03,207.5,0,0,福岡県,福岡市,,0,8.4,0,80,0,0,0,128.0,0,0,0
1920-04,42.6,0,0,福岡県,福岡市,,0,12.5,0,78,0,0,0,198.7,0,0,0
1920-05,133.6,0,0,福岡県,福岡市,,0,15.5,0,84,0,0,0,174.4,0,0,0
1920-06,179.5,0,0,福岡県,福岡市,,0,20.9,0,85,0,0,0,112.7,0,0,0
1920-07,188.5,0,0,福岡県,福岡市,,0,26.7,0,79,0,0,0,223.4,0,0,0
1920-08,120.0,0,0,福岡県,福岡市,,0,25.9,0,84,0,0,0,218.4,0,0,0
1920-09,100.6,0,0,福岡県,福岡市,,0,23.4,0,84,0,0,0,181.4,0,0,0
1920-10,30.8,0,0,福岡県,福岡市,,0,16.2,0,81,0,0,0,233.6,0,0,0
1920-11,105.5,0,0,福岡県,福岡市,,0,13.6,0,81,0,0,0,142.0,0,0,0
1920-12,101.5,0,0,福岡県,福岡市,,0,7.6,0,76,0,0,0,84.1,0,0,0
1921-01,75.9,0,0,福岡県,福岡市,,0,5.8,0,75,0,0,0,96.0,0,0,0
1921-02,68.8,0,0,福岡県,福岡市,,0,5.6,0,73,0,0,0,121.7,0,0,0
1921-03,169.8,0,0,福岡県,福岡市,,0,7.4,0,75,0,0,0,187.0,0,0,0
1921-04,175.4,0,0,福岡県,福岡市,,0,13.9,0,81,0,0,0,179.1,0,0,0
1921-05,114.8,0,0,福岡県,福岡市,,0,16.6,0,81,0,0,0,218.9,0,0,0
1921-06,467.9,0,0,福岡県,福岡市,,0,20.0,0,87,0,0,0,75.9,0,0,0
1921-07,88.4,0,0,福岡県,福岡市,,0,25.4,0,81,0,0,0,232.5,0,0,0
1921-08,30.4,0,0,福岡県,福岡市,,0,26.9,0,81,0,0,0,267.5,0,0,0
1921-09,286.7,0,0,福岡県,福岡市,,0,21.5,0,84,0,0,0,148.5,0,0,0
1921-10,47.9,0,0,福岡県,福岡市,,0,15.5,0,80,0,0,0,182.4,0,0,0
1921-11,44.6,0,0,福岡県,福岡市,,0,9.8,0,72,0,0,0,183.4,0,0,0
1921-12,37.0,0,0,福岡県,福岡市,,0,6.2,0,73,0,0,0,97.9,0,0,0
1922-01,79.5,0,0,福岡県,福岡市,,0,2.9,0,72,0,0,0,97.6,0,0,0
1922-02,159.4,0,0,福岡県,福岡市,,0,7.3,0,80,0,0,0,116.4,0,0,0
1922-03,126.6,0,0,福岡県,福岡市,,0,7.6,0,72,0,0,0,185.8,0,0,0
1922-04,103.7,0,0,福岡県,福岡市,,0,13.7,0,76,0,0,0,209.2,0,0,0
1922-05,47.7,0,0,福岡県,福岡市,,0,18.0,0,76,0,0,0,233.0,0,0,0
1922-06,128.0,0,0,福岡県,福岡市,,0,22.2,0,75,0,0,0,223.0,0,0,0
1922-07,338.0,0,0,福岡県,福岡市,,0,25.8,0,81,0,0,0,212.6,0,0,0
1922-08,19.4,0,0,福岡県,福岡市,,0,28.1,0,78,0,0,0,307.0,0,0,0
1922-09,388.3,0,0,福岡県,福岡市,,0,23.5,0,83,0,0,0,170.5,0,0,0
1922-10,49.7,0,0,福岡県,福岡市,,0,16.9,0,79,0,0,0,200.2,0,0,0
1922-11,110.8,0,0,福岡県,福岡市,,0,10.7,0,76,0,0,0,161.2,0,0,0
1922-12,25.3,0,0,福岡県,福岡市,,0,5.9,0,69,0,0,0,138.8,0,0,0
1923-01,61.2,0,0,福岡県,福岡市,,0,4.5,0,70,0,0,0,88.3,0,0,0
1923-02,87.7,0,0,福岡県,福岡市,,0,4.7,0,75,0,0,0,100.4,0,0,0
1923-03,80.4,0,0,福岡県,福岡市,,0,9.8,0,75,0,0,0,181.8,0,0,0
1923-04,137.9,0,0,福岡県,福岡市,,0,13.1,0,78,0,0,0,142.6,0,0,0
1923-05,197.9,0,0,福岡県,福岡市,,0,18.3,0,81,0,0,0,181.9,0,0,0
1923-06,470.5,0,0,福岡県,福岡市,,0,21.1,0,82,0,0,0,148.7,0,0,0
1923-07,433.9,0,0,福岡県,福岡市,,0,25.0,0,83,0,0,0,204.1,0,0,0
1923-08,76.7,0,0,福岡県,福岡市,,0,27.7,0,79,0,0,0,278.6,0,0,0
1923-09,187.5,0,0,福岡県,福岡市,,0,22.9,0,83,0,0,0,182.4,0,0,0
1923-10,227.3,0,0,福岡県,福岡市,,0,16.3,0,82,0,0,0,158.7,0,0,0
1923-11,131.6,0,0,福岡県,福岡市,,0,11.6,0,78,0,0,0,111.0,0,0,0
1923-12,52.6,0,0,福岡県,福岡市,,0,6.9,0,76,0,0,0,83.7,0,0,0
1924-01,54.2,0,0,福岡県,福岡市,,0,5.1,0,75,0,0,0,97.7,0,0,0
1924-02,71.8,0,0,福岡県,福岡市,,0,5.4,0,75,0,0,0,67.3,0,0,0
1924-03,40.6,0,0,福岡県,福岡市,,0,5.9,0,71,0,0,0,195.5,0,0,0
1924-04,112.0,0,0,福岡県,福岡市,,0,13.6,0,79,0,0,0,177.6,0,0,0
1924-05,137.8,0,0,福岡県,福岡市,,0,17.0,0,79,0,0,0,194.9,0,0,0
1924-06,133.4,0,0,福岡県,福岡市,,0,20.4,0,80,0,0,0,188.7,0,0,0
1924-07,135.8,0,0,福岡県,福岡市,,0,27.2,0,79,0,0,0,256.1,0,0,0
1924-08,228.7,0,0,福岡県,福岡市,,0,26.5,0,80,0,0,0,240.4,0,0,0
1924-09,158.6,0,0,福岡県,福岡市,,0,21.7,0,83,0,0,0,170.1,0,0,0
1924-10,78.8,0,0,福岡県,福岡市,,0,16.6,0,80,0,0,0,178.4,0,0,0
1924-11,75.9,0,0,福岡県,福岡市,,0,10.0,0,73,0,0,0,138.0,0,0,0
1924-12,59.8,0,0,福岡県,福岡市,,0,6.1,0,76,0,0,0,119.4,0,0,0
1925-01,88.5,0,0,福岡県,福岡市,,0,4.4,0,76,0,0,0,69.1,0,0,0
1925-02,75.6,0,0,福岡県,福岡市,,0,3.7,0,74,0,0,0,105.2,0,0,0
1925-03,29.9,0,0,福岡県,福岡市,,0,7.6,0,66,0,0,0,236.9,0,0,0
1925-04,74.6,0,0,福岡県,福岡市,,0,11.8,0,74,0,0,0,215.4,0,0,0
1925-05,197.8,0,0,福岡県,福岡市,,0,17.4,0,79,0,0,0,165.6,0,0,0
1925-06,230.8,0,0,福岡県,福岡市,,0,21.6,0,82,0,0,0,119.2,0,0,0
1925-07,124.7,0,0,福岡県,福岡市,,0,25.5,0,80,0,0,0,195.5,0,0,0
1925-08,42.0,0,0,福岡県,福岡市,,0,26.7,0,79,0,0,0,282.6,0,0,0
1925-09,305.1,0,0,福岡県,福岡市,,0,22.5,0,84,0,0,0,144.6,0,0,0
1925-10,26.3,0,0,福岡県,福岡市,,0,16.0,0,78,0,0,0,215.0,0,0,0
1925-11,68.8,0,0,福岡県,福岡市,,0,12.8,0,78,0,0,0,143.0,0,0,0
1925-12,110.9,0,0,福岡県,福岡市,,0,6.9,0,70,0,0,0,93.2,0,0,0
1926-01,37.3,0,0,福岡県,福岡市,,0,4.5,0,69,0,0,0,114.4,0,0,0
1926-02,86.3,0,0,福岡県,福岡市,,0,5.5,0,74,0,0,0,142.5,0,0,0
1926-03,69.9,0,0,福岡県,福岡市,,0,7.6,0,69,0,0,0,216.3,0,0,0
1926-04,42.7,0,0,福岡県,福岡市,,0,12.0,0,69,0,0,0,245.9,0,0,0
1926-05,193.4,0,0,福岡県,福岡市,,0,17.3,0,79,0,0,0,169.2,0,0,0
1926-06,86.2,0,0,福岡県,福岡市,,0,20.2,0,75,0,0,0,222.0,0,0,0
1926-07,179.4,0,0,福岡県,福岡市,,0,26.2,0,78,0,0,0,250.8,0,0,0
1926-08,81.4,0,0,福岡県,福岡市,,0,27.9,0,80,0,0,0,267.9,0,0,0
1926-09,288.8,0,0,福岡県,福岡市,,0,23.6,0,84,0,0,0,167.3,0,0,0
1926-10,81.8,0,0,福岡県,福岡市,,0,15.7,0,76,0,0,0,179.7,0,0,0
1926-11,53.0,0,0,福岡県,福岡市,,0,10.9,0,77,0,0,0,190.2,0,0,0
1926-12,86.4,0,0,福岡県,福岡市,,0,5.5,0,75,0,0,0,97.5,0,0,0
1927-01,43.2,0,0,福岡県,福岡市,,0,4.5,0,71,0,0,0,111.0,0,0,0
1927-02,57.9,0,0,福岡県,福岡市,,0,4.2,0,72,0,0,0,91.8,0,0,0
1927-03,195.3,0,0,福岡県,福岡市,,0,7.8,0,76,0,0,0,151.8,0,0,0
1927-04,205.2,0,0,福岡県,福岡市,,0,12.3,0,79,0,0,0,206.8,0,0,0
1927-05,35.9,0,0,福岡県,福岡市,,0,16.4,0,75,0,0,0,276.4,0,0,0
1927-06,137.3,0,0,福岡県,福岡市,,0,21.0,0,79,0,0,0,214.9,0,0,0
1927-07,408.2,0,0,福岡県,福岡市,,0,27.0,0,81,0,0,0,225.9,0,0,0
1927-08,295.1,0,0,福岡県,福岡市,,0,26.4,0,86,0,0,0,173.9,0,0,0
1927-09,274.8,0,0,福岡県,福岡市,,0,21.1,0,86,0,0,0,118.2,0,0,0
1927-10,57.1,0,0,福岡県,福岡市,,0,16.0,0,80,0,0,0,201.0,0,0,0
1927-11,35.1,0,0,福岡県,福岡市,,0,12.1,0,79,0,0,0,169.0,0,0,0
1927-12,55.1,0,0,福岡県,福岡市,,0,7.9,0,75,0,0,0,114.5,0,0,0
1928-01,118.4,0,0,福岡県,福岡市,,0,5.2,0,73,0,0,0,75.3,0,0,0
1928-02,85.6,0,0,福岡県,福岡市,,0,5.2,0,70,0,0,0,131.6,0,0,0
1928-03,86.8,0,0,福岡県,福岡市,,0,8.0,0,75,0,0,0,191.0,0,0,0
1928-04,111.5,0,0,福岡県,福岡市,,0,13.2,0,78,0,0,0,220.1,0,0,0
1928-05,44.9,0,0,福岡県,福岡市,,0,18.2,0,79,0,0,0,222.8,0,0,0
1928-06,432.8,0,0,福岡県,福岡市,,0,21.5,0,82,0,0,0,157.1,0,0,0
1928-07,280.8,0,0,福岡県,福岡市,,0,25.6,0,84,0,0,0,181.7,0,0,0
1928-08,81.5,0,0,福岡県,福岡市,,0,25.5,0,83,0,0,0,216.8,0,0,0
1928-09,246.8,0,0,福岡県,福岡市,,0,23.8,0,84,0,0,0,169.6,0,0,0
1928-10,13.1,0,0,福岡県,福岡市,,0,16.7,0,77,0,0,0,216.5,0,0,0
1928-11,113.5,0,0,福岡県,福岡市,,0,12.0,0,78,0,0,0,159.3,0,0,0
1928-12,62.5,0,0,福岡県,福岡市,,0,7.0,0,77,0,0,0,111.9,0,0,0
1929-01,40.8,0,0,福岡県,福岡市,,0,4.2,0,75,0,0,0,96.6,0,0,0
1929-02,39.1,0,0,福岡県,福岡市,,0,4.0,0,69,0,0,0,117.8,0,0,0
1929-03,85.0,0,0,福岡県,福岡市,,0,8.7,0,70,0,0,0,181.4,0,0,0
1929-04,132.4,0,0,福岡県,福岡市,,0,12.7,0,73,0,0,0,223.3,0,0,0
1929-05,71.5,0,0,福岡県,福岡市,,0,17.0,0,80,0,0,0,196.8,0,0,0
1929-06,164.2,0,0,福岡県,福岡市,,0,22.0,0,79,0,0,0,175.7,0,0,0
1929-07,173.4,0,0,福岡県,福岡市,,0,26.4,0,82,0,0,0,223.9,0,0,0
1929-08,106.3,0,0,福岡県,福岡市,,0,27.2,0,79,0,0,0,270.2,0,0,0
1929-09,92.8,0,0,福岡県,福岡市,,0,21.7,0,80,0,0,0,171.8,0,0,0
1929-10,30.7,0,0,福岡県,福岡市,,0,16.0,0,79,0,0,0,192.4,0,0,0
1929-11,104.8,0,0,福岡県,福岡市,,0,10.3,0,79,0,0,0,117.8,0,0,0
1929-12,147.3,0,0,福岡県,福岡市,,0,9.2,0,82,0,0,0,105.8,0,0,0
1930-01,32.4,0,0,福岡県,福岡市,,0,4.2,0,74,0,0,0,113.6,0,0,0
1930-02,90.7,0,0,福岡県,福岡市,,0,7.1,0,78,0,0,0,128.5,0,0,0
1930-03,107.3,0,0,福岡県,福岡市,,0,9.8,0,78,0,0,0,169.7,0,0,0
1930-04,168.0,0,0,福岡県,福岡市,,0,14.8,0,81,0,0,0,160.5,0,0,0
1930-05,26.1,0,0,福岡県,福岡市,,0,18.0,0,78,0,0,0,209.4,0,0,0
1930-06,229.8,0,0,福岡県,福岡市,,0,22.3,0,82,0,0,0,175.0,0,0,0
1930-07,106.5,0,0,福岡県,福岡市,,0,28.1,0,77,0,0,0,271.3,0,0,0
1930-08,293.7,0,0,福岡県,福岡市,,0,26.7,0,84,0,0,0,212.2,0,0,0
1930-09,60.9,0,0,福岡県,福岡市,,0,21.6,0,83,0,0,0,218.5,0,0,0
1930-10,105.3,0,0,福岡県,福岡市,,0,16.0,0,80,0,0,0,210.0,0,0,0
1930-11,104.2,0,0,福岡県,福岡市,,0,10.3,0,75,0,0,0,118.4,0,0,0
1930-12,39.0,0,0,福岡県,福岡市,,0,7.6,0,77,0,0,0,135.0,0,0,0
1931-01,121.6,0,0,福岡県,福岡市,,0,6.1,0,79,8.0,7.7,0,93.1,6,0,0
1931-02,100.5,0,0,福岡県,福岡市,,0,5.3,0,78,8.1,7.1,0,87.3,5,0,5
1931-03,88.6,0,0,福岡県,福岡市,,0,9.3,0,74,5.8,8.7,0,200.8,1,1,0
1931-04,91.8,0,0,福岡県,福岡市,,0,12.7,0,75,7.1,11.2,0,150.9,0,4,0
1931-05,91.1,0,0,福岡県,福岡市,,0,16.7,0,75,6.1,13.7,0,215.8,0,0,0
1931-06,93.1,0,0,福岡県,福岡市,,0,21.5,0,79,7.2,20.0,0,177.7,0,0,0
1931-07,631.3,0,0,福岡県,福岡市,,0,24.1,0,86,9.2,25.2,0,95.4,0,6,0
1931-08,14.0,0,0,福岡県,福岡市,,0,27.3,0,79,5.7,27.9,0,243.0,0,2,1
1931-09,170.6,0,0,福岡県,福岡市,,0,22.8,0,82,6.9,22.3,0,153.9,0,4,0
1931-10,77.0,0,0,福岡県,福岡市,,0,15.8,0,79,5.5,14.3,0,177.0,0,0,1
1931-11,111.3,0,0,福岡県,福岡市,,0,12.7,0,81,5.8,11.7,0,146.5,0,0,1
1931-12,132.2,0,0,福岡県,福岡市,,0,8.2,0,78,7.5,8.7,0,102.6,2,0,0
1932-01,58.9,0,0,福岡県,福岡市,,0,6.7,0,75,6.4,7.3,0,110.7,2,0,0
1932-02,74.4,0,0,福岡県,福岡市,,0,5.0,0,72,8.0,6.4,0,94.3,11,0,0
1932-03,83.4,0,0,福岡県,福岡市,,0,7.3,0,69,6.7,7.1,0,166.1,3,0,0
1932-04,142.4,0,0,福岡県,福岡市,,0,12.3,0,76,6.0,10.8,0,190.6,0,0,1
1932-05,205.1,0,0,福岡県,福岡市,,0,17.3,0,79,6.7,15.2,0,201.9,0,0,2
1932-06,140.0,0,0,福岡県,福岡市,,0,21.0,0,82,7.5,19.9,0,172.1,0,0,3
1932-07,133.5,0,0,福岡県,福岡市,,0,26.9,0,81,6.2,27.9,0,249.2,0,0,2
1932-08,89.1,0,0,福岡県,福岡市,,0,26.5,0,83,6.8,28.0,0,201.8,0,0,0
1932-09,254.0,0,0,福岡県,福岡市,,0,20.8,0,88,8.0,21.3,0,128.6,0,0,0
1932-10,7.2,0,0,福岡県,福岡市,,0,14.8,0,77,5.4,12.5,0,209.7,0,0,0
1932-11,76.8,0,0,福岡県,福岡市,,0,11.4,0,77,7.0,10.3,0,132.4,0,0,0
1932-12,143.2,0,0,福岡県,福岡市,,0,7.9,0,77,7.1,8.3,0,103.7,2,0,1
1933-01,93.2,0,0,福岡県,福岡市,,0,4.0,0,72,8.6,6.0,0,62.0,7,0,0
1933-02,24.8,0,0,福岡県,福岡市,,0,4.3,0,72,7.1,5.9,0,121.8,5,0,2
1933-03,141.7,0,0,福岡県,福岡市,,0,7.2,0,75,7.4,7.7,0,150.0,3,1,1
1933-04,222.7,0,0,福岡県,福岡市,,0,13.0,0,81,6.8,11.9,0,143.9,0,0,0
1933-05,198.7,0,0,福岡県,福岡市,,0,18.4,0,78,6.7,16.5,0,186.4,0,2,0
1933-06,122.0,0,0,福岡県,福岡市,,0,22.9,0,78,8.0,21.5,0,175.2,0,1,1
1933-07,217.0,0,0,福岡県,福岡市,,0,27.1,0,81,6.3,28.4,0,240.4,0,4,0
1933-08,166.3,0,0,福岡県,福岡市,,0,26.6,0,85,6.2,28.9,0,230.6,0,9,0
1933-09,54.7,0,0,福岡県,福岡市,,0,22.5,0,80,5.2,21.5,0,221.5,0,2,0
1933-10,222.9,0,0,福岡県,福岡市,,0,16.2,0,80,6.6,14.7,0,165.7,0,0,1
1933-11,75.2,0,0,福岡県,福岡市,,0,12.0,0,78,5.6,10.9,0,175.2,0,0,1
1933-12,66.1,0,0,福岡県,福岡市,,0,8.2,0,74,7.4,8.1,0,118.6,0,0,0
1934-01,14.5,0,0,福岡県,福岡市,,0,2.7,0,62,8.0,4.5,0,109.7,8,0,0
1934-02,38.6,0,0,福岡県,福岡市,,0,4.6,0,67,7.0,5.6,0,146.2,4,0,0
1934-03,64.4,0,0,福岡県,福岡市,,0,7.4,0,68,7.4,7.2,0,160.0,5,0,0
1934-04,121.5,0,0,福岡県,福岡市,,0,12.4,0,77,7.0,10.9,0,172.6,0,1,1
1934-05,32.6,0,0,福岡県,福岡市,,0,18.1,0,75,5.9,15.1,0,230.4,0,0,2
1934-06,48.6,0,0,福岡県,福岡市,,0,22.5,0,74,7.6,19.7,0,202.5,0,0,2
1934-07,221.9,0,0,福岡県,福岡市,,0,27.2,0,78,6.4,27.5,0,260.2,0,2,1
1934-08,102.9,0,0,福岡県,福岡市,,0,27.0,0,78,5.9,27.2,0,283.8,0,2,0
1934-09,475.3,0,0,福岡県,福岡市,,0,21.6,0,85,7.1,21.9,0,157.3,0,5,3
1934-10,58.5,0,0,福岡県,福岡市,,0,15.1,0,80,6.1,13.7,0,158.5,0,0,0
1934-11,134.1,0,0,福岡県,福岡市,,0,10.5,0,76,6.4,9.7,0,149.6,0,0,3
1934-12,51.7,0,0,福岡県,福岡市,,0,8.1,0,80,5.8,8.5,0,144.9,0,0,1
1935-01,27.5,0,0,福岡県,福岡市,,0,5.2,0,70,7.1,6.3,0,135.5,6,0,0
1935-02,104.0,0,0,福岡県,福岡市,,0,6.0,0,73,7.3,6.9,0,126.9,1,0,1
1935-03,63.2,0,0,福岡県,福岡市,,0,9.3,0,71,5.5,8.3,0,202.7,0,0,1
1935-04,101.9,0,0,福岡県,福岡市,,0,12.9,0,78,6.4,11.6,0,185.3,0,0,1
1935-05,52.4,0,0,福岡県,福岡市,,0,17.7,0,74,5.6,14.7,0,265.2,0,0,0
1935-06,663.3,0,0,福岡県,福岡市,,0,21.5,0,75,7.4,18.5,0,210.3,0,0,1
1935-07,251.6,0,0,福岡県,福岡市,,0,26.2,0,80,6.7,26.7,0,233.3,0,4,0
1935-08,145.4,0,0,福岡県,福岡市,,0,26.5,0,82,5.4,27.6,0,238.1,0,5,0
1935-09,255.9,0,0,福岡県,福岡市,,0,21.5,0,83,7.9,21.2,0,118.7,0,0,1
1935-10,76.3,0,0,福岡県,福岡市,,0,16.7,0,79,5.0,14.8,0,220.5,0,0,0
1935-11,71.7,0,0,福岡県,福岡市,,0,12.1,0,79,5.8,11.1,0,167.1,0,0,1
1935-12,83.1,0,0,福岡県,福岡市,,0,6.3,0,74,7.8,7.3,0,83.0,6,0,1
1936-01,38.6,0,0,福岡県,福岡市,,0,2.4,0,65,8.8,4.7,0,70.0,16,0,0
1936-02,55.1,0,0,福岡県,福岡市,,0,3.4,0,73,7.6,5.6,0,114.3,11,0,0
1936-03,30.5,0,0,福岡県,福岡市,,0,5.5,0,68,6.7,6.3,0,186.3,9,1,0
1936-04,170.8,0,0,福岡県,福岡市,,0,12.6,0,78,7.2,11.3,0,164.3,0,2,2
1936-05,174.0,0,0,福岡県,福岡市,,0,16.6,0,78,7.6,14.4,0,188.2,0,0,0
1936-06,137.3,0,0,福岡県,福岡市,,0,22.3,0,77,7.4,20.4,0,219.3,0,0,2
1936-07,337.9,0,0,福岡県,福岡市,,0,25.4,0,82,7.6,26.1,0,190.2,0,5,0
1936-08,432.9,0,0,福岡県,福岡市,,0,26.2,0,83,8.8,27.6,0,170.9,0,7,0
1936-09,111.1,0,0,福岡県,福岡市,,0,23.3,0,81,5.5,23.1,0,233.7,0,1,1
1936-10,8.8,0,0,福岡県,福岡市,,0,16.6,0,78,4.4,14.4,0,228.0,0,0,1
1936-11,67.9,0,0,福岡県,福岡市,,0,11.1,0,74,6.2,9.7,0,154.9,0,0,1
1936-12,128.9,0,0,福岡県,福岡市,,0,8.4,0,77,8.0,8.5,0,111.7,0,1,0
1937-01,102.2,0,0,福岡県,福岡市,,0,5.8,0,79,8.2,7.3,0,82.4,3,0,0
1937-02,114.8,0,0,福岡県,福岡市,,0,7.6,0,81,8.1,8.7,0,96.1,3,0,0
1937-03,89.1,0,0,福岡県,福岡市,,0,8.7,0,81,6.7,9.2,0,170.5,0,0,0
1937-04,73.0,0,0,福岡県,福岡市,,0,13.8,0,78,6.7,12.1,0,198.5,0,0,1
1937-05,100.1,0,0,福岡県,福岡市,,0,17.8,0,79,6.9,16.0,0,215.5,0,1,1
1937-06,217.6,0,0,福岡県,福岡市,,0,21.4,0,79,7.8,19.6,0,195.9,0,1,0
1937-07,256.8,0,0,福岡県,福岡市,,0,26.5,0,80,7.9,27.2,0,194.1,0,6,0
1937-08,88.3,0,0,福岡県,福岡市,,0,27.3,0,81,5.9,28.4,0,267.7,0,6,0
1937-09,221.7,0,0,福岡県,福岡市,,0,22.8,0,82,6.9,22.4,0,181.4,0,0,0
1937-10,164.5,0,0,福岡県,福岡市,,0,16.8,0,81,6.0,15.3,0,174.4,0,0,2
1937-11,188.7,0,0,福岡県,福岡市,,0,12.7,0,82,7.8,12.1,0,102.8,0,0,1
1937-12,56.8,0,0,福岡県,福岡市,,0,6.6,0,69,7.0,6.8,0,113.2,2,0,0
1938-01,71.8,0,0,福岡県,福岡市,,0,3.7,0,72,8.0,5.9,0,74.0,10,0,1
1938-02,49.1,0,0,福岡県,福岡市,,0,4.4,0,66,6.8,5.5,0,152.4,6,0,0
1938-03,89.1,0,0,福岡県,福岡市,,0,9.4,0,79,6.8,9.5,0,157.5,1,0,3
1938-04,31.9,0,0,福岡県,福岡市,,0,13.7,0,71,5.3,10.9,0,222.5,0,1,1
1938-05,204.7,0,0,福岡県,福岡市,,0,19.0,0,80,7.5,17.5,0,183.0,0,0,0
1938-06,344.1,0,0,福岡県,福岡市,,0,21.5,0,83,8.0,20.9,0,149.8,0,0,0
1938-07,85.7,0,0,福岡県,福岡市,,0,25.8,0,83,6.2,26.8,0,246.9,0,3,1
1938-08,157.9,0,0,福岡県,福岡市,,0,26.4,0,85,6.0,28.5,0,243.7,0,5,1
1938-09,112.9,0,0,福岡県,福岡市,,0,21.3,0,79,6.2,19.9,0,215.9,0,1,0
1938-10,262.6,0,0,福岡県,福岡市,,0,18.4,0,80,6.7,17.1,0,149.1,0,0,0
1938-11,56.5,0,0,福岡県,福岡市,,0,10.7,0,74,5.6,9.5,0,169.3,1,0,0
1938-12,43.7,0,0,福岡県,福岡市,,0,7.3,0,73,6.4,7.3,0,123.2,4,0,0
1939-01,68.9,0,0,福岡県,福岡市,,0,4.3,0,71,7.3,5.9,0,115.1,7,0,0
1939-02,79.8,0,0,福岡県,福岡市,,0,5.3,0,73,7.1,6.5,0,122.0,4,0,0
1939-03,101.6,0,0,福岡県,福岡市,,0,8.6,0,72,7.0,8.0,0,172.8,1,1,0
1939-04,147.6,0,0,福岡県,福岡市,,0,13.8,0,73,7.5,11.3,0,150.7,0,1,0
1939-05,41.2,0,0,福岡県,福岡市,,0,17.8,0,73,6.0,14.5,0,249.1,0,0,0
1939-06,80.0,0,0,福岡県,福岡市,,0,21.9,0,74,7.7,19.2,0,190.1,0,1,0
1939-07,99.0,0,0,福岡県,福岡市,,0,27.1,0,77,5.8,26.8,0,267.4,0,2,0
1939-08,69.3,0,0,福岡県,福岡市,,0,26.4,0,74,5.1,24.8,0,277.7,0,5,0
1939-09,75.8,0,0,福岡県,福岡市,,0,22.6,0,76,4.7,20.4,0,221.8,0,2,0
1939-10,146.6,0,0,福岡県,福岡市,,0,17.4,0,77,7.2,15.2,0,161.9,0,1,1
1939-11,79.8,0,0,福岡県,福岡市,,0,12.2,0,78,6.1,11.1,0,154.0,0,0,0
1939-12,10.2,0,0,福岡県,福岡市,,0,6.7,0,70,6.1,6.8,0,148.6,0,0,0
1940-01,19.9,0,0,福岡県,福岡市,,0,4.7,0,61,6.1,5.3,0,130.1,9,0,0
1940-02,136.9,0,0,福岡県,福岡市,,0,4.7,0,72,6.9,6.1,0,116.2,4,0,1
1940-03,66.6,0,0,福岡県,福岡市,,0,7.7,0,74,6.2,7.6,0,188.2,5,1,1
1940-04,92.6,0,0,福岡県,福岡市,,0,12.6,0,74,5.7,10.3,0,213.3,0,1,0
1940-05,24.6,0,0,福岡県,福岡市,,0,17.4,0,73,6.1,13.3,0,244.4,0,0,0
1940-06,302.4,0,0,福岡県,福岡市,,0,21.6,0,79,6.0,19.3,0,213.6,0,1,4
1940-07,129.6,0,0,福岡県,福岡市,,0,27.4,0,81,6.9,28.3,0,244.6,0,3,0
1940-08,395.4,0,0,福岡県,福岡市,,0,25.6,0,84,7.2,26.4,0,182.7,0,7,1
1940-09,176.2,0,0,福岡県,福岡市,,0,22.6,0,83,7.8,22.1,0,144.3,0,2,0
1940-10,91.8,0,0,福岡県,福岡市,,0,17.3,0,84,5.8,16.0,0,179.0,0,0,1
1940-11,45.3,0,0,福岡県,福岡市,,0,12.6,0,78,5.7,11.2,0,160.8,0,1,0
1940-12,58.0,0,0,福岡県,福岡市,,0,8.3,0,71,6.0,7.7,0,145.2,0,2,0
1941-01,90.5,0,0,福岡県,福岡市,,0,6.0,0,72,6.8,6.8,0,114.4,7,0,0
1941-02,68.2,0,0,福岡県,福岡市,,0,5.7,0,73,7.1,6.7,0,106.8,3,0,1
1941-03,89.5,0,0,福岡県,福岡市,,0,9.9,0,70,5.9,8.4,0,191.4,2,1,0
1941-04,105.2,0,0,福岡県,福岡市,,0,13.7,0,71,5.1,10.5,0,243.3,0,2,0
1941-05,213.3,0,0,福岡県,福岡市,,0,18.7,0,78,7.0,16.0,0,219.5,0,1,0
1941-06,687.7,0,0,福岡県,福岡市,,0,22.2,0,84,7.7,21.6,0,144.5,0,3,0
1941-07,199.3,0,0,福岡県,福岡市,,0,24.2,0,83,9.2,24.8,0,97.6,0,4,0
1941-08,160.1,0,0,福岡県,福岡市,,0,25.8,0,80,6.9,25.6,0,203.6,0,3,0
1941-09,315.0,0,0,福岡県,福岡市,,0,21.3,0,83,7.2,20.3,0,145.1,0,1,0
1941-10,172.3,0,0,福岡県,福岡市,,0,15.9,0,77,4.8,13.5,0,212.7,0,1,0
1941-11,55.5,0,0,福岡県,福岡市,,0,13.0,0,77,6.1,11.1,0,153.6,0,1,0
1941-12,93.9,0,0,福岡県,福岡市,,0,8.3,0,78,6.2,8.4,0,130.5,0,0,1
1942-01,47.6,0,0,福岡県,福岡市,,0,4.2,0,65,6.8,5.3,0,111.1,7,0,0
1942-02,70.6,0,0,福岡県,福岡市,,0,5.0,0,69,8.3,6.1,0,107.3,10,1,2
1942-03,151.7,0,0,福岡県,福岡市,,0,10.9,0,75,7.2,9.9,0,150.1,0,1,2
1942-04,124.2,0,0,福岡県,福岡市,,0,13.5,0,74,5.7,10.8,0,216.2,0,2,0
1942-05,120.8,0,0,福岡県,福岡市,,0,16.9,0,78,6.8,14.4,0,194.9,0,0,1
1942-06,262.8,0,0,福岡県,福岡市,,0,21.7,0,83,7.8,20.7,0,148.0,0,2,1
1942-07,66.4,0,0,福岡県,福岡市,,0,28.1,0,79,4.8,28.4,0,303.0,0,2,0
1942-08,315.3,0,0,福岡県,福岡市,,0,27.3,0,82,6.9,28.4,0,213.9,0,7,0
1942-09,261.2,0,0,福岡県,福岡市,,0,23.4,0,83,7.8,23.2,0,164.3,0,6,3
1942-10,85.3,0,0,福岡県,福岡市,,0,16.3,0,78,4.9,14.0,0,220.9,0,1,1
1942-11,21.3,0,0,福岡県,福岡市,,0,11.1,0,69,5.3,8.9,0,185.2,0,0,0
1942-12,73.6,0,0,福岡県,福岡市,,0,6.4,0,72,7.0,6.9,0,141.9,1,1,0
1943-01,11.3,0,0,福岡県,福岡市,,0,3.2,0,63,7.2,4.8,0,154.2,10,0,0
1943-02,54.9,0,0,福岡県,福岡市,,0,5.1,0,68,6.9,5.9,0,159.9,10,1,0
1943-03,67.8,0,0,福岡県,福岡市,,0,8.5,0,70,6.0,7.6,0,189.0,1,0,0
1943-04,126.9,0,0,福岡県,福岡市,,0,12.2,0,72,6.0,10.0,0,214.4,0,1,0
1943-05,108.3,0,0,福岡県,福岡市,,0,17.8,0,77,7.2,14.9,0,224.7,0,0,1
1943-06,211.8,0,0,福岡県,福岡市,,0,21.7,0,84,8.7,21.2,0,158.6,0,0,3
1943-07,210.3,0,0,福岡県,福岡市,,0,25.2,0,82,8.9,25.3,0,169.0,0,1,2
1943-08,85.5,0,0,福岡県,福岡市,,0,26.9,0,80,6.5,26.8,0,237.8,0,12,0
1943-09,344.7,0,0,福岡県,福岡市,,0,23.2,0,84,8.0,23.3,0,158.4,0,3,0
1943-10,61.4,0,0,福岡県,福岡市,,0,17.4,0,79,5.5,16.4,0,212.4,0,1,1
1943-11,67.6,0,0,福岡県,福岡市,,0,11.5,0,75,6.1,10.3,0,168.3,0,0,0
1943-12,37.7,0,0,福岡県,福岡市,,0,7.7,0,72,5.0,7.6,0,173.3,1,0,1
1944-01,41.7,0,0,福岡県,福岡市,,0,5.0,0,71,6.4,6.0,0,150.2,2,0,0
1944-02,84.6,0,0,福岡県,福岡市,,0,4.9,0,67,7.1,5.7,0,141.4,7,0,0
1944-03,75.7,0,0,福岡県,福岡市,,0,7.6,0,70,7.1,7.1,0,203.5,3,3,0
1944-04,62.6,0,0,福岡県,福岡市,,0,12.5,0,74,7.0,10.3,0,189.8,0,0,0
1944-05,72.5,0,0,福岡県,福岡市,,0,18.3,0,81,7.2,16.0,0,215.8,0,1,0
1944-06,90.1,0,0,福岡県,福岡市,,0,22.3,0,80,7.1,20.5,0,280.8,0,1,0
1944-07,127.1,0,0,福岡県,福岡市,,0,27.1,0,80,7.6,27.2,0,243.0,0,2,0
1944-08,95.7,0,0,福岡県,福岡市,,0,27.2,0,80,5.0,27.2,0,307.9,0,1,0
1944-09,316.9,0,0,福岡県,福岡市,,0,23.2,0,82,6.8,21.9,0,209.6,0,1,0
1944-10,117.5,0,0,福岡県,福岡市,,0,17.0,0,83,7.0,15.2,0,179.7,0,0,1
1944-11,106.9,0,0,福岡県,福岡市,,0,13.3,0,78,7.9,11.9,0,132.8,0,0,0
1944-12,34.4,0,0,福岡県,福岡市,,0,5.4,0,65,8.9,5.9,0,77.1,8,0,0
1945-01,14.6,0,0,福岡県,福岡市,,0,3.0,0,65,7.9,4.9,0,108.3,18,0,0
1945-02,82.1,0,0,福岡県,福岡市,,0,3.3,0,72,7.4,5.5,0,137.6,10,0,0
1945-03,80.7,0,0,福岡県,福岡市,,0,8.7,0,72,6.6,8.3,0,174.2,0,0,1
1945-04,84.2,0,0,福岡県,福岡市,,0,14.3,0,75,5.3,11.5,0,246.6,0,0,1
1945-05,91.3,0,0,福岡県,福岡市,,0,16.5,0,77,7.2,13.6,0,241.6,0,1,0
1945-06,141.3,0,0,福岡県,福岡市,,0,22.1,0,82,7.7,20.9,0,160.7,0,1,1
1945-07,316.0,0,0,福岡県,福岡市,,0,25.4,0,82,7.6,25.5,0,197.9,0,4,0
1945-08,172.9,0,0,福岡県,福岡市,,0,27.2,0,83,5.3,28.1,0,262.8,0,1,0
1945-09,655.4,0,0,福岡県,福岡市,,0,23.4,0,88,7.6,24.5,0,129.7,0,3,0
1945-10,349.7,0,0,福岡県,福岡市,,0,17.1,0,84,7.0,16.1,0,135.0,0,2,1
1945-11,115.4,0,0,福岡県,福岡市,,0,11.9,0,78,4.7,10.4,0,189.1,0,0,0
1945-12,88.8,0,0,福岡県,福岡市,,0,7.3,0,69,6.6,7.1,0,117.3,5,0,0
1946-01,38.6,0,0,福岡県,福岡市,,0,5.6,0,69,6.6,6.5,0,145.5,6,0,0
1946-02,51.2,0,0,福岡県,福岡市,,0,6.1,0,71,6.6,6.7,0,157.8,2,0,0
1946-03,164.2,0,0,福岡県,福岡市,,0,8.2,0,74,7.6,8.0,0,143.7,1,1,0
1946-04,201.9,0,0,福岡県,福岡市,,0,14.5,0,81,7.3,13.2,0,178.4,0,1,1
1946-05,119.7,0,0,福岡県,福岡市,,0,17.5,0,83,6.7,15.9,0,195.6,0,0,0
1946-06,364.1,0,0,福岡県,福岡市,,0,23.3,0,84,8.7,23.5,0,133.7,0,4,0
1946-07,180.2,0,0,福岡県,福岡市,,0,26.8,0,83,5.6,28.0,0,259.0,0,3,0
1946-08,115.3,0,0,福岡県,福岡市,,0,26.8,0,85,6.7,28.7,0,234.3,0,9,0
1946-09,179.8,0,0,福岡県,福岡市,,0,23.1,0,86,5.8,23.6,0,200.0,0,3,0
1946-10,44.9,0,0,福岡県,福岡市,,0,17.0,0,81,5.3,15.3,0,202.9,0,1,0
1946-11,90.1,0,0,福岡県,福岡市,,0,13.4,0,81,6.0,12.4,0,147.2,0,0,0
1946-12,82.5,0,0,福岡県,福岡市,,0,6.7,0,70,8.3,6.9,0,79.7,6,1,0
1947-01,120.5,0,0,福岡県,福岡市,,0,6.2,0,77,7.8,7.5,0,78.3,5,0,1
1947-02,70.4,0,0,福岡県,福岡市,,0,3.2,0,69,7.8,5.3,0,109.7,16,0,0
1947-03,32.9,0,0,福岡県,福岡市,,0,7.9,0,67,7.5,7.3,0,185.4,2,0,0
1947-04,55.3,0,0,福岡県,福岡市,,0,13.1,0,73,4.6,10.4,0,256.1,0,0,0
1947-05,174.5,0,0,福岡県,福岡市,,0,16.3,0,84,7.3,15.1,0,182.0,0,0,0
1947-06,307.7,0,0,福岡県,福岡市,,0,19.9,0,86,8.0,19.2,0,178.6,0,0,0
1947-07,316.4,0,0,福岡県,福岡市,,0,26.5,0,83,8.1,27.7,0,193.7,0,5,0
1947-08,142.0,0,0,福岡県,福岡市,,0,27.4,0,84,5.6,29.2,0,287.8,0,8,0
1947-09,156.9,0,0,福岡県,福岡市,,0,23.4,0,86,6.3,24.1,0,193.4,0,2,0
1947-10,45.3,0,0,福岡県,福岡市,,0,15.7,0,76,6.7,13.1,0,178.5,0,0,0
1947-11,34.1,0,0,福岡県,福岡市,,0,10.4,0,77,4.7,9.7,0,181.2,0,0,0
1947-12,143.4,0,0,福岡県,福岡市,,0,6.0,0,71,7.9,6.9,0,94.3,9,1,1
1948-01,61.8,0,0,福岡県,福岡市,,0,5.2,0,70,7.3,6.4,0,142.3,9,0,0
1948-02,63.9,0,0,福岡県,福岡市,,0,6.5,0,75,6.7,7.2,0,164.6,1,0,1
1948-03,99.6,0,0,福岡県,福岡市,,0,8.7,0,74,5.8,8.4,0,176.7,2,2,0
1948-04,113.2,0,0,福岡県,福岡市,,0,14.6,0,80,6.2,12.7,0,198.2,0,0,0
1948-05,142.9,0,0,福岡県,福岡市,,0,17.6,0,79,7.3,15.1,0,209.3,0,0,0
1948-06,187.5,0,0,福岡県,福岡市,,0,22.0,0,82,7.1,20.7,0,249.8,0,0,1
1948-07,461.1,0,0,福岡県,福岡市,,0,26.0,0,86,8.7,27.9,0,153.5,0,9,0
1948-08,180.1,0,0,福岡県,福岡市,,0,26.2,0,83,5.2,27.2,0,270.0,0,5,0
1948-09,329.8,0,0,福岡県,福岡市,,0,23.2,0,83,6.2,22.9,0,178.1,0,4,0
1948-10,45.5,0,0,福岡県,福岡市,,0,18.4,0,79,5.5,16.3,0,194.3,0,0,1
1948-11,82.7,0,0,福岡県,福岡市,,0,12.2,0,76,5.9,10.7,0,152.8,0,0,0
1948-12,165.7,0,0,福岡県,福岡市,,0,10.6,0,80,6.8,10.3,0,134.9,0,2,0
1949-01,93.7,0,0,福岡県,福岡市,,0,5.8,0,70,7.1,6.5,0,116.0,8,1,1
1949-02,146.9,0,0,福岡県,福岡市,,0,7.2,0,75,7.6,7.9,0,111.6,9,0,0
1949-03,101.0,0,0,福岡県,福岡市,,0,8.0,0,71,6.5,7.5,0,185.5,2,1,0
1949-04,49.4,0,0,福岡県,福岡市,,0,12.5,0,73,6.5,10.4,0,222.1,0,0,0
1949-05,124.9,0,0,福岡県,福岡市,,0,18.5,0,78,6.4,15.7,0,217.0,0,0,1
1949-06,302.9,0,0,福岡県,福岡市,,0,20.0,0,87,8.1,19.7,0,123.5,0,0,0
1949-07,208.9,0,0,福岡県,福岡市,,0,24.6,0,85,7.3,25.5,0,178.8,0,2,0
1949-08,322.6,0,0,福岡県,福岡市,,0,26.4,0,84,6.1,27.6,0,224.3,0,3,1
1949-09,203.1,0,0,福岡県,福岡市,,0,23.3,0,83,6.0,23.1,0,187.7,0,2,0
1949-10,68.2,0,0,福岡県,福岡市,,0,16.1,0,81,5.7,14.1,0,181.5,0,0,0
1949-11,93.3,0,0,福岡県,福岡市,,0,11.9,0,78,6.9,10.8,0,135.6,0,0,0
1949-12,106.9,0,0,福岡県,福岡市,,0,7.8,0,78,7.4,8.4,0,84.1,0,0,0
1950-01,154.8,0,0,福岡県,福岡市,,0,7.5,0,73,7.1,7.8,1017.5,121.3,3,1,3
1950-02,116.8,0,0,福岡県,福岡市,,0,6.6,0,71,7.7,7.2,1019.6,113.2,6,0,1
1950-03,165.8,0,0,福岡県,福岡市,,0,8.9,0,72,7.0,8.5,1018.0,179.2,3,1,0
1950-04,88.0,0,0,福岡県,福岡市,,0,13.8,0,80,6.3,12.4,1015.1,184.6,0,1,0
1950-05,129.1,0,0,福岡県,福岡市,,0,18.4,0,78,6.8,15.8,1011.3,219.4,0,3,0
1950-06,173.4,0,0,福岡県,福岡市,,0,21.3,0,84,7.6,20.7,1008.1,169.6,0,0,0
1950-07,83.7,0,0,福岡県,福岡市,,0,26.7,0,80,6.6,26.9,1005.6,222.9,0,3,0
1950-08,83.6,0,0,福岡県,福岡市,,0,26.5,0,81,5.3,27.4,1005.2,260.7,0,5,0
1950-09,317.3,0,0,福岡県,福岡市,,0,23.2,0,81,6.9,22.8,1010.7,175.3,0,4,0
1950-10,96.2,0,0,福岡県,福岡市,,0,17.3,0,79,5.9,15.3,1017.6,179.3,0,0,0
1950-11,153.6,0,0,福岡県,福岡市,,0,12.7,0,76,6.8,11.3,1018.1,136.1,1,0,0
1950-12,84.3,0,0,福岡県,福岡市,,0,6.4,0,70,7.7,6.7,1021.7,99.9,7,0,0
1951-01,65.6,3.4,0,福岡県,福岡市,,0,4.7,0,71,5.9,6.1,1022.7,129.0,6,0,0
1951-02,175.4,4.1,0,福岡県,福岡市,,0,7.0,0,73,7.5,7.4,1018.0,115.5,6,1,0
1951-03,76.3,4.5,0,福岡県,福岡市,,0,8.1,0,71,6.7,7.7,1019.2,183.1,2,0,0
1951-04,133.8,3.4,0,福岡県,福岡市,,0,13.0,0,78,7.4,11.3,1016.3,152.9,0,0,0
1951-05,74.9,3.3,0,福岡県,福岡市,,0,18.2,0,76,6.6,15.2,1011.7,238.9,0,2,1
1951-06,174.5,3.0,0,福岡県,福岡市,,0,21.1,0,76,7.1,18.3,1007.6,238.1,0,1,0
1951-07,443.4,2.9,0,福岡県,福岡市,,0,24.5,0,86,6.9,25.7,1008.9,178.3,0,1,0
1951-08,154.2,3.1,0,福岡県,福岡市,,0,27.6,0,79,6.1,27.9,1008.3,257.5,0,4,0
1951-09,86.6,2.5,0,福岡県,福岡市,,0,21.0,0,77,6.9,18.7,1012.8,190.3,0,0,0
1951-10,281.1,2.9,0,福岡県,福岡市,,0,17.7,0,81,6.0,15.8,1015.6,199.2,0,0,0
1951-11,112.6,3.4,0,福岡県,福岡市,,0,12.1,0,74,7.0,10.5,1020.3,150.7,0,1,0
1951-12,104.7,2.9,0,福岡県,福岡市,,0,8.7,0,74,6.0,8.4,1021.0,156.5,2,0,1
1952-01,109.5,3.8,0,福岡県,福岡市,,0,5.4,0,73,7.8,6.6,1020.9,86.5,6,1,1
1952-02,112.9,3.8,0,福岡県,福岡市,,0,5.2,0,73,8.4,6.6,1020.9,100.5,7,0,0
1952-03,82.9,4.3,0,福岡県,福岡市,,0,8.4,0,78,7.2,8.5,1016.6,155.5,2,0,0
1952-04,171.9,4.0,0,福岡県,福岡市,,0,14.2,0,75,5.7,11.8,1015.5,204.2,0,2,1
1952-05,118.8,3.0,0,福岡県,福岡市,,0,17.8,0,81,7.2,15.9,1011.9,196.4,0,0,0
1952-06,353.8,2.9,0,福岡県,福岡市,,0,21.4,0,84,8.4,21.1,1007.3,129.5,0,1,0
1952-07,177.0,3.1,0,福岡県,福岡市,,0,25.7,0,84,8.0,27.3,1006.7,182.8,0,3,2
1952-08,96.3,2.9,0,福岡県,福岡市,,0,27.4,0,81,5.7,28.5,1009.3,240.4,0,2,0
1952-09,230.9,2.8,0,福岡県,福岡市,,0,23.1,0,81,7.0,22.5,1012.5,145.5,0,7,0
1952-10,78.1,2.5,0,福岡県,福岡市,,0,16.3,0,75,5.3,13.4,1017.3,205.2,0,0,0
1952-11,46.4,2.7,0,福岡県,福岡市,,0,14.1,0,80,5.5,12.8,1018.6,155.1,0,0,2
1952-12,54.0,3.1,0,福岡県,福岡市,,0,7.2,0,77,7.1,7.8,1023.5,116.1,3,0,0
1953-01,66.5,4.5,0,福岡県,福岡市,,0,5.1,0,72,6.8,6.5,1020.8,123.1,8,1,0
1953-02,79.4,3.9,0,福岡県,福岡市,,0,6.4,0,71,8.6,7.2,1024.0,102.1,6,0,0
1953-03,114.5,4.0,0,福岡県,福岡市,,0,9.4,0,72,6.7,8.6,1017.4,176.5,1,1,1
1953-04,82.4,3.3,0,福岡県,福岡市,,0,12.7,0,67,5.8,10.0,1016.9,227.8,0,0,0
1953-05,210.1,3.5,0,福岡県,福岡市,,0,18.1,0,72,6.5,14.9,1011.3,188.1,0,0,1
1953-06,1055.9,2.9,0,福岡県,福岡市,,0,21.5,0,86,8.8,22.0,1006.7,89.4,0,5,3
1953-07,274.0,2.9,0,福岡県,福岡市,,0,26.9,0,81,7.3,28.7,1007.8,179.5,0,5,0
1953-08,129.9,2.6,0,福岡県,福岡市,,0,27.9,0,79,5.9,29.8,1008.6,243.1,0,4,0
1953-09,265.0,2.8,0,福岡県,福岡市,,0,23.5,0,82,6.5,23.9,1011.8,171.1,0,3,0
1953-10,37.7,2.3,0,福岡県,福岡市,,0,18.3,0,77,4.8,16.2,1016.6,203.8,0,0,0
1953-11,49.9,3.1,0,福岡県,福岡市,,0,12.3,0,74,5.9,6.9,1021.3,158.7,0,0,1
1953-12,75.2,3.1,0,福岡県,福岡市,,0,9.6,0,76,7.0,9.3,1023.6,122.6,0,0,1
1954-01,110.7,3.3,0,福岡県,福岡市,,0,7.8,0,80,8.3,8.7,1018.5,68.6,6,0,0
1954-02,106.8,3.9,0,福岡県,福岡市,,0,7.5,9,74,7.1,7.9,1019.7,127.2,4,0,0
1954-03,99.5,3.2,0,福岡県,福岡市,,0,8.8,0,70,6.1,8.0,1020.4,200.8,0,0,0
1954-04,108.5,3.6,0,福岡県,福岡市,,0,14.5,0,75,7.5,12.6,1014.0,155.4,0,1,0
1954-05,274.4,3.4,0,福岡県,福岡市,,0,18.7,0,77,7.6,16.7,1011.1,183.5,0,3,3
1954-06,357.1,3.8,0,福岡県,福岡市,,0,20.6,0,83,8.2,20.1,1006.3,138.4,0,0,0
1954-07,466.1,3.7,0,福岡県,福岡市,,0,24.8,0,84,8.9,26.2,1006.2,102.2,0,7,0
1954-08,116.0,3.1,0,福岡県,福岡市,,0,27.5,0,79,4.4,29.1,1008.0,271.2,0,3,0
1954-09,382.4,3.4,0,福岡県,福岡市,,0,23.6,0,82,6.0,24.0,1007.8,167.8,0,1,0
1954-10,53.0,2.7,0,福岡県,福岡市,,0,16.7,0,76,6.4,14.6,1017.3,174.9,0,0,0
1954-11,47.0,2.2,0,福岡県,福岡市,,0,13.4,0,75,4.1,11.4,1019.3,200.2,0,0,0
1954-12,61.3,3.4,0,福岡県,福岡市,,0,8.0,0,71,7.2,7.7,1023.7,108.9,0,0,0
1955-01,50.5,4.6,0,福岡県,福岡市,,0,4.7,3,69,7.7,5.9,1024.4,90.8,11,1,0
1955-02,94.7,3.7,0,福岡県,福岡市,,0,7.4,0,72,6.6,7.5,1016.5,128.4,3,0,0
1955-03,114.0,3.4,0,福岡県,福岡市,,0,10.7,0,76,8.2,9.8,1018.9,121.0,0,0,0
1955-04,361.1,3.7,0,福岡県,福岡市,,0,14.7,0,74,6.5,12.7,1015.4,165.3,0,3,0
1955-05,53.4,3.0,0,福岡県,福岡市,,0,18.2,0,77,6.8,16.0,1010.3,195.5,0,0,1
1955-06,279.3,2.9,0,福岡県,福岡市,,0,23.4,0,79,8.4,22.9,1008.2,146.3,0,2,1
1955-07,288.8,3.4,0,福岡県,福岡市,,0,27.3,0,79,6.6,28.3,1006.9,206.1,0,5,1
1955-08,72.3,3.8,0,福岡県,福岡市,,0,26.6,0,79,5.3,27.4,1009.0,254.1,0,3,0
1955-09,201.2,3.4,0,福岡県,福岡市,,0,23.8,0,81,6.4,23.7,1011.2,162.7,0,3,0
1955-10,35.5,4.2,0,福岡県,福岡市,,0,16.7,0,75,5.6,14.6,1015.9,172.2,0,0,0
1955-11,70.9,2.9,0,福岡県,福岡市,,0,10.9,0,73,4.8,9.4,1021.1,193.6,0,0,0
1955-12,23.3,3.3,0,福岡県,福岡市,,0,8.3,0,73,5.1,7.9,1019.8,166.7,0,0,1
1956-01,104.3,4.6,0,福岡県,福岡市,,0,5.6,0,69,7.1,6.4,1017.8,116.3,12,0,0
1956-02,103.9,4.5,0,福岡県,福岡市,,0,4.8,6,66,6.8,5.6,1018.0,153.6,9,2,0
1956-03,136.9,4.4,0,福岡県,福岡市,,0,9.4,0,75,7.4,9.3,1018.6,126.0,3,1,2
1956-04,76.4,3.5,0,福岡県,福岡市,,0,13.8,0,70,6.0,11.2,1013.8,198.0,0,0,1
1956-05,132.5,3.1,0,福岡県,福岡市,,0,17.1,0,77,8.2,15.0,1011.6,143.0,0,0,1
1956-06,263.4,3.3,0,福岡県,福岡市,,0,22.5,0,81,8.1,22.2,1008.3,156.3,0,1,3
1956-07,215.2,2.7,0,福岡県,福岡市,,0,27.2,0,79,6.0,28.3,1007.2,255.8,0,6,0
1956-08,438.9,3.1,0,福岡県,福岡市,,0,26.0,0,79,6.8,26.4,1008.3,199.6,0,3,0
1956-09,323.3,3.0,0,福岡県,福岡市,,0,23.5,0,82,7.4,23.9,1010.9,151.8,0,2,1
1956-10,120.2,3.3,0,福岡県,福岡市,,0,18.1,0,75,6.8,15.8,1017.8,172.0,0,0,0
1956-11,25.8,3.0,0,福岡県,福岡市,,0,11.0,0,71,5.8,9.4,1022.9,169.3,0,1,1
1956-12,14.1,4.2,0,福岡県,福岡市,,0,5.7,0,64,7.0,5.9,1025.0,118.8,3,0,1
1957-01,57.7,3.5,0,福岡県,福岡市,,0,7.0,0,71,7.0,7.3,1021.1,128.0,7,0,2
1957-02,68.6,3.7,0,福岡県,福岡市,,0,4.9,1,68,7.8,6.0,1022.2,108.2,7,0,0
1957-03,38.8,4.0,0,福岡県,福岡市,,0,7.9,5,64,7.0,6.9,1018.3,185.5,5,0,0
1957-04,174.8,2.9,0,福岡県,福岡市,,0,14.3,0,73,7.4,12.5,1015.9,148.4,0,2,0
1957-05,98.0,2.8,0,福岡県,福岡市,,0,18.1,0,73,6.4,15.3,1011.7,201.1,0,0,0
1957-06,259.1,2.8,0,福岡県,福岡市,,0,21.2,0,79,8.5,20.2,1007.8,154.7,0,2,1
1957-07,638.2,3.2,0,福岡県,福岡市,,0,26.2,0,82,8.8,27.8,1006.6,123.8,0,6,1
1957-08,241.0,3.0,0,福岡県,福岡市,,0,26.5,0,80,7.4,27.7,1006.8,181.2,0,6,0
1957-09,181.6,3.0,0,福岡県,福岡市,,0,20.9,0,80,7.6,19.6,1011.3,121.2,0,0,0
1957-10,41.7,2.5,0,福岡県,福岡市,,0,16.8,0,73,5.0,14.1,1016.6,210.6,0,1,0
1957-11,46.8,2.5,0,福岡県,福岡市,,0,12.7,0,75,4.5,11.0,1021.0,179.2,0,0,5
1957-12,77.2,3.5,0,福岡県,福岡市,,0,8.3,0,72,6.9,7.8,1020.1,103.5,2,1,3
1958-01,88.3,4.4,0,福岡県,福岡市,,0,5.5,3,70,8.1,6.6,1022.9,84.3,8,0,3
1958-02,62.7,3.3,0,福岡県,福岡市,,0,7.2,0,70,6.5,7.1,1019.8,139.6,3,0,3
1958-03,214.2,4.2,0,福岡県,福岡市,,0,9.6,0,70,6.9,8.7,1017.8,159.2,6,1,3
1958-04,262.6,3.7,0,福岡県,福岡市,,0,15.0,0,74,7.7,13.1,1015.4,145.6,0,4,2
1958-05,118.0,3.6,0,福岡県,福岡市,,0,18.2,0,73,7.2,15.3,1012.1,216.2,0,0,1
1958-06,144.2,3.3,0,福岡県,福岡市,,0,22.5,0,75,7.3,20.5,1008.3,223.2,0,3,3
1958-07,34.6,3.3,0,福岡県,福岡市,,0,27.8,0,74,6.8,27.6,1007.5,239.1,0,1,0
1958-08,417.4,3.0,0,福岡県,福岡市,,0,26.5,0,81,8.1,27.8,1009.7,163.3,0,14,0
1958-09,78.7,4.1,0,福岡県,福岡市,,0,24.0,0,77,6.8,23.3,1011.1,182.9,0,4,0
1958-10,104.8,3.3,0,福岡県,福岡市,,0,17.5,0,72,7.0,14.8,1018.0,164.8,0,0,0
1958-11,87.8,3.2,0,福岡県,福岡市,,0,12.5,0,73,5.9,10.8,1020.8,160.3,0,1,0
1958-12,84.8,3.4,0,福岡県,福岡市,,0,9.6,0,71,5.7,8.4,1020.5,156.0,0,0,1
1959-01,77.5,4.7,0,福岡県,福岡市,,0,5.1,19,70,8.6,6.3,1021.0,92.1,10,1,2
1959-02,73.8,3.6,0,福岡県,福岡市,,0,9.4,0,74,7.9,8.9,1020.4,81.4,0,0,3
1959-03,130.4,3.9,0,福岡県,福岡市,,0,10.7,0,67,6.7,9.0,1020.7,177.2,0,3,0
1959-04,165.2,4.0,0,福岡県,福岡市,,0,14.4,0,69,7.2,11.5,1013.9,191.9,0,0,2
1959-05,134.3,3.5,0,福岡県,福岡市,,0,18.6,0,72,7.4,15.4,1012.0,179.5,0,0,0
1959-06,91.0,3.2,0,福岡県,福岡市,,0,22.0,0,74,6.9,19.8,1007.1,253.8,0,0,0
1959-07,493.0,3.1,0,福岡県,福岡市,,0,27.0,0,80,7.5,28.4,1007.2,166.5,0,12,0
1959-08,51.7,3.4,0,福岡県,福岡市,,0,27.8,0,75,6.5,27.9,1005.4,241.8,0,4,0
1959-09,140.3,3.7,0,福岡県,福岡市,,0,24.2,0,76,6.8,23.5,1009.8,168.5,0,3,0
1959-10,18.8,3.0,0,福岡県,福岡市,,0,18.4,0,71,5.3,15.2,1016.4,214.4,0,0,0
1959-11,99.6,3.2,0,福岡県,福岡市,,0,13.6,0,76,5.2,11.9,1019.3,168.5,0,0,4
1959-12,113.8,3.8,0,福岡県,福岡市,,0,8.8,0,69,7.3,8.0,1022.5,117.5,2,0,6
1960-01,65.5,4.1,0,福岡県,福岡市,,0,5.4,7,66,7.4,6.0,1022.0,126.9,8,0,1
1960-02,16.1,3.5,0,福岡県,福岡市,,0,7.8,0,66,5.9,7.0,1020.7,180.9,1,0,4
1960-03,93.6,3.8,0,福岡県,福岡市,,0,10.7,0,71,6.7,9.3,1016.7,178.8,0,0,7
1960-04,142.4,3.9,0,福岡県,福岡市,,0,13.3,0,70,6.1,11.0,1015.2,204.5,0,0,3
1960-05,203.5,3.5,0,福岡県,福岡市,,0,18.5,0,74,7.3,15.8,1010.2,189.4,0,1,1
1960-06,257.8,3.0,0,福岡県,福岡市,,0,22.5,0,76,7.6,20.7,1009.1,186.7,0,1,0
1960-07,30.6,2.9,0,福岡県,福岡市,,0,27.8,0,74,6.0,27.8,1009.1,254.6,0,4,0
1960-08,76.6,3.3,0,福岡県,福岡市,,0,27.9,0,73,5.8,27.5,1007.2,239.9,0,3,0
1960-09,513.5,2.7,0,福岡県,福岡市,,0,23.7,0,81,8.0,24.1,1012.9,100.9,0,3,0
1960-10,82.5,3.6,0,福岡県,福岡市,,0,17.7,0,73,4.7,15.1,1017.7,217.9,0,1,0
1960-11,78.9,2.6,0,福岡県,福岡市,,0,13.3,0,77,7.0,11.9,1019.7,135.9,1,0,0
1960-12,39.9,4.1,0,福岡県,福岡市,,0,6.8,1,67,7.4,6.7,1021.2,96.6,6,0,1
1961-01,49.7,3.7,↖️北西,福岡県,福岡市,,0,4.4,4,66,7.6,5.6,1023.0,113.2,10,0,0
1961-02,44.8,3.6,⬅️西,福岡県,福岡市,,0,5.4,0,64,7.1,5.8,1019.2,148.6,4,0,1
1961-03,121.8,3.2,⬆️北,福岡県,福岡市,,0,10.2,0,70,7.1,8.8,1019.4,187.7,0,0,0
1961-04,98.2,3.7,⬆️北,福岡県,福岡市,,0,14.4,0,70,5.7,11.7,1015.0,202.4,0,1,2
1961-05,153.5,2.9,⬆️北,福岡県,福岡市,,0,19.0,0,74,7.3,16.5,1010.9,189.7,0,1,1
1961-06,91.6,2.8,⬆️北,福岡県,福岡市,,0,22.8,0,75,8.2,21.0,1007.7,159.8,0,0,0
1961-07,160.8,2.8,↘️南東,福岡県,福岡市,,0,28.3,0,74,6.9,28.4,1006.8,207.2,0,6,0
1961-08,139.5,2.4,↘️東南東,福岡県,福岡市,,0,28.1,0,78,6.9,29.6,1007.9,209.8,0,9,0
1961-09,212.0,2.7,⬆️北,福岡県,福岡市,,0,25.4,0,79,5.9,25.7,1010.7,184.4,0,7,0
1961-10,181.9,4.1,⬆️北,福岡県,福岡市,,0,19.7,0,75,6.1,17.6,1015.0,161.8,0,1,0
1961-11,67.9,2.9,➡️東,福岡県,福岡市,,0,13.8,0,72,6.9,11.7,1021.3,126.0,0,0,0
1961-12,55.1,3.3,↘️東南東,福岡県,福岡市,,0,8.2,0,68,6.7,7.5,1019.8,134.3,3,0,0
1962-01,115.5,3.8,⬅️西,福岡県,福岡市,,0,4.7,9,68,8.4,5.7,1018.1,83.0,13,3,0
1962-02,45.4,3.3,⬅️西,福岡県,福岡市,,0,6.7,1,68,5.9,6.8,1019.9,135.9,4,0,2
1962-03,47.6,3.5,⬅️西,福岡県,福岡市,,0,9.0,0,64,6.3,7.5,1016.2,185.8,3,2,1
1962-04,81.8,3.4,⬅️西,福岡県,福岡市,,0,13.2,0,69,6.4,10.6,1015.4,190.4,2,0,1
1962-05,135.2,2.6,↖️北北西,福岡県,福岡市,,0,18.1,0,71,6.3,14.6,1010.6,193.0,0,0,0
1962-06,208.1,2.4,↖️北北西,福岡県,福岡市,,0,21.2,0,80,9.0,20.3,1007.1,111.2,0,0,1
1962-07,451.3,2.7,↘️東南東,福岡県,福岡市,,0,26.7,0,81,7.8,28.0,1006.7,134.4,0,5,1
1962-08,157.5,2.7,↖️北北西,福岡県,福岡市,,0,27.1,0,79,6.8,28.2,1009.2,192.4,0,9,0
1962-09,161.4,2.8,⬆️北,福岡県,福岡市,,0,23.7,0,75,6.4,22.3,1012.5,180.5,0,5,0
1962-10,115.8,2.7,⬆️北,福岡県,福岡市,,0,17.4,0,72,5.1,14.8,1017.3,204.5,0,3,0
1962-11,132.2,2.9,⬆️北,福岡県,福岡市,,0,12.2,0,74,7.1,10.9,1020.2,113.5,0,0,0
1962-12,95.9,2.9,⬅️西,福岡県,福岡市,,0,8.4,0,72,6.6,8.0,1019.8,120.5,1,1,0
1963-01,121.1,5.9,↖️西北西,福岡県,福岡市,,0,2.6,27,66,9.0,4.9,1014.4,45.0,27,3,0
1963-02,60.3,3.3,⬅️西,福岡県,福岡市,,0,3.5,7,69,7.7,5.4,1020.9,78.9,13,0,0
1963-03,83.7,3.6,⬆️北,福岡県,福岡市,,0,8.7,0,71,5.7,8.0,1017.8,173.2,3,0,0
1963-04,170.1,3.3,⬆️北,福岡県,福岡市,,0,14.3,0,75,7.1,12.5,1017.1,138.1,0,0,0
1963-05,496.3,2.6,⬆️北,福岡県,福岡市,,0,19.1,0,84,8.9,18.9,1011.0,56.7,0,3,0
1963-06,503.8,3.1,⬆️北,福岡県,福岡市,,0,22.0,0,85,9.3,22.6,1009.1,72.7,0,3,1
1963-07,222.2,2.7,⬇️南,福岡県,福岡市,,0,27.0,0,77,7.1,27.4,1009.1,166.8,0,11,0
1963-08,318.9,2.9,↘️南東,福岡県,福岡市,,0,27.0,0,79,6.7,28.1,1005.8,178.9,0,10,0
1963-09,114.2,2.4,⬆️北,福岡県,福岡市,,0,22.7,0,75,6.7,20.9,1010.8,166.3,0,0,0
1963-10,73.7,2.9,⬆️北,福岡県,福岡市,,0,16.6,0,74,5.6,14.0,1018.1,188.7,0,1,2
1963-11,63.2,2.5,↘️南東,福岡県,福岡市,,0,12.7,0,73,6.1,10.7,1020.1,148.0,0,1,1
1963-12,73.1,3.0,⬅️西,福岡県,福岡市,,0,8.9,0,69,6.4,7.9,1021.2,122.4,2,1,0
1964-01,144.5,3.2,⬆️北,福岡県,福岡市,,0,7.5,0,71,8.0,7.5,1020.6,93.1,3,0,0
1964-02,62.1,3.1,↘️南東,福岡県,福岡市,,0,5.0,2,72,8.0,6.4,1024.4,66.7,9,0,2
1964-03,58.4,3.6,⬆️北,福岡県,福岡市,,0,9.5,0,65,6.5,7.8,1019.0,199.9,0,0,0
1964-04,183.8,3.1,⬆️北,福岡県,福岡市,,0,17.4,0,82,8.8,16.5,1017.0,88.1,0,1,6
1964-05,138.6,2.5,⬆️北,福岡県,福岡市,,0,19.1,0,73,5.7,16.2,1013.4,218.0,0,1,2
1964-06,184.4,2.7,⬆️北,福岡県,福岡市,,0,21.8,0,77,7.6,20.3,1006.9,167.7,0,0,0
1964-07,91.7,3.1,↙️南南西,福岡県,福岡市,,0,28.5,0,72,6.0,27.9,1008.7,244.0,0,4,0
1964-08,131.5,3.2,⬆️北,福岡県,福岡市,,0,28.3,0,74,6.4,28.2,1006.5,263.5,0,1,0
1964-09,143.4,2.6,⬆️北,福岡県,福岡市,,0,24.5,0,78,6.7,24.2,1012.3,180.0,0,3,1
1964-10,101.4,2.5,⬆️北,福岡県,福岡市,,0,18.3,0,73,5.7,15.5,1018.6,182.1,0,0,0
1964-11,106.2,2.6,⬆️北,福岡県,福岡市,,0,12.1,0,70,4.9,10.0,1019.4,181.0,0,0,0
1964-12,42.9,2.6,↘️南東,福岡県,福岡市,,0,7.9,0,69,6.9,7.3,1022.5,124.3,4,0,0
1965-01,61.9,3.9,⬅️西,福岡県,福岡市,,0,5.2,1,66,6.6,5.9,1020.9,129.3,9,1,0
1965-02,27.1,3.7,↖️北西,福岡県,福岡市,,0,6.3,0,64,7.0,6.3,1019.6,157.7,7,0,1
1965-03,71.6,3.4,⬆️北,福岡県,福岡市,,0,7.7,0,62,5.3,6.5,1017.9,219.8,1,2,0
1965-04,142.3,3.4,⬆️北,福岡県,福岡市,,0,12.5,0,67,6.4,9.9,1015.8,198.3,0,0,1
1965-05,194.3,3.1,⬆️北,福岡県,福岡市,,0,18.0,0,73,7.0,14.9,1010.6,203.4,0,1,0
1965-06,244.0,2.4,⬆️北,福岡県,福岡市,,0,21.2,0,79,7.5,20.1,1008.4,187.7,0,0,2
1965-07,236.1,2.8,↙️南南西,福岡県,福岡市,,0,27.1,0,78,8.2,27.7,1007.7,134.8,0,3,0
1965-08,143.5,2.7,↘️南東,福岡県,福岡市,,0,27.2,0,75,4.8,26.8,1008.7,271.5,0,5,0
1965-09,188.8,3.1,⬆️北,福岡県,福岡市,,0,21.0,0,75,5.7,18.8,1010.7,188.5,0,0,0
1965-10,46.1,2.4,⬆️北,福岡県,福岡市,,0,16.8,0,70,4.3,13.4,1018.1,233.7,0,1,0
1965-11,127.7,3.0,⬇️南,福岡県,福岡市,,0,14.0,0,71,6.3,11.8,1020.3,149.2,0,1,0
1965-12,56.8,3.8,↘️南東,福岡県,福岡市,,0,7.5,0,66,8.0,7.1,1020.9,87.7,6,0,0
1966-01,34.1,3.4,⬅️西,福岡県,福岡市,,0,5.5,0,65,6.3,6.0,1021.6,145.2,8,0,0
1966-02,53.1,3.2,⬆️北,福岡県,福岡市,,0,8.1,3,69,7.0,7.7,1019.0,126.0,3,0,0
1966-03,133.0,3.7,⬆️北,福岡県,福岡市,,0,10.8,0,69,6.8,9.1,1013.8,155.7,0,2,1
1966-04,106.9,3.4,⬆️北,福岡県,福岡市,,0,14.1,0,73,8.0,12.0,1014.3,161.3,0,0,2
1966-05,101.4,3.6,⬆️北,福岡県,福岡市,,0,18.2,0,71,6.2,14.8,1011.7,220.2,0,0,0
1966-06,214.8,3.2,⬆️北,福岡県,福岡市,,0,21.9,0,78,8.0,20.5,1008.6,181.8,0,2,0
1966-07,119.9,2.7,↘️南東,福岡県,福岡市,,0,26.5,0,74,7.6,25.8,1008.9,211.9,0,1,0
1966-08,52.6,2.9,↘️南東,福岡県,福岡市,,0,29.0,0,74,6.0,29.6,1004.9,244.0,0,2,0
1966-09,342.0,3.5,⬆️北,福岡県,福岡市,,0,23.0,0,75,6.4,21.5,1009.7,194.4,0,1,0
1966-10,110.2,2.5,↘️東南東,福岡県,福岡市,,0,17.9,0,72,6.3,15.1,1016.3,178.9,0,2,0
1966-11,123.6,3.0,↘️南東,福岡県,福岡市,,0,12.2,0,69,5.9,10.1,1019.7,152.2,0,2,0
1966-12,48.8,2.9,↖️北北西,福岡県,福岡市,,0,6.9,0,69,7.9,7.0,1021.6,94.0,5,0,1
1967-01,111.1,3.8,↖️北西,福岡県,福岡市,,0,5.2,5,67,6.9,6.2,1022.8,116.6,11,0,0
1967-02,50.7,3.2,↖️北西,福岡県,福岡市,,0,6.1,0,67,7.4,6.6,1022.1,102.4,6,0,1
1967-03,117.7,3.1,↘️南東,福岡県,福岡市,,0,10.1,0,71,6.3,9.1,1017.7,167.6,2,3,2
1967-04,215.0,3.3,⬆️北,福岡県,福岡市,,0,14.8,0,76,8.0,12.9,1017.1,134.9,0,1,1
1967-05,59.3,2.6,↖️北北西,福岡県,福岡市,,0,19.6,0,74,6.7,17.0,1010.7,222.4,0,1,2
1967-06,67.6,2.9,⬆️北,福岡県,福岡市,,0,23.2,0,73,6.7,20.5,1006.0,212.5,0,0,1
1967-07,366.6,2.7,⬇️南南東,福岡県,福岡市,,0,27.1,0,78,7.7,27.9,1005.0,178.9,0,5,0
1967-08,69.8,2.6,↘️南東,福岡県,福岡市,,0,28.8,0,74,4.4,29.2,1007.7,270.4,0,3,0
1967-09,23.6,3.7,⬆️北,福岡県,福岡市,,0,24.1,0,71,4.5,21.9,1010.2,249.7,0,1,0
1967-10,100.7,3.0,⬆️北,福岡県,福岡市,,0,17.7,0,71,5.6,14.5,1016.9,171.7,0,2,0
1967-11,93.4,2.6,↘️南東,福岡県,福岡市,,0,13.1,0,74,7.2,11.4,1022.6,118.4,0,0,2
1967-12,69.9,3.8,↖️西北西,福岡県,福岡市,,0,5.5,7,67,8.9,6.1,1022.5,49.2,15,0,0
1968-01,60.0,4.2,⬅️西,福岡県,福岡市,,0,5.8,1,62,8.1,5.8,1018.2,90.4,8,0,0
1968-02,126.5,4.1,⬅️西,福岡県,福岡市,,0,3.0,44,67,8.1,5.1,1021.4,81.8,19,0,0
1968-03,56.5,3.7,↘️南東,福岡県,福岡市,,0,9.4,0,66,5.8,8.0,1015.5,180.8,0,0,0
1968-04,64.5,3.2,⬆️北,福岡県,福岡市,,0,14.2,0,70,6.3,11.4,1017.2,184.7,0,0,0
1968-05,46.5,3.3,⬆️北,福岡県,福岡市,,0,17.6,0,76,6.7,15.2,1009.3,193.5,0,0,2
1968-06,162.5,2.7,↘️南東,福岡県,福岡市,,0,21.4,0,77,6.8,19.4,1008.4,180.9,0,2,2
1968-07,303.5,3.1,⬆️北,福岡県,福岡市,,0,25.2,0,81,8.1,26.0,1003.5,149.2,0,1,0
1968-08,95.5,3.0,⬆️北,福岡県,福岡市,,0,26.8,0,78,7.2,27.5,1005.8,178.8,0,1,0
1968-09,243.0,3.0,⬆️北,福岡県,福岡市,,0,23.4,0,78,6.8,22.4,1011.0,152.1,0,1,0
1968-10,72.0,2.9,⬆️北,福岡県,福岡市,,0,17.1,0,73,5.5,14.6,1015.2,173.0,0,3,0
1968-11,51.0,2.6,↘️南東,福岡県,福岡市,,0,13.0,0,72,4.5,10.9,1020.3,170.6,0,0,0
1968-12,131.5,3.3,↘️南東,福岡県,福岡市,,0,10.6,0,75,7.4,9.9,1017.2,101.9,4,1,1
1969-01,95.5,3.8,↖️西北西,福岡県,福岡市,,0,6.8,0,72,8.8,7.6,1017.6,58.0,8,0,2
1969-02,86.0,3.6,⬆️北,福岡県,福岡市,,0,6.7,0,72,8.1,7.3,1019.1,67.8,4,0,2
1969-03,72.5,3.6,⬆️北,福岡県,福岡市,,0,8.4,2,68,7.3,7.8,1017.4,128.8,2,0,0
1969-04,111.5,3.8,⬆️北,福岡県,福岡市,,0,14.7,0,70,6.7,12.0,1014.7,163.0,0,1,1
1969-05,94.5,3.1,⬆️北,福岡県,福岡市,,0,18.8,0,71,6.1,15.3,1008.2,215.7,0,1,1
1969-06,246.0,2.9,↘️南東,福岡県,福岡市,,0,21.6,0,74,7.1,19.2,1006.4,191.0,0,0,0
1969-07,262.0,2.9,⬆️北,福岡県,福岡市,,0,26.2,0,78,7.7,26.5,1008.1,192.2,0,1,1
1969-08,137.5,3.0,↘️南東,福岡県,福岡市,,0,28.2,0,71,5.6,27.0,1007.7,236.1,0,3,0
1969-09,110.0,3.2,⬆️北,福岡県,福岡市,,0,25.2,0,76,6.3,24.4,1011.1,181.7,0,0,0
1969-10,40.0,3.1,⬆️北,福岡県,福岡市,,0,17.4,0,70,5.4,14.0,1015.4,206.3,0,1,0
1969-11,76.5,3.6,↘️南東,福岡県,福岡市,,0,12.4,0,67,6.3,9.9,1020.4,126.6,0,0,0
1969-12,79.0,3.5,⬅️西,福岡県,福岡市,,0,7.1,0,67,6.9,6.9,1022.0,93.8,6,0,1
1970-01,34.5,3.5,↖️北北西,福岡県,福岡市,,0,4.4,1,65,7.0,5.5,1020.3,111.0,6,0,0
1970-02,52.0,3.4,↖️北北西,福岡県,福岡市,,0,7.7,0,64,5.9,7.0,1019.9,138.8,1,1,0
1970-03,21.5,3.9,⬆️北,福岡県,福岡市,,0,7.0,0,57,7.4,5.9,1019.1,178.3,3,0,0
1970-04,154.5,3.2,⬆️北,福岡県,福岡市,,0,13.3,0,76,7.6,11.8,1015.9,127.3,0,2,0
1970-05,204.5,2.9,⬆️北,福岡県,福岡市,,0,18.7,0,70,7.7,15.0,1009.5,170.1,0,0,0
1970-06,294.0,2.5,⬆️北,福岡県,福岡市,,0,20.8,0,84,9.0,20.7,1008.9,76.4,0,0,1
1970-07,131.5,2.7,↘️南東,福岡県,福岡市,,0,26.2,0,77,7.7,26.3,1005.2,158.3,0,4,0
1970-08,124.5,3.1,↘️南東,福岡県,福岡市,,0,28.1,0,74,6.2,27.9,1006.5,226.9,0,2,0
1970-09,168.0,2.9,↘️南東,福岡県,福岡市,,0,25.3,0,78,7.3,25.2,1010.6,159.6,0,3,0
1970-10,150.0,2.5,⬆️北,福岡県,福岡市,,0,19.5,0,72,6.4,16.9,1016.7,167.0,0,3,0
1970-11,56.0,3.4,⬆️北,福岡県,福岡市,,0,12.9,0,68,5.8,10.3,1019.5,159.2,1,1,0
1970-12,16.5,3.3,↘️南東,福岡県,福岡市,,0,8.1,0,65,7.3,7.1,1020.2,110.5,2,0,0
1971-01,117.5,3.5,↘️南東,福岡県,福岡市,,0,5.5,6,68,7.1,6.2,1018.8,108.7,8,0,0
1971-02,59.0,3.5,⬅️西,福岡県,福岡市,,0,6.4,5,68,8.1,6.8,1018.8,106.2,8,0,2
1971-03,73.5,3.6,↖️北北西,福岡県,福岡市,,0,8.9,0,61,6.2,7.3,1018.3,192.1,2,1,0
1971-04,38.5,3.2,⬆️北,福岡県,福岡市,,0,14.3,0,63,6.0,10.3,1014.7,230.5,0,0,2
1971-05,100.5,3.0,⬆️北,福岡県,福岡市,,0,18.5,0,67,6.2,14.4,1011.6,208.5,0,1,1
1971-06,141.5,2.8,⬆️北,福岡県,福岡市,,0,22.8,0,76,9.0,21.0,1006.0,123.5,0,1,0
1971-07,199.0,3.2,⬇️南,福岡県,福岡市,,0,28.2,0,70,7.4,26.6,1005.9,243.1,0,7,0
1971-08,210.5,3.7,⬆️北,福岡県,福岡市,,0,26.6,0,76,7.5,26.3,1004.9,180.9,0,4,0
1971-09,134.0,2.7,⬆️北,福岡県,福岡市,,0,23.2,0,77,7.3,21.9,1009.7,184.1,0,2,0
1971-10,37.5,2.5,↖️北北西,福岡県,福岡市,,0,17.1,0,66,6.2,13.1,1017.0,200.3,0,0,0
1971-11,18.0,2.6,⬆️北,福岡県,福岡市,,0,13.2,0,63,5.9,9.8,1020.5,169.2,1,2,0
1971-12,66.0,2.9,↘️南東,福岡県,福岡市,,0,8.5,0,63,7.2,7.1,1021.2,114.2,2,0,1
1972-01,192.5,3.1,↘️南東,福岡県,福岡市,,0,7.9,0,70,7.3,7.6,1020.5,105.8,1,2,0
1972-02,120.0,3.0,⬅️西,福岡県,福岡市,,0,6.8,0,71,8.6,7.1,1015.6,86.5,3,0,0
1972-03,145.5,3.3,⬆️北,福岡県,福岡市,,0,9.4,2,70,7.5,8.5,1016.1,130.6,6,1,1
1972-04,147.5,3.2,⬆️北,福岡県,福岡市,,0,13.8,0,73,7.0,11.9,1015.3,177.1,1,1,2
1972-05,126.0,3.0,⬆️北,福岡県,福岡市,,0,17.9,0,72,7.3,15.0,1009.5,203.3,0,1,0
1972-06,342.0,2.7,↘️南東,福岡県,福岡市,,0,21.4,0,78,8.2,19.7,1005.6,174.7,0,3,0
1972-07,559.5,3.4,⬆️北,福岡県,福岡市,,0,26.1,0,79,7.7,26.2,1003.5,173.4,0,5,0
1972-08,224.5,2.8,↘️南東,福岡県,福岡市,,0,26.4,0,74,6.6,25.6,1008.8,222.6,0,5,0
1972-09,176.0,2.9,⬆️北,福岡県,福岡市,,0,22.2,0,73,6.5,20.1,1010.7,179.9,0,5,0
1972-10,117.0,2.3,↘️南東,福岡県,福岡市,,0,17.4,0,71,6.8,14.2,1016.3,184.0,0,1,0
1972-11,141.5,3.4,↘️南東,福岡県,福岡市,,0,12.7,0,66,7.3,10.2,1018.3,92.7,0,1,0
1972-12,59.0,3.0,↘️南東,福岡県,福岡市,,0,8.5,0,65,6.9,7.4,1020.3,139.2,4,0,0
1973-01,120.0,2.8,↘️東南東,福岡県,福岡市,,0,7.7,0,71,8.4,7.5,1019.8,94.5,3,0,0
1973-02,42.5,2.8,↖️北北西,福岡県,福岡市,,0,7.9,0,68,7.3,7.5,1018.0,121.6,2,0,0
1973-03,24.5,3.3,⬆️北,福岡県,福岡市,,0,10.1,0,59,5.9,7.6,1017.4,202.1,0,1,1
1973-04,223.5,2.9,⬆️北,福岡県,福岡市,,0,15.8,0,69,7.3,12.7,1012.9,163.9,0,2,2
1973-05,121.5,3.1,↘️南東,福岡県,福岡市,,0,19.0,0,66,7.3,14.3,1010.8,203.6,0,2,0
1973-06,170.0,2.4,⬆️北,福岡県,福岡市,,0,22.0,0,75,7.6,19.9,1007.0,200.5,0,0,0
1973-07,207.5,2.7,↘️南東,福岡県,福岡市,,0,27.9,0,71,6.2,26.6,1007.4,243.9,0,3,0
1973-08,82.0,2.7,⬆️北,福岡県,福岡市,,0,28.5,0,73,6.1,28.0,1010.8,254.4,0,6,0
1973-09,251.5,2.5,↘️南東,福岡県,福岡市,,0,22.7,0,76,8.0,21.1,1011.8,151.5,0,3,0
1973-10,85.5,2.5,↘️南東,福岡県,福岡市,,0,17.9,0,73,6.1,15.3,1017.0,158.1,0,0,0
1973-11,31.0,3.4,⬅️西,福岡県,福岡市,,0,12.1,0,62,5.8,9.0,1019.0,167.1,0,0,0
1973-12,43.0,3.5,↖️西北西,福岡県,福岡市,,0,6.2,1,62,7.1,5.9,1019.7,113.5,9,0,0
1974-01,30.0,2.8,↖️北北西,福岡県,福岡市,,0,5.6,0,60,6.2,5.5,1020.0,140.7,3,0,0
1974-02,59.5,3.3,⬆️北,福岡県,福岡市,,0,6.0,3,65,7.4,6.3,1019.1,120.8,8,0,1
1974-03,113.5,3.2,⬆️北,福岡県,福岡市,,0,9.1,0,64,6.6,7.7,1018.4,187.4,3,1,1
1974-04,108.0,3.6,⬆️北,福岡県,福岡市,,0,14.9,0,65,6.0,11.1,1012.3,211.6,0,1,0
1974-05,137.5,3.2,↘️南東,福岡県,福岡市,,0,19.3,0,64,6.9,14.3,1011.2,217.8,0,0,0
1974-06,83.5,2.6,⬆️北,福岡県,福岡市,,0,21.7,0,70,6.8,18.0,1005.1,219.8,0,1,0
1974-07,333.0,2.6,⬆️北,福岡県,福岡市,,0,25.1,0,81,8.8,25.7,1005.9,103.1,0,4,1
1974-08,102.0,3.0,⬆️北,福岡県,福岡市,,0,27.0,0,74,5.4,26.2,1004.7,235.0,0,2,0
1974-09,79.0,2.4,⬆️北,福岡県,福岡市,,0,22.8,0,72,7.3,20.1,1010.3,176.0,0,1,0
1974-10,159.0,2.1,⬆️北,福岡県,福岡市,,0,18.6,0,71,6.8,15.2,1015.2,151.5,0,1,0
1974-11,31.0,2.4,↖️北北西,福岡県,福岡市,,0,12.4,0,67,5.5,9.8,1020.5,158.8,0,0,0
1974-12,51.5,2.8,↘️南東,福岡県,福岡市,,0,8.3,0,69,8.0,7.8,1022.7,83.3,0,0,0
1975-01,84.5,3.6,↘️南東,福岡県,福岡市,,0,6.1,7,61,7.7,5.8,1019.6,115.2,8,0,0
1975-02,61.5,3.5,↖️北北西,福岡県,福岡市,,0,6.0,10,62,7.4,6.0,1017.6,121.1,6,1,0
1975-03,21.0,3.4,⬆️北,福岡県,福岡市,,0,9.6,0,63,5.7,7.5,1015.5,216.4,0,0,0
1975-04,192.0,3.3,⬆️北,福岡県,福岡市,,0,14.5,0,74,8.2,12.5,1013.0,147.1,0,1,1
1975-05,60.0,3.0,⬆️北,福岡県,福岡市,,0,18.4,0,72,7.3,15.1,1009.8,212.3,0,1,0
1975-06,360.0,2.6,⬆️北,福岡県,福岡市,,0,22.3,0,79,7.7,21.2,1005.8,185.8,0,0,0
1975-07,47.0,2.8,⬇️南南東,福岡県,福岡市,,0,28.3,0,71,7.0,26.9,1006.4,251.0,0,4,0
1975-08,73.5,2.8,↘️南東,福岡県,福岡市,,0,28.1,0,71,5.9,26.8,1007.0,246.8,0,5,0
1975-09,148.5,2.6,↘️南東,福岡県,福岡市,,0,25.6,0,73,6.3,24.1,1010.9,182.9,0,4,0
1975-10,100.5,2.6,↘️南東,福岡県,福岡市,,0,19.7,0,69,6.9,16.0,1015.0,151.7,0,0,0
1975-11,96.0,2.8,↘️南東,福岡県,福岡市,,0,13.3,0,68,5.9,10.6,1019.2,151.7,0,0,0
1975-12,91.0,3.0,↘️南東,福岡県,福岡市,,0,7.8,1,65,7.0,7.2,1020.1,104.4,6,1,0
1976-01,13.0,3.8,↖️西北西,福岡県,福岡市,,0,5.1,0,58,6.8,5.2,1020.4,127.3,11,1,0
1976-02,139.0,3.0,↘️南東,福岡県,福岡市,,0,8.6,0,67,7.3,7.8,1017.5,134.9,0,1,1
1976-03,71.0,3.0,⬆️北,福岡県,福岡市,,0,9.3,0,64,7.7,7.8,1016.7,155.3,1,1,0
1976-04,189.5,2.7,⬆️北,福岡県,福岡市,,0,14.2,0,66,7.0,11.3,1014.6,175.9,0,3,2
1976-05,155.5,2.6,⬆️北,福岡県,福岡市,,0,18.5,0,68,6.9,15.0,1010.0,182.4,0,0,0
1976-06,268.0,2.4,⬆️北,福岡県,福岡市,,0,21.4,0,76,9.0,19.3,1007.2,143.9,0,1,0
1976-07,267.0,2.5,↖️北北西,福岡県,福岡市,,0,24.7,0,76,7.6,23.6,1006.7,182.8,0,1,0
1976-08,259.5,2.5,↘️南東,福岡県,福岡市,,0,27.4,0,74,6.5,26.8,1008.9,222.4,0,4,0
1976-09,244.0,2.7,⬆️北,福岡県,福岡市,,0,21.3,0,75,6.3,19.2,1009.9,172.9,0,1,0
1976-10,153.5,2.4,⬆️北,福岡県,福岡市,,0,17.7,0,70,5.9,14.5,1015.1,193.1,0,1,0
1976-11,78.5,3.0,↘️南東,福岡県,福岡市,,0,11.0,0,65,6.5,9.0,1020.4,134.8,0,0,0
1976-12,69.0,3.2,↘️南東,福岡県,福岡市,,0,7.4,3,64,6.3,6.8,1019.7,126.0,8,0,0
1977-01,38.5,3.2,↖️北北西,福岡県,福岡市,,0,3.7,0,58,7.8,4.7,1022.0,92.1,11,0,0
1977-02,48.0,3.3,↖️西北西,福岡県,福岡市,,0,4.7,9,58,7.0,5.1,1021.7,160.8,13,0,0
1977-03,132.0,3.4,⬆️北,福岡県,福岡市,,0,10.3,0,65,6.4,8.3,1018.8,158.3,2,1,2
1977-04,161.0,3.2,↘️南東,福岡県,福岡市,,0,15.3,0,66,6.8,11.7,1013.7,177.4,0,4,0
1977-05,211.0,2.7,↘️南東,福岡県,福岡市,,0,18.5,0,67,7.9,14.4,1010.7,174.8,0,2,0
1977-06,251.5,2.7,⬆️北,福岡県,福岡市,,0,21.8,0,77,8.1,20.0,1005.4,147.2,0,2,2
1977-07,88.0,2.4,↘️南東,福岡県,福岡市,,0,27.5,0,73,6.5,27.0,1007.2,234.1,0,2,0
1977-08,120.0,3.2,⬆️北,福岡県,福岡市,,0,26.0,0,75,7.2,25.1,1003.9,170.4,0,3,0
1977-09,65.0,2.4,⬆️北,福岡県,福岡市,,0,24.1,0,77,5.8,23.3,1010.8,187.8,0,3,0
1977-10,35.0,2.1,⬆️北,福岡県,福岡市,,0,19.4,0,68,3.6,15.4,1018.2,242.0,0,0,0
1977-11,163.5,2.9,↘️南東,福岡県,福岡市,,0,14.0,0,66,6.8,11.1,1019.4,120.2,0,3,0
1977-12,40.0,2.6,↘️南東,福岡県,福岡市,,0,9.8,0,64,5.8,7.9,1021.1,152.3,2,0,0
1978-01,75.5,3.7,↖️西北西,福岡県,福岡市,,0,7.0,0,62,8.0,6.4,1017.3,96.2,9,0,0
1978-02,59.0,3.4,⬅️西,福岡県,福岡市,,0,6.0,11,61,7.2,5.8,1019.1,127.2,10,1,0
1978-03,62.0,3.3,↘️南東,福岡県,福岡市,,0,9.4,0,57,5.9,6.9,1015.6,222.0,1,0,1
1978-04,57.0,2.7,↖️北北西,福岡県,福岡市,,0,14.5,0,63,6.1,10.6,1012.2,216.5,0,1,0
1978-05,42.5,2.3,↖️北北西,福岡県,福岡市,,0,19.3,0,65,6.5,14.7,1011.2,228.2,0,0,0
1978-06,353.0,2.6,↘️南東,福岡県,福岡市,,0,23.8,0,68,7.4,20.3,1007.4,200.5,0,2,0
1978-07,44.5,2.8,↖️北北西,福岡県,福岡市,,0,28.7,0,67,4.7,26.1,1006.8,284.3,0,3,0
1978-08,99.5,2.7,↘️南東,福岡県,福岡市,,0,28.3,0,69,5.9,26.6,1007.7,261.8,0,5,0
1978-09,125.5,2.7,⬆️北,福岡県,福岡市,,0,24.5,0,71,7.1,21.9,1010.5,161.7,0,2,0
1978-10,84.5,2.6,⬆️北,福岡県,福岡市,,0,18.0,0,66,5.4,13.9,1017.1,193.6,0,1,0
1978-11,54.5,2.3,↘️南東,福岡県,福岡市,,0,13.2,0,68,4.8,10.4,1019.3,178.6,1,0,0
1978-12,80.5,2.5,↘️南東,福岡県,福岡市,,0,9.4,0,66,5.7,7.9,1021.8,149.3,1,0,0
1979-01,54.5,2.5,↘️南東,福岡県,福岡市,,0,7.7,0,65,6.6,7.0,1019.4,114.6,3,0,1
1979-02,100.5,2.8,↘️南東,福岡県,福岡市,,0,8.0,1,67,7.4,7.4,1015.3,111.7,5,2,1
1979-03,162.5,2.8,⬆️北,福岡県,福岡市,,0,9.9,0,63,6.7,7.8,1015.8,173.0,2,4,2
1979-04,136.0,2.9,⬆️北,福岡県,福岡市,,0,14.0,0,62,6.2,10.1,1014.5,181.3,0,0,1
1979-05,81.5,3.1,↘️南東,福岡県,福岡市,,0,18.1,0,61,5.1,12.7,1010.2,241.5,0,1,0
1979-06,585.5,2.6,↘️南東,福岡県,福岡市,,0,23.6,0,72,8.6,21.2,1009.5,117.4,0,5,0
1979-07,151.0,2.5,↘️南東,福岡県,福岡市,,0,26.3,0,74,7.0,25.5,1005.8,181.7,0,1,0
1979-08,112.0,2.8,↘️南東,福岡県,福岡市,,0,27.9,0,71,6.4,26.7,1006.7,196.1,0,3,0
1979-09,70.0,2.9,⬆️北,福岡県,福岡市,,0,24.6,0,70,6.5,21.8,1011.4,177.7,0,2,0
1979-10,102.0,2.7,↘️南東,福岡県,福岡市,,0,19.0,0,67,3.7,14.8,1014.4,228.8,0,0,0
1979-11,105.5,2.5,↘️南東,福岡県,福岡市,,0,12.5,0,66,6.8,10.1,1020.7,118.8,0,0,0
1979-12,81.5,2.4,↘️南東,福岡県,福岡市,,0,9.3,0,67,5.4,7.9,1022.2,141.8,1,1,0
1980-01,57.0,3.3,↖️西北西,福岡県,福岡市,,0,6.2,0,64,7.7,6.3,1018.0,92.6,10,1,2
1980-02,31.5,2.9,↖️北北西,福岡県,福岡市,,0,5.1,0,61,7.1,5.4,1021.3,117.8,11,0,0
1980-03,131.5,2.7,⬆️北,福岡県,福岡市,,0,9.6,0,68,7.2,8.3,1016.8,142.2,0,0,0
1980-04,102.5,3.3,⬆️北,福岡県,福岡市,,0,14.0,0,65,6.5,10.4,1015.3,195.6,0,4,0
1980-05,233.0,2.8,⬆️北,福岡県,福岡市,,0,18.7,0,67,6.2,14.8,1011.0,205.3,0,2,2
1980-06,165.5,2.5,↖️北北西,福岡県,福岡市,,0,23.1,0,77,8.2,21.7,1009.2,133.9,0,0,1
1980-07,886.0,2.4,↘️南東,福岡県,福岡市,,0,24.9,0,84,8.3,26.4,1005.9,109.1,0,7,3
1980-08,846.5,2.5,⬆️北,福岡県,福岡市,,0,24.5,0,88,9.2,27.2,1006.7,77.8,0,7,0
1980-09,196.0,2.4,⬆️北,福岡県,福岡市,,0,22.4,0,77,6.2,21.2,1010.9,180.2,0,0,0
1980-10,200.5,2.9,⬆️北,福岡県,福岡市,,0,18.1,0,74,6.2,15.8,1016.0,161.1,0,0,0
1980-11,76.0,2.3,↘️南東,福岡県,福岡市,,0,13.5,0,72,5.0,11.3,1018.5,183.9,0,0,0
1980-12,50.5,3.8,↖️西北西,福岡県,福岡市,,0,6.4,0,60,7.5,6.0,1017.4,103.5,9,1,0
1981-01,67.0,3.3,↘️南東,福岡県,福岡市,,0,4.0,7,63,6.6,5.1,1020.8,126.5,11,2,0
1981-02,68.0,3.4,↘️南東,福岡県,福岡市,,0,6.1,0,64,7.2,6.3,1017.8,129.5,3,1,0
1981-03,63.0,3.0,↘️南東,福岡県,福岡市,,0,10.2,0,66,6.8,8.5,1017.1,177.1,1,0,0
1981-04,147.0,2.9,⬆️北,福岡県,福岡市,,0,14.6,0,69,6.3,11.4,1013.1,180.2,0,2,1
1981-05,81.5,2.9,↘️南東,福岡県,福岡市,,0,18.6,0,66,6.7,14.3,1010.1,217.6,0,2,0
1981-06,445.5,2.5,⬆️北,福岡県,福岡市,,0,22.8,0,76,8.3,21.1,1008.0,114.7,0,5,3
1981-07,218.5,3.0,↘️南東,福岡県,福岡市,,0,28.5,0,73,6.5,28.3,1008.3,230.0,0,8,0
1981-08,179.5,3.0,↘️南東,福岡県,福岡市,,0,27.4,0,73,6.5,26.7,1004.0,212.5,0,3,0
1981-09,97.5,3.1,↘️南東,福岡県,福岡市,,0,23.1,0,71,7.1,20.1,1010.8,168.9,0,0,0
1981-10,156.5,2.9,↘️南東,福岡県,福岡市,,0,18.1,0,69,6.0,14.6,1015.4,172.8,0,0,0
1981-11,126.0,2.8,↘️南東,福岡県,福岡市,,0,11.7,0,70,7.4,9.8,1020.2,105.8,0,0,0
1981-12,49.5,3.0,↘️南東,福岡県,福岡市,,0,8.2,2,66,6.5,7.1,1021.9,121.8,3,2,0
1982-01,66.5,3.4,↘️南東,福岡県,福岡市,,0,5.9,6,63,7.2,6.0,1020.0,103.4,6,1,0
1982-02,66.0,2.7,↘️南東,福岡県,福岡市,,0,6.7,0,67,7.0,6.8,1019.7,114.1,2,0,0
1982-03,122.0,3.2,⬆️北,福岡県,福岡市,,0,10.7,0,68,6.5,9.0,1016.9,174.1,0,2,1
1982-04,122.5,3.1,↘️南東,福岡県,福岡市,,0,14.2,0,66,5.6,11.0,1014.7,190.1,0,1,0
1982-05,70.5,2.8,↖️北北西,福岡県,福岡市,,0,20.3,0,70,5.7,16.8,1010.8,227.2,0,0,1
1982-06,45.0,3.1,⬆️北,福岡県,福岡市,,0,22.1,0,73,6.9,19.5,1006.2,229.7,0,0,0
1982-07,554.0,2.4,↘️南東,福岡県,福岡市,,0,24.8,0,82,7.4,25.7,1005.6,160.7,0,4,0
1982-08,314.5,3.0,↘️南東,福岡県,福岡市,,0,27.1,0,77,6.3,27.8,1006.9,228.1,0,7,0
1982-09,182.5,3.2,⬆️北,福岡県,福岡市,,0,22.4,0,78,7.2,21.2,1011.1,153.2,0,0,0
1982-10,54.5,2.6,⬆️北,福岡県,福岡市,,0,18.7,0,74,4.0,16.2,1015.6,226.9,0,1,0
1982-11,120.0,2.7,↘️南東,福岡県,福岡市,,0,14.9,0,73,7.3,12.7,1018.7,126.8,0,0,0
1982-12,60.5,3.0,↘️南東,福岡県,福岡市,,0,8.6,0,67,7.1,7.6,1020.9,105.1,1,2,0
1983-01,48.0,3.3,↘️南東,福岡県,福岡市,,0,6.7,0,64,6.5,6.5,1023.2,136.8,4,0,0
1983-02,70.0,3.4,↖️西北西,福岡県,福岡市,,0,6.0,0,62,6.5,6.0,1019.7,148.0,7,1,0
1983-03,176.5,3.3,⬆️北,福岡県,福岡市,,0,10.1,0,71,7.7,9.1,1016.4,118.3,2,3,0
1983-04,160.0,3.2,⬆️北,福岡県,福岡市,,0,16.3,0,70,7.1,13.2,1013.0,168.9,0,3,0
1983-05,165.0,2.9,⬆️北,福岡県,福岡市,,0,19.4,0,71,6.3,16.0,1010.7,222.4,0,1,0
1983-06,150.5,2.8,⬆️北,福岡県,福岡市,,0,22.1,0,78,7.7,20.7,1006.8,199.3,0,0,0
1983-07,430.5,3.1,↙️南南西,福岡県,福岡市,,0,26.9,0,74,7.4,26.2,1006.0,206.8,0,2,0
1983-08,116.0,3.5,⬆️北,福岡県,福岡市,,0,28.1,0,75,5.9,28.4,1006.6,241.2,0,1,0
1983-09,270.5,2.8,↘️南東,福岡県,福岡市,,0,24.8,0,80,7.9,25.0,1009.8,143.3,0,6,0
1983-10,86.0,2.6,↘️南東,福岡県,福岡市,,0,19.1,0,72,5.4,16.1,1016.3,183.9,0,0,0
1983-11,29.5,3.0,↘️南東,福岡県,福岡市,,0,12.4,0,67,5.1,9.8,1019.1,167.2,1,2,0
1983-12,18.5,3.4,↘️南東,福岡県,福岡市,,0,7.4,1,60,5.9,6.3,1020.1,146.7,8,3,0
1984-01,53.5,3.5,↖️北北西,福岡県,福岡市,,0,4.1,18,62,7.3,5.1,1020.4,105.4,17,1,1
1984-02,46.0,3.5,↖️北北西,福岡県,福岡市,,0,4.4,6,63,7.3,5.4,1019.4,143.2,5,0,0
1984-03,75.0,3.2,⬆️北,福岡県,福岡市,,0,7.6,0,62,6.8,6.6,1017.5,181.6,5,0,0
1984-04,124.0,3.3,⬆️北,福岡県,福岡市,,0,14.5,0,71,6.9,11.8,1015.1,173.2,0,0,0
1984-05,150.5,2.7,⬆️北,福岡県,福岡市,,0,18.0,0,74,6.0,15.3,1011.5,237.9,0,2,1
1984-06,244.5,2.5,↘️南東,福岡県,福岡市,,0,23.8,0,79,8.5,23.2,1006.2,146.9,0,3,0
1984-07,22.5,2.8,↘️南東,福岡県,福岡市,,0,27.8,0,77,6.6,28.7,1004.3,228.7,0,4,0
1984-08,170.0,2.7,⬆️北,福岡県,福岡市,,0,28.6,0,74,6.1,28.8,1007.5,248.3,0,3,0
1984-09,119.5,2.8,↘️南東,福岡県,福岡市,,0,23.7,0,75,6.5,22.2,1011.2,176.8,0,1,0
1984-10,24.5,3.0,↘️南東,福岡県,福岡市,,0,18.1,0,67,4.8,14.3,1015.8,184.8,0,1,0
1984-11,68.5,2.7,↘️南東,福岡県,福岡市,,0,14.4,0,75,5.0,12.5,1019.7,156.0,0,0,0
1984-12,71.5,3.2,↘️南東,福岡県,福岡市,,0,8.3,0,69,7.6,7.9,1019.9,100.6,8,0,0
1985-01,37.0,3.1,↘️南東,福岡県,福岡市,,0,4.7,2,64,6.8,5.5,1021.6,128.3,6,0,0
1985-02,138.5,3.2,↖️西北西,福岡県,福岡市,,0,7.0,0,69,7.5,7.1,1014.9,94.0,4,1,0
1985-03,153.0,3.2,⬆️北,福岡県,福岡市,,0,10.0,0,74,7.6,9.2,1019.5,142.9,0,0,0
1985-04,113.0,3.3,⬆️北,福岡県,福岡市,,0,14.5,0,71,6.3,11.8,1012.4,212.3,0,2,1
1985-05,188.5,3.0,⬆️北,福岡県,福岡市,,0,19.5,0,76,7.0,17.2,1010.8,180.4,0,0,0
1985-06,642.0,2.6,↘️南東,福岡県,福岡市,,0,22.0,0,80,8.6,21.3,1006.9,123.1,0,3,2
1985-07,189.5,3.0,↙️南南西,福岡県,福岡市,,0,28.0,0,73,6.2,27.7,1006.5,236.5,0,4,0
1985-08,82.5,3.2,↘️南東,福岡県,福岡市,,0,29.3,0,69,5.1,27.8,1006.4,267.4,0,6,0
1985-09,269.0,2.5,⬆️北,福岡県,福岡市,,0,25.4,0,78,6.7,25.3,1012.5,179.8,0,7,0
1985-10,82.0,2.8,↘️南東,福岡県,福岡市,,0,19.3,0,70,6.4,15.9,1015.8,171.4,0,2,0
1985-11,83.0,3.4,↘️南東,福岡県,福岡市,,0,12.7,0,67,7.0,10.1,1017.4,135.0,0,3,0
1985-12,46.5,3.3,↘️南東,福岡県,福岡市,,0,6.7,1,68,7.2,6.9,1020.5,89.7,10,0,0
1986-01,26.5,3.6,↖️西北西,福岡県,福岡市,,0,4.5,1,64,7.4,5.4,1019.9,99.7,15,0,0
1986-02,40.5,3.5,↖️北北西,福岡県,福岡市,,0,4.7,3,61,7.4,5.3,1019.2,128.0,13,1,0
1986-03,105.0,3.3,⬆️北,福岡県,福岡市,,0,9.4,0,68,6.4,8.2,1015.6,170.4,2,0,0
1986-04,106.0,2.7,⬆️北,福岡県,福岡市,,0,15.2,0,71,6.7,12.6,1014.4,171.5,0,2,0
1986-05,240.0,2.9,⬆️北,福岡県,福岡市,,0,18.9,0,73,6.4,15.7,1007.8,187.2,0,3,0
1986-06,220.5,2.8,⬆️北,福岡県,福岡市,,0,22.9,0,76,7.6,21.3,1006.3,156.4,0,3,2
1986-07,400.0,2.5,⬆️北,福岡県,福岡市,,0,25.6,0,80,7.4,26.4,1007.7,138.0,0,6,0
1986-08,70.5,2.8,↘️南東,福岡県,福岡市,,0,27.8,0,69,5.1,25.8,1005.7,231.3,0,4,0
1986-09,190.5,2.4,⬆️北,福岡県,福岡市,,0,23.7,0,74,6.8,21.8,1010.5,144.0,0,4,0
1986-10,45.0,2.9,⬆️北,福岡県,福岡市,,0,17.0,0,68,5.8,13.4,1017.7,178.8,0,0,0
1986-11,30.0,2.2,↘️南東,福岡県,福岡市,,0,12.6,0,68,6.0,10.0,1021.1,130.1,0,0,0
1986-12,94.5,2.9,↘️南東,福岡県,福岡市,,0,9.6,0,69,6.7,8.2,1020.5,116.9,1,2,0
1987-01,52.0,3.5,↘️南東,福岡県,福岡市,,0,7.3,2,66,6.6,6.9,1021.1,119.9,6,3,0
1987-02,47.5,3.6,↘️南東,福岡県,福岡市,,0,7.9,2,66,6.6,7.3,1018.7,136.0,7,2,0
1987-03,174.5,3.0,↖️北北西,福岡県,福岡市,,0,9.7,10,73,7.1,9.1,1015.0,119.2,4,0,1
1987-04,77.0,2.9,⬆️北,福岡県,福岡市,,0,14.4,0,69,6.6,11.5,1015.4,174.9,0,1,0
1987-05,133.5,2.7,⬆️北,福岡県,福岡市,,0,19.0,0,69,6.8,15.4,1012.2,202.8,0,0,1
1987-06,278.0,3.1,⬆️北,福岡県,福岡市,,0,22.5,0,75,6.9,20.2,1007.2,198.5,0,1,2
1987-07,444.0,2.8,↘️南東,福岡県,福岡市,,0,26.8,0,79,8.3,27.6,1005.9,136.3,0,3,0
1987-08,379.0,2.7,⬇️南南東,福岡県,福岡市,,0,27.2,0,79,7.7,28.2,1007.5,154.6,0,10,0
1987-09,100.5,3.4,⬆️北,福岡県,福岡市,,0,22.8,0,71,6.6,20.2,1011.8,182.4,0,0,0
1987-10,84.0,2.9,⬆️北,福岡県,福岡市,,0,19.9,0,71,6.0,16.6,1016.0,179.1,0,1,0
1987-11,66.5,2.6,↘️南東,福岡県,福岡市,,0,14.4,0,72,5.2,11.9,1019.2,146.2,0,1,0
1987-12,39.5,2.7,↘️南東,福岡県,福岡市,,0,9.0,0,66,5.0,7.7,1021.8,169.6,3,1,0
1988-01,45.5,3.1,↘️南東,福岡県,福岡市,,0,7.6,0,65,7.3,7.0,1019.8,99.6,4,1,0
1988-02,35.5,3.3,↘️南東,福岡県,福岡市,,0,6.4,0,59,7.7,5.9,1021.1,123.5,7,0,0
1988-03,137.0,3.4,⬆️北,福岡県,福岡市,,0,8.9,0,67,8.4,7.8,1016.6,109.2,5,1,0
1988-04,134.5,3.2,↘️南東,福岡県,福岡市,,0,14.4,0,64,5.8,10.6,1014.5,203.2,0,2,0
1988-05,160.0,2.9,⬆️北,福岡県,福岡市,,0,19.2,0,70,6.0,15.6,1009.7,209.5,0,3,0
1988-06,332.5,2.9,⬆️北,福岡県,福岡市,,0,22.5,0,79,8.1,21.6,1005.2,125.6,0,0,0
1988-07,118.5,3.0,⬆️北,福岡県,福岡市,,0,26.5,0,79,7.6,27.4,1005.9,148.9,0,7,0
1988-08,97.5,2.6,⬆️北,福岡県,福岡市,,0,26.8,0,76,6.7,26.5,1005.8,187.2,0,8,1
1988-09,156.5,3.1,⬆️北,福岡県,福岡市,,0,23.8,0,79,7.0,23.2,1009.7,147.3,0,0,0
1988-10,46.5,2.7,⬆️北,福岡県,福岡市,,0,18.5,0,69,5.0,14.8,1014.7,186.3,0,0,0
1988-11,63.5,3.3,↘️南東,福岡県,福岡市,,0,12.2,0,62,5.5,8.9,1017.5,157.3,2,3,0
1988-12,27.5,2.9,↘️南東,福岡県,福岡市,,0,8.5,0,62,5.7,6.9,1021.7,145.2,2,1,0
1989-01,104.5,2.9,↘️南東,福岡県,福岡市,,0,9.1,0,71,7.7,8.5,1020.3,95.9,2,2,0
1989-02,151.0,3.0,↘️南東,福岡県,福岡市,,0,8.7,0,70,7.2,8.0,1019.0,109.5,2,1,1
1989-03,126.5,3.5,↘️南東,福岡県,福岡市,,0,10.3,0,64,6.1,8.1,1016.2,166.3,2,2,0
1989-04,35.0,3.0,↘️南東,福岡県,福岡市,,0,16.2,0,63,6.5,11.6,1012.1,200.6,0,0,0
1989-05,158.0,2.6,⬆️北,福岡県,福岡市,,0,18.4,0,75,7.6,15.8,1010.2,164.5,0,1,0
1989-06,145.0,3.0,⬆️北,福岡県,福岡市,,0,21.8,0,75,7.6,19.3,1007.4,158.7,0,0,1
1989-07,85.0,3.1,⬆️北,福岡県,福岡市,,0,26.3,0,75,7.4,25.4,1008.0,177.9,0,4,0
1989-08,60.0,3.5,⬆️北,福岡県,福岡市,,0,27.3,0,74,7.0,26.9,1005.3,202.2,0,5,0
1989-09,543.0,2.3,⬆️北,福岡県,福岡市,,0,24.3,0,80,7.8,24.4,1010.0,124.8,0,7,0
1989-10,25.0,2.7,↘️南東,福岡県,福岡市,,0,18.3,0,66,4.7,13.9,1016.2,208.6,0,0,0
1989-11,54.0,3.1,↘️南東,福岡県,福岡市,,0,13.7,0,65,6.5,10.7,1021.1,131.8,0,0,0
1989-12,57.5,2.7,↘️南東,福岡県,福岡市,,0,9.6,0,65,5.7,7.9,1020.2,138.7,1,1,0
1990-01,99.5,3.1,↘️南東,福岡県,福岡市,,0,6.0,15,65,7.4,6.4,1022.3,97.8,8,0,0
1990-02,107.0,2.8,⬆️北,福岡県,福岡市,,0,10.2,0,69,7.8,8.7,1020.9,88.7,0,0,0
1990-03,97.5,3.2,↘️南東,福岡県,福岡市,,0,11.4,0,68,5.9,9.4,1017.6,154.8,0,1,0
1990-04,90.5,3.5,↘️南東,福岡県,福岡市,,0,14.8,0,65,6.4,11.1,1012.8,189.6,0,0,0
1990-05,85.5,2.7,↖️北北西,福岡県,福岡市,,0,19.3,0,67,7.2,14.9,1011.7,194.4,0,1,0
1990-06,246.0,2.8,⬆️北,福岡県,福岡市,,0,24.2,0,74,7.3,22.3,1007.4,185.4,0,3,0
1990-07,138.5,2.8,↖️北北西,福岡県,福岡市,,0,28.3,0,74,6.2,28.4,1006.0,246.6,0,3,0
1990-08,8.0,2.9,↘️南東,福岡県,福岡市,,0,29.6,0,68,4.4,28.1,1005.4,272.4,0,4,0
1990-09,129.5,3.2,⬆️北,福岡県,福岡市,,0,25.4,0,73,6.8,23.5,1010.9,152.0,0,3,0
1990-10,131.0,2.6,⬆️北,福岡県,福岡市,,0,18.7,0,73,6.2,15.9,1015.8,153.6,0,1,0
1990-11,67.0,2.7,↘️南東,福岡県,福岡市,,0,15.2,0,69,5.8,12.1,1018.7,147.7,0,0,0
1990-12,54.5,3.1,↘️南東,福岡県,福岡市,,0,8.7,0,65,6.7,7.4,1020.8,102.7,2,0,1
1991-01,39.5,3.3,↖️北北西,福岡県,福岡市,,0,7.0,0,60,7.8,6.2,1020.5,113.1,7,0,0
1991-02,131.0,3.6,↘️南東,福岡県,福岡市,,0,6.1,0,62,7.2,6.1,1018.9,103.5,6,2,0
1991-03,158.0,2.9,⬆️北,福岡県,福岡市,,0,10.4,0,75,7.4,9.6,1017.2,129.5,0,2,1
1991-04,150.0,2.8,⬆️北,福岡県,福岡市,,0,14.6,0,77,7.3,13.0,1013.8,149.5,0,0,1
1991-05,180.0,2.7,⬆️北,福岡県,福岡市,,0,18.3,0,72,7.4,15.2,1011.0,130.9,0,1,0
1991-06,342.0,2.5,↖️北北西,福岡県,福岡市,,0,23.5,0,81,9.2,23.2,1006.1,77.8,0,5,1
1991-07,460.0,3.1,↙️南南西,福岡県,福岡市,,0,27.4,0,77,8.5,27.7,1005.4,132.3,0,9,0
1991-08,190.0,3.5,⬆️北,福岡県,福岡市,,0,26.2,0,78,6.7,26.6,1004.0,188.6,0,3,0
1991-09,280.0,3.0,⬆️北,福岡県,福岡市,,0,24.4,0,75,6.9,23.0,1009.4,155.2,0,3,0
1991-10,17.5,3.5,⬆️北,福岡県,福岡市,,0,18.3,0,68,5.6,14.4,1013.4,165.4,0,0,0
1991-11,85.5,2.6,↘️南東,福岡県,福岡市,,0,13.1,0,64,5.2,9.6,1021.0,173.2,0,0,0
1991-12,52.0,2.5,↘️南東,福岡県,福岡市,,0,10.0,0,70,6.1,8.8,1020.9,129.1,1,0,0
1992-01,77.5,2.5,↘️南東,福岡県,福岡市,,0,7.8,0,65,6.9,7.0,1020.4,98.5,3,1,0
1992-02,107.0,3.2,↘️南東,福岡県,福岡市,,0,7.6,0,63,6.9,6.9,1018.0,130.1,4,4,0
1992-03,223.5,2.7,⬆️北,福岡県,福岡市,,0,10.8,0,77,8.4,10.0,1017.2,74.7,0,2,0
1992-04,90.0,2.9,↖️北北西,福岡県,福岡市,,0,15.4,0,68,5.8,11.8,1010.8,198.2,0,1,0
1992-05,113.0,3.0,↘️南東,福岡県,福岡市,,0,18.9,0,66,6.3,14.2,1009.9,210.6,0,6,0
1992-06,165.5,2.9,⬆️北,福岡県,福岡市,,0,21.4,0,74,7.2,18.8,1006.9,184.2,0,0,0
1992-07,89.0,2.6,↘️南東,福岡県,福岡市,,0,26.5,0,77,7.5,26.3,1007.9,164.4,0,3,0
1992-08,263.0,3.4,⬆️北,福岡県,福岡市,,0,26.7,0,82,8.0,28.4,1005.9,119.9,0,2,1
1992-09,85.0,3.0,⬆️北,福岡県,福岡市,,0,24.6,0,71,6.4,22.1,1010.0,184.4,0,0,0
1992-10,62.5,2.9,⬆️北,福岡県,福岡市,,0,18.5,0,69,5.7,14.7,1016.1,186.2,0,3,0
1992-11,86.5,2.6,↘️南東,福岡県,福岡市,,0,13.2,0,69,6.3,10.7,1020.7,128.2,0,4,0
1992-12,75.5,2.9,↘️南東,福岡県,福岡市,,0,10.0,0,65,7.0,8.3,1021.1,122.6,1,1,0
1993-01,84.0,2.5,↘️南東,福岡県,福岡市,,0,7.5,0,68,7.8,7.3,1019.9,71.8,5,0,0
1993-02,59.0,3.5,↘️南東,福岡県,福岡市,,0,8.3,0,60,6.3,6.8,1018.2,133.2,5,0,0
1993-03,73.0,3.2,⬆️北,福岡県,福岡市,,0,9.8,0,63,6.8,7.9,1017.5,153.4,2,2,0
1993-04,142.5,3.2,↖️北北西,福岡県,福岡市,,0,14.6,0,60,5.5,10.5,1014.0,218.0,0,2,0
1993-05,116.5,2.7,⬆️北,福岡県,福岡市,,0,18.8,0,72,7.4,15.6,1010.3,153.2,0,1,1
1993-06,300.5,2.7,↘️南東,福岡県,福岡市,,0,22.9,0,78,8.3,22.0,1005.3,138.9,0,3,0
1993-07,320.5,2.8,⬆️北,福岡県,福岡市,,0,25.1,0,81,8.4,25.8,1004.8,117.0,0,5,0
1993-08,454.5,2.7,⬆️北,福岡県,福岡市,,0,25.2,0,82,7.9,26.2,1005.9,120.0,0,7,0
1993-09,240.5,2.7,⬆️北,福岡県,福岡市,,0,22.6,0,76,7.1,20.8,1011.3,148.3,0,3,0
1993-10,68.0,2.5,↘️南東,福岡県,福岡市,,0,17.7,0,67,5.5,13.6,1017.1,187.6,0,0,0
1993-11,129.5,2.3,↘️南東,福岡県,福岡市,,0,14.4,0,74,7.3,12.5,1020.2,93.0,0,0,0
1993-12,61.0,3.0,↘️南東,福岡県,福岡市,,0,8.9,0,63,6.6,7.4,1021.8,117.9,2,2,0
1994-01,62.0,2.7,↘️南東,福岡県,福岡市,,0,7.1,0,65,7.0,6.7,1018.8,106.0,7,0,0
1994-02,97.5,3.2,↘️南東,福岡県,福岡市,,0,7.2,0,64,7.1,6.5,1015.9,110.8,3,2,0
1994-03,48.5,3.0,↘️南東,福岡県,福岡市,,0,8.9,0,61,6.5,7.2,1018.9,178.3,1,1,0
1994-04,171.5,2.7,↘️南東,福岡県,福岡市,,0,15.8,0,70,7.0,12.6,1012.9,181.1,0,2,0
1994-05,69.5,3.0,↘️南東,福岡県,福岡市,,0,20.5,0,64,5.8,15.4,1008.5,208.4,0,0,0
1994-06,150.5,2.8,↖️北北西,福岡県,福岡市,,0,22.3,0,78,8.0,20.9,1006.7,146.4,0,0,0
1994-07,18.5,2.8,↖️北北西,福岡県,福岡市,,0,29.6,0,71,4.2,29.0,1005.4,311.4,0,1,0
1994-08,32.0,3.1,⬆️北,福岡県,福岡市,,0,29.8,0,66,4.1,27.3,1009.1,279.3,0,5,0
1994-09,161.5,3.2,⬆️北,福岡県,福岡市,,0,24.6,0,69,5.3,21.2,1008.4,201.4,0,4,0
1994-10,20.5,2.6,⬆️北,福岡県,福岡市,,0,19.7,0,65,5.2,14.9,1016.0,193.5,0,0,0
1994-11,34.0,1.9,↘️南東,福岡県,福岡市,,0,15.2,0,67,4.6,11.6,1021.8,167.8,0,1,0
1994-12,25.0,2.4,↘️南東,福岡県,福岡市,,0,10.1,0,65,7.0,8.2,1022.2,93.7,2,0,0
1995-01,86.5,3.2,↖️北北西,福岡県,福岡市,,0,6.9,1,58,7.2,5.9,1020.2,113.3,10,0,0
1995-02,31.0,2.4,↘️南東,福岡県,福岡市,,0,7.1,2,64,6.2,6.4,1019.1,142.3,3,1,0
1995-03,113.5,2.8,↘️南東,福岡県,福岡市,,0,10.1,3,67,6.5,8.5,1015.8,147.8,2,3,0
1995-04,107.0,2.6,↘️南東,福岡県,福岡市,,0,14.4,0,67,6.7,11.3,1013.8,172.1,0,1,0
1995-05,256.0,2.9,↖️北北西,福岡県,福岡市,,0,18.4,0,69,6.0,14.5,1010.7,216.9,0,2,0
1995-06,84.0,2.7,⬆️北,福岡県,福岡市,,0,21.7,0,75,7.9,19.4,1005.6,152.7,0,1,0
1995-07,527.5,2.9,⬇️南,福岡県,福岡市,,0,27.4,0,75,6.9,27.0,1008.3,189.1,0,5,0
1995-08,109.0,2.5,↘️南東,福岡県,福岡市,,0,29.3,0,73,6.1,29.6,1010.4,227.4,0,10,0
1995-09,169.0,3.0,⬆️北,福岡県,福岡市,,0,23.5,0,71,7.2,20.9,1010.8,145.4,0,3,0
1995-10,55.0,2.4,↘️南東,福岡県,福岡市,,0,19.2,0,71,5.3,15.8,1016.1,191.6,0,0,0
1995-11,38.5,2.8,↘️南東,福岡県,福岡市,,0,12.3,0,63,5.4,9.0,1017.7,153.7,0,1,0
1995-12,16.0,3.0,↘️南東,福岡県,福岡市,,0,7.4,0,59,6.6,6.2,1021.6,100.2,4,0,0
1996-01,41.5,2.9,↘️南東,福岡県,福岡市,,0,6.5,0,62,6.8,6.2,1020.1,121.2,5,0,1
1996-02,41.5,3.1,↘️南東,福岡県,福岡市,,0,6.1,0,63,7.1,6.2,1020.3,107.3,9,2,1
1996-03,124.5,3.2,⬆️北,福岡県,福岡市,,0,9.9,0,63,7.9,8.0,1015.5,118.4,0,3,0
1996-04,104.0,2.8,↖️北北西,福岡県,福岡市,,0,12.5,0,61,6.2,9.1,1015.6,194.4,0,0,0
1996-05,50.5,2.5,⬆️北,福岡県,福岡市,,0,19.4,0,64,6.4,14.2,1011.2,225.7,0,4,0
1996-06,344.0,2.7,↘️南東,福岡県,福岡市,,0,23.9,0,79,8.4,23.3,1006.6,102.2,0,2,0
1996-07,113.0,3.0,⬆️北,福岡県,福岡市,,0,27.1,0,75,7.0,26.7,1007.7,184.9,0,4,0
1996-08,179.5,2.9,↘️南東,福岡県,福岡市,,0,28.2,0,72,6.5,27.5,1006.6,207.9,0,2,0
1996-09,76.0,2.8,⬆️北,福岡県,福岡市,,0,23.8,0,70,6.4,20.7,1010.0,184.9,0,1,0
1996-10,72.0,2.3,↘️南東,福岡県,福岡市,,0,19.0,0,71,5.6,15.8,1015.8,179.9,0,1,0
1996-11,70.0,2.7,↘️南東,福岡県,福岡市,,0,14.2,0,68,7.2,11.6,1018.7,88.4,0,1,0
1996-12,59.0,2.5,↘️南東,福岡県,福岡市,,0,8.6,0,67,5.5,7.6,1019.7,133.7,3,1,0
1997-01,68.0,3.0,↘️南東,福岡県,福岡市,,0,6.2,3,63,6.8,6.0,1018.3,114.2,7,5,1
1997-02,32.0,2.8,↘️南東,福岡県,福岡市,,0,7.7,0,58,6.3,6.3,1019.3,134.3,2,0,0
1997-03,91.5,3.0,⬆️北,福岡県,福岡市,,0,11.3,0,64,6.2,8.7,1018.3,164.6,0,1,0
1997-04,142.5,2.7,⬆️北,福岡県,福岡市,,0,15.3,0,66,6.2,11.4,1014.5,196.1,0,4,0
1997-05,181.5,2.6,↘️南東,福岡県,福岡市,,0,20.4,0,67,6.7,16.1,1008.2,191.9,0,7,1
1997-06,190.0,2.6,⬆️北,福岡県,福岡市,,0,23.6,0,71,7.3,20.7,1006.7,185.4,0,2,0
1997-07,529.5,2.9,⬆️北,福岡県,福岡市,,0,26.6,0,75,7.1,25.6,1006.7,169.7,0,3,0
1997-08,322.5,3.0,↘️南東,福岡県,福岡市,,0,28.0,0,73,6.6,27.4,1007.6,205.0,0,5,0
1997-09,216.0,3.3,⬆️北,福岡県,福岡市,,0,23.3,0,72,6.7,20.9,1010.6,156.2,0,1,0
1997-10,33.5,2.6,↘️南東,福岡県,福岡市,,0,18.6,0,60,4.0,13.1,1015.8,227.6,0,3,0
1997-11,180.0,2.6,↘️南東,福岡県,福岡市,,0,14.9,0,67,6.3,11.7,1018.7,131.0,0,4,0
1997-12,96.0,2.6,↘️南東,福岡県,福岡市,,0,9.5,0,65,7.1,7.9,1021.2,98.6,4,1,0
1998-01,208.0,2.9,↘️南東,福岡県,福岡市,,0,6.6,0,67,8.5,6.7,1020.0,61.7,4,2,0
1998-02,68.0,2.9,⬆️北,福岡県,福岡市,,0,9.4,0,65,7.0,7.9,1018.0,108.2,1,1,1
1998-03,93.0,2.8,↘️南東,福岡県,福岡市,,0,10.9,0,64,7.2,8.4,1017.8,159.2,0,1,0
1998-04,201.0,2.7,⬆️北,福岡県,福岡市,,0,17.6,0,75,6.9,15.3,1013.8,147.6,0,3,1
1998-05,268.5,2.4,⬆️北,福岡県,福岡市,,0,21.1,0,72,7.4,17.8,1011.9,161.4,0,1,0
1998-06,401.0,2.7,⬆️北,福岡県,福岡市,,0,22.9,0,78,8.8,22.1,1007.1,116.5,0,2,0
1998-07,154.5,2.9,⬆️北,福岡県,福岡市,,0,27.6,0,75,7.6,27.6,1005.1,181.4,0,9,0
1998-08,175.0,2.8,↘️南東,福岡県,福岡市,,0,29.2,0,71,6.2,28.5,1007.6,198.5,0,5,0
1998-09,90.5,2.9,⬆️北,福岡県,福岡市,,0,25.7,0,73,6.7,24.0,1009.0,174.2,0,1,0
1998-10,139.5,2.4,⬆️北,福岡県,福岡市,,0,20.8,0,74,6.6,18.3,1014.4,131.5,0,0,0
1998-11,43.5,2.5,↘️南東,福岡県,福岡市,,0,14.3,0,66,6.0,10.9,1017.9,148.9,0,2,0
1998-12,23.0,2.4,↘️南東,福岡県,福岡市,,0,10.6,0,62,5.2,8.0,1021.6,176.3,0,0,0
1999-01,42.0,2.8,↘️南東,福岡県,福岡市,,0,7.3,0,58,6.6,6.0,1018.9,120.2,4,0,0
1999-02,51.5,2.9,↘️南東,福岡県,福岡市,,0,7.2,10,59,6.5,6.0,1019.5,127.6,8,1,0
1999-03,65.0,3.1,⬆️北,福岡県,福岡市,,0,11.3,0,69,7.9,9.4,1014.3,89.5,1,0,0
1999-04,101.0,3.2,⬆️北,福岡県,福岡市,,0,14.8,0,69,7.1,11.7,1012.6,141.1,0,1,0
1999-05,128.5,2.7,↖️北北西,福岡県,福岡市,,0,19.7,0,64,5.8,14.5,1010.2,243.2,0,1,0
1999-06,464.0,2.6,↖️北北西,福岡県,福岡市,,0,23.2,0,75,7.8,21.1,1006.9,139.3,0,3,0
1999-07,247.0,2.7,⬆️北,福岡県,福岡市,,0,25.3,0,77,8.7,24.6,1004.8,110.5,0,3,0
1999-08,194.5,2.8,↘️南東,福岡県,福岡市,,0,27.6,0,74,8.0,27.1,1006.0,128.7,0,9,0
1999-09,185.0,2.5,↘️南東,福岡県,福岡市,,0,26.2,0,77,7.7,26.1,1009.1,121.0,0,3,0
1999-10,60.5,2.4,↘️南東,福岡県,福岡市,,0,19.9,0,66,5.3,15.6,1016.2,177.5,0,3,0
1999-11,100.5,2.5,↘️南東,福岡県,福岡市,,0,13.8,0,67,6.6,10.7,1018.5,128.4,0,0,0
1999-12,22.0,2.8,↘️南東,福岡県,福岡市,,0,8.6,0,60,5.6,6.8,1022.3,144.8,4,1,0
2000-01,71.0,2.6,↘️南東,福岡県,福岡市,,0,7.7,0,67,7.5,7.2,1020.6,100.0,7,0,0
2000-02,27.0,3.1,↖️北北西,福岡県,福岡市,,0,6.1,0,56,7.1,5.3,1018.4,140.6,7,0,0
2000-03,103.5,3.2,↘️南東,福岡県,福岡市,,0,10.4,0,58,5.0,7.3,1015.7,213.0,0,1,0
2000-04,82.5,3.0,↘️南東,福岡県,福岡市,,0,15.1,0,59,6.0,10.1,1011.3,202.2,0,0,0
2000-05,101.0,2.5,↘️南東,福岡県,福岡市,,0,19.4,0,66,5.3,14.8,1009.5,217.9,0,1,0
2000-06,250.5,2.4,⬆️北,福岡県,福岡市,,0,23.0,0,74,8.0,20.6,1006.4,132.3,0,2,0
2000-07,149.5,2.9,↖️北北西,福岡県,福岡市,,0,28.2,0,68,6.5,25.9,1005.5,227.1,0,5,0
2000-08,100.0,2.8,↘️南東,福岡県,福岡市,,0,28.6,0,69,5.7,26.5,1007.6,214.2,0,8,0
2000-09,197.5,2.8,⬆️北,福岡県,福岡市,,0,24.4,0,71,6.5,21.7,1009.0,160.5,0,6,0
2000-10,86.5,2.4,⬆️北,福岡県,福岡市,,0,19.7,0,71,7.1,16.5,1015.3,120.7,0,1,0
2000-11,143.0,2.4,⬆️北,福岡県,福岡市,,0,14.5,0,68,5.6,11.5,1019.1,129.1,0,0,0
2000-12,32.0,2.4,↘️南東,福岡県,福岡市,,0,9.6,0,62,5.2,7.5,1020.0,151.7,0,1,0
2001-01,134.5,3.1,↘️南東,福岡県,福岡市,,0,6.2,5,63,7.6,6.1,1018.6,84.1,5,1,0
2001-02,94.0,2.7,↖️北北西,福岡県,福岡市,,0,7.7,0,64,6.9,6.9,1019.5,113.9,1,1,0
2001-03,84.5,3.1,↖️北北西,福岡県,福岡市,,0,10.9,0,59,6.6,7.9,1013.1,156.8,6,4,0
2001-04,53.5,2.6,⬆️北,福岡県,福岡市,,0,15.3,0,63,5.5,11.0,1013.6,192.9,0,0,0
2001-05,117.5,2.7,⬆️北,福岡県,福岡市,,0,20.1,0,66,7.1,15.4,1008.6,169.8,0,0,0
2001-06,490.5,2.6,⬆️北,福岡県,福岡市,,0,23.6,0,73,8.5,21.2,1006.4,125.5,0,6,0
2001-07,311.0,2.5,↖️北北西,福岡県,福岡市,,0,27.8,0,72,5.5,26.8,1007.2,222.4,0,8,0
2001-08,78.0,3.0,⬆️北,福岡県,福岡市,,0,28.5,0,67,6.0,26.0,1006.7,225.1,0,7,0
2001-09,211.0,3.0,⬆️北,福岡県,福岡市,,0,24.0,0,70,6.1,20.9,1010.0,185.4,0,3,0
2001-10,148.0,2.5,⬆️北,福岡県,福岡市,,0,19.8,0,67,5.7,15.5,1015.1,171.7,0,0,0
2001-11,145.0,2.3,↘️南東,福岡県,福岡市,,0,13.2,0,64,5.5,9.7,1018.1,147.7,0,3,0
2001-12,75.0,2.5,↘️南東,福岡県,福岡市,,0,8.3,0,63,6.8,6.9,1022.5,115.3,4,1,0
2002-01,95.5,3.3,⬅️西,福岡県,福岡市,,0,7.9,0,60,6.9,6.7,1017.6,112.7,7,2,0
2002-02,40.5,2.6,↘️南東,福岡県,福岡市,,0,8.4,0,60,6.2,6.7,1020.4,148.1,3,0,0
2002-03,125.5,2.9,↘️南東,福岡県,福岡市,,0,12.5,0,58,5.3,8.5,1015.6,201.6,0,0,0
2002-04,102.0,3.1,↘️南東,福岡県,福岡市,,0,16.6,0,61,7.3,11.7,1014.1,139.5,0,3,1
2002-05,255.5,2.5,⬆️北,福岡県,福岡市,,0,19.3,0,71,7.2,15.7,1009.9,145.9,0,3,2
2002-06,103.5,2.7,⬆️北,福岡県,福岡市,,0,23.6,0,68,6.2,19.6,1006.1,210.8,0,2,0
2002-07,109.5,3.0,⬆️北,福岡県,福岡市,,0,27.9,0,70,7.3,26.2,1004.1,156.3,0,2,0
2002-08,108.5,3.5,⬆️北,福岡県,福岡市,,0,27.8,0,67,7.0,24.9,1006.9,189.1,0,3,0
2002-09,186.0,3.2,⬆️北,福岡県,福岡市,,0,24.4,0,67,5.8,20.6,1011.2,201.5,0,1,0
2002-10,109.5,2.4,↘️南東,福岡県,福岡市,,0,18.8,0,63,5.3,14.0,1014.9,171.2,0,2,0
2002-11,37.0,2.8,↘️南東,福岡県,福岡市,,0,11.5,0,57,5.9,7.8,1018.5,145.3,0,5,0
2002-12,98.5,2.7,↖️北北西,福岡県,福岡市,,0,9.1,0,64,7.5,7.7,1020.8,79.5,7,0,0
2003-01,50.0,3.0,↘️南東,福岡県,福岡市,,0,5.9,2,60,7.8,5.7,1019.4,86.9,10,2,0
2003-02,74.5,2.6,⬆️北,福岡県,福岡市,,0,8.3,0,64,7.0,7.1,1018.6,123.2,2,3,0
2003-03,103.0,3.2,⬆️北,福岡県,福岡市,,0,9.9,0,63,6.9,7.8,1017.6,146.1,5,0,0
2003-04,144.5,3.0,⬆️北,福岡県,福岡市,,0,16.1,0,65,6.8,12.0,1013.2,147.1,0,2,0
2003-05,110.5,3.0,⬆️北,福岡県,福岡市,,0,20.0,0,68,6.6,15.8,1009.9,176.3,0,0,0
2003-06,200.5,2.5,↘️南東,福岡県,福岡市,,0,23.2,0,70,7.8,19.8,1005.7,149.2,0,0,0
2003-07,444.5,2.9,⬆️北,福岡県,福岡市,,0,25.5,0,75,8.8,24.4,1006.6,100.8,0,6,0
2003-08,232.0,2.4,⬆️北,福岡県,福岡市,,0,27.2,0,74,7.1,26.5,1007.3,163.4,0,5,0
2003-09,69.5,2.9,⬆️北,福岡県,福岡市,,0,25.6,0,67,5.2,22.1,1011.1,216.4,0,3,0
2003-10,11.0,2.6,↘️南東,福岡県,福岡市,,0,18.8,0,58,4.7,12.7,1015.2,230.8,0,0,0
2003-11,124.5,2.3,↘️南東,福岡県,福岡市,,0,16.1,0,70,6.8,13.1,1018.2,111.1,0,0,0
2003-12,36.0,2.9,↘️南東,福岡県,福岡市,,0,9.3,0,57,6.4,6.9,1020.0,107.0,4,0,0
2004-01,55.0,2.6,↘️南東,福岡県,福岡市,,0,6.1,3,59,6.7,5.5,1019.8,128.7,9,2,0
2004-02,66.0,2.9,↖️西北西,福岡県,福岡市,,0,9.0,0,54,5.8,6.4,1017.9,152.2,5,2,0
2004-03,97.0,3.0,⬆️北,福岡県,福岡市,,0,10.9,0,55,6.2,7.4,1017.2,178.0,3,2,0
2004-04,68.5,2.9,⬆️北,福岡県,福岡市,,0,16.2,0,58,5.3,10.6,1012.1,222.5,0,0,0
2004-05,268.5,2.5,⬇️南南東,福岡県,福岡市,,0,20.5,0,67,7.3,16.1,1009.2,162.9,0,0,1
2004-06,225.0,2.6,⬆️北,福岡県,福岡市,,0,24.0,0,67,7.5,19.8,1007.7,193.2,0,1,0
2004-07,53.0,2.9,⬆️北,福岡県,福岡市,,0,28.7,0,66,6.5,25.9,1007.2,218.2,0,6,0
2004-08,154.5,3.0,⬆️北,福岡県,福岡市,,0,28.6,0,69,6.7,26.7,1005.1,200.9,0,4,0
2004-09,304.5,2.6,↘️南東,福岡県,福岡市,,0,24.6,0,76,8.0,23.3,1011.5,108.9,0,6,0
2004-10,256.5,3.2,⬆️北,福岡県,福岡市,,0,19.0,0,69,5.7,15.2,1015.6,168.5,0,0,0
2004-11,58.5,2.0,↘️南東,福岡県,福岡市,,0,15.1,0,66,4.9,11.3,1019.9,183.6,0,0,0
2004-12,134.5,2.1,↘️南東,福岡県,福岡市,,0,10.7,2,66,5.9,8.5,1020.1,144.1,2,1,0
2005-01,47.0,3.0,↘️南東,福岡県,福岡市,,0,6.4,0,59,8.0,5.8,1018.1,77.3,12,2,0
2005-02,91.0,2.9,↖️北北西,福岡県,福岡市,,0,6.1,0,63,7.6,6.2,1019.2,85.1,7,0,0
2005-03,93.0,2.9,↘️南東,福岡県,福岡市,,0,9.6,4,61,6.5,7.6,1017.0,154.0,5,2,0
2005-04,36.0,2.9,⬆️北,福岡県,福岡市,,0,16.7,0,56,5.3,10.8,1014.1,229.3,0,2,1
2005-05,62.5,2.8,⬆️北,福岡県,福岡市,,0,19.4,0,63,6.4,14.0,1009.3,255.7,0,1,1
2005-06,15.0,2.7,⬆️北,福岡県,福岡市,,0,24.8,0,66,7.3,20.4,1005.4,183.2,0,0,0
2005-07,301.0,2.7,⬆️北,福岡県,福岡市,,0,27.6,0,73,7.3,26.7,1006.1,137.9,0,7,0
2005-08,73.5,2.5,⬇️南南東,福岡県,福岡市,,0,28.4,0,68,7.0,26.2,1007.7,186.2,0,4,0
2005-09,115.0,3.0,⬆️北,福岡県,福岡市,,0,26.0,0,72,6.6,24.1,1011.6,173.2,0,1,0
2005-10,18.5,2.6,⬆️北,福岡県,福岡市,,0,20.5,0,65,6.4,15.9,1016.0,155.9,0,1,0
2005-11,109.0,2.4,↘️南東,福岡県,福岡市,,0,14.4,0,64,6.0,10.6,1017.7,146.8,0,3,0
2005-12,58.5,3.5,↖️北北西,福岡県,福岡市,,0,6.0,0,58,7.5,5.5,1020.2,90.0,14,3,0
2006-01,46.0,2.3,↘️南東,福岡県,福岡市,,0,6.9,0,64,7.4,6.6,1020.5,106.5,3,0,1
2006-02,93.0,3.0,↖️北北西,福岡県,福岡市,,0,7.7,0,63,7.6,6.9,1021.3,114.0,5,1,0
2006-03,102.0,2.9,↘️南東,福岡県,福岡市,,0,10.1,0,61,6.3,7.8,1014.6,160.3,3,2,0
2006-04,199.5,3.2,↘️南東,福岡県,福岡市,,0,14.6,0,63,6.4,10.3,1010.3,167.4,0,1,0
2006-05,183.5,2.8,⬆️北,福岡県,福岡市,,0,19.2,0,73,7.9,16.1,1011.1,135.3,0,0,1
2006-06,320.0,2.3,⬆️北,福岡県,福岡市,,0,23.2,0,74,8.0,21.1,1006.6,147.1,0,3,0
2006-07,405.5,2.4,⬆️北,福岡県,福岡市,,0,27.3,0,75,7.7,26.8,1006.2,129.9,0,7,0
2006-08,256.0,2.7,⬆️北,福岡県,福岡市,,0,29.0,0,72,5.9,28.6,1005.9,237.4,0,11,0
2006-09,236.5,3.0,⬆️北,福岡県,福岡市,,0,23.3,0,74,6.8,21.2,1010.0,168.2,0,4,0
2006-10,28.0,2.8,⬆️北,福岡県,福岡市,,0,20.6,0,68,4.4,16.3,1015.5,214.8,0,0,0
2006-11,107.0,2.5,↘️南東,福岡県,福岡市,,0,15.0,0,65,6.5,11.1,1016.4,136.0,0,6,0
2006-12,41.0,2.5,↘️南東,福岡県,福岡市,,0,9.5,0,64,6.9,7.8,1022.2,112.1,3,2,0
2007-01,47.5,2.2,↘️南東,福岡県,福岡市,,0,7.6,0,61,7.8,6.4,1022.1,94.2,4,1,0
2007-02,61.5,2.6,↘️南東,福岡県,福岡市,,0,9.8,0,63,5.2,7.8,1017.9,148.9,2,1,0
2007-03,81.5,2.9,↘️南東,福岡県,福岡市,,0,11.3,0,57,6.4,8.0,1016.5,171.7,2,2,0
2007-04,74.5,2.9,⬆️北,福岡県,福岡市,,0,15.1,0,57,6.3,9.8,1014.5,196.3,0,3,0
2007-05,64.5,3.0,⬆️北,福岡県,福岡市,,0,20.4,0,60,5.9,14.1,1008.0,243.0,0,2,0
2007-06,40.5,2.5,⬆️北,福岡県,福岡市,,0,23.8,0,71,8.0,20.7,1007.2,132.7,0,3,0
2007-07,381.0,2.6,↖️北北西,福岡県,福岡市,,0,26.3,0,74,7.0,25.1,1003.5,145.1,0,5,0
2007-08,178.5,2.8,↘️南東,福岡県,福岡市,,0,29.4,0,66,6.4,26.7,1008.6,221.5,0,10,0
2007-09,72.0,2.7,⬆️北,福岡県,福岡市,,0,27.0,0,69,6.5,24.6,1009.3,179.5,0,4,0
2007-10,88.0,2.5,⬆️北,福岡県,福岡市,,0,20.9,0,63,5.2,15.8,1015.6,192.1,0,0,0
2007-11,13.0,2.4,↖️北北西,福岡県,福岡市,,0,14.1,0,58,5.7,9.4,1019.2,161.5,0,0,0
2007-12,92.5,2.7,↘️南東,福岡県,福岡市,,0,9.8,0,60,7.3,7.4,1018.4,100.2,2,1,0
2008-01,70.0,2.6,↘️南東,福岡県,福岡市,,0,7.5,0,62,7.1,6.6,1020.3,101.9,1,0,0
2008-02,52.0,3.1,↖️北北西,福岡県,福岡市,,0,6.3,0,52,6.5,5.0,1020.4,146.0,5,1,0
2008-03,162.0,2.9,⬆️北,福岡県,福岡市,,0,10.7,0,64,5.7,8.2,1015.8,176.7,2,4,0
2008-04,120.0,2.9,⬆️北,福岡県,福岡市,,0,15.0,0,65,6.6,11.0,1013.4,184.3,0,0,0
2008-05,163.5,2.6,⬆️北,福岡県,福岡市,,0,19.4,0,64,6.4,14.3,1008.6,220.1,0,2,0
2008-06,386.0,2.5,⬆️北,福岡県,福岡市,,0,22.2,0,76,8.8,20.2,1007.4,86.7,0,3,1
2008-07,48.0,2.4,↖️北北西,福岡県,福岡市,,0,29.0,0,68,6.2,26.9,1007.2,223.7,0,4,0
2008-08,419.0,2.7,⬆️北,福岡県,福岡市,,0,27.6,0,71,7.1,26.0,1006.0,161.7,0,10,0
2008-09,174.0,2.5,⬆️北,福岡県,福岡市,,0,25.0,0,74,8.0,23.4,1010.1,134.1,0,5,0
2008-10,16.5,2.2,↘️南東,福岡県,福岡市,,0,20.3,0,64,6.3,15.2,1015.9,175.4,0,0,0
2008-11,91.0,2.1,↘️南東,福岡県,福岡市,,0,13.4,0,64,7.5,10.0,1018.6,107.5,1,2,0
2008-12,78.5,2.6,↘️南東,福岡県,福岡市,,0,9.1,0,62,6.3,7.3,1020.2,122.1,3,1,0
2009-01,62.5,2.5,↘️南東,福岡県,福岡市,,0,6.4,6,63,7.8,6.1,1020.7,77.8,10,1,0
2009-02,86.0,2.5,↘️南東,福岡県,福岡市,,0,9.8,0,66,6.2,8.2,1016.6,107.7,1,0,0
2009-03,46.0,2.9,↘️南東,福岡県,福岡市,,0,11.7,0,57,6.6,8.0,1016.4,169.5,1,0,0
2009-04,99.5,2.7,↖️北北西,福岡県,福岡市,,0,15.6,0,57,5.0,10.1,1013.6,224.4,0,1,0
2009-05,45.5,2.9,⬆️北,福岡県,福岡市,,0,19.9,0,60,6.4,13.6,1010.8,203.7,0,1,0
2009-06,219.0,2.5,⬆️北,福岡県,福岡市,,0,23.6,0,68,7.9,19.7,1005.0,168.4,0,0,0
2009-07,619.5,2.8,⬇️南,福岡県,福岡市,,0,26.8,0,72,8.9,25.2,1005.4,87.1,0,7,0
2009-08,94.0,2.5,↖️北北西,福岡県,福岡市,,0,27.6,0,70,7.0,25.8,1006.7,188.2,0,3,0
2009-09,83.5,2.4,⬆️北,福岡県,福岡市,,0,24.4,0,69,5.5,20.8,1010.6,203.9,0,0,0
2009-10,105.0,2.3,⬆️北,福岡県,福岡市,,0,19.7,0,61,5.7,13.9,1014.0,173.3,0,0,0
2009-11,181.5,2.4,↘️南東,福岡県,福岡市,,0,13.7,0,66,6.8,10.6,1019.2,108.4,0,0,0
2009-12,50.0,2.6,↖️北北西,福岡県,福岡市,,0,8.9,0,62,7.3,7.4,1018.3,94.6,7,0,0
2010-01,50.5,2.5,↖️西北西,福岡県,福岡市,,0,6.6,2,61,6.6,6.1,1020.4,133.4,9,0,0
2010-02,70.0,3.0,⬆️北,福岡県,福岡市,,0,9.4,0,62,7.3,7.7,1017.6,114.1,1,0,1
2010-03,155.0,3.5,⬆️北,福岡県,福岡市,,0,10.9,0,64,7.6,8.5,1017.3,111.2,2,1,0
2010-04,199.5,3.2,⬆️北,福岡県,福岡市,,0,13.8,0,62,7.5,9.9,1015.9,154.3,0,0,0
2010-05,105.0,3.0,⬆️北,福岡県,福岡市,,0,19.2,0,64,6.7,14.2,1010.1,197.1,0,0,1
2010-06,203.0,2.3,↘️南東,福岡県,福岡市,,0,23.5,0,73,8.2,21.2,1008.3,145.0,0,1,0
2010-07,453.5,2.5,⬆️北,福岡県,福岡市,,0,27.7,0,73,7.3,26.7,1007.9,160.9,0,2,0
2010-08,69.5,2.9,↘️南東,福岡県,福岡市,,0,30.3,0,65,5.8,28.0,1010.3,229.7,0,7,0
2010-09,138.5,2.8,⬆️北,福岡県,福岡市,,0,26.3,0,67,6.1,23.0,1011.4,185.0,0,5,0
2010-10,78.5,2.7,⬆️北,福岡県,福岡市,,0,20.0,0,65,7.4,15.3,1014.8,126.8,0,1,0
2010-11,58.0,2.5,↘️南東,福岡県,福岡市,,0,13.2,0,60,5.5,9.1,1018.6,169.2,0,2,0
2010-12,148.0,3.3,↖️西北西,福岡県,福岡市,,0,8.8,1,64,7.0,7.4,1014.0,106.4,7,6,0
2011-01,106.0,3.2,↖️西北西,福岡県,福岡市,,0,3.8,0,59,8.2,4.8,1021.3,89.7,13,1,0
2011-02,48.0,2.7,⬆️北,福岡県,福岡市,,0,8.2,0,65,6.5,7.2,1017.9,130.8,2,2,0
2011-03,60.0,3.1,↖️北北西,福岡県,福岡市,,0,8.8,0,56,5.8,6.5,1018.7,185.0,2,1,0
2011-04,37.5,3.4,⬆️北,福岡県,福岡市,,0,14.7,0,59,5.4,9.9,1013.5,224.5,0,0,0
2011-05,277.5,2.9,⬆️北,福岡県,福岡市,,0,19.8,0,73,7.9,16.8,1010.0,156.3,0,0,2
2011-06,409.0,2.5,↘️南東,福岡県,福岡市,,0,23.9,0,80,9.0,23.6,1006.8,107.6,0,4,1
2011-07,172.0,3.3,⬆️北,福岡県,福岡市,,0,27.9,0,73,7.8,27.2,1005.6,201.3,0,7,0
2011-08,322.0,2.9,↘️南東,福岡県,福岡市,,0,28.5,0,74,7.6,28.3,1007.4,177.4,0,10,0
2011-09,85.5,3.9,⬆️北,福岡県,福岡市,,0,25.2,0,73,6.5,23.5,1008.6,177.4,0,2,0
2011-10,127.0,2.5,⬆️北,福岡県,福岡市,,0,19.7,0,70,6.6,16.0,1016.4,157.6,0,1,0
2011-11,166.5,2.5,↘️南東,福岡県,福岡市,,0,16.3,0,69,6.9,13.3,1019.5,115.7,0,0,0
2011-12,38.0,3.0,↖️北北西,福岡県,福岡市,,0,8.5,0,60,7.7,6.9,1022.1,96.6,5,1,0
2012-01,29.5,2.9,↘️南東,福岡県,福岡市,,0,6.3,0,60,7.8,5.8,1020.6,98.7,7,0,0
2012-02,155.0,2.9,↘️南東,福岡県,福岡市,,0,5.7,11,68,8.6,6.5,1019.0,75.6,12,0,0
2012-03,125.0,3.1,⬆️北,福岡県,福岡市,,0,10.7,0,64,6.6,8.3,1016.5,153.8,0,0,0
2012-04,74.5,3.2,⬆️北,福岡県,福岡市,,0,16.2,0,61,5.9,11.4,1012.6,211.1,0,2,0
2012-05,43.5,3.0,⬆️北,福岡県,福岡市,,0,20.1,0,68,6.9,15.7,1009.5,184.5,0,0,0
2012-06,288.5,2.7,⬆️北,福岡県,福岡市,,0,23.1,0,78,9.0,21.7,1005.4,105.8,0,2,0
2012-07,464.0,2.7,⬆️北,福岡県,福岡市,,0,28.0,0,76,8.0,28.6,1005.9,175.2,0,10,0
2012-08,188.5,2.9,↘️南東,福岡県,福岡市,,0,29.1,0,70,6.6,27.8,1007.6,196.7,0,8,0
2012-09,129.0,2.8,⬆️北,福岡県,福岡市,,0,24.5,0,74,7.0,23.0,1011.0,159.4,0,7,0
2012-10,47.5,3.0,⬆️北,福岡県,福岡市,,0,19.2,0,65,5.1,14.4,1015.1,204.3,0,1,0
2012-11,125.0,3.0,↘️南東,福岡県,福岡市,,0,12.9,0,61,6.7,9.1,1016.3,135.5,0,2,0
2012-12,98.5,3.2,↖️西北西,福岡県,福岡市,,0,7.6,0,63,7.6,6.8,1019.4,98.4,6,1,0
2013-01,57.5,2.8,↘️南東,福岡県,福岡市,,0,6.1,4,62,7.2,5.9,1021.7,125.6,8,1,0
2013-02,81.5,2.8,↘️南東,福岡県,福岡市,,0,7.8,1,63,7.0,6.8,1020.5,136.9,2,0,0
2013-03,56.5,3.2,⬆️北,福岡県,福岡市,,0,12.3,0,64,5.9,9.2,1015.1,178.6,0,0,0
2013-04,108.0,3.4,⬆️北,福岡県,福岡市,,0,14.7,0,60,6.3,10.1,1011.8,209.1,0,3,0
2013-05,37.0,2.9,⬆️北,福岡県,福岡市,,0,20.3,0,64,5.8,15.2,1010.6,250.6,0,0,0
2013-06,268.5,2.4,⬆️北,福岡県,福岡市,,0,23.7,0,80,8.8,23.3,1006.2,97.6,0,0,1
2013-07,134.0,3.2,↙️南南西,福岡県,福岡市,,0,30.0,0,66,6.5,27.7,1007.2,215.8,0,4,0
2013-08,501.5,2.6,↘️南東,福岡県,福岡市,,0,30.0,0,72,5.5,29.9,1006.4,246.2,0,8,0
2013-09,133.0,3.0,⬆️北,福岡県,福岡市,,0,25.2,0,71,4.9,22.5,1011.6,209.0,0,1,0
2013-10,227.5,3.3,⬆️北,福岡県,福岡市,,0,20.7,0,69,6.2,17.3,1015.3,172.2,0,1,0
2013-11,119.5,2.9,↘️南東,福岡県,福岡市,,0,13.4,0,63,6.7,9.9,1017.7,112.1,1,3,0
2013-12,77.0,2.9,↘️南東,福岡県,福岡市,,0,8.1,0,63,7.2,6.8,1018.4,104.8,5,2,0
2014-01,57.5,2.7,⬇️南南東,福岡県,福岡市,,0,7.5,0,62,6.0,6.5,1021.2,146.3,4,1,0
2014-02,83.0,3.0,⬆️北,福岡県,福岡市,,0,7.6,0,68,7.5,7.4,1019.8,105.2,3,0,0
2014-03,102.5,3.4,⬆️北,福岡県,福岡市,,0,11.5,0,66,6.5,9.3,1017.5,175.1,0,2,0
2014-04,61.0,2.6,↘️南東,福岡県,福岡市,,0,15.6,0,63,6.2,11.1,1014.7,179.9,0,0,0
2014-05,94.0,2.9,⬆️北,福岡県,福岡市,,0,20.5,0,59,6.1,14.2,1010.4,280.7,0,0,0
2014-06,101.0,2.7,⬆️北,福岡県,福岡市,,0,22.6,0,79,9.0,21.4,1004.5,107.9,0,0,0
2014-07,373.0,2.6,⬆️北,福岡県,福岡市,,0,27.1,0,79,8.2,27.9,1006.5,148.0,0,6,0
2014-08,462.5,2.9,⬆️北,福岡県,福岡市,,0,26.5,0,85,9.2,29.2,1006.3,79.7,0,6,0
2014-09,107.0,2.7,⬆️北,福岡県,福岡市,,0,24.2,0,75,7.0,22.4,1010.4,159.5,0,2,0
2014-10,144.5,3.4,⬆️北,福岡県,福岡市,,0,19.7,0,69,5.4,15.9,1015.5,183.6,0,1,0
2014-11,106.0,2.4,↘️南東,福岡県,福岡市,,0,14.7,0,69,6.2,11.7,1018.1,138.0,0,1,0
2014-12,73.5,3.5,↖️西北西,福岡県,福岡市,,0,7.6,0,58,7.6,6.1,1020.4,105.9,9,1,0
2015-01,83.5,3.3,↘️南東,福岡県,福岡市,,0,7.9,1,62,7.4,6.7,1020.0,112.2,2,1,0
2015-02,42.5,2.9,↘️南東,福岡県,福岡市,,0,7.6,0,62,7.3,6.5,1019.0,114.3,2,1,0
2015-03,94.5,2.9,⬆️北,福岡県,福岡市,,0,11.1,0,61,6.1,8.3,1018.6,193.7,1,0,0
2015-04,239.5,3.2,⬆️北,福岡県,福岡市,,0,16.2,0,70,7.6,12.8,1014.0,161.9,0,6,0
2015-05,120.5,2.7,⬆️北,福岡県,福岡市,,0,20.7,0,68,6.5,16.5,1008.6,230.5,0,1,0
2015-06,222.5,2.6,⬆️北,福岡県,福岡市,,0,22.6,0,80,8.8,22.0,1005.7,124.6,0,0,0
2015-07,266.0,2.7,⬆️北,福岡県,福岡市,,0,26.0,0,82,7.7,27.2,1006.2,149.2,0,4,0
2015-08,319.5,2.5,↘️南東,福岡県,福岡市,,0,27.4,0,78,6.4,28.1,1006.5,203.5,0,2,0
2015-09,146.0,3.2,⬆️北,福岡県,福岡市,,0,23.2,0,78,7.4,22.1,1010.5,158.1,0,2,0
2015-10,83.0,2.6,⬆️北,福岡県,福岡市,,0,18.9,0,67,3.9,14.6,1016.2,231.2,0,1,0
2015-11,140.5,2.5,↘️南東,福岡県,福岡市,,0,16.0,0,76,8.1,14.1,1019.6,101.8,0,0,0
2015-12,109.5,2.4,↘️南東,福岡県,福岡市,,0,10.3,0,72,7.4,9.2,1021.4,91.0,1,0,0
2016-01,92.0,2.7,↖️西北西,福岡県,福岡市,,0,7.0,3,71,8.4,7.3,1020.4,59.3,9,0,1
2016-02,98.5,3.0,↘️南東,福岡県,福岡市,,0,7.9,0,65,7.7,7.1,1021.5,106.6,5,1,0
2016-03,77.5,3.0,⬆️北,福岡県,福岡市,,0,11.5,0,67,6.4,9.3,1018.9,160.4,2,0,0
2016-04,196.0,2.8,⬆️北,福岡県,福岡市,,0,16.8,0,74,8.1,14.2,1011.9,160.2,0,2,0
2016-05,191.5,2.7,⬆️北,福岡県,福岡市,,0,20.8,0,70,7.2,16.9,1010.6,224.9,0,0,0
2016-06,394.5,2.5,⬆️北,福岡県,福岡市,,0,23.6,0,81,8.5,23.5,1006.7,137.7,0,3,0
2016-07,179.5,2.8,⬆️北,福岡県,福岡市,,0,28.3,0,76,7.7,29.1,1007.6,230.0,0,4,0
2016-08,128.0,3.2,⬆️北,福岡県,福岡市,,0,29.3,0,72,4.9,29.2,1003.3,285.0,0,4,0
2016-09,608.5,2.5,⬆️北,福岡県,福岡市,,0,25.1,0,84,8.9,26.5,1009.8,102.8,0,3,0
2016-10,181.0,2.5,⬆️北,福岡県,福岡市,,0,21.3,0,77,8.0,19.9,1015.1,113.0,0,1,0
2016-11,132.5,2.6,↘️南東,福岡県,福岡市,,0,14.5,0,73,6.6,12.3,1018.9,126.5,0,1,0
2016-12,141.0,2.6,↘️南東,福岡県,福岡市,,0,10.5,0,70,7.0,9.1,1020.7,125.1,2,1,0
2017-01,69.5,2.9,↘️南東,福岡県,福岡市,,0,7.4,2,66,7.0,6.9,1020.7,139.5,5,0,0
2017-02,49.5,3.3,↘️南東,福岡県,福岡市,,0,8.3,1,60,5.9,6.7,1019.4,152.7,4,0,0
2017-03,46.0,2.9,⬆️北,福岡県,福岡市,,0,10.5,0,61,7.2,7.7,1016.5,169.2,1,3,0
2017-04,192.5,2.8,⬆️北,福岡県,福岡市,,0,16.5,0,69,6.1,12.8,1011.9,198.0,0,3,1
2017-05,81.0,2.6,⬆️北,福岡県,福岡市,,0,21.0,0,65,6.4,15.9,1011.3,253.9,0,2,0
2017-06,173.0,2.6,⬆️北,福岡県,福岡市,,0,23.1,0,72,8.0,20.5,1007.2,194.3,0,3,0
2017-07,146.0,2.7,⬆️北,福岡県,福岡市,,0,29.4,0,77,8.2,31.2,1007.7,207.5,0,6,0
2017-08,95.5,3.1,⬆️北,福岡県,福岡市,,0,29.5,0,73,6.7,29.8,1005.4,258.2,0,5,0
2017-09,128.5,2.7,⬆️北,福岡県,福岡市,,0,24.3,0,76,7.7,23.0,1009.9,136.6,0,1,0
2017-10,289.5,2.9,↗️北北東,福岡県,福岡市,,0,19.8,0,77,7.3,18.0,1015.9,122.8,0,0,0
2017-11,23.5,2.6,↘️南東,福岡県,福岡市,,0,13.6,0,68,5.8,10.8,1019.6,145.4,0,1,0
2017-12,24.0,3.0,↘️南東,福岡県,福岡市,,0,7.4,0,61,7.7,6.3,1021.9,91.0,8,0,0
2018-01,89.5,2.9,↘️南東,福岡県,福岡市,,0,5.7,0,64,7.7,6.1,1019.7,95.9,12,1,0
2018-02,57.0,2.8,↘️南東,福岡県,福岡市,,0,6.2,4,63,6.8,6.1,1020.0,130.2,8,2,0
2018-03,147.5,3.3,⬆️北,福岡県,福岡市,,0,11.9,0,69,5.3,9.7,1017.2,202.4,0,2,0
2018-04,61.0,3.0,⬆️北,福岡県,福岡市,,0,17.1,0,66,5.4,12.8,1014.3,216.6,0,0,0
2018-05,134.0,3.0,⬆️北,福岡県,福岡市,,0,20.8,0,68,7.2,16.6,1010.4,190.6,0,0,0
2018-06,267.0,2.9,⬆️北,福岡県,福岡市,,0,23.7,0,75,7.9,21.9,1006.6,178.9,0,4,0
2018-07,466.5,2.9,⬆️北,福岡県,福岡市,,0,28.7,0,74,6.1,28.6,1006.6,250.3,0,3,0
2018-08,52.0,2.9,⬆️北,福岡県,福岡市,,0,30.0,0,68,5.5,28.5,1005.9,282.9,0,5,0
2018-09,176.5,2.6,↘️南東,福岡県,福岡市,,0,24.8,0,75,7.9,23.3,1010.1,118.0,0,2,0
2018-10,59.5,2.7,⬆️北,福岡県,福岡市,,0,19.1,0,67,6.5,15.0,1015.5,172.2,0,1,0
2018-11,39.5,2.1,↘️南東,福岡県,福岡市,,0,14.3,0,68,5.3,11.0,1020.0,165.7,0,2,0
2018-12,67.0,3.0,↖️北北西,福岡県,福岡市,,0,10.2,0,66,7.4,8.8,1022.1,91.1,3,0,0
2019-01,54.5,2.5,↘️南東,福岡県,福岡市,,0,8.0,0,65,6.5,7.0,1021.4,140.0,1,1,0
2019-02,41.5,2.6,↘️南東,福岡県,福岡市,,0,9.4,0,65,7.3,7.8,1019.8,124.6,0,0,0
2019-03,99.5,3.0,⬆️北,福岡県,福岡市,,0,11.9,0,63,6.8,8.8,1015.0,186.6,0,6,0
2019-04,103.0,2.9,⬆️北,福岡県,福岡市,,0,15.4,0,67,6.5,12.0,1012.9,191.8,0,2,0
2019-05,42.0,2.7,↘️南東,福岡県,福岡市,,0,21.1,0,58,6.7,14.4,1010.7,262.3,0,0,0
2019-06,94.0,3.1,⬆️北,福岡県,福岡市,,0,23.4,0,74,7.7,21.2,1005.4,199.9,0,2,0
2019-07,295.5,2.4,⬆️北,福岡県,福岡市,,0,26.4,0,81,8.1,27.5,1005.6,133.4,0,4,0
2019-08,497.0,2.6,↘️南東,福岡県,福岡市,,0,28.0,0,76,7.7,28.6,1005.2,152.2,0,6,0
2019-09,136.0,2.9,⬆️北,福岡県,福岡市,,0,25.9,0,76,7.3,25.5,1011.3,165.3,0,3,0
2019-10,136.5,3.0,⬆️北,福岡県,福岡市,,0,20.5,0,73,6.3,17.8,1014.7,165.8,0,2,0
2019-11,29.0,2.4,↘️南東,福岡県,福岡市,,0,14.9,0,68,4.9,11.6,1019.0,169.1,0,1,0
2019-12,80.0,2.4,↘️南東,福岡県,福岡市,,0,10.3,0,68,7.3,8.7,1021.4,91.0,0,1,0
2020-01,153.5,2.6,↘️南東,福岡県,福岡市,,0,9.5,0,71,8.2,8.6,1018.7,93.2,0,1,0
2020-02,64.5,2.8,↘️南東,福岡県,福岡市,,0,9.7,0,66,6.5,8.1,1021.5,135.8,2,0,0
2020-03,158.0,3.0,⬆️北,福岡県,福岡市,,0,12.4,0,64,6.3,9.5,1015.1,178.2,0,1,0
2020-04,83.0,3.4,⬆️北,福岡県,福岡市,,0,14.1,0,59,4.9,9.5,1015.1,231.7,0,0,0
2020-05,147.5,2.8,⬆️北,福岡県,福岡市,,0,20.4,0,71,6.7,16.8,1009.3,217.5,0,2,0
2020-06,374.5,2.8,⬆️北,福岡県,福岡市,,0,24.9,0,76,7.2,23.8,1005.4,184.9,0,3,0
2020-07,740.0,2.6,↘️南東,福岡県,福岡市,,0,25.5,0,82,8.9,26.9,1006.2,86.5,0,11,0
2020-08,49.0,2.9,↘️南東,福岡県,福岡市,,0,30.2,0,70,5.3,29.7,1008.9,252.2,0,4,0
2020-09,310.5,3.2,⬆️北,福岡県,福岡市,,0,24.5,0,74,7.0,22.7,1008.7,168.2,0,5,0
2020-10,64.5,3.0,⬆️北,福岡県,福岡市,,0,19.4,0,67,5.3,15.3,1016.2,211.0,0,0,0
2020-11,25.0,2.4,↘️南東,福岡県,福岡市,,0,15.3,0,66,5.6,11.7,1021.1,150.1,0,1,0
2020-12,42.5,2.9,↖️北北西,福岡県,福岡市,,0,8.5,0,61,6.8,7.0,1021.9,131.2,5,0,0
2021-01,45.5,3.0,↘️南東,福岡県,福岡市,,0,7.0,4,66,7.3,6.9,1020.8,118.5,9,1,1
2021-02,79.5,3.1,↘️南東,福岡県,福岡市,,0,10.2,0,62,6.0,7.9,1018.3,173.7,2,0,0
2021-03,116.5,3.1,⬆️北,福岡県,福岡市,,0,13.5,0,69,6.3,10.7,1016.8,186.6,0,1,0
2021-04,66.0,3.3,↘️南東,福岡県,福岡市,,0,16.7,0,60,6.2,11.3,1016.0,214.5,0,0,0
2021-05,133.5,2.8,↘️南東,福岡県,福岡市,,0,20.4,0,69,6.8,16.8,1008.5,179.8,0,2,0
2021-06,123.0,2.6,⬆️北,福岡県,福岡市,,0,24.2,0,75,8.1,22.4,1006.4,187.3,0,0,0
2021-07,45.5,2.8,↘️南東,福岡県,福岡市,,0,28.9,0,69,8.0,27.1,1007.2,200.8,0,6,0
2021-08,881.5,2.6,↘️南東,福岡県,福岡市,,0,27.5,0,80,7.5,29.0,1007.0,144.9,0,7,0
2021-09,246.5,2.9,⬆️北,福岡県,福岡市,,0,25.9,0,75,8.3,24.8,1010.6,150.3,0,2,0
2021-10,44.0,2.8,⬆️北,福岡県,福岡市,,0,21.0,0,66,4.3,16.9,1017.5,219.7,0,1,0
2021-11,152.5,2.4,↘️南東,福岡県,福岡市,,0,13.9,0,66,6.0,10.4,1017.5,148.1,0,4,0
2021-12,45.0,3.1,↘️南東,福岡県,福岡市,,0,9.1,0,63,6.9,7.5,1021.2,118.9,7,0,0
2022-01,48.0,2.4,↘️南東,福岡県,福岡市,,0,6.9,0,64,6.6,6.3,1020.3,152.1,2,2,0
2022-02,22.5,3.1,↖️北北西,福岡県,福岡市,,0,6.3,0,58,6.8,5.6,1021.8,142.9,5,0,0
2022-03,109.0,2.8,⬆️北,福岡県,福岡市,,0,12.7,0,66,6.8,9.9,1015.4,171.0,0,0,0
2022-04,141.5,3.1,⬆️北,福岡県,福岡市,,0,16.4,0,67,6.1,12.9,1015.1,225.7,0,0,1
2022-05,45.0,2.6,⬆️北,福岡県,福岡市,,0,20.6,0,64,6.3,15.5,1010.9,225.5,0,0,0
2022-06,138.5,3.2,⬆️北,福岡県,福岡市,,0,24.8,0,73,7.6,23.0,1007.2,188.5,0,2,0
2022-07,105.5,2.8,↘️南東,福岡県,福岡市,,0,28.9,0,73,7.4,28.8,1004.9,187.9,0,4,0
2022-08,266.5,2.7,↘️南東,福岡県,福岡市,,0,29.8,0,70,7.0,29.3,1006.8,203.2,0,7,0
2022-09,217.0,3.4,⬆️北,福岡県,福岡市,,0,25.7,0,74,7.8,24.5,1008.5,157.5,0,3,0
2022-10,69.0,2.7,⬆️北,福岡県,福岡市,,0,19.6,0,68,5.2,15.6,1017.9,213.1,0,1,0
2022-11,34.0,2.3,⬆️北,福岡県,福岡市,,0,16.2,0,69,5.6,12.7,1017.7,187.2,0,1,0
2022-12,36.0,2.8,↘️南東,福岡県,福岡市,,0,7.7,1,63,7.2,6.7,1020.4,105.7,7,1,0
2023-01,97.0,2.7,↘️南東,福岡県,福岡市,,0,7.2,0,67,6.8,7.1,1020.7,121.2,6,1,0
2023-02,60.0,2.7,⬆️北,福岡県,福岡市,,0,9.0,0,66,6.9,7.7,1021.5,130.3,1,1,0
2023-03,89.5,2.7,⬆️北,福岡県,福岡市,,0,13.6,0,67,6.0,10.7,1018.1,198.7,0,3,0
2023-04,182.0,3.1,⬆️北,福岡県,福岡市,,0,16.7,0,65,6.4,12.4,1013.3,205.4,0,2,0
2023-05,246.0,3.1,⬆️北,福岡県,福岡市,,0,20.2,0,71,7.4,16.8,1011.9,199.7,0,0,0
2023-06,169.0,2.5,⬆️北,福岡県,福岡市,,0,24.4,0,76,8.3,23.1,1006.7,144.6,0,3,0
2023-07,536.5,2.7,↘️南東,福岡県,福岡市,,0,28.9,0,75,7.9,29.6,1008.1,170.8,0,13,0
2023-08,164.0,3.1,↘️南東,福岡県,福岡市,,0,29.7,0,73,6.7,30.2,1003.6,224.1,0,7,0
2023-09,104.5,2.7,⬆️北,福岡県,福岡市,,0,26.9,0,76,6.7,26.9,1010.2,173.4,0,4,0
2023-10,23.0,2.6,⬆️北,福岡県,福岡市,,0,19.8,0,64,5.4,14.6,1015.8,210.5,0,0,0
2023-11,52.0,2.7,↘️南東,福岡県,福岡市,,0,15.1,0,64,5.8,11.3,1018.9,148.3,1,1,0
2023-12,44.5,2.7,↘️南東,福岡県,福岡市,,0,9.9,0,69,7.2,8.8,1021.5,105.8,5,1,0
2024-01,80.5,2.7,↘️南東,福岡県,福岡市,,0,8.3,0,68,6.8,7.7,1021.0,115.0,3,2,0
2024-02,168.0,2.8,⬆️北,福岡県,福岡市,,0,9.9,0,73,7.6,9.1,1020.3,102.6,0,1,0
2024-03,139.5,3.1,⬆️北,福岡県,福岡市,,0,11.5,0,66,6.9,9.3,1015.8,163.4,0,2,0
2024-04,171.5,2.6,⬆️北,福岡県,福岡市,,0,17.6,0,78,0,15.6,1011.7,140.2,0,2,0
2024-05,119.5,3.0,⬆️北,福岡県,福岡市,,0,20.2,0,66,0,15.5,1012.0,228.3,0,1,0
2024-06,234.5,2.6,⬆️北,福岡県,福岡市,,0,23.9,0,77,0,22.8,1007.2,159.7,0,2,0
2024-07,195.0,3.2,↙️南南西,福岡県,福岡市,,0,29.9,0,71,0,29.8,1008.0,208.9,0,12,0
2024-08,225.0,3.3,⬆️北,福岡県,福岡市,,0,30.5,0,73,0,31.4,1004.8,283.6,0,14,0
2024-09,115.5,2.8,⬆️北,福岡県,福岡市,,0,28.8,0,70,0,27.7,1010.1,256.5,0,8,0
2024-10,140.0,2.7,⬆️北,福岡県,福岡市,,0,22.0,0,75,0,20.0,1015.7,121.4,0,2,0
2024-11,352.5,2.7,⬆️北,福岡県,福岡市,,0,15.7,0,71,0,13.0,1018.2,135.0,0,5,0
2024-12,29.5,2.9,↖️西北西,福岡県,福岡市,,0,9.1,0,62,0,7.2,1019.8,122.4,2,0,0
2025-01,34.5,2.7,↘️南東,福岡県,福岡市,,0,6.8,1,63,0,6.3,1020.9,131.3,12,3,0
2025-02,36.0,3.2,↖️西北西,福岡県,福岡市,,0,5.7,0,60,0,5.6,1020.6,136.9,11,0,0
2025-03,123.5,3.2,⬆️北,福岡県,福岡市,,0,11.9,0,67,0,9.6,1016.2,152.3,3,5,0
2025-04,37.0,3.0,⬆️北,福岡県,福岡市,,0,16.2,0,63,0,11.9,1011.4,227.5,0,4,0
2025-05,71.5,3.2,↘️南東,福岡県,福岡市,,0,18.0,0,65,0,13.3,1008.9,75.1,0,1,0
1872-05,0,0,0,東京都,東京,,0,0,0,0,0,0,0,0,0,0,0
1872-06,0,0,0,東京都,東京,,0,0,0,0,0,0,0,0,0,0,0
1872-07,0,0,0,東京都,東京,,0,0,0,0,0,0,0,0,0,0,0
1872-08,0,0,0,東京都,東京,,0,0,0,0,0,0,0,0,0,0,0
1872-09,0,0,0,東京都,東京,,0,0,0,0,0,0,0,0,0,0,0
1872-10,0,0,0,東京都,東京,,0,0,0,0,0,0,0,0,0,0,0
1872-11,0,0,0,東京都,東京,,0,0,0,0,0,0,0,0,0,0,0
1872-12,0,0,0,東京都,東京,,0,0,0,0,0,0,0,0,0,0,0
1873-01,0,0,0,東京都,東京,,0,0,0,0,0,0,0,0,0,0,0
1873-02,0,0,0,東京都,東京,,0,0,0,0,0,0,0,0,0,0,0
1873-03,0,0,0,東京都,東京,,0,0,0,0,0,0,0,0,0,0,0
1873-04,0,0,0,東京都,東京,,0,0,0,0,0,0,0,0,0,0,0
1873-05,0,0,0,東京都,東京,,0,0,0,0,0,0,0,0,0,0,0
1873-06,0,0,0,東京都,東京,,0,0,0,0,0,0,0,0,0,0,0
1873-07,0,0,0,東京都,東京,,0,0,0,0,0,0,0,0,0,0,0
1873-08,0,0,0,東京都,東京,,0,0,0,0,0,0,0,0,0,0,0
1873-09,0,0,0,東京都,東京,,0,0,0,0,0,0,0,0,0,0,0
1873-10,0,0,0,東京都,東京,,0,0,0,0,0,0,0,0,0,0,0
1873-11,0,0,0,東京都,東京,,0,0,0,0,0,0,0,0,0,0,0
1873-12,0,0,0,東京都,東京,,0,0,0,0,0,0,0,0,0,0,0
1874-01,0,0,0,東京都,東京,,0,0,0,0,0,0,0,0,0,0,0
1874-02,0,0,0,東京都,東京,,0,0,0,0,0,0,0,0,0,0,0
1874-03,0,0,0,東京都,東京,,0,0,0,0,0,0,0,0,0,0,0
1874-04,0,0,0,東京都,東京,,0,0,0,0,0,0,0,0,0,0,0
1874-05,0,0,0,東京都,東京,,0,0,0,0,0,0,0,0,0,0,0
1874-06,0,0,0,東京都,東京,,0,0,0,0,0,0,0,0,0,0,0
1874-07,0,0,0,東京都,東京,,0,0,0,0,0,0,0,0,0,0,0
1874-08,0,0,0,東京都,東京,,0,0,0,0,0,0,0,0,0,0,0
1874-09,0,0,0,東京都,東京,,0,0,0,0,0,0,0,0,0,0,0
1874-10,0,0,0,東京都,東京,,0,0,0,0,0,0,0,0,0,0,0
1874-11,0,0,0,東京都,東京,,0,0,0,0,0,0,0,0,0,0,0
1874-12,0,0,0,東京都,東京,,0,0,0,0,0,0,0,0,0,0,0
1875-01,0,0,0,東京都,東京,,0,0,0,0,0,0,0,0,0,0,0
1875-02,0,0,0,東京都,東京,,0,0,0,0,0,0,0,0,0,0,0
1875-03,0,0,0,東京都,東京,,0,0,0,0,0,0,0,0,0,0,0
1875-04,0,0,0,東京都,東京,,0,0,0,0,0,0,0,0,0,0,0
1875-05,0,0,0,東京都,東京,,0,0,0,0,0,0,0,0,0,0,0
1875-06,87.9,0,0,東京都,東京,,0,22.3,0,0,0,0,0,0,0,0,0
1875-07,239.8,0,0,東京都,東京,,0,26.0,0,0,0,0,0,0,0,0,0
1875-08,263.3,0,0,東京都,東京,,0,24.9,0,0,0,0,0,0,0,0,0
1875-09,325.2,0,0,東京都,東京,,0,21.5,0,0,0,0,0,0,0,0,0
1875-10,150.4,0,0,東京都,東京,,0,15.3,0,0,0,0,0,0,0,0,0
1875-11,85.7,0,0,東京都,東京,,0,9.7,0,0,0,0,0,0,0,0,0
1875-12,66.9,0,0,東京都,東京,,0,4.6,0,0,0,0,0,0,0,0,0
1876-01,114.8,0,0,東京都,東京,,0,1.6,0,78,0,0,0,0,0,0,0
1876-02,115.9,0,0,東京都,東京,,0,3.4,0,73,0,0,0,0,0,0,0
1876-03,141.1,0,0,東京都,東京,,0,8.1,0,72,0,0,0,0,0,0,0
1876-04,121.6,0,0,東京都,東京,,0,12.2,0,76,0,0,0,0,0,0,0
1876-05,152.5,0,0,東京都,東京,,0,17.0,0,79,0,0,0,0,0,0,0
1876-06,276.0,0,0,東京都,東京,,0,18.5,0,85,0,0,0,0,0,0,0
1876-07,150.0,0,0,東京都,東京,,0,24.3,0,87,0,0,0,0,0,0,0
1876-08,65.2,0,0,東京都,東京,,0,26.6,0,80,0,0,0,0,0,0,0
1876-09,357.9,0,0,東京都,東京,,0,22.6,0,86,0,0,0,0,0,0,0
1876-10,157.4,0,0,東京都,東京,,0,14.8,0,81,0,0,0,0,0,0,0
1876-11,38.0,0,0,東京都,東京,,0,9.1,0,72,0,0,0,0,0,0,0
1876-12,65.1,0,0,東京都,東京,,0,4.8,0,72,0,0,0,0,0,0,0
1877-01,46.5,0,0,東京都,東京,,0,3.2,0,68,0,0,0,0,0,0,0
1877-02,59.2,0,0,東京都,東京,,0,3.6,0,68,0,0,0,0,0,0,0
1877-03,124.7,0,0,東京都,東京,,0,6.2,0,72,0,0,0,0,0,0,0
1877-04,26.7,0,0,東京都,東京,,0,13.6,0,73,0,0,0,0,0,0,0
1877-05,118.1,0,0,東京都,東京,,0,16.5,0,82,0,0,0,0,0,0,0
1877-06,113.8,0,0,東京都,東京,,0,22.0,0,81,0,0,0,0,0,0,0
1877-07,83.3,0,0,東京都,東京,,0,26.5,0,80,0,0,0,0,0,0,0
1877-08,52.1,0,0,東京都,東京,,0,25.9,0,80,0,0,0,0,0,0,0
1877-09,273.9,0,0,東京都,東京,,0,21.3,0,84,0,0,0,0,0,0,0
1877-10,204.5,0,0,東京都,東京,,0,15.9,0,78,0,0,0,0,0,0,0
1877-11,69.0,0,0,東京都,東京,,0,9.6,0,76,0,0,0,0,0,0,0
1877-12,145.5,0,0,東京都,東京,,0,5.8,0,78,0,0,0,0,0,0,0
1878-01,94.5,0,0,東京都,東京,,0,2.3,0,74,0,0,0,0,0,0,0
1878-02,93.0,0,0,東京都,東京,,0,2.5,0,73,0,0,0,0,0,0,0
1878-03,60.2,0,0,東京都,東京,,0,7.2,0,64,0,0,0,0,0,0,0
1878-04,84.8,0,0,東京都,東京,,0,11.5,0,80,0,0,0,0,0,0,0
1878-05,188.0,0,0,東京都,東京,,0,18.3,0,78,0,0,0,0,0,0,0
1878-06,205.1,0,0,東京都,東京,,0,20.0,0,83,0,0,0,0,0,0,0
1878-07,85.4,0,0,東京都,東京,,0,26.0,0,81,0,0,0,0,0,0,0
1878-08,152.0,0,0,東京都,東京,,0,24.6,0,85,0,0,0,0,0,0,0
1878-09,460.9,0,0,東京都,東京,,0,22.8,0,88,0,0,0,0,0,0,0
1878-10,132.7,0,0,東京都,東京,,0,15.8,0,84,0,0,0,0,0,0,0
1878-11,198.6,0,0,東京都,東京,,0,9.7,0,83,0,0,0,0,0,0,0
1878-12,9.0,0,0,東京都,東京,,0,5.1,0,71,0,0,0,0,0,0,0
1879-01,76.3,0,0,東京都,東京,,0,3.2,0,70,0,0,0,0,0,0,0
1879-02,109.6,0,0,東京都,東京,,0,5.4,0,72,0,0,0,0,0,0,0
1879-03,99.8,0,0,東京都,東京,,0,8.0,0,73,0,0,0,0,0,0,0
1879-04,141.2,0,0,東京都,東京,,0,12.6,0,77,0,0,0,0,0,0,0
1879-05,191.3,0,0,東京都,東京,,0,18.0,0,83,0,0,0,0,0,0,0
1879-06,206.9,0,0,東京都,東京,,0,21.4,0,85,0,0,0,0,0,0,0
1879-07,80.0,0,0,東京都,東京,,0,26.1,0,78,0,0,0,0,0,0,0
1879-08,73.3,0,0,東京都,東京,,0,26.6,0,80,0,0,0,0,0,0,0
1879-09,158.0,0,0,東京都,東京,,0,21.3,0,82,0,0,0,0,0,0,0
1879-10,208.3,0,0,東京都,東京,,0,15.0,0,80,0,0,0,0,0,0,0
1879-11,48.9,0,0,東京都,東京,,0,9.7,0,74,0,0,0,0,0,0,0
1879-12,99.1,0,0,東京都,東京,,0,8.0,0,73,0,0,0,0,0,0,0
1880-01,20.2,0,0,東京都,東京,,0,2.6,0,63,0,0,0,0,0,0,0
1880-02,163.2,0,0,東京都,東京,,0,5.8,0,74,0,0,0,0,0,0,0
1880-03,186.5,0,0,東京都,東京,,0,8.4,0,73,0,0,0,0,0,0,0
1880-04,153.8,0,0,東京都,東京,,0,12.3,0,76,0,0,0,0,0,0,0
1880-05,170.7,0,0,東京都,東京,,0,17.7,0,78,0,0,0,0,0,0,0
1880-06,181.5,0,0,東京都,東京,,0,19.8,0,83,0,0,0,0,0,0,0
1880-07,253.5,0,0,東京都,東京,,0,24.2,0,85,0,0,0,0,0,0,0
1880-08,181.4,0,0,東京都,東京,,0,25.5,0,83,0,0,0,0,0,0,0
1880-09,91.5,0,0,東京都,東京,,0,22.5,0,81,0,0,0,0,0,0,0
1880-10,222.9,0,0,東京都,東京,,0,16.6,0,81,0,0,0,0,0,0,0
1880-11,60.3,0,0,東京都,東京,,0,10.2,0,77,0,0,0,0,0,0,0
1880-12,0.2,0,0,東京都,東京,,0,3.9,0,62,0,0,0,0,0,0,0
1881-01,44.2,0,0,東京都,東京,,0,2.1,0,62,0,0,0,0,0,0,0
1881-02,60.6,0,0,東京都,東京,,0,3.7,0,69,0,0,0,0,0,0,0
1881-03,166.8,0,0,東京都,東京,,0,5.3,0,76,0,0,0,0,0,0,0
1881-04,112.8,0,0,東京都,東京,,0,11.6,0,78,0,0,0,0,0,0,0
1881-05,51.4,0,0,東京都,東京,,0,17.2,0,81,0,0,0,0,0,0,0
1881-06,205.9,0,0,東京都,東京,,0,21.3,0,83,0,0,0,0,0,0,0
1881-07,52.2,0,0,東京都,東京,,0,24.0,0,84,0,0,0,0,0,0,0
1881-08,99.7,0,0,東京都,東京,,0,26.7,0,82,0,0,0,0,0,0,0
1881-09,266.6,0,0,東京都,東京,,0,22.7,0,85,0,0,0,0,0,0,0
1881-10,86.4,0,0,東京都,東京,,0,15.7,0,82,0,0,0,0,0,0,0
1881-11,202.9,0,0,東京都,東京,,0,11.0,0,80,0,0,0,0,0,0,0
1881-12,94.9,0,0,東京都,東京,,0,4.3,0,74,0,0,0,0,0,0,0
1882-01,46.0,0,0,東京都,東京,,0,4.6,0,70,0,0,0,0,0,0,0
1882-02,75.9,0,0,東京都,東京,,0,5.2,0,64,0,0,0,0,0,0,0
1882-03,41.0,0,0,東京都,東京,,0,6.9,0,70,0,0,0,0,0,0,0
1882-04,97.9,0,0,東京都,東京,,0,13.7,0,85,0,0,0,0,0,0,0
1882-05,187.9,0,0,東京都,東京,,0,16.8,0,80,0,0,0,0,0,0,0
1882-06,191.8,0,0,東京都,東京,,0,20.4,0,84,0,0,0,0,0,0,0
1882-07,96.8,0,0,東京都,東京,,0,24.2,0,82,0,0,0,0,0,0,0
1882-08,108.4,0,0,東京都,東京,,0,24.7,0,83,0,0,0,0,0,0,0
1882-09,223.0,0,0,東京都,東京,,0,21.1,0,84,0,0,0,0,0,0,0
1882-10,300.1,0,0,東京都,東京,,0,15.4,0,81,0,0,0,0,0,0,0
1882-11,99.4,0,0,東京都,東京,,0,9.6,0,76,0,0,0,0,0,0,0
1882-12,10.1,0,0,東京都,東京,,0,5.0,0,67,0,0,0,0,0,0,0
1883-01,72.0,0,0,東京都,東京,,0,3.1,0,65,0,0,0,0,0,0,0
1883-02,204.9,0,0,東京都,東京,,0,1.9,0,72,0,0,0,0,0,0,0
1883-03,163.5,0,0,東京都,東京,,0,5.3,0,72,0,0,0,0,0,0,0
1883-04,135.4,0,0,東京都,東京,,0,12.0,0,73,0,0,0,0,0,0,0
1883-05,111.9,0,0,東京都,東京,,0,15.5,0,76,0,0,0,0,0,0,0
1883-06,90.8,0,0,東京都,東京,,0,19.8,0,82,0,0,0,0,0,0,0
1883-07,199.0,0,0,東京都,東京,,0,23.7,0,85,0,0,0,0,0,0,0
1883-08,92.4,0,0,東京都,東京,,0,25.1,0,80,0,0,0,0,0,0,0
1883-09,147.9,0,0,東京都,東京,,0,21.8,0,84,0,0,0,0,0,0,0
1883-10,265.6,0,0,東京都,東京,,0,16.7,0,85,0,0,0,0,0,0,0
1883-11,37.6,0,0,東京都,東京,,0,10.0,0,75,0,0,0,0,0,0,0
1883-12,31.6,0,0,東京都,東京,,0,5.0,0,68,0,0,0,0,0,0,0
1884-01,31.6,0,0,東京都,東京,,0,2.6,0,67,0,0,0,0,0,0,0
1884-02,92.3,0,0,東京都,東京,,0,2.7,0,68,0,0,0,0,0,0,0
1884-03,151.6,0,0,東京都,東京,,0,6.1,0,71,0,0,0,0,0,0,0
1884-04,147.9,0,0,東京都,東京,,0,11.6,0,78,0,0,0,0,0,0,0
1884-05,134.9,0,0,東京都,東京,,0,15.5,0,79,0,0,0,0,0,0,0
1884-06,181.6,0,0,東京都,東京,,0,19.8,0,85,0,0,0,0,0,0,0
1884-07,102.9,0,0,東京都,東京,,0,23.4,0,88,0,0,0,0,0,0,0
1884-08,90.5,0,0,東京都,東京,,0,24.1,0,82,0,0,0,0,0,0,0
1884-09,193.2,0,0,東京都,東京,,0,22.3,0,81,0,0,0,0,0,0,0
1884-10,78.6,0,0,東京都,東京,,0,15.8,0,76,0,0,0,0,0,0,0
1884-11,84.5,0,0,東京都,東京,,0,7.6,0,72,0,0,0,0,0,0,0
1884-12,25.2,0,0,東京都,東京,,0,3.4,0,70,0,0,0,0,0,0,0
1885-01,47.1,0,0,東京都,東京,,0,0.6,0,69,0,0,0,0,0,0,0
1885-02,27.0,0,0,東京都,東京,,0,2.2,0,67,0,0,0,0,0,0,0
1885-03,75.5,0,0,東京都,東京,,0,4.9,0,65,0,0,0,0,0,0,0
1885-04,151.7,0,0,東京都,東京,,0,10.7,0,83,0,0,0,0,0,0,0
1885-05,77.2,0,0,東京都,東京,,0,15.2,0,77,0,0,0,0,0,0,0
1885-06,331.0,0,0,東京都,東京,,0,20.3,0,87,0,0,0,0,0,0,0
1885-07,182.6,0,0,東京都,東京,,0,23.1,0,84,0,0,0,0,0,0,0
1885-08,103.2,0,0,東京都,東京,,0,25.4,0,82,0,0,0,0,0,0,0
1885-09,72.0,0,0,東京都,東京,,0,22.1,0,80,0,0,0,0,0,0,0
1885-10,291.9,0,0,東京都,東京,,0,16.1,0,81,0,0,0,0,0,0,0
1885-11,116.1,0,0,東京都,東京,,0,10.7,0,76,0,0,0,0,0,0,0
1885-12,56.4,0,0,東京都,東京,,0,5.7,0,72,0,0,0,0,0,0,0
1886-01,37.0,0,0,東京都,東京,,0,2.4,0,63,0,0,0,0,0,0,0
1886-02,27.1,0,0,東京都,東京,,0,2.0,0,64,0,0,0,0,0,0,0
1886-03,77.7,0,0,東京都,東京,,0,6.9,0,70,0,0,0,0,0,0,0
1886-04,105.6,0,0,東京都,東京,,0,12.3,0,75,0,0,0,0,0,0,0
1886-05,164.1,0,0,東京都,東京,,0,16.4,0,80,0,0,0,0,0,0,0
1886-06,80.5,0,0,東京都,東京,,0,20.9,0,79,0,0,0,0,0,0,0
1886-07,48.5,0,0,東京都,東京,,0,25.0,0,78,0,0,0,0,0,0,0
1886-08,87.1,0,0,東京都,東京,,0,26.5,0,77,0,0,0,0,0,0,0
1886-09,254.6,0,0,東京都,東京,,0,23.2,0,84,0,0,0,0,0,0,0
1886-10,190.7,0,0,東京都,東京,,0,16.6,0,82,0,0,0,0,0,0,0
1886-11,192.1,0,0,東京都,東京,,0,10.2,0,79,0,0,0,0,0,0,0
1886-12,25.3,0,0,東京都,東京,,0,4.7,0,67,0,0,0,0,0,0,0
1887-01,111.9,0,0,東京都,東京,,0,2.7,0,71,0,0,0,0,0,0,0
1887-02,1.5,0,0,東京都,東京,,0,4.3,0,62,0,0,0,0,0,0,0
1887-03,140.5,0,0,東京都,東京,,0,6.9,0,63,0,0,0,0,0,0,0
1887-04,79.8,0,0,東京都,東京,,0,12.2,0,75,0,0,0,0,0,0,0
1887-05,147.4,0,0,東京都,東京,,0,15.2,0,82,0,0,0,0,0,0,0
1887-06,216.2,0,0,東京都,東京,,0,20.3,0,84,0,0,0,0,0,0,0
1887-07,91.2,0,0,東京都,東京,,0,23.6,0,86,0,0,0,0,0,0,0
1887-08,91.6,0,0,東京都,東京,,0,25.3,0,85,0,0,0,0,0,0,0
1887-09,100.4,0,0,東京都,東京,,0,21.0,0,81,0,0,0,0,0,0,0
1887-10,223.5,0,0,東京都,東京,,0,16.6,0,84,0,0,0,0,0,0,0
1887-11,31.2,0,0,東京都,東京,,0,11.6,0,74,0,0,0,0,0,0,0
1887-12,14.8,0,0,東京都,東京,,0,5.7,0,62,0,0,0,0,0,0,0
1888-01,2.5,0,0,東京都,東京,,0,3.3,0,59,0,0,0,0,0,0,0
1888-02,31.3,0,0,東京都,東京,,0,2.2,0,63,0,0,0,0,0,0,0
1888-03,69.1,0,0,東京都,東京,,0,7.2,0,65,0,0,0,0,0,0,0
1888-04,104.2,0,0,東京都,東京,,0,12.4,0,77,0,0,0,0,0,0,0
1888-05,144.4,0,0,東京都,東京,,0,16.0,0,77,0,0,0,0,0,0,0
1888-06,174.0,0,0,東京都,東京,,0,18.6,0,80,0,0,0,0,0,0,0
1888-07,135.9,0,0,東京都,東京,,0,24.5,0,85,0,0,0,0,0,0,0
1888-08,81.0,0,0,東京都,東京,,0,25.6,0,83,0,0,0,0,0,0,0
1888-09,184.5,0,0,東京都,東京,,0,20.9,0,84,0,0,0,0,0,0,0
1888-10,211.7,0,0,東京都,東京,,0,15.0,0,81,0,0,0,0,0,0,0
1888-11,188.0,0,0,東京都,東京,,0,11.4,0,78,0,0,0,0,0,0,0
1888-12,51.9,0,0,東京都,東京,,0,5.2,0,66,0,0,0,0,0,0,0
1889-01,22.4,0,0,東京都,東京,,0,2.1,0,64,0,0,0,0,0,0,0
1889-02,45.9,0,0,東京都,東京,,0,3.1,0,60,0,0,0,0,0,0,0
1889-03,63.4,0,0,東京都,東京,,0,6.9,0,69,0,0,0,0,0,0,0
1889-04,156.0,0,0,東京都,東京,,0,12.0,0,73,0,0,0,0,0,0,0
1889-05,195.3,0,0,東京都,東京,,0,15.7,0,74,0,0,0,0,0,0,0
1889-06,68.5,0,0,東京都,東京,,0,20.9,0,82,0,0,0,0,0,0,0
1889-07,259.9,0,0,東京都,東京,,0,23.4,0,87,0,0,0,0,0,0,0
1889-08,96.2,0,0,東京都,東京,,0,25.8,0,83,0,0,0,0,0,0,0
1889-09,187.3,0,0,東京都,東京,,0,20.3,0,84,0,0,0,0,0,0,0
1889-10,109.7,0,0,東京都,東京,,0,14.6,0,77,0,0,0,0,0,0,0
1889-11,47.5,0,0,東京都,東京,,0,9.7,0,71,0,0,0,0,0,0,0
1889-12,67.2,0,0,東京都,東京,,0,4.9,0,67,0,0,0,0,0,0,0
1890-01,61.7,0,0,東京都,東京,,0,3.4,0,65,0,0,0,0,0,0,0
1890-02,87.6,0,0,東京都,東京,,0,6.1,0,69,0,0,0,0,0,0,0
1890-03,206.9,0,0,東京都,東京,,0,9.2,0,74,0,0,0,126.9,0,0,0
1890-04,129.6,0,0,東京都,東京,,0,14.2,0,75,0,0,0,131.4,0,0,0
1890-05,288.3,0,0,東京都,東京,,0,16.1,0,80,0,0,0,109.9,0,0,0
1890-06,116.6,0,0,東京都,東京,,0,22.0,0,81,0,0,0,176.2,0,0,0
1890-07,105.3,0,0,東京都,東京,,0,23.5,0,85,0,0,0,172.7,0,0,0
1890-08,336.0,0,0,東京都,東京,,0,25.4,0,86,0,0,0,155.7,0,0,0
1890-09,101.9,0,0,東京都,東京,,0,24.2,0,82,0,0,0,191.5,0,0,0
1890-10,303.2,0,0,東京都,東京,,0,16.0,0,80,0,0,0,137.2,0,0,0
1890-11,173.3,0,0,東京都,東京,,0,10.8,0,74,0,0,0,179.1,0,0,0
1890-12,47.8,0,0,東京都,東京,,0,9.3,0,73,0,0,0,158.3,0,0,0
1891-01,30.5,0,0,東京都,東京,,0,2.4,0,56,0,0,0,233.9,0,0,0
1891-02,66.9,0,0,東京都,東京,,0,3.8,0,60,0,0,0,173.6,0,0,0
1891-03,179.9,0,0,東京都,東京,,0,8.9,0,72,0,0,0,154.4,0,0,0
1891-04,106.4,0,0,東京都,東京,,0,12.0,0,73,0,0,0,157.5,0,0,0
1891-05,52.0,0,0,東京都,東京,,0,18.2,0,74,0,0,0,270.2,0,0,0
1891-06,193.9,0,0,東京都,東京,,0,20.3,0,80,0,0,0,138.8,0,0,0
1891-07,81.7,0,0,東京都,東京,,0,24.9,0,83,0,0,0,135.7,0,0,0
1891-08,45.5,0,0,東京都,東京,,0,25.5,0,80,0,0,0,217.7,0,0,0
1891-09,247.7,0,0,東京都,東京,,0,24.3,0,82,0,0,0,165.2,0,0,0
1891-10,20.0,0,0,東京都,東京,,0,16.5,0,71,0,0,0,192.1,0,0,0
1891-11,138.8,0,0,東京都,東京,,0,10.4,0,71,0,0,0,179.3,0,0,0
1891-12,57.5,0,0,東京都,東京,,0,5.6,0,66,0,0,0,179.6,0,0,0
1892-01,13.6,0,0,東京都,東京,,0,3.7,0,62,0,0,0,170.6,0,0,0
1892-02,127.0,0,0,東京都,東京,,0,4.1,0,62,0,0,0,177.6,0,0,0
1892-03,141.7,0,0,東京都,東京,,0,5.1,0,61,0,0,0,167.7,0,0,0
1892-04,112.5,0,0,東京都,東京,,0,13.1,0,73,0,0,0,183.1,0,0,0
1892-05,347.5,0,0,東京都,東京,,0,16.6,0,78,0,0,0,174.7,0,0,0
1892-06,285.9,0,0,東京都,東京,,0,21.1,0,85,0,0,0,83.9,0,0,0
1892-07,109.1,0,0,東京都,東京,,0,25.7,0,82,0,0,0,197.2,0,0,0
1892-08,20.9,0,0,東京都,東京,,0,26.4,0,79,0,0,0,231.9,0,0,0
1892-09,288.9,0,0,東京都,東京,,0,23.0,0,84,0,0,0,157.9,0,0,0
1892-10,136.6,0,0,東京都,東京,,0,16.5,0,81,0,0,0,93.6,0,0,0
1892-11,126.2,0,0,東京都,東京,,0,9.9,0,71,0,0,0,165.7,0,0,0
1892-12,5.2,0,0,東京都,東京,,0,3.3,0,58,0,0,0,178.2,0,0,0
1893-01,50.9,0,0,東京都,東京,,0,2.6,0,62,0,0,0,171.4,0,0,0
1893-02,49.8,0,0,東京都,東京,,0,2.2,0,55,0,0,0,159.0,0,0,0
1893-03,26.0,0,0,東京都,東京,,0,6.2,0,59,0,0,0,206.3,0,0,0
1893-04,204.1,0,0,東京都,東京,,0,13.3,0,72,0,0,0,206.1,0,0,0
1893-05,267.9,0,0,東京都,東京,,0,15.8,0,76,0,0,0,180.0,0,0,0
1893-06,95.5,0,0,東京都,東京,,0,20.5,0,78,0,0,0,179.1,0,0,0
1893-07,54.9,0,0,東京都,東京,,0,25.3,0,77,0,0,0,267.0,0,0,0
1893-08,95.3,0,0,東京都,東京,,0,26.2,0,80,0,0,0,213.2,0,0,0
1893-09,90.8,0,0,東京都,東京,,0,22.5,0,81,0,0,0,151.9,0,0,0
1893-10,147.8,0,0,東京都,東京,,0,15.9,0,83,0,0,0,133.0,0,0,0
1893-11,76.6,0,0,東京都,東京,,0,10.1,0,71,0,0,0,195.0,0,0,0
1893-12,1.7,0,0,東京都,東京,,0,4.7,0,60,0,0,0,234.1,0,0,0
1894-01,42.5,0,0,東京都,東京,,0,3.0,0,60,0,0,0,167.7,0,0,0
1894-02,31.1,0,0,東京都,東京,,0,3.7,0,54,0,0,0,212.1,0,0,0
1894-03,112.4,0,0,東京都,東京,,0,8.4,0,71,0,0,0,152.2,0,0,0
1894-04,178.3,0,0,東京都,東京,,0,13.8,0,75,0,0,0,159.4,0,0,0
1894-05,84.3,0,0,東京都,東京,,0,16.3,0,74,0,0,0,214.1,0,0,0
1894-06,57.5,0,0,東京都,東京,,0,23.6,0,78,0,0,0,256.1,0,0,0
1894-07,61.6,0,0,東京都,東京,,0,26.8,0,78,0,0,0,270.4,0,0,0
1894-08,199.5,0,0,東京都,東京,,0,27.0,0,81,0,0,0,243.4,0,0,0
1894-09,144.9,0,0,東京都,東京,,0,21.9,0,84,0,0,0,125.7,0,0,0
1894-10,192.7,0,0,東京都,東京,,0,15.4,0,82,0,0,0,131.4,0,0,0
1894-11,98.4,0,0,東京都,東京,,0,11.6,0,77,0,0,0,184.8,0,0,0
1894-12,117.6,0,0,東京都,東京,,0,5.8,0,62,0,0,0,218.5,0,0,0
1895-01,43.5,0,0,東京都,東京,,0,2.1,0,63,0,0,0,205.5,0,0,0
1895-02,88.1,0,0,東京都,東京,,0,4.0,0,58,0,0,0,235.0,0,0,0
1895-03,69.1,0,0,東京都,東京,,0,6.9,0,75,0,0,0,163.8,0,0,0
1895-04,92.4,0,0,東京都,東京,,0,12.9,0,71,0,0,0,232.1,0,0,0
1895-05,58.8,0,0,東京都,東京,,0,17.5,0,76,0,0,0,222.9,0,0,0
1895-06,177.6,0,0,東京都,東京,,0,20.4,0,79,0,0,0,203.8,0,0,0
1895-07,299.8,0,0,東京都,東京,,0,22.1,0,75,0,0,0,122.3,0,0,0
1895-08,129.3,0,0,東京都,東京,,0,25.5,0,86,0,0,0,193.8,0,0,0
1895-09,83.6,0,0,東京都,東京,,0,22.9,0,82,0,0,0,169.2,0,0,0
1895-10,157.6,0,0,東京都,東京,,0,16.5,0,79,0,0,0,147.4,0,0,0
1895-11,123.9,0,0,東京都,東京,,0,9.9,0,73,0,0,0,166.5,0,0,0
1895-12,74.1,0,0,東京都,東京,,0,5.4,0,65,0,0,0,206.7,0,0,0
1896-01,35.9,0,0,東京都,東京,,0,3.3,0,58,0,0,0,232.0,0,0,0
1896-02,105.5,0,0,東京都,東京,,0,3.5,0,65,0,0,0,177.8,0,0,0
1896-03,64.6,0,0,東京都,東京,,0,6.0,0,66,0,0,0,181.3,0,0,0
1896-04,127.3,0,0,東京都,東京,,0,13.7,0,78,0,0,0,184.2,0,0,0
1896-05,130.5,0,0,東京都,東京,,0,16.6,0,79,0,0,0,171.7,0,0,0
1896-06,74.4,0,0,東京都,東京,,0,21.6,0,82,0,0,0,167.2,0,0,0
1896-07,67.1,0,0,東京都,東京,,0,24.1,0,83,0,0,0,175.8,0,0,0
1896-08,152.7,0,0,東京都,東京,,0,25.9,0,81,0,0,0,222.5,0,0,0
1896-09,208.4,0,0,東京都,東京,,0,22.3,0,83,0,0,0,167.0,0,0,0
1896-10,171.7,0,0,東京都,東京,,0,15.8,0,79,0,0,0,137.7,0,0,0
1896-11,195.8,0,0,東京都,東京,,0,10.7,0,72,0,0,0,199.0,0,0,0
1896-12,40.0,0,0,東京都,東京,,0,4.8,0,66,0,0,0,197.6,0,0,0
1897-01,88.1,0,0,東京都,東京,,0,3.7,0,67,0,0,0,162.6,0,0,0
1897-02,47.0,0,0,東京都,東京,,0,3.5,0,60,0,0,0,166.1,0,0,0
1897-03,81.3,0,0,東京都,東京,,0,5.7,0,65,0,0,0,153.8,0,0,0
1897-04,160.9,0,0,東京都,東京,,0,11.3,0,73,0,0,0,174.7,0,0,0
1897-05,120.4,0,0,東京都,東京,,0,17.3,0,76,0,0,0,224.9,0,0,0
1897-06,145.4,0,0,東京都,東京,,0,18.8,0,81,0,0,0,157.7,0,0,0
1897-07,141.7,0,0,東京都,東京,,0,22.9,0,87,0,0,0,156.7,0,0,0
1897-08,75.6,0,0,東京都,東京,,0,25.0,0,85,0,0,0,165.8,0,0,0
1897-09,398.5,0,0,東京都,東京,,0,20.9,0,86,0,0,0,122.6,0,0,0
1897-10,131.7,0,0,東京都,東京,,0,15.2,0,76,0,0,0,183.1,0,0,0
1897-11,106.4,0,0,東京都,東京,,0,10.1,0,77,0,0,0,165.7,0,0,0
1897-12,0.2,0,0,東京都,東京,,0,3.7,0,63,0,0,0,212.7,0,0,0
1898-01,126.9,0,0,東京都,東京,,0,3.6,0,68,0,0,0,141.7,0,0,0
1898-02,97.1,0,0,東京都,東京,,0,4.4,0,64,0,0,0,194.6,0,0,0
1898-03,47.1,0,0,東京都,東京,,0,5.5,0,67,0,0,0,117.6,0,0,0
1898-04,191.5,0,0,東京都,東京,,0,11.2,0,75,0,0,0,175.3,0,0,0
1898-05,115.2,0,0,東京都,東京,,0,16.7,0,75,0,0,0,209.3,0,0,0
1898-06,254.8,0,0,東京都,東京,,0,19.2,0,83,0,0,0,144.1,0,0,0
1898-07,44.0,0,0,東京都,東京,,0,25.9,0,78,0,0,0,304.5,0,0,0
1898-08,219.8,0,0,東京都,東京,,0,26.1,0,84,0,0,0,211.9,0,0,0
1898-09,249.1,0,0,東京都,東京,,0,21.6,0,84,0,0,0,157.7,0,0,0
1898-10,79.5,0,0,東京都,東京,,0,16.0,0,82,0,0,0,154.3,0,0,0
1898-11,158.4,0,0,東京都,東京,,0,10.9,0,81,0,0,0,143.4,0,0,0
1898-12,128.5,0,0,東京都,東京,,0,6.4,0,71,0,0,0,186.3,0,0,0
1899-01,30.1,0,0,東京都,東京,,0,3.2,0,62,0,0,0,224.1,0,0,0
1899-02,87.9,0,0,東京都,東京,,0,4.2,0,65,0,0,0,176.0,0,0,0
1899-03,182.6,0,0,東京都,東京,,0,8.5,0,69,0,0,0,217.4,0,0,0
1899-04,105.5,0,0,東京都,東京,,0,12.8,0,75,0,0,0,189.7,0,0,0
1899-05,124.4,0,0,東京都,東京,,0,17.9,0,77,0,0,0,220.7,0,0,0
1899-06,124.5,0,0,東京都,東京,,0,21.5,0,83,0,0,0,162.6,0,0,0
1899-07,274.7,0,0,東京都,東京,,0,23.2,0,87,0,0,0,131.9,0,0,0
1899-08,60.8,0,0,東京都,東京,,0,26.1,0,81,0,0,0,235.4,0,0,0
1899-09,196.2,0,0,東京都,東京,,0,19.8,0,86,0,0,0,106.5,0,0,0
1899-10,354.5,0,0,東京都,東京,,0,14.3,0,77,0,0,0,184.3,0,0,0
1899-11,16.3,0,0,東京都,東京,,0,8.9,0,69,0,0,0,201.8,0,0,0
1899-12,91.6,0,0,東京都,東京,,0,5.5,0,71,0,0,0,173.3,0,0,0
1900-01,69.2,0,0,東京都,東京,,0,1.6,0,66,0,0,0,160.1,0,0,0
1900-02,31.3,0,0,東京都,東京,,0,3.1,0,62,0,0,0,174.9,0,0,0
1900-03,69.3,0,0,東京都,東京,,0,5.7,0,70,0,0,0,171.5,0,0,0
1900-04,168.6,0,0,東京都,東京,,0,11.4,0,80,0,0,0,135.3,0,0,0
1900-05,127.3,0,0,東京都,東京,,0,17.3,0,77,0,0,0,219.0,0,0,0
1900-06,89.4,0,0,東京都,東京,,0,19.3,0,78,0,0,0,223.6,0,0,0
1900-07,122.1,0,0,東京都,東京,,0,22.8,0,85,0,0,0,137.5,0,0,0
1900-08,66.3,0,0,東京都,東京,,0,26.1,0,81,0,0,0,272.0,0,0,0
1900-09,173.9,0,0,東京都,東京,,0,22.6,0,83,0,0,0,165.7,0,0,0
1900-10,113.6,0,0,東京都,東京,,0,16.5,0,79,0,0,0,165.2,0,0,0
1900-11,131.9,0,0,東京都,東京,,0,11.0,0,79,0,0,0,148.4,0,0,0
1900-12,25.1,0,0,東京都,東京,,0,5.5,0,66,0,0,0,209.2,0,0,0
1901-01,74.4,0,0,東京都,東京,,0,4.1,0,70,0,0,0,163.4,0,0,0
1901-02,30.2,0,0,東京都,東京,,0,3.7,0,59,0,0,0,208.8,0,0,0
1901-03,131.2,0,0,東京都,東京,,0,7.3,0,62,0,0,0,230.1,0,0,0
1901-04,132.6,0,0,東京都,東京,,0,13.4,0,76,0,0,0,192.6,0,0,0
1901-05,149.3,0,0,東京都,東京,,0,16.1,0,78,0,0,0,191.4,0,0,0
1901-06,172.1,0,0,東京都,東京,,0,20.6,0,82,0,0,0,145.7,0,0,0
1901-07,229.0,0,0,東京都,東京,,0,22.1,0,88,0,0,0,122.5,0,0,0
1901-08,53.8,0,0,東京都,東京,,0,25.1,0,82,0,0,0,230.4,0,0,0
1901-09,130.8,0,0,東京都,東京,,0,22.3,0,80,0,0,0,169.5,0,0,0
1901-10,311.1,0,0,東京都,東京,,0,16.8,0,83,0,0,0,128.6,0,0,0
1901-11,63.6,0,0,東京都,東京,,0,10.2,0,74,0,0,0,191.8,0,0,0
1901-12,110.8,0,0,東京都,東京,,0,4.5,0,65,0,0,0,215.1,0,0,0
1902-01,33.4,0,0,東京都,東京,,0,2.4,0,59,0,0,0,241.7,0,0,0
1902-02,20.9,0,0,東京都,東京,,0,3.8,0,61,0,0,0,201.0,0,0,0
1902-03,92.4,0,0,東京都,東京,,0,8.4,0,71,0,0,0,184.4,0,0,0
1902-04,140.3,0,0,東京都,東京,,0,11.6,0,68,0,0,0,194.2,0,0,0
1902-05,222.7,0,0,東京都,東京,,0,16.3,0,78,0,0,0,181.7,0,0,0
1902-06,204.7,0,0,東京都,東京,,0,19.8,0,82,0,0,0,181.4,0,0,0
1902-07,159.6,0,0,東京都,東京,,0,21.8,0,87,0,0,0,130.6,0,0,0
1902-08,310.3,0,0,東京都,東京,,0,22.9,0,87,0,0,0,123.1,0,0,0
1902-09,244.2,0,0,東京都,東京,,0,22.6,0,85,0,0,0,126.9,0,0,0
1902-10,104.7,0,0,東京都,東京,,0,16.6,0,79,0,0,0,154.8,0,0,0
1902-11,105.1,0,0,東京都,東京,,0,11.5,0,78,0,0,0,160.1,0,0,0
1902-12,115.4,0,0,東京都,東京,,0,7.1,0,71,0,0,0,154.5,0,0,0
1903-01,122.4,0,0,東京都,東京,,0,4.6,0,72,0,0,0,156.9,0,0,0
1903-02,80.0,0,0,東京都,東京,,0,4.1,0,65,0,0,0,176.6,0,0,0
1903-03,165.9,0,0,東京都,東京,,0,7.7,0,74,0,0,0,146.4,0,0,0
1903-04,155.5,0,0,東京都,東京,,0,12.7,0,78,0,0,0,145.1,0,0,0
1903-05,159.0,0,0,東京都,東京,,0,15.9,0,75,0,0,0,184.7,0,0,0
1903-06,145.4,0,0,東京都,東京,,0,19.7,0,78,0,0,0,192.1,0,0,0
1903-07,286.8,0,0,東京都,東京,,0,23.2,0,86,0,0,0,154.3,0,0,0
1903-08,22.6,0,0,東京都,東京,,0,25.7,0,80,0,0,0,259.3,0,0,0
1903-09,284.4,0,0,東京都,東京,,0,22.3,0,84,0,0,0,127.5,0,0,0
1903-10,294.7,0,0,東京都,東京,,0,15.2,0,84,0,0,0,119.6,0,0,0
1903-11,130.0,0,0,東京都,東京,,0,9.1,0,87,0,0,0,163.3,0,0,0
1903-12,65.5,0,0,東京都,東京,,0,4.1,0,66,0,0,0,207.9,0,0,0
1904-01,7.0,0,0,東京都,東京,,0,1.9,0,59,0,0,0,200.7,0,0,0
1904-02,67.7,0,0,東京都,東京,,0,4.3,0,72,0,0,0,156.7,0,0,0
1904-03,101.5,0,0,東京都,東京,,0,6.1,0,71,0,0,0,144.2,0,0,0
1904-04,97.3,0,0,東京都,東京,,0,13.2,0,78,0,0,0,151.5,0,0,0
1904-05,142.4,0,0,東京都,東京,,0,15.7,0,78,0,0,0,159.2,0,0,0
1904-06,91.6,0,0,東京都,東京,,0,21.8,0,83,0,0,0,196.4,0,0,0
1904-07,239.4,0,0,東京都,東京,,0,24.8,0,84,0,0,0,211.2,0,0,0
1904-08,74.7,0,0,東京都,東京,,0,25.1,0,78,0,0,0,269.0,0,0,0
1904-09,200.5,0,0,東京都,東京,,0,21.2,0,81,0,0,0,176.2,0,0,0
1904-10,248.8,0,0,東京都,東京,,0,16.4,0,81,0,0,0,126.4,0,0,0
1904-11,14.5,0,0,東京都,東京,,0,9.1,0,70,0,0,0,217.3,0,0,0
1904-12,96.4,0,0,東京都,東京,,0,5.3,0,70,0,0,0,185.4,0,0,0
1905-01,59.8,0,0,東京都,東京,,0,4.3,0,69,0,0,0,178.8,0,0,0
1905-02,47.6,0,0,東京都,東京,,0,2.7,0,56,0,0,0,207.8,0,0,0
1905-03,97.9,0,0,東京都,東京,,0,5.6,0,70,0,0,0,184.9,0,0,0
1905-04,152.2,0,0,東京都,東京,,0,10.9,0,74,0,0,0,151.8,0,0,0
1905-05,131.0,0,0,東京都,東京,,0,16.9,0,77,0,0,0,177.2,0,0,0
1905-06,237.4,0,0,東京都,東京,,0,20.8,0,87,0,0,0,89.9,0,0,0
1905-07,94.2,0,0,東京都,東京,,0,23.3,0,84,0,0,0,154.9,0,0,0
1905-08,202.5,0,0,東京都,東京,,0,22.2,0,85,0,0,0,113.9,0,0,0
1905-09,83.5,0,0,東京都,東京,,0,21.9,0,82,0,0,0,167.2,0,0,0
1905-10,70.5,0,0,東京都,東京,,0,16.2,0,79,0,0,0,159.2,0,0,0
1905-11,66.8,0,0,東京都,東京,,0,10.3,0,75,0,0,0,170.1,0,0,0
1905-12,86.7,0,0,東京都,東京,,0,6.8,0,76,0,0,0,133.7,0,0,0
1906-01,62.5,0,0,東京都,東京,,0,2.2,0,58,0,0,0,216.8,0,0,0
1906-02,166.7,0,0,東京都,東京,,0,2.6,0,67,0,0,0,147.2,0,0,0
1906-03,61.5,0,0,東京都,東京,,0,7.3,0,64,0,0,0,205.0,0,0,0
1906-04,43.5,0,0,東京都,東京,,0,12.9,0,70,0,0,0,211.5,0,0,0
1906-05,80.6,0,0,東京都,東京,,0,16.3,0,73,0,0,0,231.9,0,0,0
1906-06,165.3,0,0,東京都,東京,,0,18.4,0,80,0,0,0,127.8,0,0,0
1906-07,154.9,0,0,東京都,東京,,0,23.5,0,86,0,0,0,133.8,0,0,0
1906-08,253.5,0,0,東京都,東京,,0,24.5,0,82,0,0,0,179.0,0,0,0
1906-09,226.4,0,0,東京都,東京,,0,19.7,0,84,0,0,0,84.2,0,0,0
1906-10,220.5,0,0,東京都,東京,,0,15.1,0,79,0,0,0,146.4,0,0,0
1906-11,61.7,0,0,東京都,東京,,0,9.3,0,70,0,0,0,153.4,0,0,0
1906-12,22.4,0,0,東京都,東京,,0,5.9,0,64,0,0,0,191.9,0,0,0
1907-01,47.1,0,0,東京都,東京,,0,4.0,0,69,0,0,0,136.4,0,0,0
1907-02,4.4,0,0,東京都,東京,,0,2.9,0,57,0,0,0,192.6,0,0,0
1907-03,144.1,0,0,東京都,東京,,0,5.6,0,67,0,0,0,152.0,0,0,0
1907-04,143.8,0,0,東京都,東京,,0,12.4,0,70,0,0,0,189.4,0,0,0
1907-05,168.1,0,0,東京都,東京,,0,17.1,0,74,0,0,0,236.0,0,0,0
1907-06,169.8,0,0,東京都,東京,,0,19.2,0,80,0,0,0,154.9,0,0,0
1907-07,102.9,0,0,東京都,東京,,0,22.7,0,84,0,0,0,187.7,0,0,0
1907-08,219.0,0,0,東京都,東京,,0,25.8,0,84,0,0,0,196.4,0,0,0
1907-09,265.9,0,0,東京都,東京,,0,21.3,0,83,0,0,0,159.9,0,0,0
1907-10,226.2,0,0,東京都,東京,,0,15.2,0,76,0,0,0,202.4,0,0,0
1907-11,127.6,0,0,東京都,東京,,0,11.2,0,79,0,0,0,124.9,0,0,0
1907-12,21.5,0,0,東京都,東京,,0,4.5,0,59,0,0,0,207.1,0,0,0
1908-01,28.3,0,0,東京都,東京,,0,3.2,0,61,0,0,0,194.7,0,0,0
1908-02,35.6,0,0,東京都,東京,,0,3.4,0,57,0,0,0,187.9,0,0,0
1908-03,137.0,0,0,東京都,東京,,0,6.2,0,68,0,0,0,150.9,0,0,0
1908-04,185.3,0,0,東京都,東京,,0,12.3,0,76,0,0,0,173.1,0,0,0
1908-05,147.8,0,0,東京都,東京,,0,16.1,0,77,0,0,0,217.6,0,0,0
1908-06,219.0,0,0,東京都,東京,,0,20.9,0,82,0,0,0,168.8,0,0,0
1908-07,152.8,0,0,東京都,東京,,0,22.1,0,83,0,0,0,146.1,0,0,0
1908-08,223.6,0,0,東京都,東京,,0,25.4,0,84,0,0,0,227.0,0,0,0
1908-09,370.6,0,0,東京都,東京,,0,19.4,0,82,0,0,0,118.8,0,0,0
1908-10,116.5,0,0,東京都,東京,,0,16.1,0,77,0,0,0,153.8,0,0,0
1908-11,14.8,0,0,東京都,東京,,0,9.1,0,66,0,0,0,218.1,0,0,0
1908-12,60.8,0,0,東京都,東京,,0,4.6,0,64,0,0,0,195.9,0,0,0
1909-01,103.9,0,0,東京都,東京,,0,2.1,0,68,0,0,0,148.2,0,0,0
1909-02,32.0,0,0,東京都,東京,,0,3.1,0,57,0,0,0,194.5,0,0,0
1909-03,196.6,0,0,東京都,東京,,0,6.3,0,73,0,0,0,136.9,0,0,0
1909-04,140.3,0,0,東京都,東京,,0,13.6,0,73,0,0,0,215.5,0,0,0
1909-05,178.1,0,0,東京都,東京,,0,16.9,0,76,0,0,0,208.3,0,0,0
1909-06,172.6,0,0,東京都,東京,,0,20.2,0,83,0,0,0,103.8,0,0,0
1909-07,118.3,0,0,東京都,東京,,0,24.3,0,83,0,0,0,197.8,0,0,0
1909-08,92.2,0,0,東京都,東京,,0,25.2,0,80,0,0,0,212.2,0,0,0
1909-09,346.5,0,0,東京都,東京,,0,21.8,0,83,0,0,0,130.9,0,0,0
1909-10,57.8,0,0,東京都,東京,,0,14.8,0,76,0,0,0,149.0,0,0,0
1909-11,72.6,0,0,東京都,東京,,0,10.0,0,71,0,0,0,178.8,0,0,0
1909-12,0.8,0,0,東京都,東京,,0,4.6,0,63,0,0,0,209.0,0,0,0
1910-01,119.8,0,0,東京都,東京,,0,4.2,0,75,0,0,0,111.7,0,0,0
1910-02,45.1,0,0,東京都,東京,,0,2.9,0,52,0,0,0,206.5,0,0,0
1910-03,70.2,0,0,東京都,東京,,0,6.1,0,59,0,0,0,184.5,0,0,0
1910-04,79.3,0,0,東京都,東京,,0,12.3,0,71,0,0,0,197.3,0,0,0
1910-05,176.2,0,0,東京都,東京,,0,16.8,0,75,0,0,0,171.0,0,0,0
1910-06,112.6,0,0,東京都,東京,,0,20.7,0,84,0,0,0,127.3,0,0,0
1910-07,147.2,0,0,東京都,東京,,0,23.0,0,86,0,0,0,110.3,0,0,0
1910-08,419.9,0,0,東京都,東京,,0,24.1,0,85,0,0,0,139.3,0,0,0
1910-09,201.4,0,0,東京都,東京,,0,20.9,0,84,0,0,0,107.7,0,0,0
1910-10,307.9,0,0,東京都,東京,,0,16.1,0,83,0,0,0,108.6,0,0,0
1910-11,46.9,0,0,東京都,東京,,0,10.4,0,72,0,0,0,189.4,0,0,0
1910-12,24.2,0,0,東京都,東京,,0,4.3,0,66,0,0,0,194.0,0,0,0
1911-01,97.5,0,0,東京都,東京,,0,2.5,0,65,0,0,0,166.1,0,0,0
1911-02,30.7,0,0,東京都,東京,,0,5.2,0,62,0,0,0,169.3,0,0,0
1911-03,117.6,0,0,東京都,東京,,0,8.2,0,70,0,0,0,152.3,0,0,0
1911-04,130.1,0,0,東京都,東京,,0,13.8,0,69,0,0,0,211.2,0,0,0
1911-05,101.2,0,0,東京都,東京,,0,16.2,0,74,0,0,0,222.1,0,0,0
1911-06,274.5,0,0,東京都,東京,,0,20.8,0,82,0,0,0,130.8,0,0,0
1911-07,304.6,0,0,東京都,東京,,0,24.5,0,83,0,0,0,172.0,0,0,0
1911-08,400.5,0,0,東京都,東京,,0,25.6,0,83,0,0,0,201.7,0,0,0
1911-09,173.5,0,0,東京都,東京,,0,22.6,0,83,0,0,0,146.5,0,0,0
1911-10,150.8,0,0,東京都,東京,,0,15.8,0,77,0,0,0,136.5,0,0,0
1911-11,53.7,0,0,東京都,東京,,0,12.8,0,72,0,0,0,173.8,0,0,0
1911-12,32.2,0,0,東京都,東京,,0,5.0,0,66,0,0,0,172.9,0,0,0
1912-01,49.9,0,0,東京都,東京,,0,3.0,0,58,0,0,0,219.2,0,0,0
1912-02,120.1,0,0,東京都,東京,,0,6.2,0,66,0,0,0,174.6,0,0,0
1912-03,115.6,0,0,東京都,東京,,0,8.1,0,67,0,0,0,166.5,0,0,0
1912-04,142.0,0,0,東京都,東京,,0,13.0,0,69,0,0,0,216.8,0,0,0
1912-05,106.1,0,0,東京都,東京,,0,16.7,0,75,0,0,0,210.6,0,0,0
1912-06,264.1,0,0,東京都,東京,,0,20.1,0,83,0,0,0,162.8,0,0,0
1912-07,152.7,0,0,東京都,東京,,0,24.3,0,84,0,0,0,172.7,0,0,0
1912-08,67.9,0,0,東京都,東京,,0,25.2,0,81,0,0,0,223.7,0,0,0
1912-09,400.7,0,0,東京都,東京,,0,20.2,0,83,0,0,0,78.4,0,0,0
1912-10,107.5,0,0,東京都,東京,,0,15.9,0,79,0,0,0,140.2,0,0,0
1912-11,106.1,0,0,東京都,東京,,0,9.4,0,74,0,0,0,128.5,0,0,0
1912-12,101.6,0,0,東京都,東京,,0,4.7,0,72,0,0,0,133.3,0,0,0
1913-01,61.1,0,0,東京都,東京,,0,1.9,0,63,0,0,0,205.7,0,0,0
1913-02,82.5,0,0,東京都,東京,,0,4.5,0,61,0,0,0,153.1,0,0,0
1913-03,45.1,0,0,東京都,東京,,0,6.2,0,59,0,0,0,216.5,0,0,0
1913-04,68.0,0,0,東京都,東京,,0,13.6,0,75,0,0,0,158.5,0,0,0
1913-05,187.0,0,0,東京都,東京,,0,16.1,0,73,0,0,0,224.8,0,0,0
1913-06,149.4,0,0,東京都,東京,,0,20.3,0,79,0,0,0,156.0,0,0,0
1913-07,88.3,0,0,東京都,東京,,0,23.3,0,84,0,0,0,156.0,0,0,0
1913-08,252.2,0,0,東京都,東京,,0,23.8,0,79,0,0,0,211.2,0,0,0
1913-09,262.3,0,0,東京都,東京,,0,20.0,0,83,0,0,0,138.1,0,0,0
1913-10,244.9,0,0,東京都,東京,,0,15.6,0,81,0,0,0,120.1,0,0,0
1913-11,106.8,0,0,東京都,東京,,0,10.0,0,71,0,0,0,152.1,0,0,0
1913-12,49.4,0,0,東京都,東京,,0,5.2,0,69,0,0,0,201.7,0,0,0
1914-01,23.5,0,0,東京都,東京,,0,4.3,0,61,0,0,0,223.7,0,0,0
1914-02,64.9,0,0,東京都,東京,,0,3.5,0,66,0,0,0,165.6,0,0,0
1914-03,197.0,0,0,東京都,東京,,0,8.8,0,75,0,0,0,148.4,0,0,0
1914-04,178.2,0,0,東京都,東京,,0,11.8,0,68,0,0,0,209.4,0,0,0
1914-05,193.7,0,0,東京都,東京,,0,17.8,0,77,0,0,0,186.7,0,0,0
1914-06,124.7,0,0,東京都,東京,,0,21.5,0,81,0,0,0,172.7,0,0,0
1914-07,26.0,0,0,東京都,東京,,0,25.5,0,78,0,0,0,218.7,0,0,0
1914-08,278.0,0,0,東京都,東京,,0,26.4,0,78,0,0,0,263.2,0,0,0
1914-09,355.4,0,0,東京都,東京,,0,22.5,0,82,0,0,0,169.9,0,0,0
1914-10,151.8,0,0,東京都,東京,,0,16.1,0,76,0,0,0,210.3,0,0,0
1914-11,54.0,0,0,東京都,東京,,0,11.9,0,77,0,0,0,152.6,0,0,0
1914-12,47.2,0,0,東京都,東京,,0,5.8,0,69,0,0,0,193.7,0,0,0
1915-01,94.0,0,0,東京都,東京,,0,3.3,0,66,0,0,0,169.2,0,0,0
1915-02,141.2,0,0,東京都,東京,,0,4.1,0,67,0,0,0,130.8,0,0,0
1915-03,106.3,0,0,東京都,東京,,0,6.6,0,63,0,0,0,217.8,0,0,0
1915-04,211.1,0,0,東京都,東京,,0,11.6,0,76,0,0,0,134.2,0,0,0
1915-05,153.8,0,0,東京都,東京,,0,15.9,0,76,0,0,0,212.8,0,0,0
1915-06,241.6,0,0,東京都,東京,,0,21.9,0,84,0,0,0,169.9,0,0,0
1915-07,19.5,0,0,東京都,東京,,0,24.2,0,80,0,0,0,221.3,0,0,0
1915-08,326.1,0,0,東京都,東京,,0,25.7,0,84,0,0,0,138.5,0,0,0
1915-09,213.0,0,0,東京都,東京,,0,22.7,0,84,0,0,0,132.7,0,0,0
1915-10,317.4,0,0,東京都,東京,,0,17.6,0,80,0,0,0,126.4,0,0,0
1915-11,84.8,0,0,東京都,東京,,0,11.1,0,78,0,0,0,147.9,0,0,0
1915-12,17.9,0,0,東京都,東京,,0,5.6,0,65,0,0,0,206.3,0,0,0
1916-01,27.5,0,0,東京都,東京,,0,5.1,0,65,0,0,0,194.1,0,0,0
1916-02,139.0,0,0,東京都,東京,,0,4.1,0,68,0,0,0,155.4,0,0,0
1916-03,61.1,0,0,東京都,東京,,0,5.8,0,65,0,0,0,178.6,0,2,0
1916-04,113.8,0,0,東京都,東京,,0,12.7,0,72,0,0,0,157.3,0,0,0
1916-05,135.2,0,0,東京都,東京,,0,16.9,0,78,0,0,0,188.6,0,2,0
1916-06,141.1,0,0,東京都,東京,,0,22.7,0,80,0,0,0,201.6,0,0,0
1916-07,319.2,0,0,東京都,東京,,0,23.9,0,84,0,0,0,160.4,0,2,0
1916-08,202.8,0,0,東京都,東京,,0,25.0,0,83,0,0,0,163.4,0,4,0
1916-09,170.6,0,0,東京都,東京,,0,23.7,0,83,0,0,0,170.9,0,4,0
1916-10,301.5,0,0,東京都,東京,,0,15.8,0,84,0,0,0,87.5,0,0,0
1916-11,267.9,0,0,東京都,東京,,0,11.3,0,81,0,0,0,134.5,0,0,0
1916-12,51.1,0,0,東京都,東京,,0,6.8,0,71,0,0,0,157.5,0,0,0
1917-01,33.0,0,0,東京都,東京,,0,2.3,0,59,0,0,0,213.9,0,0,0
1917-02,15.5,0,0,東京都,東京,,0,4.5,0,56,0,0,0,202.3,0,0,0
1917-03,170.2,0,0,東京都,東京,,0,6.5,0,66,0,0,0,187.4,0,1,0
1917-04,80.5,0,0,東京都,東京,,0,12.7,0,69,0,0,0,210.9,0,1,0
1917-05,72.3,0,0,東京都,東京,,0,15.8,0,73,0,0,0,238.3,0,3,0
1917-06,177.4,0,0,東京都,東京,,0,19.6,0,82,0,0,0,152.0,0,1,0
1917-07,17.0,0,0,東京都,東京,,0,25.7,0,79,0,0,0,240.7,0,2,0
1917-08,45.3,0,0,東京都,東京,,0,25.0,0,80,0,0,0,186.8,0,3,0
1917-09,255.4,0,0,東京都,東京,,0,22.0,0,87,0,0,0,85.3,0,1,0
1917-10,355.2,0,0,東京都,東京,,0,16.8,0,82,0,0,0,112.2,0,0,0
1917-11,81.7,0,0,東京都,東京,,0,8.7,0,69,0,0,0,184.9,0,0,0
1917-12,4.4,0,0,東京都,東京,,0,4.0,0,59,0,0,0,231.0,0,0,0
1918-01,10.0,0,0,東京都,東京,,0,1.6,0,55,0,0,0,219.2,0,0,0
1918-02,64.9,0,0,東京都,東京,,0,3.6,0,62,0,0,0,168.1,0,0,0
1918-03,162.9,0,0,東京都,東京,,0,6.7,0,65,0,0,0,202.1,0,1,0
1918-04,107.9,0,0,東京都,東京,,0,11.7,0,73,0,0,0,168.9,0,0,0
1918-05,123.2,0,0,東京都,東京,,0,16.7,0,76,0,0,0,207.9,0,2,0
1918-06,148.8,0,0,東京都,東京,,0,20.1,0,84,0,0,0,119.3,0,0,0
1918-07,82.2,0,0,東京都,東京,,0,26.0,0,82,0,0,0,270.0,0,1,0
1918-08,78.1,0,0,東京都,東京,,0,26.1,0,80,0,0,0,243.4,0,4,0
1918-09,202.5,0,0,東京都,東京,,0,22.6,0,81,0,0,0,185.3,0,2,0
1918-10,134.8,0,0,東京都,東京,,0,16.0,0,83,0,0,0,105.4,0,0,0
1918-11,141.6,0,0,東京都,東京,,0,10.4,0,75,0,0,0,159.2,0,0,0
1918-12,79.6,0,0,東京都,東京,,0,3.9,0,71,0,0,0,158.2,0,0,0
1919-01,85.1,0,0,東京都,東京,,0,2.8,0,64,0,0,0,147.5,0,0,0
1919-02,142.4,0,0,東京都,東京,,0,3.7,0,69,0,0,0,159.5,0,1,0
1919-03,93.0,0,0,東京都,東京,,0,8.3,0,65,0,0,0,190.3,0,1,0
1919-04,53.5,0,0,東京都,東京,,0,13.4,0,68,0,0,0,214.2,0,1,0
1919-05,90.8,0,0,東京都,東京,,0,16.2,0,74,0,0,0,224.4,0,1,0
1919-06,118.6,0,0,東京都,東京,,0,19.8,0,80,0,0,0,151.4,0,2,0
1919-07,177.5,0,0,東京都,東京,,0,23.6,0,82,0,0,0,189.2,0,1,0
1919-08,95.5,0,0,東京都,東京,,0,25.0,0,80,0,0,0,214.0,0,0,0
1919-09,248.4,0,0,東京都,東京,,0,22.7,0,81,0,0,0,165.7,0,3,0
1919-10,162.8,0,0,東京都,東京,,0,16.4,0,82,0,0,0,140.6,0,1,0
1919-11,178.4,0,0,東京都,東京,,0,11.4,0,81,0,0,0,101.6,0,0,0
1919-12,88.2,0,0,東京都,東京,,0,5.3,0,65,0,0,0,194.6,0,0,0
1920-01,62.6,0,0,東京都,東京,,0,4.1,0,63,0,0,0,223.5,0,0,0
1920-02,111.4,0,0,東京都,東京,,0,2.6,0,65,0,0,0,148.7,0,0,0
1920-03,128.3,0,0,東京都,東京,,0,6.6,0,71,0,0,0,157.1,0,0,0
1920-04,194.5,0,0,東京都,東京,,0,12.6,0,73,0,0,0,191.2,0,1,0
1920-05,259.6,0,0,東京都,東京,,0,16.8,0,80,0,0,0,162.4,0,5,0
1920-06,218.9,0,0,東京都,東京,,0,20.3,0,82,0,0,0,134.6,0,1,0
1920-07,117.9,0,0,東京都,東京,,0,26.1,0,79,0,0,0,269.1,0,8,0
1920-08,325.1,0,0,東京都,東京,,0,25.7,0,84,0,0,0,207.3,0,5,0
1920-09,369.8,0,0,東京都,東京,,0,21.4,0,81,0,0,0,153.8,0,1,0
1920-10,240.9,0,0,東京都,東京,,0,16.4,0,78,0,0,0,168.7,0,2,0
1920-11,65.9,0,0,東京都,東京,,0,12.0,0,75,0,0,0,169.7,0,0,0
1920-12,98.8,0,0,東京都,東京,,0,5.2,0,66,0,0,0,185.5,0,0,0
1921-01,56.5,0,0,東京都,東京,,0,4.0,0,64,0,0,0,202.0,0,0,0
1921-02,86.2,0,0,東京都,東京,,0,3.5,0,59,0,0,0,207.1,0,0,0
1921-03,99.3,0,0,東京都,東京,,0,6.2,0,59,0,0,0,209.1,0,1,0
1921-04,136.8,0,0,東京都,東京,,0,13.8,0,73,0,0,0,174.8,0,0,0
1921-05,269.4,0,0,東京都,東京,,0,16.4,0,78,0,0,0,180.0,0,2,0
1921-06,206.5,0,0,東京都,東京,,0,18.8,0,83,0,0,0,109.1,0,0,0
1921-07,209.0,0,0,東京都,東京,,0,24.3,0,83,0,0,0,201.1,0,2,0
1921-08,154.7,0,0,東京都,東京,,0,25.3,0,84,0,0,0,211.0,0,2,0
1921-09,448.8,0,0,東京都,東京,,0,21.3,0,86,0,0,0,118.4,0,4,0
1921-10,306.4,0,0,東京都,東京,,0,15.4,0,82,0,0,0,138.9,0,1,0
1921-11,4.6,0,0,東京都,東京,,0,9.3,0,67,0,0,0,232.2,0,1,0
1921-12,47.0,0,0,東京都,東京,,0,5.0,0,64,0,0,0,185.5,0,0,0
1922-01,60.5,0,0,東京都,東京,,0,0.6,0,60,0,0,0,194.1,0,0,0
1922-02,226.9,0,0,東京都,東京,,0,7.0,0,71,0,0,0,157.6,0,0,0
1922-03,104.7,0,0,東京都,東京,,0,6.6,0,63,0,0,0,236.7,0,2,0
1922-04,180.1,0,0,東京都,東京,,0,13.3,0,71,0,0,0,209.0,0,1,0
1922-05,96.7,0,0,東京都,東京,,0,16.8,0,77,0,0,0,186.9,0,0,0
1922-06,139.9,0,0,東京都,東京,,0,21.7,0,78,0,0,0,230.8,0,0,0
1922-07,115.3,0,0,東京都,東京,,0,25.0,0,82,0,0,0,177.4,0,4,0
1922-08,199.3,0,0,東京都,東京,,0,27.3,0,80,0,0,0,263.6,0,1,0
1922-09,45.1,0,0,東京都,東京,,0,23.4,0,79,0,0,0,185.0,0,0,0
1922-10,168.9,0,0,東京都,東京,,0,16.8,0,77,0,0,0,197.7,0,1,0
1922-11,63.6,0,0,東京都,東京,,0,10.8,0,74,0,0,0,159.9,0,1,0
1922-12,10.2,0,0,東京都,東京,,0,4.0,0,58,0,0,0,224.4,0,0,0
1923-01,64.2,0,0,東京都,東京,,0,1.7,0,65,0,0,0,183.7,0,1,0
1923-02,119.8,0,0,東京都,東京,,0,3.0,0,68,0,0,0,118.5,0,0,0
1923-03,107.5,0,0,東京都,東京,,0,7.9,0,70,0,0,0,189.2,0,0,0
1923-04,116.1,0,0,東京都,東京,,0,12.0,0,74,0,0,0,155.1,0,0,0
1923-05,192.4,0,0,東京都,東京,,0,16.8,0,81,0,0,0,127.5,0,1,0
1923-06,280.9,0,0,東京都,東京,,0,20.4,0,83,0,0,0,121.0,0,0,0
1923-07,168.2,0,0,東京都,東京,,0,24.0,0,84,0,0,0,139.0,0,1,0
1923-08,42.2,0,0,東京都,東京,,0,27.2,0,79,0,0,0,232.3,0,8,0
1923-09,259.4,0,0,東京都,東京,,0,23.4,0,80,0,0,0,133.2,0,2,0
1923-10,164.0,0,0,東京都,東京,,0,16.8,0,81,0,0,0,147.2,0,1,0
1923-11,138.1,0,0,東京都,東京,,0,12.0,0,75,0,0,0,150.9,0,0,0
1923-12,44.6,0,0,東京都,東京,,0,5.6,0,76,0,0,0,156.1,0,1,0
1924-01,8.7,0,0,東京都,東京,,0,2.7,0,66,0,0,0,201.6,0,0,0
1924-02,68.4,0,0,東京都,東京,,0,4.5,0,64,0,0,0,177.7,0,0,0
1924-03,64.2,0,0,東京都,東京,,0,5.0,0,59,0,0,0,220.0,0,1,0
1924-04,170.8,0,0,東京都,東京,,0,14.7,0,75,0,0,0,165.1,0,0,0
1924-05,168.3,0,0,東京都,東京,,0,16.9,0,72,0,0,0,212.6,0,2,0
1924-06,114.2,0,0,東京都,東京,,0,19.4,0,81,0,0,0,125.9,0,2,0
1924-07,12.9,0,0,東京都,東京,,0,26.1,0,78,0,0,0,258.6,0,1,0
1924-08,185.9,0,0,東京都,東京,,0,26.2,0,78,0,0,0,213.4,0,2,0
1924-09,363.2,0,0,東京都,東京,,0,21.8,0,80,0,0,0,140.1,0,2,0
1924-10,260.8,0,0,東京都,東京,,0,15.4,0,78,0,0,0,127.1,0,1,0
1924-11,28.4,0,0,東京都,東京,,0,9.9,0,70,0,0,0,201.8,0,0,0
1924-12,29.5,0,0,東京都,東京,,0,5.2,0,67,0,0,0,165.5,0,0,0
1925-01,43.1,0,0,東京都,東京,,0,2.9,0,63,0,0,0,184.1,0,0,0
1925-02,53.5,0,0,東京都,東京,,0,2.4,0,64,0,0,0,157.9,0,0,0
1925-03,33.0,0,0,東京都,東京,,0,6.2,0,58,0,0,0,229.2,0,0,0
1925-04,131.6,0,0,東京都,東京,,0,11.9,0,70,0,0,0,167.3,0,0,0
1925-05,109.0,0,0,東京都,東京,,0,16.1,0,77,0,0,0,180.9,0,0,0
1925-06,105.3,0,0,東京都,東京,,0,20.1,0,80,0,0,0,143.7,0,1,0
1925-07,128.5,0,0,東京都,東京,,0,23.2,0,82,0,0,0,195.7,0,1,0
1925-08,360.5,0,0,東京都,東京,,0,25.7,0,85,0,0,0,196.1,0,1,0
1925-09,359.4,0,0,東京都,東京,,0,22.9,0,85,0,0,0,160.8,0,0,0
1925-10,239.6,0,0,東京都,東京,,0,16.3,0,81,0,0,0,132.6,0,0,0
1925-11,100.7,0,0,東京都,東京,,0,11.4,0,75,0,0,0,155.5,0,0,0
1925-12,48.3,0,0,東京都,東京,,0,6.8,0,71,0,0,0,199.0,0,0,0
1926-01,7.3,0,0,東京都,東京,,0,3.1,0,62,0,0,0,191.2,0,0,0
1926-02,50.0,0,0,東京都,東京,,0,4.6,0,62,0,0,0,167.7,0,0,0
1926-03,70.6,0,0,東京都,東京,,0,6.3,0,66,0,0,0,195.8,0,0,0
1926-04,101.4,0,0,東京都,東京,,0,11.1,0,66,0,0,0,220.9,0,1,0
1926-05,235.5,0,0,東京都,東京,,0,16.3,0,77,0,0,0,168.8,0,1,0
1926-06,134.4,0,0,東京都,東京,,0,19.0,0,77,0,0,0,196.1,0,1,0
1926-07,60.8,0,0,東京都,東京,,0,24.6,0,78,0,0,0,202.2,0,2,0
1926-08,84.2,0,0,東京都,東京,,0,26.3,0,78,0,0,0,201.0,0,2,0
1926-09,182.4,0,0,東京都,東京,,0,23.2,0,79,0,0,0,140.6,0,2,0
1926-10,95.2,0,0,東京都,東京,,0,15.0,0,73,0,0,0,173.8,0,0,0
1926-11,41.3,0,0,東京都,東京,,0,9.8,0,64,0,0,0,195.8,0,0,0
1926-12,113.7,0,0,東京都,東京,,0,4.1,0,68,0,0,0,159.7,0,1,0
1927-01,20.3,0,0,東京都,東京,,0,2.7,0,62,0,0,0,188.7,0,0,0
1927-02,42.7,0,0,東京都,東京,,0,2.1,0,64,0,0,0,153.9,0,0,0
1927-03,207.0,0,0,東京都,東京,,0,6.3,0,68,0,0,0,167.6,0,0,0
1927-04,112.3,0,0,東京都,東京,,0,13.5,0,73,0,0,0,194.8,0,1,0
1927-05,194.8,0,0,東京都,東京,,0,17.1,0,74,0,0,0,221.9,0,2,0
1927-06,120.8,0,0,東京都,東京,,0,20.5,0,78,0,0,0,183.9,0,0,0
1927-07,116.7,0,0,東京都,東京,,0,26.0,0,81,0,0,0,203.7,0,4,0
1927-08,107.3,0,0,東京都,東京,,0,26.6,0,78,0,0,0,224.4,0,6,0
1927-09,345.0,0,0,東京都,東京,,0,21.2,0,82,0,0,0,124.8,0,2,0
1927-10,80.1,0,0,東京都,東京,,0,16.7,0,78,0,0,0,150.2,0,0,0
1927-11,71.5,0,0,東京都,東京,,0,11.2,0,75,0,0,0,171.0,0,1,0
1927-12,26.4,0,0,東京都,東京,,0,5.5,0,71,0,0,0,160.3,0,0,0
1928-01,71.7,0,0,東京都,東京,,0,3.6,0,67,0,0,0,163.8,0,0,0
1928-02,91.0,0,0,東京都,東京,,0,3.3,0,62,0,0,0,202.4,0,0,0
1928-03,158.2,0,0,東京都,東京,,0,6.9,0,66,0,0,0,199.7,0,1,0
1928-04,169.8,0,0,東京都,東京,,0,12.5,0,74,0,0,0,218.8,0,0,0
1928-05,117.9,0,0,東京都,東京,,0,17.8,0,79,0,0,0,184.7,0,1,0
1928-06,320.8,0,0,東京都,東京,,0,20.3,0,84,0,0,0,105.4,0,0,0
1928-07,127.4,0,0,東京都,東京,,0,23.4,0,85,0,0,0,144.4,0,2,0
1928-08,247.3,0,0,東京都,東京,,0,24.1,0,87,0,0,0,115.0,0,3,0
1928-09,83.7,0,0,東京都,東京,,0,23.9,0,82,0,0,0,187.2,0,2,0
1928-10,265.9,0,0,東京都,東京,,0,16.7,0,82,0,0,0,115.6,0,0,0
1928-11,64.1,0,0,東京都,東京,,0,11.7,0,76,0,0,0,128.6,0,0,0
1928-12,32.6,0,0,東京都,東京,,0,5.4,0,65,0,0,0,146.7,0,0,0
1929-01,1.7,0,0,東京都,東京,,0,2.6,0,52,0,0,0,201.2,0,0,0
1929-02,2.9,0,0,東京都,東京,,0,2.9,0,56,0,0,0,208.9,0,0,0
1929-03,50.1,0,0,東京都,東京,,0,7.1,0,51,0,0,0,211.3,0,1,0
1929-04,134.8,0,0,東京都,東京,,0,12.6,0,69,0,0,0,187.7,0,0,0
1929-05,255.3,0,0,東京都,東京,,0,15.9,0,77,0,0,0,146.3,0,3,0
1929-06,115.7,0,0,東京都,東京,,0,20.6,0,76,0,0,0,189.6,0,1,0
1929-07,58.4,0,0,東京都,東京,,0,25.9,0,78,0,0,0,226.8,0,1,0
1929-08,63.6,0,0,東京都,東京,,0,27.1,0,75,0,0,0,240.2,0,3,0
1929-09,544.1,0,0,東京都,東京,,0,20.5,0,82,0,0,0,109.1,0,0,0
1929-10,323.1,0,0,東京都,東京,,0,16.5,0,79,0,0,0,110.5,0,1,0
1929-11,203.7,0,0,東京都,東京,,0,11.0,0,78,0,0,0,103.1,0,0,0
1929-12,155.7,0,0,東京都,東京,,0,8.6,0,74,0,0,0,117.3,0,0,0
1930-01,41.4,0,0,東京都,東京,,0,3.8,0,63,0,0,0,174.2,0,0,0
1930-02,108.3,0,0,東京都,東京,,0,5.4,0,64,0,0,0,150.8,0,0,0
1930-03,162.1,0,0,東京都,東京,,0,8.8,0,72,0,0,0,143.1,0,0,0
1930-04,149.0,0,0,東京都,東京,,0,14.0,0,73,0,0,0,166.1,0,0,0
1930-05,105.2,0,0,東京都,東京,,0,17.7,0,73,0,0,0,186.7,0,0,0
1930-06,123.2,0,0,東京都,東京,,0,21.4,0,79,0,0,0,147.5,0,0,0
1930-07,139.3,0,0,東京都,東京,,0,26.3,0,82,0,0,0,162.6,0,1,0
1930-08,51.5,0,0,東京都,東京,,0,26.8,0,79,0,0,0,211.0,0,0,0
1930-09,191.9,0,0,東京都,東京,,0,21.5,0,77,0,0,0,193.6,0,2,0
1930-10,255.6,0,0,東京都,東京,,0,16.7,0,77,0,0,0,144.0,0,3,0
1930-11,77.7,0,0,東京都,東京,,0,10.3,0,72,0,0,0,170.1,0,0,0
1930-12,71.0,0,0,東京都,東京,,0,5.2,0,73,0,0,0,150.4,0,0,0
1931-01,73.0,0,0,東京都,東京,,0,2.9,0,65,5.4,4.9,0,149.5,7,0,3
1931-02,85.3,0,0,東京都,東京,,0,2.5,0,71,7.5,5.2,0,88.9,12,0,1
1931-03,83.0,0,0,東京都,東京,,0,7.9,0,59,4.9,6.4,0,212.5,0,0,2
1931-04,69.7,0,0,東京都,東京,,0,12.4,0,65,6.7,9.6,0,179.9,0,1,3
1931-05,244.2,0,0,東京都,東京,,0,16.3,0,71,6.3,12.9,0,244.5,0,1,0
1931-06,114.9,0,0,東京都,東京,,0,20.4,0,78,8.3,18.3,0,181.7,0,2,0
1931-07,193.6,0,0,東京都,東京,,0,21.8,0,84,9.0,21.6,0,106.5,0,3,3
1931-08,49.0,0,0,東京都,東京,,0,26.4,0,78,6.4,26.4,0,267.2,0,1,2
1931-09,228.0,0,0,東京都,東京,,0,22.5,0,80,8.2,21.6,0,118.3,0,1,2
1931-10,249.1,0,0,東京都,東京,,0,16.3,0,79,6.8,14.7,0,137.3,0,0,5
1931-11,107.6,0,0,東京都,東京,,0,11.5,0,74,6.7,9.9,0,132.8,1,0,7
1931-12,67.1,0,0,東京都,東京,,0,6.9,0,70,5.8,6.9,0,135.8,2,0,11
1932-01,38.7,0,0,東京都,東京,,0,5.9,0,68,4.1,6.3,0,192.8,1,0,10
1932-02,61.2,0,0,東京都,東京,,0,4.3,0,59,4.8,4.8,0,187.9,4,0,0
1932-03,108.0,0,0,東京都,東京,,0,6.9,0,64,5.7,6.4,0,212.8,3,0,4
1932-04,156.5,0,0,東京都,東京,,0,12.3,0,68,6.4,9.6,0,189.3,0,0,3
1932-05,63.8,0,0,東京都,東京,,0,18.0,0,70,6.2,14.1,0,233.1,0,0,1
1932-06,187.4,0,0,東京都,東京,,0,19.8,0,80,9.0,18.4,0,111.2,0,1,0
1932-07,115.5,0,0,東京都,東京,,0,25.7,0,82,7.4,26.4,0,187.1,0,3,4
1932-08,86.8,0,0,東京都,東京,,0,26.7,0,79,7.0,26.9,0,205.3,0,0,3
1932-09,363.1,0,0,東京都,東京,,0,21.8,0,84,8.4,21.9,0,110.5,0,1,9
1932-10,153.9,0,0,東京都,東京,,0,16.5,0,77,7.7,14.1,0,131.3,0,0,11
1932-11,267.7,0,0,東京都,東京,,0,10.9,0,74,6.1,9.7,0,123.6,1,1,13
1932-12,87.4,0,0,東京都,東京,,0,6.0,0,69,5.0,6.5,0,148.4,0,0,11
1933-01,58.4,0,0,東京都,東京,,0,3.2,0,64,5.9,4.9,0,141.9,7,0,7
1933-02,18.7,0,0,東京都,東京,,0,3.6,0,60,4.9,4.7,0,172.6,6,0,5
1933-03,133.9,0,0,東京都,東京,,0,5.8,0,70,7.3,6.5,0,127.6,5,0,4
1933-04,135.4,0,0,東京都,東京,,0,12.3,0,75,8.3,10.7,0,104.3,0,1,2
1933-05,60.3,0,0,東京都,東京,,0,18.1,0,74,7.0,15.1,0,219.6,0,2,2
1933-06,34.1,0,0,東京都,東京,,0,21.9,0,76,7.7,19.7,0,185.6,0,2,0
1933-07,44.2,0,0,東京都,東京,,0,26.6,0,78,7.9,26.4,0,215.1,0,5,0
1933-08,43.2,0,0,東京都,東京,,0,27.5,0,78,6.6,27.9,0,218.4,0,0,1
1933-09,42.7,0,0,東京都,東京,,0,23.1,0,72,6.1,20.1,0,206.7,0,0,0
1933-10,301.9,0,0,東京都,東京,,0,16.8,0,76,7.1,14.3,0,147.9,0,1,0
1933-11,84.1,0,0,東京都,東京,,0,11.2,0,73,5.7,9.6,0,148.0,0,0,8
1933-12,54.4,0,0,東京都,東京,,0,6.2,0,68,3.6,6.4,0,193.3,0,0,4
1934-01,18.4,0,0,東京都,東京,,0,2.5,0,59,3.3,4.1,0,213.1,3,0,1
1934-02,28.3,0,0,東京都,東京,,0,4.0,0,57,3.5,4.5,0,199.2,2,0,3
1934-03,68.3,0,0,東京都,東京,,0,6.1,0,63,5.4,6.0,0,202.8,5,0,3
1934-04,150.0,0,0,東京都,東京,,0,11.5,0,71,8.1,9.7,0,166.0,0,0,1
1934-05,83.9,0,0,東京都,東京,,0,17.8,0,73,6.6,14.7,0,226.8,0,4,1
1934-06,133.5,0,0,東京都,東京,,0,22.0,0,76,8.2,19.7,0,186.7,0,1,0
1934-07,111.1,0,0,東京都,東京,,0,23.9,0,84,9.0,24.5,0,105.0,0,2,4
1934-08,23.4,0,0,東京都,東京,,0,26.1,0,79,7.8,26.5,0,184.3,0,2,2
1934-09,200.6,0,0,東京都,東京,,0,21.6,0,84,9.1,21.5,0,74.4,0,0,4
1934-10,196.1,0,0,東京都,東京,,0,14.6,0,79,7.5,12.9,0,112.2,0,0,3
1934-11,141.5,0,0,東京都,東京,,0,10.8,0,69,5.7,8.9,0,156.1,0,0,3
1934-12,91.6,0,0,東京都,東京,,0,5.9,0,66,6.3,6.1,0,131.2,3,0,10
1935-01,58.6,0,0,東京都,東京,,0,3.7,0,63,3.8,4.9,0,193.7,2,0,6
1935-02,110.7,0,0,東京都,東京,,0,4.8,0,68,5.9,5.7,0,143.7,2,0,7
1935-03,115.9,0,0,東京都,東京,,0,7.1,0,62,5.6,6.3,0,193.4,4,0,2
1935-04,142.2,0,0,東京都,東京,,0,12.5,0,69,6.6,10.1,0,182.1,1,1,2
1935-05,84.2,0,0,東京都,東京,,0,16.7,0,70,7.8,13.2,0,200.0,0,3,0
1935-06,131.3,0,0,東京都,東京,,0,21.5,0,74,7.4,18.9,0,189.0,0,1,2
1935-07,99.1,0,0,東京都,東京,,0,24.3,0,78,8.3,23.5,0,181.3,0,1,4
1935-08,196.6,0,0,東京都,東京,,0,24.8,0,81,7.5,25.2,0,172.4,0,3,0
1935-09,369.3,0,0,東京都,東京,,0,20.8,0,83,8.6,20.3,0,100.1,0,1,10
1935-10,214.4,0,0,東京都,東京,,0,17.1,0,75,6.3,14.5,0,163.0,0,2,3
1935-11,74.7,0,0,東京都,東京,,0,10.7,0,71,6.3,8.9,0,146.2,0,0,4
1935-12,59.8,0,0,東京都,東京,,0,5.5,0,69,5.4,6.1,0,141.0,3,2,7
1936-01,32.1,0,0,東京都,東京,,0,2.0,0,57,3.8,4.0,0,212.6,4,0,7
1936-02,129.0,0,0,東京都,東京,,0,2.5,0,60,6.3,4.3,0,158.5,9,0,3
1936-03,41.4,0,0,東京都,東京,,0,6.1,0,63,6.0,6.1,0,201.3,5,0,4
1936-04,198.9,0,0,東京都,東京,,0,12.0,0,68,7.4,9.6,0,154.1,0,1,1
1936-05,169.1,0,0,東京都,東京,,0,16.4,0,75,7.7,13.7,0,156.2,0,0,2
1936-06,120.4,0,0,東京都,東京,,0,21.4,0,78,7.1,19.7,0,202.3,0,2,2
1936-07,246.3,0,0,東京都,東京,,0,24.9,0,79,7.4,24.5,0,218.0,0,2,2
1936-08,92.5,0,0,東京都,東京,,0,26.5,0,77,7.5,26.0,0,208.8,0,3,4
1936-09,232.0,0,0,東京都,東京,,0,24.2,0,79,6.7,23.6,0,170.4,0,4,3
1936-10,252.8,0,0,東京都,東京,,0,16.0,0,74,6.5,13.3,0,123.3,0,0,7
1936-11,60.1,0,0,東京都,東京,,0,11.2,0,69,6.4,9.1,0,136.6,0,0,4
1936-12,53.0,0,0,東京都,東京,,0,6.2,0,70,5.1,6.8,0,143.9,2,0,8
1937-01,78.1,0,0,東京都,東京,,0,4.6,0,65,6.0,5.6,0,142.2,6,0,13
1937-02,144.9,0,0,東京都,東京,,0,5.7,0,70,6.6,6.4,0,132.7,5,0,7
1937-03,145.7,0,0,東京都,東京,,0,8.1,0,63,6.7,6.9,0,168.2,2,0,3
1937-04,126.5,0,0,東京都,東京,,0,12.8,0,68,7.1,10.1,0,189.7,0,0,1
1937-05,124.5,0,0,東京都,東京,,0,17.6,0,71,7.0,13.9,0,200.4,0,0,0
1937-06,131.4,0,0,東京都,東京,,0,19.6,0,77,7.7,17.1,0,156.2,0,1,3
1937-07,48.6,0,0,東京都,東京,,0,26.3,0,80,8.5,26.8,0,227.6,0,1,4
1937-08,10.8,0,0,東京都,東京,,0,28.2,0,73,5.0,27.2,0,284.9,0,4,3
1937-09,181.6,0,0,東京都,東京,,0,22.7,0,76,7.4,20.5,0,171.5,0,2,1
1937-10,192.2,0,0,東京都,東京,,0,16.3,0,78,6.9,14.4,0,132.3,0,0,6
1937-11,95.4,0,0,東京都,東京,,0,11.2,0,74,6.2,10.0,0,137.9,0,0,7
1937-12,79.3,0,0,東京都,東京,,0,5.2,0,59,3.1,5.2,0,222.1,2,0,13
1938-01,32.0,0,0,東京都,東京,,0,2.7,0,59,3.7,4.3,0,198.1,2,0,11
1938-02,65.5,0,0,東京都,東京,,0,3.4,0,56,4.0,4.3,0,206.6,4,0,4
1938-03,92.0,0,0,東京都,東京,,0,8.8,0,73,7.6,8.5,0,134.6,5,1,3
1938-04,96.4,0,0,東京都,東京,,0,13.2,0,65,5.9,9.7,0,213.0,0,1,2
1938-05,127.5,0,0,東京都,東京,,0,18.7,0,77,8.2,16.4,0,180.2,0,0,7
1938-06,649.0,0,0,東京都,東京,,0,20.8,0,82,8.6,19.7,0,130.1,0,1,8
1938-07,255.1,0,0,東京都,東京,,0,25.0,0,80,8.4,25.1,0,170.4,0,2,7
1938-08,191.9,0,0,東京都,東京,,0,26.0,0,81,7.7,26.7,0,181.9,0,3,3
1938-09,265.2,0,0,東京都,東京,,0,22.4,0,78,7.7,21.1,0,138.1,0,2,4
1938-10,351.5,0,0,東京都,東京,,0,16.7,0,78,7.2,14.8,0,142.6,0,0,4
1938-11,21.0,0,0,東京都,東京,,0,10.8,0,66,4.9,8.5,0,183.4,0,0,12
1938-12,82.5,0,0,東京都,東京,,0,5.9,0,64,4.4,5.9,0,167.7,0,0,13
1939-01,35.1,0,0,東京都,東京,,0,2.4,0,54,3.6,3.9,0,199.9,3,0,6
1939-02,52.7,0,0,東京都,東京,,0,4.1,0,55,4.8,4.5,0,184.4,3,0,4
1939-03,98.3,0,0,東京都,東京,,0,7.4,0,59,5.4,6.1,0,217.1,3,0,3
1939-04,211.3,0,0,東京都,東京,,0,12.8,0,71,6.7,10.3,0,186.4,1,1,5
1939-05,139.1,0,0,東京都,東京,,0,17.0,0,72,6.9,13.7,0,211.6,0,1,3
1939-06,235.4,0,0,東京都,東京,,0,20.7,0,79,7.3,18.7,0,184.9,0,0,4
1939-07,172.2,0,0,東京都,東京,,0,26.5,0,78,6.7,26.5,0,246.3,0,4,1
1939-08,293.5,0,0,東京都,東京,,0,25.8,0,81,6.5,26.3,0,226.8,0,6,5
1939-09,266.7,0,0,東京都,東京,,0,23.7,0,79,6.9,22.7,0,160.9,0,5,6
1939-10,182.1,0,0,東京都,東京,,0,17.9,0,78,6.7,15.9,0,136.5,0,0,5
1939-11,53.8,0,0,東京都,東京,,0,12.3,0,73,5.7,10.5,0,136.7,0,0,1
1939-12,9.8,0,0,東京都,東京,,0,5.4,0,67,3.4,5.9,0,173.0,1,0,10
1940-01,0.0,0,0,東京都,東京,,0,2.7,0,53,2.5,3.9,0,226.1,3,0,1
1940-02,53.9,0,0,東京都,東京,,0,3.7,0,54,4.3,4.3,0,188.5,4,0,0
1940-03,65.2,0,0,東京都,東京,,0,8.2,0,59,4.9,6.3,0,228.6,4,1,0
1940-04,163.4,0,0,東京都,東京,,0,13.1,0,68,5.4,10.1,0,219.2,0,0,2
1940-05,54.3,0,0,東京都,東京,,0,17.7,0,70,5.5,13.6,0,269.5,0,1,0
1940-06,185.7,0,0,東京都,東京,,0,22.1,0,76,6.6,19.6,0,233.4,0,3,1
1940-07,28.4,0,0,東京都,東京,,0,26.9,0,75,7.3,25.9,0,267.2,0,1,1
1940-08,187.0,0,0,東京都,東京,,0,24.9,0,81,7.1,24.5,0,198.7,0,2,4
1940-09,191.5,0,0,東京都,東京,,0,21.7,0,79,7.5,20.4,0,158.6,0,0,2
1940-10,72.3,0,0,東京都,東京,,0,17.8,0,76,7.3,15.1,0,160.5,0,0,0
1940-11,65.8,0,0,東京都,東京,,0,12.3,0,76,6.2,10.9,0,118.1,0,0,3
1940-12,26.9,0,0,東京都,東京,,0,6.2,0,67,3.8,6.3,0,174.4,1,0,9
1941-01,51.7,0,0,東京都,東京,,0,4.8,0,64,3.7,5.3,0,199.3,4,1,2
1941-02,64.5,0,0,東京都,東京,,0,5.0,0,58,5.4,5.1,0,185.9,2,0,2
1941-03,157.0,0,0,東京都,東京,,0,8.2,0,66,6.3,7.1,0,166.3,2,0,1
1941-04,75.1,0,0,東京都,東京,,0,12.7,0,71,6.8,10.3,0,185.1,0,0,3
1941-05,206.9,0,0,東京都,東京,,0,17.6,0,74,8.1,14.5,0,190.6,0,1,4
1941-06,209.6,0,0,東京都,東京,,0,20.8,0,81,8.3,19.5,0,118.7,0,0,4
1941-07,673.7,0,0,東京都,東京,,0,23.7,0,84,8.4,24.1,0,122.9,0,1,2
1941-08,181.5,0,0,東京都,東京,,0,25.4,0,83,7.6,26.1,0,146.6,0,1,4
1941-09,218.6,0,0,東京都,東京,,0,20.6,0,83,8.7,19.7,0,104.5,0,0,7
1941-10,54.6,0,0,東京都,東京,,0,17.3,0,73,5.9,14.3,0,193.6,0,0,3
1941-11,165.6,0,0,東京都,東京,,0,11.7,0,75,6.8,10.4,0,98.2,1,0,3
1941-12,96.4,0,0,東京都,東京,,0,6.9,0,69,5.3,6.8,0,145.6,2,0,3
1942-01,5.9,0,0,東京都,東京,,0,2.9,0,60,2.6,4.3,0,217.3,2,0,6
1942-02,75.7,0,0,東京都,東京,,0,2.6,0,65,6.5,4.7,0,139.5,8,0,3
1942-03,113.6,0,0,東京都,東京,,0,10.3,0,67,6.7,8.5,0,177.1,1,0,6
1942-04,155.0,0,0,東京都,東京,,0,13.6,0,64,5.6,10.0,0,208.6,1,0,2
1942-05,132.6,0,0,東京都,東京,,0,17.3,0,72,6.6,14.0,0,200.9,0,1,0
1942-06,171.9,0,0,東京都,東京,,0,22.2,0,77,8.4,20.4,0,139.5,0,1,3
1942-07,8.6,0,0,東京都,東京,,0,27.5,0,77,6.5,27.5,0,215.4,0,3,1
1942-08,277.3,0,0,東京都,東京,,0,27.0,0,77,6.8,26.8,0,210.7,0,3,1
1942-09,278.0,0,0,東京都,東京,,0,24.9,0,77,8.0,23.7,0,158.0,0,2,1
1942-10,147.4,0,0,東京都,東京,,0,16.4,0,72,5.8,13.3,0,184.5,0,1,3
1942-11,81.6,0,0,東京都,東京,,0,10.1,0,68,4.1,8.3,0,178.6,0,0,5
1942-12,21.9,0,0,東京都,東京,,0,5.4,0,63,4.1,5.9,0,188.2,0,0,6
1943-01,61.9,0,0,東京都,東京,,0,2.4,0,57,2.3,4.0,0,220.4,2,0,1
1943-02,91.2,0,0,東京都,東京,,0,4.0,0,55,3.8,4.5,0,203.4,2,0,2
1943-03,31.4,0,0,東京都,東京,,0,6.8,0,58,5.8,5.9,0,191.0,5,0,0
1943-04,120.3,0,0,東京都,東京,,0,11.8,0,67,5.7,9.1,0,208.4,2,0,1
1943-05,131.5,0,0,東京都,東京,,0,17.8,0,73,6.3,14.3,0,193.9,0,1,2
1943-06,125.2,0,0,東京都,東京,,0,21.5,0,76,7.7,19.3,0,122.4,0,0,1
1943-07,134.9,0,0,東京都,東京,,0,25.1,0,79,7.0,24.5,0,213.3,0,0,0
1943-08,109.0,0,0,東京都,東京,,0,27.4,0,78,5.5,27.2,0,235.2,0,3,2
1943-09,186.3,0,0,東京都,東京,,0,24.4,0,79,8.3,23.9,0,125.0,0,4,2
1943-10,363.4,0,0,東京都,東京,,0,17.2,0,78,6.6,15.2,0,131.9,0,2,2
1943-11,22.5,0,0,東京都,東京,,0,10.8,0,71,5.4,9.1,0,162.0,0,0,4
1943-12,13.7,0,0,東京都,東京,,0,5.7,0,64,4.0,5.9,0,170.1,0,0,3
1944-01,12.3,0,0,東京都,東京,,0,3.0,0,54,3.9,4.3,0,172.2,2,0,1
1944-02,27.7,0,0,東京都,東京,,0,3.2,0,56,4.3,4.4,0,188.0,6,0,5
1944-03,118.1,0,0,東京都,東京,,0,5.6,0,67,6.2,5.9,0,162.4,6,1,3
1944-04,188.8,0,0,東京都,東京,,0,10.6,0,68,6.1,8.5,0,170.7,0,1,3
1944-05,69.4,0,0,東京都,東京,,0,17.7,0,75,7.7,14.8,0,183.6,0,0,2
1944-06,93.0,0,0,東京都,東京,,0,22.3,0,78,7.2,20.5,0,191.5,0,1,5
1944-07,118.7,0,0,東京都,東京,,0,25.6,0,80,7.3,25.5,0,195.2,0,4,2
1944-08,53.2,0,0,東京都,東京,,0,27.5,0,78,5.8,27.5,0,242.0,0,2,0
1944-09,76.9,0,0,東京都,東京,,0,23.2,0,76,6.7,20.9,0,161.5,0,2,2
1944-10,418.8,0,0,東京都,東京,,0,16.3,0,80,7.6,14.8,0,112.8,0,0,6
1944-11,129.2,0,0,東京都,東京,,0,10.9,0,76,6.5,9.7,0,144.7,0,1,4
1944-12,22.7,0,0,東京都,東京,,0,4.3,0,66,4.7,5.5,0,189.7,3,0,3
1945-01,2.1,0,0,東京都,東京,,0,1.1,0,60,3.5,3.7,0,204.9,8,0,2
1945-02,100.3,0,0,東京都,東京,,0,1.6,0,57,4.7,3.7,0,193.0,7,0,2
1945-03,57.0,0,0,東京都,東京,,0,6.6,0,64,5.9,6.4,0,189.1,2,0,4
1945-04,94.0,0,0,東京都,東京,,0,13.5,0,66,5.9,10.0,0,210.7,0,1,6
1945-05,130.9,0,0,東京都,東京,,0,15.6,0,75,6.9,12.9,0,184.0,0,1,1
1945-06,89.1,0,0,東京都,東京,,0,20.4,0,81,8.5,19.1,0,129.5,0,2,4
1945-07,208.5,0,0,東京都,東京,,0,22.0,0,81,8.6,20.9,0,149.9,0,1,3
1945-08,126.8,0,0,東京都,東京,,0,26.7,0,80,5.6,26.7,0,248.1,0,2,2
1945-09,118.4,0,0,東京都,東京,,0,22.4,0,79,7.8,21.1,0,122.8,0,0,1
1945-10,530.8,0,0,東京都,東京,,0,16.8,0,83,6.7,16.0,0,127.6,0,2,2
1945-11,120.8,0,0,東京都,東京,,0,11.3,0,73,4.9,9.6,0,186.4,0,0,2
1945-12,37.2,0,0,東京都,東京,,0,4.8,0,64,3.0,5.6,0,220.7,1,0,1
1946-01,33.4,0,0,東京都,東京,,0,3.5,0,63,3.8,4.9,0,193.1,1,0,2
1946-02,95.4,0,0,東京都,東京,,0,4.2,0,60,5.2,4.9,0,164.1,8,0,1
1946-03,103.7,0,0,東京都,東京,,0,6.2,0,67,6.6,6.4,0,163.0,9,0,6
1946-04,118.8,0,0,東京都,東京,,0,14.3,0,70,6.1,11.2,0,210.1,0,0,3
1946-05,113.3,0,0,東京都,東京,,0,16.9,0,76,8.6,14.1,0,141.6,0,1,2
1946-06,59.7,0,0,東京都,東京,,0,23.3,0,76,7.5,21.1,0,232.4,0,1,2
1946-07,127.0,0,0,東京都,東京,,0,26.2,0,81,6.7,26.4,0,214.0,0,3,1
1946-08,56.2,0,0,東京都,東京,,0,26.7,0,81,6.9,27.2,0,230.6,0,2,2
1946-09,145.5,0,0,東京都,東京,,0,23.1,0,77,7.4,20.8,0,167.0,0,2,0
1946-10,234.3,0,0,東京都,東京,,0,17.3,0,78,6.6,15.3,0,166.9,0,0,4
1946-11,113.1,0,0,東京都,東京,,0,12.4,0,78,6.7,11.3,0,123.7,0,0,5
1946-12,35.9,0,0,東京都,東京,,0,4.7,0,68,4.1,5.9,0,182.7,2,0,7
1947-01,69.9,0,0,東京都,東京,,0,3.4,0,70,5.5,5.5,0,152.3,6,0,3
1947-02,36.0,0,0,東京都,東京,,0,2.7,0,62,4.4,4.4,0,199.1,3,0,6
1947-03,77.0,0,0,東京都,東京,,0,6.8,0,67,5.8,6.5,0,176.5,5,0,2
1947-04,62.1,0,0,東京都,東京,,0,13.1,0,66,4.6,9.9,0,246.2,0,1,3
1947-05,146.6,0,0,東京都,東京,,0,16.9,0,79,6.5,14.8,0,187.2,0,1,6
1947-06,90.1,0,0,東京都,東京,,0,19.2,0,86,9.1,18.8,0,89.8,0,0,1
1947-07,19.9,0,0,東京都,東京,,0,25.7,0,80,6.6,25.7,0,242.0,0,1,4
1947-08,128.0,0,0,東京都,東京,,0,28.0,0,77,5.0,27.7,0,277.9,0,5,3
1947-09,213.2,0,0,東京都,東京,,0,22.9,0,81,7.7,22.0,0,130.3,0,0,2
1947-10,121.4,0,0,東京都,東京,,0,15.6,0,74,7.0,12.9,0,141.8,0,0,1
1947-11,27.2,0,0,東京都,東京,,0,10.3,0,67,4.6,8.4,0,173.4,0,0,2
1947-12,46.4,0,0,東京都,東京,,0,4.1,0,64,4.4,5.3,0,157.7,3,0,7
1948-01,39.7,0,0,東京都,東京,,0,4.0,0,65,3.7,5.2,0,191.1,1,0,7
1948-02,75.5,0,0,東京都,東京,,0,5.1,0,59,5.0,5.2,0,178.7,2,0,2
1948-03,67.4,0,0,東京都,東京,,0,6.5,0,68,6.7,6.4,0,149.9,3,0,2
1948-04,149.2,0,0,東京都,東京,,0,14.2,0,75,7.1,11.7,0,183.2,0,1,5
1948-05,93.4,0,0,東京都,東京,,0,18.1,0,76,8.3,15.2,0,146.1,0,1,2
1948-06,215.5,0,0,東京都,東京,,0,21.6,0,80,7.9,20.1,0,145.3,0,0,6
1948-07,323.0,0,0,東京都,東京,,0,26.0,0,82,7.0,26.7,0,177.0,0,10,0
1948-08,287.6,0,0,東京都,東京,,0,25.4,0,83,8.1,26.1,0,151.2,0,4,1
1948-09,197.6,0,0,東京都,東京,,0,23.8,0,76,7.1,22.1,0,174.2,0,3,2
1948-10,65.0,0,0,東京都,東京,,0,17.4,0,77,7.1,15.2,0,129.4,0,0,2
1948-11,193.3,0,0,東京都,東京,,0,11.9,0,71,6.2,10.0,0,143.6,0,1,4
1948-12,50.2,0,0,東京都,東京,,0,7.9,0,72,5.0,7.6,0,136.4,0,0,5
1949-01,54.5,0,0,東京都,東京,,0,5.4,0,65,3.8,5.7,0,183.5,1,0,1
1949-02,70.9,0,0,東京都,東京,,0,6.5,0,67,5.6,6.5,0,135.9,1,1,5
1949-03,56.8,0,0,東京都,東京,,0,6.7,0,61,5.9,6.0,0,171.0,4,0,1
1949-04,120.5,0,0,東京都,東京,,0,12.1,0,62,5.2,8.5,0,215.5,0,0,2
1949-05,109.7,0,0,東京都,東京,,0,18.4,0,74,6.9,15.1,0,195.3,0,0,4
1949-06,284.3,0,0,東京都,東京,,0,19.4,0,80,8.5,17.9,0,115.5,0,0,0
1949-07,81.6,0,0,東京都,東京,,0,25.3,0,79,6.8,24.8,0,227.6,0,0,2
1949-08,253.2,0,0,東京都,東京,,0,26.6,0,79,7.0,26.5,0,197.4,0,2,11
1949-09,200.1,0,0,東京都,東京,,0,22.4,0,82,7.2,21.7,0,144.3,0,1,7
1949-10,296.9,0,0,東京都,東京,,0,16.1,0,81,7.4,14.5,0,113.9,0,0,4
1949-11,167.1,0,0,東京都,東京,,0,10.0,0,74,7.0,9.1,0,105.4,0,0,3
1949-12,86.5,0,0,東京都,東京,,0,6.0,0,70,5.0,6.7,0,153.5,2,0,6
1950-01,89.3,0,0,東京都,東京,,0,5.0,0,62,4.6,5.5,0,175.8,2,0,3
1950-02,78.7,0,0,東京都,東京,,0,4.7,0,62,4.9,5.5,0,138.5,9,0,3
1950-03,69.3,0,0,東京都,東京,,0,7.7,0,61,5.6,6.5,0,178.7,1,0,3
1950-04,147.4,0,0,東京都,東京,,0,13.9,0,72,7.6,11.2,0,147.5,0,1,1
1950-05,111.8,0,0,東京都,東京,,0,19.2,0,76,8.3,16.8,0,163.1,0,2,3
1950-06,372.1,0,0,東京都,東京,,0,21.8,0,83,8.5,21.9,0,125.9,0,1,3
1950-07,253.8,0,0,東京都,東京,,0,26.5,0,78,5.9,26.7,0,249.4,0,3,2
1950-08,297.7,0,0,東京都,東京,,0,26.2,0,83,6.2,27.6,0,178.6,0,3,7
1950-09,64.9,0,0,東京都,東京,,0,23.8,0,78,6.3,22.9,0,172.6,0,2,0
1950-10,223.5,0,0,東京都,東京,,0,15.8,0,76,7.0,13.5,0,120.7,0,0,0
1950-11,116.4,0,0,東京都,東京,,0,11.1,0,73,6.4,9.9,0,120.7,1,1,3
1950-12,126.8,0,0,東京都,東京,,0,5.4,0,65,4.1,5.9,0,165.9,0,1,4
1951-01,36.4,3.5,0,東京都,東京,,0,3.3,0,61,4.4,4.6,1017.2,183.1,2,1,1
1951-02,120.4,4.6,0,東京都,東京,,0,4.5,0,62,5.2,5.3,1015.2,155.5,4,1,3
1951-03,149.1,4.0,0,東京都,東京,,0,8.8,0,64,6.3,7.4,1014.5,156.3,1,0,2
1951-04,177.1,4.6,0,東京都,東京,,0,13.3,0,69,7.3,10.5,1015.1,146.1,0,1,1
1951-05,86.4,3.8,0,東京都,東京,,0,18.0,0,72,7.4,14.6,1011.1,198.7,0,0,2
1951-06,144.3,3.4,0,東京都,東京,,0,21.2,0,76,8.1,18.8,1007.3,168.0,0,2,5
1951-07,157.4,3.4,0,東京都,東京,,0,24.3,0,84,8.3,25.3,1009.8,162.0,0,0,6
1951-08,220.6,3.2,0,東京都,東京,,0,26.7,0,80,6.3,27.8,1010.7,218.2,0,5,3
1951-09,217.8,3.4,0,東京都,東京,,0,20.7,0,79,8.4,19.2,1012.4,99.7,0,0,2
1951-10,170.1,3.7,0,東京都,東京,,0,17.3,0,80,7.7,15.7,1015.5,126.2,0,1,3
1951-11,68.4,3.6,0,東京都,東京,,0,11.4,0,67,4.7,8.9,1015.9,165.9,0,0,1
1951-12,41.8,2.9,0,東京都,東京,,0,7.3,0,63,3.9,6.3,1015.9,173.9,0,0,3
1952-01,98.9,3.3,0,東京都,東京,,0,4.3,0,62,4.2,5.1,1014.7,177.7,2,0,1
1952-02,79.9,3.6,0,東京都,東京,,0,2.6,0,67,7.1,4.9,1016.8,107.4,11,0,2
1952-03,221.2,4.2,0,東京都,東京,,0,7.4,0,68,6.7,7.0,1013.3,152.2,5,1,2
1952-04,202.8,5.1,0,東京都,東京,,0,13.3,0,72,7.4,11.2,1015.2,165.5,0,2,1
1952-05,136.7,4.1,0,東京都,東京,,0,18.1,0,69,6.4,14.3,1012.4,228.5,0,0,0
1952-06,242.6,3.5,0,東京都,東京,,0,21.3,0,81,8.6,20.3,1007.7,134.6,0,2,2
1952-07,205.3,3.5,0,東京都,東京,,0,24.3,0,83,7.9,25.0,1008.1,158.5,0,3,4
1952-08,73.3,3.5,0,東京都,東京,,0,26.8,0,81,6.6,28.2,1009.6,203.1,0,2,3
1952-09,129.0,3.1,0,東京都,東京,,0,22.7,0,81,7.7,22.2,1012.0,107.2,0,2,0
1952-10,105.0,3.9,0,東京都,東京,,0,17.3,0,74,7.0,14.6,1016.2,128.3,0,0,0
1952-11,124.4,3.2,0,東京都,東京,,0,12.0,0,75,6.3,10.5,1018.7,121.9,0,0,3
1952-12,21.5,2.4,0,東京都,東京,,0,5.3,0,70,4.3,6.2,1018.0,152.5,2,0,7
1953-01,38.2,3.5,0,東京都,東京,,0,3.3,2,59,4.0,4.6,1013.8,183.3,2,1,1
1953-02,42.1,3.5,0,東京都,東京,,0,4.2,33,59,4.7,5.0,1019.1,158.4,4,0,0
1953-03,136.5,3.9,0,東京都,東京,,0,9.4,0,66,6.1,7.9,1012.7,159.3,2,1,3
1953-04,49.6,3.9,0,東京都,東京,,0,12.7,0,61,6.4,9.1,1014.8,197.8,0,0,0
1953-05,170.3,4.2,0,東京都,東京,,0,17.8,0,71,7.4,14.5,1013.0,186.4,0,0,3
1953-06,191.2,3.2,0,東京都,東京,,0,20.6,0,83,9.1,20.0,1007.5,84.2,0,0,1
1953-07,183.8,3.3,0,東京都,東京,,0,24.7,0,82,8.1,25.4,1009.1,127.0,0,0,2
1953-08,247.2,3.7,0,東京都,東京,,0,25.0,0,82,9.1,26.0,1009.2,116.4,0,2,5
1953-09,248.1,3.4,0,東京都,東京,,0,22.2,0,82,8.3,21.9,1012.5,106.4,0,3,2
1953-10,144.0,3.2,0,東京都,東京,,0,17.2,0,74,6.2,14.5,1016.8,167.3,0,1,5
1953-11,21.3,3.3,0,東京都,東京,,0,10.4,0,62,5.4,8.0,1017.5,169.6,0,0,0
1953-12,47.1,3.0,0,東京都,東京,,0,7.6,0,66,5.7,7.1,1020.9,130.4,0,0,6
1954-01,120.4,3.6,0,東京都,東京,,0,4.3,30,67,6.2,5.7,1015.2,129.2,4,1,2
1954-02,53.0,3.6,0,東京都,東京,,0,5.6,6,62,4.4,5.9,1016.0,176.8,4,0,0
1954-03,115.2,4.5,0,東京都,東京,,0,8.4,8,60,6.1,6.8,1017.0,178.7,6,0,1
1954-04,177.3,3.9,0,東京都,東京,,0,14.9,0,72,7.5,12.2,1013.4,146.3,0,1,1
1954-05,136.8,4.2,0,東京都,東京,,0,17.6,0,71,7.1,14.4,1011.7,158.9,0,1,4
1954-06,304.5,3.9,0,東京都,東京,,0,18.3,0,81,9.2,16.9,1009.6,82.6,0,1,0
1954-07,121.9,3.8,0,東京都,東京,,0,22.3,0,80,9.1,21.6,1008.8,105.4,0,1,0
1954-08,120.8,3.7,0,東京都,東京,,0,27.0,0,77,7.1,27.6,1009.9,199.4,0,5,0
1954-09,246.4,4.3,0,東京都,東京,,0,24.6,0,78,7.1,24.5,1011.2,159.3,0,2,2
1954-10,145.1,3.7,0,東京都,東京,,0,15.5,0,74,7.3,13.2,1016.7,116.2,0,0,1
1954-11,149.6,3.6,0,東京都,東京,,0,11.7,0,68,5.5,9.2,1018.3,168.4,0,0,2
1954-12,79.7,3.7,0,東京都,東京,,0,7.1,0,61,4.4,6.4,1018.4,150.3,0,0,2
1955-01,43.3,3.3,0,東京都,東京,,0,3.8,0,54,2.8,4.3,1016.0,215.9,2,0,0
1955-02,89.4,3.8,0,東京都,東京,,0,6.2,0,56,4.4,5.5,1011.8,174.6,2,0,1
1955-03,170.5,4.2,0,東京都,東京,,0,8.7,0,68,7.8,7.9,1017.8,101.2,1,0,0
1955-04,87.5,3.8,0,東京都,東京,,0,13.6,0,70,7.2,11.3,1014.9,143.1,0,0,5
1955-05,158.2,3.6,0,東京都,東京,,0,18.2,0,75,7.2,15.7,1010.3,173.1,0,3,6
1955-06,81.0,3.3,0,東京都,東京,,0,22.7,0,77,8.7,21.4,1008.3,148.2,0,0,1
1955-07,71.0,4.4,0,東京都,東京,,0,27.6,0,76,5.7,27.8,1008.8,246.6,0,4,0
1955-08,201.9,4.0,0,東京都,東京,,0,26.3,0,78,7.2,26.7,1009.6,189.8,0,5,1
1955-09,197.9,3.7,0,東京都,東京,,0,22.3,0,77,7.6,20.7,1012.1,129.1,0,0,2
1955-10,319.4,4.4,0,東京都,東京,,0,17.6,0,76,7.8,15.5,1013.7,117.6,0,0,3
1955-11,110.3,3.0,0,東京都,東京,,0,11.0,0,68,4.3,8.8,1018.2,184.1,0,0,0
1955-12,23.5,3.3,0,東京都,東京,,0,7.9,0,59,3.3,6.3,1013.2,194.8,0,0,1
1956-01,102.2,3.2,0,東京都,東京,,0,4.2,14,59,3.9,5.0,1011.3,185.5,3,0,0
1956-02,52.3,4.0,0,東京都,東京,,0,4.3,2,55,5.0,4.7,1010.9,173.4,4,0,0
1956-03,152.6,4.3,0,東京都,東京,,0,8.6,0,65,6.8,7.8,1016.4,143.0,2,0,1
1956-04,137.5,4.3,0,東京都,東京,,0,13.1,2,68,7.1,10.4,1013.3,170.2,1,0,2
1956-05,309.1,3.3,0,東京都,東京,,0,17.6,0,75,7.7,15.1,1012.5,133.5,0,0,3
1956-06,151.6,3.5,0,東京都,東京,,0,22.3,0,76,8.6,20.3,1008.0,142.4,0,2,2
1956-07,64.8,3.0,0,東京都,東京,,0,24.2,0,81,8.1,24.2,1007.8,134.7,0,1,4
1956-08,107.1,3.2,0,東京都,東京,,0,25.4,0,75,7.0,24.2,1008.0,164.5,0,0,1
1956-09,197.1,3.7,0,東京都,東京,,0,22.7,0,81,7.2,22.7,1013.6,132.4,0,0,4
1956-10,302.8,3.7,0,東京都,東京,,0,17.3,0,79,8.6,15.9,1017.8,84.7,0,0,1
1956-11,75.9,3.2,0,東京都,東京,,0,11.8,0,70,6.2,10.1,1018.3,133.4,0,0,2
1956-12,4.3,2.8,0,東京都,東京,,0,5.0,0,54,2.0,4.8,1016.2,217.0,0,0,2
1957-01,2.6,4.0,0,東京都,東京,,0,5.7,0,51,5.1,4.8,1015.9,161.2,1,0,0
1957-02,93.9,3.7,0,東京都,東京,,0,4.3,0,58,5.7,4.8,1016.1,128.3,2,0,1
1957-03,77.4,4.5,0,東京都,東京,,0,6.8,0,50,4.4,5.2,1011.8,216.3,1,0,0
1957-04,118.5,4.0,0,東京都,東京,,0,14.3,0,67,6.3,11.3,1014.6,151.7,0,0,0
1957-05,164.1,4.3,0,東京都,東京,,0,17.1,0,70,6.1,13.7,1011.1,191.9,0,0,3
1957-06,320.9,3.6,0,東京都,東京,,0,19.8,0,79,7.9,18.1,1008.2,104.1,0,0,0
1957-07,143.1,3.2,0,東京都,東京,,0,24.4,0,83,8.7,25.2,1006.6,91.9,0,2,3
1957-08,47.4,4.1,0,東京都,東京,,0,27.3,0,78,6.6,28.4,1009.2,190.3,0,1,0
1957-09,243.6,3.2,0,東京都,東京,,0,20.8,0,78,8.5,19.4,1011.8,76.8,0,0,1
1957-10,121.8,3.5,0,東京都,東京,,0,17.2,0,74,6.4,14.7,1013.9,141.2,0,1,4
1957-11,51.6,2.9,0,東京都,東京,,0,12.9,0,67,5.9,10.3,1018.8,164.1,0,0,2
1957-12,115.1,2.8,0,東京都,東京,,0,8.0,0,63,5.0,6.7,1015.1,163.0,0,0,1
1958-01,69.5,3.6,0,東京都,東京,,0,5.0,0,57,5.0,5.2,1016.2,190.7,1,0,1
1958-02,67.1,4.3,0,東京都,東京,,0,6.0,0,55,4.5,5.2,1015.0,180.3,2,0,0
1958-03,62.9,3.9,0,東京都,東京,,0,8.4,5,62,6.0,7.1,1013.4,158.6,4,0,1
1958-04,47.5,4.3,0,東京都,東京,,0,13.9,0,65,7.1,10.7,1014.4,161.4,0,0,2
1958-05,80.3,3.9,0,東京都,東京,,0,18.0,0,68,6.8,13.9,1011.1,205.1,0,1,0
1958-06,63.0,3.8,0,東京都,東京,,0,22.0,0,75,7.9,20.0,1008.5,174.9,0,0,1
1958-07,197.5,4.2,0,東京都,東京,,0,24.9,0,80,8.2,25.0,1007.6,129.3,0,1,3
1958-08,83.4,3.7,0,東京都,東京,,0,25.8,0,79,7.2,26.0,1009.8,161.0,0,0,2
1958-09,670.9,3.4,0,東京都,東京,,0,23.2,0,78,7.3,22.3,1009.8,132.6,0,2,1
1958-10,275.9,3.8,0,東京都,東京,,0,16.0,0,76,7.7,13.8,1017.8,119.5,0,0,4
1958-11,89.4,3.3,0,東京都,東京,,0,11.1,0,71,6.2,9.7,1019.1,117.6,0,0,2
1958-12,97.5,3.2,0,東京都,東京,,0,7.9,0,65,4.1,6.9,1016.1,187.7,0,0,3
1959-01,54.7,3.0,0,東京都,東京,,0,3.7,11,61,4.4,4.9,1013.8,170.0,3,0,3
1959-02,115.3,3.4,0,東京都,東京,,0,7.3,6,69,6.9,7.2,1019.3,118.5,2,0,2
1959-03,92.3,4.3,0,東京都,東京,,0,8.9,0,64,6.2,7.4,1017.3,179.4,0,0,0
1959-04,162.7,4.2,0,東京都,東京,,0,15.3,0,62,6.2,11.1,1013.5,191.3,0,0,4
1959-05,196.9,4.3,0,東京都,東京,,0,18.5,0,69,7.4,14.5,1011.1,194.2,0,1,2
1959-06,123.0,3.3,0,東京都,東京,,0,20.4,0,78,8.6,18.7,1008.0,113.9,0,1,0
1959-07,71.0,3.4,0,東京都,東京,,0,26.1,0,79,8.0,26.7,1006.7,157.5,0,4,1
1959-08,137.2,3.9,0,東京都,東京,,0,26.7,0,79,7.2,27.8,1006.1,180.5,0,3,2
1959-09,162.0,3.5,0,東京都,東京,,0,24.1,0,76,8.5,22.8,1010.5,121.9,0,0,1
1959-10,217.3,3.5,0,東京都,東京,,0,17.6,0,76,7.1,15.4,1015.9,124.1,0,0,2
1959-11,117.6,3.2,0,東京都,東京,,0,12.3,0,72,6.7,10.6,1018.3,117.2,0,1,1
1959-12,176.3,3.1,0,東京都,東京,,0,7.0,0,64,4.8,6.5,1017.8,159.9,0,1,4
1960-01,31.2,3.5,0,東京都,東京,,0,5.0,0,51,3.4,4.5,1014.9,208.9,0,0,0
1960-02,8.8,3.6,0,東京都,東京,,0,6.6,0,54,4.2,5.3,1015.4,207.3,2,0,1
1960-03,71.2,4.7,0,東京都,東京,,0,9.5,0,55,6.0,6.9,1013.9,209.0,1,1,2
1960-04,164.8,4.4,0,東京都,東京,,0,12.8,0,63,7.0,9.4,1014.3,154.6,0,2,0
1960-05,124.8,3.7,0,東京都,東京,,0,17.8,0,74,7.1,15.1,1010.3,186.9,0,0,4
1960-06,83.0,3.7,0,東京都,東京,,0,21.5,0,75,8.6,19.4,1010.0,155.4,0,2,4
1960-07,31.6,3.4,0,東京都,東京,,0,25.8,0,76,7.8,25.1,1008.2,181.3,0,1,1
1960-08,215.0,4.3,0,東京都,東京,,0,26.4,0,78,6.7,26.9,1010.5,218.5,0,3,0
1960-09,177.1,3.1,0,東京都,東京,,0,23.6,0,78,7.2,23.0,1013.5,147.9,0,2,4
1960-10,182.0,3.6,0,東京都,東京,,0,16.8,0,72,7.2,13.9,1017.0,134.4,0,0,1
1960-11,123.1,2.8,0,東京都,東京,,0,12.3,0,72,6.1,10.5,1016.9,134.1,0,0,7
1960-12,69.3,2.7,0,東京都,東京,,0,6.7,0,60,3.6,6.0,1013.9,183.9,1,1,2
1961-01,39.0,2.9,⬆️北,東京都,東京,,0,3.6,0,54,3.6,4.3,1015.2,183.6,0,0,0
1961-02,43.5,3.2,⬆️北,東京都,東京,,0,4.5,0,49,3.7,4.1,1011.8,197.9,2,0,0
1961-03,106.6,3.5,⬆️北,東京都,東京,,0,8.2,4,61,6.3,6.7,1016.9,181.1,2,0,1
1961-04,183.1,3.9,↙️南南西,東京都,東京,,0,14.9,0,63,6.3,10.9,1013.9,205.8,0,1,2
1961-05,55.5,4.0,↙️南南西,東京都,東京,,0,19.8,0,69,7.5,15.9,1011.2,191.2,0,0,1
1961-06,305.5,3.4,↙️南南西,東京都,東京,,0,22.6,0,75,7.9,20.5,1009.0,166.4,0,3,0
1961-07,29.5,3.2,↙️南南西,東京都,東京,,0,27.4,0,74,7.4,26.9,1007.9,217.2,0,1,4
1961-08,30.9,3.1,↙️南南西,東京都,東京,,0,26.8,0,77,7.1,27.0,1009.2,172.2,0,2,3
1961-09,37.0,3.5,↙️南南西,東京都,東京,,0,25.3,0,72,5.9,23.4,1013.0,181.1,0,3,2
1961-10,338.4,3.3,⬆️北,東京都,東京,,0,18.3,0,78,8.5,16.7,1015.5,82.3,0,0,3
1961-11,50.7,3.0,⬆️北,東京都,東京,,0,12.7,0,63,5.9,9.3,1019.1,161.0,0,0,2
1961-12,40.5,2.5,⬆️北,東京都,東京,,0,7.2,0,58,2.9,6.0,1013.7,202.6,0,1,2
1962-01,40.5,2.6,⬆️北,東京都,東京,,0,4.5,0,52,3.8,4.4,1009.9,210.7,2,0,0
1962-02,13.5,3.0,⬆️北,東京都,東京,,0,5.9,0,48,4.1,4.5,1014.1,195.0,3,0,0
1962-03,65.5,3.3,⬆️北,東京都,東京,,0,8.2,0,58,4.7,6.3,1011.8,189.8,2,0,2
1962-04,124.2,3.7,⬆️北,東京都,東京,,0,14.1,0,61,6.2,9.9,1015.3,202.6,0,1,0
1962-05,211.5,3.2,↙️南南西,東京都,東京,,0,18.4,0,70,7.2,14.8,1010.7,177.0,0,0,2
1962-06,244.5,3.1,↙️南南西,東京都,東京,,0,20.9,0,76,8.8,18.6,1008.4,111.8,0,1,3
1962-07,166.9,3.0,↙️南南西,東京都,東京,,0,25.1,0,81,7.8,26.0,1008.9,135.9,0,3,2
1962-08,50.1,4.1,↙️南南西,東京都,東京,,0,28.1,0,71,5.3,26.9,1009.7,270.5,0,1,1
1962-09,4.9,3.1,⬆️北,東京都,東京,,0,24.5,0,70,6.9,22.0,1012.6,168.7,0,1,1
1962-10,119.8,2.6,⬆️北,東京都,東京,,0,16.7,0,70,6.6,13.4,1016.7,135.9,0,0,2
1962-11,151.8,2.4,⬆️北,東京都,東京,,0,11.3,0,71,6.2,9.7,1018.9,117.6,4,0,5
1962-12,62.8,2.5,⬆️北,東京都,東京,,0,7.0,0,62,3.6,6.1,1015.4,175.8,1,1,1
1963-01,0.2,2.6,⬆️北,東京都,東京,,0,3.2,0,46,2.0,3.4,1003.2,231.1,1,0,0
1963-02,21.3,3.1,⬆️北,東京都,東京,,0,4.8,0,48,4.9,4.1,1013.5,199.9,3,0,0
1963-03,86.7,3.7,⬆️北,東京都,東京,,0,7.6,8,59,5.5,6.3,1014.7,198.8,7,1,1
1963-04,76.1,3.7,↙️南南西,東京都,東京,,0,13.9,0,68,6.7,11.0,1018.5,193.6,0,0,4
1963-05,135.1,3.2,↙️南南西,東京都,東京,,0,18.4,0,74,8.6,16.1,1013.0,102.9,0,0,10
1963-06,248.2,2.8,↙️南南西,東京都,東京,,0,21.8,0,78,8.4,20.7,1011.2,119.4,0,1,4
1963-07,65.9,2.9,↙️南南西,東京都,東京,,0,25.7,0,76,7.9,25.1,1009.8,151.9,0,4,3
1963-08,382.2,2.9,↙️南南西,東京都,東京,,0,26.6,0,77,7.6,26.6,1007.2,166.2,0,5,1
1963-09,144.2,2.3,⬆️北,東京都,東京,,0,21.4,0,73,8.3,18.6,1010.9,123.1,0,0,7
1963-10,294.7,2.9,⬆️北,東京都,東京,,0,16.3,0,74,6.9,13.7,1016.8,135.3,0,0,2
1963-11,90.6,2.3,⬆️北,東京都,東京,,0,12.1,0,65,6.0,9.3,1017.1,164.2,0,0,3
1963-12,29.8,2.4,⬆️北,東京都,東京,,0,8.1,0,59,3.8,6.5,1016.2,184.6,0,0,6
1964-01,144.6,2.8,⬆️北,東京都,東京,,0,5.4,0,60,6.6,5.5,1017.5,124.6,3,0,0
1964-02,64.0,3.5,⬆️北,東京都,東京,,0,4.2,10,56,6.3,4.6,1019.0,151.0,8,0,1
1964-03,99.7,3.2,⬆️北,東京都,東京,,0,7.6,0,57,5.9,5.9,1015.1,199.0,2,0,0
1964-04,94.2,3.2,↗️北東,東京都,東京,,0,15.3,0,75,8.7,13.2,1019.2,128.4,0,0,2
1964-05,80.4,3.1,↙️南南西,東京都,東京,,0,18.9,0,67,7.1,14.6,1013.7,209.5,0,0,2
1964-06,139.9,2.8,↙️南南西,東京都,東京,,0,21.5,0,73,8.6,18.6,1007.1,125.2,0,0,3
1964-07,45.9,2.4,↙️南南西,東京都,東京,,0,25.5,0,80,7.8,25.9,1007.5,153.6,0,0,7
1964-08,110.8,2.8,↙️南南西,東京都,東京,,0,27.8,0,77,7.2,28.7,1008.6,184.3,0,2,3
1964-09,132.4,2.8,⬆️北,東京都,東京,,0,22.3,0,77,8.7,21.0,1012.4,89.0,0,0,2
1964-10,130.5,3.9,⬆️北,東京都,東京,,0,15.9,0,73,7.2,13.5,1019.2,143.9,0,0,4
1964-11,50.3,3.6,↖️北北西,東京都,東京,,0,11.1,0,62,4.8,8.4,1016.2,170.6,0,0,0
1964-12,47.5,3.5,↖️北北西,東京都,東京,,0,7.5,0,60,5.0,6.3,1018.5,164.1,0,0,2
1965-01,48.0,3.8,↖️北北西,東京都,東京,,0,4.4,11,57,4.5,4.8,1010.6,175.4,5,0,1
1965-02,10.5,3.9,↖️北北西,東京都,東京,,0,4.7,0,51,4.8,4.4,1009.7,193.4,1,0,0
1965-03,44.5,4.7,↖️北北西,東京都,東京,,0,6.9,0,48,4.2,4.9,1009.0,252.4,2,0,0
1965-04,87.0,4.4,↖️北北西,東京都,東京,,0,11.1,0,55,6.4,7.5,1009.9,178.4,1,1,1
1965-05,400.0,4.3,⬇️南,東京都,東京,,0,17.2,0,72,7.7,14.0,1007.5,189.1,0,1,1
1965-06,219.5,3.6,⬇️南,東京都,東京,,0,21.6,0,77,8.6,19.9,1005.0,148.5,0,0,5
1965-07,97.0,3.1,⬇️南南東,東京都,東京,,0,24.2,0,80,8.8,23.8,1003.1,102.2,0,1,7
1965-08,234.5,3.5,⬇️南南東,東京都,東京,,0,26.7,0,71,5.3,24.7,1006.2,232.2,0,5,2
1965-09,204.5,3.9,⬆️北,東京都,東京,,0,22.2,0,72,7.7,19.3,1006.2,128.6,0,2,6
1965-10,53.0,3.7,⬆️北,東京都,東京,,0,16.9,0,63,5.2,12.2,1013.6,199.4,0,1,1
1965-11,131.5,3.7,↖️北北西,東京都,東京,,0,12.7,0,61,6.2,9.2,1013.7,150.2,0,0,2
1965-12,66.0,3.3,↖️北北西,東京都,東京,,0,7.0,0,57,5.0,5.8,1010.8,153.5,3,0,0
1966-01,23.6,3.2,↖️北北西,東京都,東京,,0,4.6,0,46,3.0,4.0,1010.3,195.8,2,1,0
1966-02,122.0,4.0,↖️北北西,東京都,東京,,0,7.2,0,51,5.5,5.5,1010.8,149.6,2,0,2
1966-03,99.9,4.1,↖️北北西,東京都,東京,,0,9.6,0,57,6.6,7.0,1006.9,150.4,1,0,2
1966-04,133.7,4.0,↖️北北西,東京都,東京,,0,13.6,0,68,7.8,10.9,1010.6,132.6,0,0,4
1966-05,196.2,4.5,⬇️南,東京都,東京,,0,17.9,0,62,6.0,12.6,1008.2,232.6,0,0,3
1966-06,510.2,4.0,⬇️南南東,東京都,東京,,0,20.1,0,73,8.7,17.3,1006.4,137.3,0,1,1
1966-07,160.8,3.5,⬇️南南東,東京都,東京,,0,24.4,0,76,8.3,23.5,1005.1,112.6,0,2,5
1966-08,54.5,3.9,⬇️南,東京都,東京,,0,26.9,0,71,6.7,25.1,1005.9,204.3,0,4,1
1966-09,197.1,4.1,⬆️北,東京都,東京,,0,23.2,0,73,8.2,21.1,1006.9,122.9,0,3,2
1966-10,108.5,2.9,↖️北北西,東京都,東京,,0,18.9,0,65,5.5,14.3,1011.5,175.7,0,0,3
1966-11,29.0,3.3,↖️北北西,東京都,東京,,0,12.9,0,57,5.9,8.9,1012.8,132.8,0,0,1
1966-12,8.0,3.4,↖️北北西,東京都,東京,,0,6.6,0,47,4.8,4.7,1012.2,162.2,1,0,0
1967-01,32.2,3.5,↖️北北西,東京都,東京,,0,4.4,0,46,3.2,3.9,1011.3,194.4,2,0,0
1967-02,43.8,3.9,↖️北北西,東京都,東京,,0,4.9,24,57,5.0,5.1,1014.1,162.6,4,0,1
1967-03,69.7,4.4,↖️北北西,東京都,東京,,0,9.5,0,54,5.3,6.7,1011.6,180.8,4,1,0
1967-04,104.7,3.8,⬇️南南東,東京都,東京,,0,14.5,0,58,7.0,9.8,1014.7,172.0,2,0,4
1967-05,49.3,3.8,⬇️南,東京都,東京,,0,20.0,0,62,6.3,14.4,1008.2,258.3,0,1,4
1967-06,109.3,3.9,⬇️南南東,東京都,東京,,0,23.0,0,67,7.4,18.6,1002.2,182.7,0,1,2
1967-07,89.2,3.6,⬇️南南東,東京都,東京,,0,26.3,0,73,7.9,24.9,1003.7,143.5,0,2,1
1967-08,67.3,3.1,↙️南南西,東京都,東京,,0,28.0,0,67,7.4,25.4,1003.1,160.5,0,2,0
1967-09,148.8,3.9,⬆️北,東京都,東京,,0,22.6,0,74,8.4,20.2,1006.4,98.4,0,0,2
1967-10,214.7,3.9,↖️北北西,東京都,東京,,0,16.9,0,66,6.9,12.7,1012.1,131.5,0,0,2
1967-11,61.4,3.4,↖️北北西,東京都,東京,,0,12.1,0,61,7.1,9.0,1017.2,114.1,0,0,2
1967-12,32.9,3.0,↖️北北西,東京都,東京,,0,6.7,0,53,3.3,5.3,1012.2,187.8,1,0,1
1968-01,9.5,3.6,↖️北北西,東京都,東京,,0,5.7,0,44,3.2,4.0,1007.4,219.2,2,0,0
1968-02,48.0,3.9,↖️北北西,東京都,東京,,0,4.3,30,44,4.4,3.7,1012.0,205.8,6,0,3
1968-03,94.0,4.6,↖️北北西,東京都,東京,,0,10.0,0,56,6.7,7.2,1010.4,157.9,1,1,0
1968-04,117.5,3.8,⬇️南南東,東京都,東京,,0,14.1,0,62,6.4,10.1,1013.9,192.1,0,1,1
1968-05,185.5,4.1,⬇️南南東,東京都,東京,,0,17.5,0,69,7.0,13.7,1007.4,182.6,0,0,0
1968-06,175.0,3.6,⬇️南南東,東京都,東京,,0,22.0,0,72,8.1,18.9,1007.1,152.9,0,5,1
1968-07,136.0,3.6,⬇️南南東,東京都,東京,,0,24.7,0,78,8.0,24.1,1003.2,127.4,0,1,1
1968-08,256.0,3.9,⬇️南南東,東京都,東京,,0,26.6,0,79,7.9,27.0,1004.1,130.5,0,4,1
1968-09,109.5,3.3,⬆️北,東京都,東京,,0,21.9,0,73,7.3,19.1,1011.2,133.9,0,1,6
1968-10,152.5,3.3,↖️北北西,東京都,東京,,0,16.3,0,68,7.3,12.7,1011.5,101.6,0,1,3
1968-11,19.5,3.2,↖️北北西,東京都,東京,,0,14.1,0,56,3.7,9.3,1014.9,197.8,0,1,2
1968-12,188.0,3.1,↖️北北西,東京都,東京,,0,10.2,0,59,5.7,7.6,1010.8,137.2,0,0,1
1969-01,54.5,3.3,↖️北北西,東京都,東京,,0,5.7,2,56,5.4,5.2,1010.1,148.4,5,0,0
1969-02,100.0,3.8,↖️北北西,東京都,東京,,0,5.7,8,60,7.5,5.6,1012.5,97.1,7,0,0
1969-03,121.0,3.8,↖️北北西,東京都,東京,,0,7.9,54,58,6.3,6.4,1011.5,179.3,5,1,3
1969-04,73.0,4.5,↖️北北西,東京都,東京,,0,14.6,2,61,6.5,10.6,1010.4,178.5,1,2,0
1969-05,88.5,4.1,⬇️南南東,東京都,東京,,0,19.6,0,61,6.2,13.7,1005.0,200.4,0,1,2
1969-06,187.5,4.6,⬇️南,東京都,東京,,0,21.8,0,67,7.3,17.6,1004.2,156.4,0,1,3
1969-07,102.0,3.8,⬇️南南東,東京都,東京,,0,25.0,0,73,8.0,23.1,1006.8,138.1,0,2,1
1969-08,131.5,3.6,⬇️南南東,東京都,東京,,0,27.2,0,74,7.4,26.4,1004.9,148.6,0,2,7
1969-09,238.5,3.4,↖️北北西,東京都,東京,,0,22.8,0,71,7.2,20.2,1009.8,122.4,0,4,4
1969-10,146.0,3.7,⬆️北,東京都,東京,,0,17.3,0,64,7.0,12.8,1011.9,140.4,0,0,0
1969-11,93.5,3.1,↖️北北西,東京都,東京,,0,12.8,0,63,6.3,9.6,1014.6,129.0,0,0,1
1969-12,7.0,3.4,↖️北北西,東京都,東京,,0,7.2,0,51,3.1,5.4,1012.6,199.3,1,0,0
1970-01,58.5,3.5,↖️北北西,東京都,東京,,0,4.5,0,47,4.2,4.1,1010.8,182.0,2,0,0
1970-02,34.5,3.8,↖️北北西,東京都,東京,,0,6.0,3,51,4.2,4.8,1011.6,160.1,1,0,0
1970-03,46.5,4.0,⬆️北,東京都,東京,,0,5.5,3,52,5.8,4.8,1010.8,195.8,7,0,1
1970-04,94.0,4.0,⬆️北,東京都,東京,,0,13.0,0,68,7.5,10.3,1013.7,130.2,0,0,0
1970-05,161.5,4.0,⬇️南南東,東京都,東京,,0,19.6,0,68,7.5,15.3,1008.5,194.1,0,0,1
1970-06,218.0,3.1,⬇️南南東,東京都,東京,,0,20.7,0,77,8.2,18.6,1007.5,90.5,0,0,6
1970-07,118.5,3.7,⬇️南南東,東京都,東京,,0,25.4,0,75,7.4,24.0,1004.4,137.0,0,0,3
1970-08,20.5,4.2,⬇️南,東京都,東京,,0,27.4,0,69,7.7,25.1,1007.4,187.8,0,3,1
1970-09,86.0,3.4,⬆️北,東京都,東京,,0,24.0,0,73,8.2,21.9,1009.2,92.9,0,3,2
1970-10,98.5,3.3,⬆️北,東京都,東京,,0,17.2,0,71,6.2,14.2,1014.3,131.5,0,0,4
1970-11,144.5,3.8,⬆️北,東京都,東京,,0,12.3,0,61,5.2,8.8,1012.4,156.3,0,1,1
1970-12,41.0,3.0,↖️北北西,東京都,東京,,0,6.8,0,54,4.7,5.3,1011.8,132.5,2,0,0
1971-01,32.0,4.0,↖️北北西,東京都,東京,,0,5.1,15,49,4.4,4.3,1009.8,181.6,3,1,1
1971-02,38.0,3.9,↖️北北西,東京都,東京,,0,5.9,1,54,5.8,5.1,1012.2,148.9,5,0,3
1971-03,67.5,4.2,↖️北北西,東京都,東京,,0,8.3,0,53,4.3,6.3,1010.8,203.3,1,0,0
1971-04,134.0,4.3,⬇️南,東京都,東京,,0,13.5,0,64,6.7,9.8,1011.2,164.5,0,0,1
1971-05,110.0,3.6,⬇️南,東京都,東京,,0,17.4,0,70,7.4,13.8,1008.6,168.9,0,2,4
1971-06,91.5,3.1,⬇️南南東,東京都,東京,,0,21.3,0,73,8.8,18.4,1003.7,106.0,0,1,2
1971-07,153.5,3.7,⬇️南南東,東京都,東京,,0,25.8,0,75,7.9,24.9,1002.6,161.1,0,4,5
1971-08,195.0,4.2,⬇️南南東,東京都,東京,,0,26.7,0,72,6.6,25.2,1005.5,203.1,0,1,0
1971-09,273.0,3.7,⬆️北,東京都,東京,,0,21.1,0,77,8.7,19.5,1008.0,77.5,0,0,3
1971-10,258.5,3.2,⬆️北,東京都,東京,,0,15.5,0,71,6.9,12.5,1013.0,121.1,0,0,0
1971-11,30.5,2.9,⬆️北,東京都,東京,,0,11.9,0,60,4.4,8.4,1014.5,154.7,0,0,0
1971-12,55.0,3.5,⬆️北,東京都,東京,,0,7.9,0,55,4.2,5.9,1013.8,172.4,0,0,1
1972-01,113.5,3.7,⬆️北,東京都,東京,,0,6.6,0,59,5.0,5.9,1014.7,156.4,2,0,2
1972-02,142.0,4.1,⬆️北,東京都,東京,,0,5.1,13,58,6.8,5.1,1009.5,112.6,7,1,1
1972-03,44.0,4.9,⬆️北,東京都,東京,,0,9.7,0,54,5.3,7.0,1010.1,207.7,0,0,0
1972-04,186.5,4.3,⬆️北,東京都,東京,,0,13.4,0,66,6.5,10.6,1013.1,181.4,0,0,4
1972-05,116.0,4.6,↙️南南西,東京都,東京,,0,18.6,0,65,6.8,13.9,1006.1,207.1,0,1,2
1972-06,107.0,3.9,⬇️南南東,東京都,東京,,0,21.4,0,71,8.0,18.1,1004.6,155.7,0,0,1
1972-07,301.0,4.9,↙️南南西,東京都,東京,,0,25.2,0,76,8.0,24.2,1004.6,167.0,0,4,2
1972-08,94.5,4.8,↙️南南西,東京都,東京,,0,26.6,0,70,5.5,24.5,1005.8,242.0,0,2,2
1972-09,281.0,3.3,⬆️北,東京都,東京,,0,23.1,0,70,6.9,19.9,1008.0,171.1,0,1,0
1972-10,43.5,3.5,⬆️北,東京都,東京,,0,18.5,0,63,6.6,13.4,1012.5,149.4,0,0,1
1972-11,43.0,3.1,⬆️北,東京都,東京,,0,12.3,0,56,5.7,8.2,1012.0,159.7,0,0,2
1972-12,155.5,3.1,⬆️北,東京都,東京,,0,8.1,0,56,4.6,6.1,1012.7,161.6,0,1,0
1973-01,136.0,3.4,↖️北北西,東京都,東京,,0,6.3,0,55,4.5,5.3,1013.6,177.6,2,0,0
1973-02,45.0,3.4,⬆️北,東京都,東京,,0,6.9,0,52,4.7,5.4,1010.9,162.9,0,0,0
1973-03,10.0,4.3,⬆️北,東京都,東京,,0,7.8,0,47,5.6,5.2,1009.8,207.5,0,0,0
1973-04,143.0,3.7,⬇️南,東京都,東京,,0,15.3,0,67,7.5,11.6,1009.5,163.3,0,1,1
1973-05,97.5,3.5,⬇️南,東京都,東京,,0,17.9,0,63,7.0,12.9,1008.4,205.1,0,1,1
1973-06,121.5,3.4,➡️東北東,東京都,東京,,0,19.8,0,74,8.8,17.2,1005.2,96.3,0,4,0
1973-07,49.5,3.3,⬇️南,東京都,東京,,0,26.1,0,71,5.6,23.9,1006.5,225.8,0,3,0
1973-08,50.0,4.4,↙️南南西,東京都,東京,,0,28.5,0,69,6.1,26.7,1008.7,226.4,0,3,0
1973-09,155.0,3.5,⬆️北,東京都,東京,,0,23.2,0,70,7.4,19.9,1008.5,154.2,0,1,0
1973-10,237.5,3.2,⬆️北,東京都,東京,,0,17.4,0,65,6.8,13.1,1013.6,151.1,0,0,1
1973-11,104.5,3.5,↖️北北西,東京都,東京,,0,12.1,0,53,3.7,7.7,1010.8,196.5,0,1,2
1973-12,0.0,3.2,↖️北北西,東京都,東京,,0,6.6,0,40,1.9,3.9,1009.0,229.0,0,0,0
1974-01,29.0,4.0,↖️北北西,東京都,東京,,0,4.4,8,40,2.4,3.3,1009.7,229.5,5,1,0
1974-02,58.5,3.6,⬆️北,東京都,東京,,0,5.1,6,55,6.0,4.9,1011.2,134.8,7,0,0
1974-03,114.0,3.7,⬆️北,東京都,東京,,0,7.3,7,57,6.0,5.9,1012.5,183.7,5,1,0
1974-04,151.0,4.5,⬇️南,東京都,東京,,0,14.8,0,62,6.3,10.5,1008.5,202.8,0,1,2
1974-05,93.5,4.0,⬇️南,東京都,東京,,0,19.3,0,62,6.3,13.9,1009.7,231.5,0,1,1
1974-06,204.5,3.1,⬇️南南東,東京都,東京,,0,21.9,0,74,8.5,19.4,1003.3,137.0,0,4,0
1974-07,270.5,2.9,↗️北北東,東京都,東京,,0,23.4,0,79,8.8,22.7,1005.4,108.9,0,3,8
1974-08,179.0,3.5,⬇️南,東京都,東京,,0,27.1,0,73,7.5,26.2,1003.8,198.3,0,2,0
1974-09,246.5,3.6,⬆️北,東京都,東京,,0,22.8,0,72,8.2,20.3,1008.4,132.5,0,2,0
1974-10,165.0,2.9,⬆️北,東京都,東京,,0,17.8,0,67,7.9,13.6,1011.3,99.6,0,0,1
1974-11,30.5,3.1,⬆️北,東京都,東京,,0,11.7,0,54,5.1,7.5,1014.5,154.5,0,0,0
1974-12,38.5,3.1,⬆️北,東京都,東京,,0,6.7,0,56,5.5,5.4,1015.9,151.2,1,0,0
1975-01,67.5,2.9,⬆️北,東京都,東京,,0,4.7,0,51,4.2,4.4,1010.2,182.7,2,0,2
1975-02,75.0,3.3,↖️北北西,東京都,東京,,0,5.1,15,48,5.2,4.2,1008.9,176.4,2,0,1
1975-03,108.0,3.2,↖️北北西,東京都,東京,,0,7.9,2,58,5.6,6.1,1009.4,182.3,3,0,2
1975-04,161.5,3.3,⬆️北,東京都,東京,,0,14.3,0,65,7.7,10.9,1011.3,152.4,0,1,0
1975-05,151.0,3.2,⬇️南,東京都,東京,,0,18.6,0,66,7.8,14.0,1007.9,213.1,0,1,0
1975-06,106.5,2.5,➡️東北東,東京都,東京,,0,21.6,0,78,9.3,20.1,1003.9,82.9,0,3,0
1975-07,175.5,3.2,⬇️南,東京都,東京,,0,25.6,0,70,6.6,23.0,1005.3,189.7,0,1,0
1975-08,26.5,3.0,↙️南南西,東京都,東京,,0,27.3,0,67,5.3,24.1,1007.6,250.8,0,1,0
1975-09,99.5,3.0,↙️南南西,東京都,東京,,0,25.2,0,67,5.8,21.6,1009.3,192.7,0,1,0
1975-10,273.0,2.8,⬆️北,東京都,東京,,0,17.3,0,69,7.7,13.8,1013.1,100.5,0,1,0
1975-11,245.0,3.2,⬆️北,東京都,東京,,0,12.7,0,67,6.5,9.9,1015.2,124.0,0,0,1
1975-12,51.5,2.4,⬆️北,東京都,東京,,0,6.7,0,57,4.5,5.6,1012.5,171.4,2,0,0
1976-01,0.5,3.0,↖️北北西,東京都,東京,,0,5.4,0,44,2.0,4.0,1009.1,225.2,1,0,0
1976-02,128.0,3.1,⬆️北,東京都,東京,,0,6.8,1,59,5.9,6.2,1012.8,137.3,1,0,0
1976-03,87.0,3.0,⬆️北,東京都,東京,,0,9.0,0,59,7.2,6.9,1011.6,148.2,1,0,1
1976-04,129.0,2.9,⬇️南,東京都,東京,,0,13.0,0,67,8.0,10.5,1012.9,120.2,1,0,0
1976-05,218.0,2.8,⬇️南,東京都,東京,,0,17.7,0,70,7.2,14.2,1007.9,174.5,0,3,0
1976-06,186.0,3.2,⬇️南,東京都,東京,,0,21.5,0,76,9.3,19.4,1006.0,83.9,0,1,2
1976-07,102.0,3.1,⬇️南,東京都,東京,,0,23.9,0,77,6.9,23.1,1007.7,178.8,0,2,2
1976-08,159.0,2.6,↙️南南西,東京都,東京,,0,25.1,0,76,8.0,24.2,1005.8,156.6,0,0,0
1976-09,284.0,2.7,⬆️北,東京都,東京,,0,22.0,0,74,7.4,19.8,1008.2,128.6,0,1,0
1976-10,155.0,2.6,⬆️北,東京都,東京,,0,17.5,0,66,6.6,13.5,1010.4,141.5,0,1,1
1976-11,78.0,2.7,⬆️北,東京都,東京,,0,11.2,0,59,5.7,8.2,1014.3,132.6,0,0,0
1976-12,31.0,2.7,⬆️北,東京都,東京,,0,7.3,0,52,4.2,5.4,1011.5,173.3,0,0,0
1977-01,19.5,2.9,⬆️北,東京都,東京,,0,3.4,0,48,5.2,3.8,1012.3,161.5,3,0,0
1977-02,27.0,3.0,⬆️北,東京都,東京,,0,4.9,1,47,4.3,4.3,1011.5,188.6,2,0,0
1977-03,167.0,3.0,⬆️北,東京都,東京,,0,9.3,0,61,6.7,7.3,1013.9,141.9,3,0,0
1977-04,110.5,3.8,⬇️南,東京都,東京,,0,15.1,0,62,6.4,10.8,1009.3,182.1,0,1,0
1977-05,96.5,3.2,⬇️南,東京都,東京,,0,18.7,0,62,6.1,13.2,1007.8,225.0,0,1,0
1977-06,202.5,2.5,↗️北北東,東京都,東京,,0,20.9,0,76,9.2,18.8,1005.5,99.5,0,1,0
1977-07,91.0,2.7,⬇️南,東京都,東京,,0,25.8,0,72,7.4,24.0,1005.0,204.3,0,3,0
1977-08,290.5,2.7,⬇️南,東京都,東京,,0,25.0,0,77,8.8,24.4,1002.7,100.8,0,1,0
1977-09,233.5,3.0,⬇️南,東京都,東京,,0,24.3,0,72,7.9,22.3,1009.2,133.0,0,2,0
1977-10,60.0,2.5,⬆️北,東京都,東京,,0,18.7,0,67,5.8,14.6,1015.9,173.9,0,0,0
1977-11,102.5,2.9,⬆️北,東京都,東京,,0,14.8,0,65,6.0,11.2,1014.6,136.5,0,0,0
1977-12,53.5,2.6,⬆️北,東京都,東京,,0,8.9,0,55,4.3,6.3,1014.3,177.4,0,0,1
1978-01,28.0,3.0,↖️北北西,東京都,東京,,0,5.6,24,50,4.1,4.6,1007.3,160.0,5,0,0
1978-02,32.0,3.0,↖️北北西,東京都,東京,,0,4.2,1,49,4.6,4.1,1009.7,157.7,5,1,0
1978-03,115.5,3.0,⬆️北,東京都,東京,,0,8.7,0,52,4.9,5.9,1009.1,193.1,1,2,1
1978-04,186.5,3.4,⬆️北,東京都,東京,,0,13.9,0,61,5.9,9.8,1008.2,163.9,0,0,1
1978-05,130.0,2.8,⬇️南,東京都,東京,,0,19.0,0,68,7.7,15.1,1008.5,167.2,0,0,0
1978-06,104.0,4.4,↙️南南西,東京都,東京,,0,23.8,0,71,7.2,21.0,1005.7,192.6,0,0,0
1978-07,45.0,2.7,⬇️南,東京都,東京,,0,27.8,0,72,5.9,26.4,1006.8,217.1,0,1,0
1978-08,26.0,3.9,↙️南南西,東京都,東京,,0,28.9,0,66,4.9,25.9,1006.2,255.6,0,0,0
1978-09,124.0,2.8,⬆️北,東京都,東京,,0,22.2,0,73,8.0,19.5,1009.2,102.2,0,0,0
1978-10,147.0,2.7,⬆️北,東京都,東京,,0,17.3,0,67,6.4,13.3,1013.6,132.9,0,0,0
1978-11,65.0,2.6,⬆️北,東京都,東京,,0,12.9,0,60,5.0,9.0,1013.8,160.2,0,0,1
1978-12,27.0,2.5,⬆️北,東京都,東京,,0,8.5,0,54,3.9,6.2,1015.6,154.7,2,0,0
1979-01,59.0,3.2,↖️北北西,東京都,東京,,0,6.6,1,53,3.3,5.1,1012.2,179.5,3,0,0
1979-02,96.0,3.5,↖️北北西,東京都,東京,,0,8.4,0,58,5.0,6.5,1007.5,164.6,0,0,0
1979-03,92.0,4.1,↖️北北西,東京都,東京,,0,9.9,0,51,5.8,6.4,1009.5,190.2,1,0,0
1979-04,109.5,4.2,↖️北北西,東京都,東京,,0,13.9,0,59,6.8,9.5,1010.6,161.3,0,1,0
1979-05,148.5,3.4,⬇️南,東京都,東京,,0,18.6,0,61,5.9,13.1,1006.4,230.6,0,2,1
1979-06,63.0,3.8,↙️南西,東京都,東京,,0,24.4,0,69,6.5,21.0,1008.1,217.9,0,0,0
1979-07,88.5,2.9,⬇️南,東京都,東京,,0,25.2,0,72,7.5,23.2,1003.7,143.1,0,1,0
1979-08,104.5,3.2,↙️南西,東京都,東京,,0,27.4,0,72,7.7,26.3,1005.2,156.0,0,3,0
1979-09,146.5,3.1,⬆️北,東京都,東京,,0,24.1,0,71,8.1,21.1,1010.3,119.1,0,1,1
1979-10,320.5,3.3,⬆️北,東京都,東京,,0,19.6,0,67,6.7,15.3,1009.9,149.3,0,0,2
1979-11,182.5,3.4,↖️北北西,東京都,東京,,0,14.3,0,67,7.8,11.0,1015.2,102.9,0,0,4
1979-12,43.0,3.0,↖️北北西,東京都,東京,,0,10.1,0,54,4.1,6.8,1015.4,186.2,0,0,0
1980-01,88.5,3.8,↖️北北西,東京都,東京,,0,5.6,2,52,4.1,4.9,1009.2,182.0,1,0,0
1980-02,26.0,3.8,↖️北北西,東京都,東京,,0,5.2,0,44,4.1,3.9,1011.5,206.1,2,0,0
1980-03,173.5,4.0,↖️北北西,東京都,東京,,0,8.2,1,54,6.2,6.0,1011.5,157.5,4,0,0
1980-04,107.0,3.9,↙️南南西,東京都,東京,,0,13.6,0,63,7.4,9.9,1012.3,156.6,0,2,0
1980-05,154.5,3.6,⬇️南,東京都,東京,,0,19.2,0,67,6.4,14.9,1007.9,204.2,0,2,0
1980-06,172.5,3.2,⬇️南,東京都,東京,,0,23.6,0,72,8.3,20.7,1006.3,146.7,0,2,0
1980-07,202.0,2.8,➡️東北東,東京都,東京,,0,23.8,0,79,9.0,23.2,1003.7,95.0,0,1,0
1980-08,168.5,2.7,⬆️北,東京都,東京,,0,23.4,0,77,8.5,22.2,1006.0,105.3,0,1,0
1980-09,181.5,3.6,↖️北北西,東京都,東京,,0,23.0,0,73,7.4,20.9,1009.1,125.2,0,1,0
1980-10,136.0,3.5,↖️北北西,東京都,東京,,0,18.2,0,64,6.2,13.6,1011.7,160.0,0,0,1
1980-11,133.5,3.2,↖️北北西,東京都,東京,,0,13.0,0,61,5.3,9.2,1013.5,149.6,0,1,0
1980-12,34.0,3.5,↖️北北西,東京都,東京,,0,7.7,0,51,2.9,5.4,1006.0,213.2,1,0,0
1981-01,3.5,3.5,↖️北北西,東京都,東京,,0,4.4,0,44,2.9,3.7,1009.2,233.4,1,0,0
1981-02,38.0,3.5,↖️北北西,東京都,東京,,0,5.3,2,51,5.5,4.6,1009.5,157.3,7,0,0
1981-03,113.0,3.7,↖️北北西,東京都,東京,,0,9.0,0,58,6.0,6.6,1011.9,192.6,1,0,0
1981-04,166.0,3.7,↖️北北西,東京都,東京,,0,13.9,0,57,5.7,9.0,1008.4,207.5,0,1,0
1981-05,151.5,3.3,↖️北北西,東京都,東京,,0,17.5,0,64,6.8,12.6,1006.2,182.6,0,0,0
1981-06,103.0,2.6,↖️北北西,東京都,東京,,0,20.2,0,76,8.8,17.9,1006.1,83.2,0,0,5
1981-07,167.0,3.0,↙️南南西,東京都,東京,,0,26.3,0,75,7.6,25.4,1007.1,181.3,0,3,0
1981-08,133.0,3.3,↙️南南西,東京都,東京,,0,26.2,0,71,6.9,24.1,1002.4,190.7,0,2,1
1981-09,138.5,3.2,↖️北北西,東京都,東京,,0,21.8,0,71,7.7,18.7,1009.3,140.0,0,0,0
1981-10,343.5,3.3,↖️北北西,東京都,東京,,0,17.6,0,63,6.3,12.7,1011.1,161.2,0,0,1
1981-11,99.0,3.0,↖️北北西,東京都,東京,,0,10.4,0,61,6.4,7.9,1014.2,130.6,0,0,0
1981-12,7.5,3.4,↖️北北西,東京都,東京,,0,7.6,0,51,3.4,5.4,1013.8,206.6,0,0,0
1982-01,32.5,3.6,↖️北北西,東京都,東京,,0,5.8,2,51,4.8,4.8,1010.9,194.0,7,0,0
1982-02,51.5,3.8,↖️北北西,東京都,東京,,0,5.5,0,49,5.3,4.5,1012.8,168.0,5,0,0
1982-03,73.0,3.9,↖️北北西,東京都,東京,,0,9.9,0,56,5.8,7.0,1011.7,177.8,2,0,0
1982-04,134.0,4.0,⬇️南,東京都,東京,,0,14.0,0,62,5.9,10.1,1011.4,177.5,0,1,0
1982-05,85.5,3.8,⬇️南,東京都,東京,,0,20.7,0,67,5.6,16.4,1007.2,243.7,0,0,0
1982-06,224.5,3.2,⬆️北,東京都,東京,,0,21.4,0,72,7.9,18.2,1003.2,152.6,0,2,0
1982-07,140.0,2.8,⬇️南,東京都,東京,,0,23.1,0,76,8.4,21.4,1005.9,102.3,0,1,0
1982-08,152.5,3.5,⬇️南,東京都,東京,,0,27.1,0,75,6.2,26.7,1006.3,170.1,0,3,1
1982-09,371.5,3.6,⬆️北,東京都,東京,,0,22.3,0,73,7.5,19.5,1008.7,104.3,0,0,0
1982-10,159.5,3.5,↖️北北西,東京都,東京,,0,18.0,0,67,5.5,14.0,1012.6,171.6,0,1,0
1982-11,136.0,3.1,↖️北北西,東京都,東京,,0,14.3,0,65,6.7,11.0,1014.3,118.8,0,0,0
1982-12,15.0,3.1,↖️北北西,東京都,東京,,0,9.5,0,58,4.5,7.0,1013.0,156.1,0,0,0
1983-01,29.5,3.4,↖️北北西,東京都,東京,,0,6.2,0,51,3.8,4.9,1014.2,205.0,1,0,0
1983-02,50.5,3.9,↖️北北西,東京都,東京,,0,6.1,2,50,4.0,4.6,1010.8,202.9,2,0,0
1983-03,99.0,4.1,↖️北北西,東京都,東京,,0,8.6,0,59,6.0,6.7,1012.1,176.0,1,0,2
1983-04,114.5,3.4,↙️南西,東京都,東京,,0,15.9,0,69,6.6,12.5,1011.2,176.6,0,0,1
1983-05,105.5,3.6,↙️南西,東京都,東京,,0,19.7,0,64,6.5,14.5,1008.2,241.5,0,1,0
1983-06,198.0,3.4,↗️北東,東京都,東京,,0,20.5,0,72,7.4,17.0,1005.4,162.7,0,4,1
1983-07,141.5,3.2,⬇️南,東京都,東京,,0,23.8,0,79,8.6,23.6,1003.3,119.4,0,3,1
1983-08,168.5,3.3,⬇️南,東京都,東京,,0,27.5,0,76,6.9,27.7,1004.7,163.7,0,1,0
1983-09,242.5,2.8,⬆️北,東京都,東京,,0,23.1,0,77,8.3,22.0,1009.1,92.8,0,3,1
1983-10,130.0,3.4,↖️北北西,東京都,東京,,0,17.7,0,66,7.3,13.6,1012.7,141.6,0,0,2
1983-11,53.5,3.5,↖️北北西,東京都,東京,,0,12.3,0,59,4.2,8.7,1012.0,181.8,0,1,0
1983-12,7.5,3.7,↖️北北西,東京都,東京,,0,7.1,1,48,2.9,4.9,1010.4,217.1,3,0,0
1984-01,50.0,3.7,↖️北北西,東京都,東京,,0,3.7,57,51,3.9,4.0,1010.3,208.8,5,0,0
1984-02,51.0,3.9,↖️北北西,東京都,東京,,0,3.0,31,52,5.6,4.0,1010.4,182.5,10,0,0
1984-03,69.0,3.7,↖️北北西,東京都,東京,,0,5.9,3,56,5.7,5.1,1011.0,205.7,10,0,0
1984-04,64.0,3.5,↖️北北西,東京都,東京,,0,11.6,0,65,7.2,8.9,1014.3,168.2,1,0,2
1984-05,77.5,3.6,➡️東北東,東京都,東京,,0,17.2,0,69,8.0,13.5,1009.0,172.2,0,1,0
1984-06,202.0,3.3,⬇️南,東京都,東京,,0,21.8,0,79,9.0,20.6,1006.9,113.2,0,0,1
1984-07,81.5,2.9,➡️東北東,東京都,東京,,0,26.2,0,78,7.4,26.4,1004.0,180.1,0,1,1
1984-08,31.5,3.2,⬇️南,東京都,東京,,0,28.6,0,70,5.5,27.1,1006.9,252.3,0,3,0
1984-09,61.0,2.9,↖️北北西,東京都,東京,,0,23.5,0,72,7.2,20.8,1008.8,146.9,0,0,0
1984-10,73.5,3.7,↖️北北西,東京都,東京,,0,17.7,0,64,7.2,13.3,1011.3,145.9,0,0,0
1984-11,50.5,3.1,↖️北北西,東京都,東京,,0,12.2,0,60,5.4,8.7,1016.3,148.7,0,0,1
1984-12,68.0,3.4,↖️北北西,東京都,東京,,0,7.7,0,57,5.1,6.1,1011.9,163.3,1,0,2
1985-01,4.5,3.5,↖️北北西,東京都,東京,,0,4.1,0,48,4.3,4.0,1012.8,200.9,2,0,0
1985-02,142.0,3.9,↖️北北西,東京都,東京,,0,6.5,0,58,5.4,5.6,1008.1,153.2,1,1,2
1985-03,134.5,3.7,⬆️北,東京都,東京,,0,7.8,0,72,9.1,7.6,1016.7,74.0,2,0,0
1985-04,201.5,3.7,⬆️北,東京都,東京,,0,14.2,0,69,6.6,11.2,1010.9,183.8,0,2,2
1985-05,89.5,3.6,↙️南西,東京都,東京,,0,19.1,0,67,7.7,14.8,1009.5,201.8,0,0,0
1985-06,381.0,3.1,⬆️北,東京都,東京,,0,20.2,0,77,8.9,18.2,1006.7,104.3,0,0,1
1985-07,115.0,2.8,↙️南西,東京都,東京,,0,26.3,0,76,6.8,25.7,1003.5,194.8,0,3,2
1985-08,146.0,3.5,⬇️南,東京都,東京,,0,27.9,0,74,5.9,27.4,1008.8,257.8,0,0,0
1985-09,106.0,3.3,⬆️北,東京都,東京,,0,23.1,0,76,8.5,21.5,1010.5,101.9,0,2,0
1985-10,92.5,3.2,↖️北北西,東京都,東京,,0,17.9,0,66,6.8,13.7,1013.3,149.4,0,0,0
1985-11,85.5,3.0,↖️北北西,東京都,東京,,0,13.3,0,62,4.8,9.8,1009.9,173.5,0,0,0
1985-12,18.5,3.3,↖️北北西,東京都,東京,,0,7.4,0,55,3.5,5.9,1011.7,202.9,1,0,0
1986-01,15.0,3.3,↖️北北西,東京都,東京,,0,4.5,0,47,4.6,4.0,1010.2,185.7,2,0,0
1986-02,27.5,3.9,↖️北北西,東京都,東京,,0,4.3,26,49,5.4,4.1,1010.2,181.6,7,0,0
1986-03,188.0,4.3,↖️北北西,東京都,東京,,0,7.8,10,59,6.4,6.2,1009.8,161.5,5,2,0
1986-04,88.0,3.7,↖️北北西,東京都,東京,,0,13.9,0,63,7.1,10.3,1011.6,175.2,0,0,0
1986-05,210.0,3.5,⬇️南,東京都,東京,,0,17.9,0,69,7.1,14.1,1005.6,194.2,0,1,0
1986-06,138.0,3.4,⬇️南,東京都,東京,,0,21.1,0,74,7.9,18.2,1005.5,158.1,0,2,0
1986-07,137.0,2.8,↗️北東,東京都,東京,,0,23.9,0,81,8.2,24.0,1005.9,109.1,0,2,1
1986-08,233.5,3.5,⬇️南,東京都,東京,,0,26.8,0,74,6.4,26.1,1005.1,199.8,0,1,0
1986-09,190.5,3.0,⬆️北,東京都,東京,,0,23.7,0,78,7.8,22.8,1007.5,113.9,0,2,0
1986-10,74.0,3.4,⬆️北,東京都,東京,,0,17.1,0,66,6.0,13.4,1012.4,155.9,0,0,0
1986-11,41.0,3.3,↖️北北西,東京都,東京,,0,12.3,0,61,6.5,8.8,1015.4,126.0,0,0,0
1986-12,115.5,3.6,↖️北北西,東京都,東京,,0,8.5,2,57,4.1,6.4,1013.5,163.8,2,0,0
1987-01,38.0,3.7,↖️北北西,東京都,東京,,0,5.8,12,51,4.4,4.8,1012.2,181.4,6,0,0
1987-02,29.5,3.9,↖️北北西,東京都,東京,,0,6.8,7,55,5.2,5.6,1010.2,159.2,4,0,0
1987-03,94.0,3.9,↖️北北西,東京都,東京,,0,9.3,5,59,6.2,7.1,1009.3,149.1,5,0,0
1987-04,42.5,3.6,⬇️南,東京都,東京,,0,14.4,0,59,6.6,9.7,1012.4,199.4,0,0,0
1987-05,65.0,3.9,↙️南西,東京都,東京,,0,19.3,0,64,7.3,14.3,1009.7,172.6,0,0,0
1987-06,120.5,3.7,↙️南西,東京都,東京,,0,22.1,0,67,6.7,17.7,1005.9,193.3,0,0,0
1987-07,146.5,3.4,↙️南西,東京都,東京,,0,27.0,0,72,7.8,25.5,1003.8,177.6,0,4,0
1987-08,45.5,3.3,⬇️南,東京都,東京,,0,27.3,0,73,7.6,26.2,1005.8,159.2,0,6,0
1987-09,214.5,3.9,⬆️北,東京都,東京,,0,23.3,0,72,8.3,20.7,1010.0,104.1,0,1,2
1987-10,193.0,3.3,⬆️北,東京都,東京,,0,18.9,0,69,6.8,15.1,1013.1,145.3,0,1,0
1987-11,39.5,3.6,↖️北北西,東京都,東京,,0,12.8,0,61,6.5,9.2,1015.3,122.5,0,0,0
1987-12,60.5,3.1,↖️北北西,東京都,東京,,0,8.1,5,60,4.1,6.5,1014.5,166.7,2,0,0
1988-01,28.0,3.2,↖️北北西,東京都,東京,,0,7.7,0,52,5.2,5.5,1011.2,197.0,2,0,1
1988-02,17.5,3.9,↖️北北西,東京都,東京,,0,4.9,1,46,5.2,4.0,1013.0,178.3,4,0,0
1988-03,185.0,4.3,↖️北北西,東京都,東京,,0,8.4,1,59,7.6,6.5,1011.0,129.8,4,0,0
1988-04,107.5,3.6,⬇️南,東京都,東京,,0,14.3,9,60,6.3,9.9,1011.2,183.3,2,1,0
1988-05,144.0,3.8,↖️北北西,東京都,東京,,0,18.2,0,62,7.3,12.8,1006.8,178.3,0,3,0
1988-06,198.0,3.5,⬇️南,東京都,東京,,0,22.3,0,72,7.8,19.2,1003.6,122.6,0,2,0
1988-07,158.0,3.3,↗️北東,東京都,東京,,0,22.4,0,77,9.0,20.8,1005.0,61.8,0,0,0
1988-08,341.5,3.3,↙️南西,東京都,東京,,0,27.0,0,76,7.9,26.7,1004.8,143.7,0,7,1
1988-09,251.5,3.6,⬆️北,東京都,東京,,0,22.8,0,78,9.3,21.6,1007.8,39.2,0,0,0
1988-10,58.5,3.3,↖️北北西,東京都,東京,,0,17.5,0,60,6.4,12.4,1010.1,152.1,0,0,0
1988-11,26.0,3.4,↖️北北西,東京都,東京,,0,11.4,0,56,3.6,7.5,1009.1,205.8,0,1,0
1988-12,0.0,3.5,↖️北北西,東京都,東京,,0,8.4,0,47,2.6,5.3,1013.2,213.8,0,0,0
1989-01,95.0,4.0,↖️北北西,東京都,東京,,0,8.1,0,55,5.7,6.1,1015.1,152.6,1,0,0
1989-02,107.0,4.0,↖️北北西,東京都,東京,,0,7.5,0,56,6.2,6.0,1013.8,135.5,1,0,1
1989-03,118.0,4.2,↖️北北西,東京都,東京,,0,9.6,0,57,6.2,6.8,1010.3,176.4,2,1,0
1989-04,187.0,4.1,↖️北北西,東京都,東京,,0,15.6,0,57,6.0,10.0,1008.4,218.4,0,1,1
1989-05,210.0,3.4,⬆️北,東京都,東京,,0,17.7,0,70,8.0,14.0,1007.6,131.6,0,5,1
1989-06,205.0,3.4,⬇️南,東京都,東京,,0,20.7,0,71,8.2,17.2,1006.7,134.6,0,0,1
1989-07,154.0,3.4,⬇️南,東京都,東京,,0,24.1,0,76,8.2,22.7,1009.2,118.6,0,4,1
1989-08,360.5,3.7,⬇️南,東京都,東京,,0,27.1,0,72,6.7,25.7,1003.9,191.5,0,5,0
1989-09,204.0,3.7,↙️南西,東京都,東京,,0,25.2,0,71,8.4,22.8,1008.1,115.1,0,2,0
1989-10,197.0,3.6,↖️北北西,東京都,東京,,0,17.5,0,66,6.5,13.3,1012.5,134.3,0,0,1
1989-11,71.0,3.2,↖️北北西,東京都,東京,,0,14.2,0,61,5.4,10.3,1015.1,145.2,0,1,3
1989-12,29.0,3.7,↖️北北西,東京都,東京,,0,9.2,0,51,4.4,5.9,1012.3,178.9,0,0,0
1990-01,32.5,3.6,↖️北北西,東京都,東京,,0,5.0,4,50,4.7,4.3,1014.4,179.3,5,0,1
1990-02,116.5,3.5,↖️北北西,東京都,東京,,0,7.8,11,67,8.1,7.2,1018.7,81.6,5,0,0
1990-03,97.5,4.6,↖️北北西,東京都,東京,,0,10.6,0,49,5.4,6.3,1011.6,200.4,0,0,0
1990-04,137.5,3.9,↖️北北西,東京都,東京,,0,14.7,0,59,6.7,9.9,1008.8,155.4,0,2,0
1990-05,120.5,3.4,↙️南西,東京都,東京,,0,19.2,0,60,7.1,13.3,1009.0,174.6,0,2,0
1990-06,68.0,3.5,⬇️南,東京都,東京,,0,23.5,0,68,8.1,19.6,1005.8,133.4,0,1,0
1990-07,51.0,3.1,⬇️南,東京都,東京,,0,25.7,0,71,7.6,23.3,1005.1,143.8,0,1,0
1990-08,181.5,4.0,↙️南西,東京都,東京,,0,28.6,0,68,5.4,26.4,1004.7,230.2,0,2,0
1990-09,287.0,3.4,⬇️南,東京都,東京,,0,24.8,0,70,7.0,21.9,1010.0,140.2,0,4,0
1990-10,148.5,3.5,↖️北北西,東京都,東京,,0,19.2,0,66,7.0,14.9,1012.8,137.6,0,0,0
1990-11,234.0,3.2,↖️北北西,東京都,東京,,0,15.1,0,64,4.7,11.2,1014.1,166.9,0,2,0
1990-12,38.0,3.3,↖️北北西,東京都,東京,,0,10.0,0,49,3.1,6.0,1011.5,197.3,0,1,0
1991-01,55.0,3.6,↖️北北西,東京都,東京,,0,6.3,0,48,3.4,4.6,1010.4,210.6,1,0,0
1991-02,69.0,3.8,↖️北北西,東京都,東京,,0,6.5,0,45,4.5,4.5,1008.9,199.3,2,0,0
1991-03,164.0,3.5,↖️北北西,東京都,東京,,0,9.5,0,63,7.0,7.6,1013.3,115.8,0,0,0
1991-04,112.5,3.6,↖️北北西,東京都,東京,,0,15.4,0,64,7.0,11.3,1011.7,150.7,0,0,3
1991-05,61.0,3.5,↙️南西,東京都,東京,,0,18.8,0,63,6.4,13.9,1008.4,204.0,0,0,0
1991-06,142.0,3.0,⬇️南,東京都,東京,,0,23.6,0,73,8.1,21.0,1003.9,127.7,0,1,0
1991-07,72.0,3.0,↙️南西,東京都,東京,,0,26.7,0,70,8.5,24.1,1002.8,136.4,0,2,0
1991-08,238.0,3.3,➡️東北東,東京都,東京,,0,25.5,0,72,7.9,23.6,1003.8,138.4,0,4,0
1991-09,445.5,3.2,⬆️北,東京都,東京,,0,23.9,0,76,7.8,22.6,1008.6,85.6,0,1,0
1991-10,533.0,3.6,↖️北北西,東京都,東京,,0,18.1,0,74,8.1,15.5,1008.9,74.8,0,2,0
1991-11,114.0,3.3,↖️北北西,東京都,東京,,0,13.0,0,59,5.7,8.9,1015.7,145.8,0,0,1
1991-12,36.0,3.0,↖️北北西,東京都,東京,,0,9.2,1,59,4.9,7.0,1015.3,143.9,2,0,0
1992-01,50.0,3.2,↖️北北西,東京都,東京,,0,6.8,1,56,3.8,5.5,1013.1,183.2,1,0,0
1992-02,36.0,3.5,↖️北北西,東京都,東京,,0,6.9,13,49,5.3,5.0,1009.6,166.4,3,1,0
1992-03,205.0,3.6,↖️北北西,東京都,東京,,0,9.7,0,66,8.0,8.0,1014.2,98.8,4,2,0
1992-04,167.5,3.9,↖️北北西,東京都,東京,,0,15.1,0,61,5.9,10.3,1006.8,172.5,0,2,0
1992-05,134.0,3.9,↖️北北西,東京都,東京,,0,17.3,0,64,7.4,12.8,1006.5,162.4,0,7,0
1992-06,237.0,3.0,⬇️南,東京都,東京,,0,20.6,0,71,8.5,17.3,1005.5,113.0,0,1,0
1992-07,111.5,2.6,⬇️南,東京都,東京,,0,25.5,0,72,7.5,23.2,1003.9,153.6,0,2,0
1992-08,9.0,3.5,⬇️南,東京都,東京,,0,27.0,0,70,6.8,25.0,1008.3,184.7,0,0,0
1992-09,108.0,3.5,↖️北北西,東京都,東京,,0,23.3,0,62,7.0,17.7,1008.6,161.7,0,1,0
1992-10,328.0,3.1,↖️北北西,東京都,東京,,0,17.3,0,71,7.2,13.9,1012.6,115.6,0,0,3
1992-11,168.0,3.1,↖️北北西,東京都,東京,,0,13.0,0,63,5.5,9.5,1016.1,146.6,0,0,2
1992-12,65.5,3.2,↖️北北西,東京都,東京,,0,9.4,0,52,4.8,6.4,1013.5,164.9,0,1,0
1993-01,115.0,3.4,↖️北北西,東京都,東京,,0,6.2,0,59,6.1,5.5,1013.2,130.0,5,0,0
1993-02,57.0,3.9,↖️北北西,東京都,東京,,0,7.7,0,47,3.7,5.1,1008.6,195.7,1,0,0
1993-03,60.5,3.6,↖️北北西,東京都,東京,,0,8.7,0,54,6.2,6.1,1011.0,187.7,2,0,0
1993-04,58.0,3.6,↖️北北西,東京都,東京,,0,13.4,0,54,5.5,8.3,1008.0,183.0,0,4,1
1993-05,65.5,3.4,↙️南西,東京都,東京,,0,18.1,0,61,6.8,12.3,1008.0,192.2,0,1,0
1993-06,260.0,3.0,⬇️南,東京都,東京,,0,21.7,0,74,8.3,19.2,1003.6,110.9,0,2,0
1993-07,316.5,3.2,➡️東北東,東京都,東京,,0,22.5,0,80,9.3,21.7,1005.4,75.2,0,1,0
1993-08,412.0,3.2,➡️東北東,東京都,東京,,0,24.8,0,76,8.3,23.7,1005.2,102.2,0,2,0
1993-09,140.0,3.1,↖️北北西,東京都,東京,,0,22.9,0,72,8.4,20.1,1008.9,90.8,0,1,0
1993-10,156.0,3.2,↖️北北西,東京都,東京,,0,17.5,0,63,6.3,12.7,1013.2,143.5,0,0,0
1993-11,167.0,2.9,↖️北北西,東京都,東京,,0,14.1,0,60,5.9,9.9,1016.4,147.5,0,0,0
1993-12,65.0,3.5,↖️北北西,東京都,東京,,0,8.5,0,55,5.1,6.3,1013.6,153.2,2,1,0
1994-01,50.0,3.4,↖️北北西,東京都,東京,,0,5.5,8,55,4.8,5.0,1011.6,173.6,6,0,0
1994-02,88.5,4.2,↖️北北西,東京都,東京,,0,6.6,27,45,4.6,4.4,1005.5,206.2,1,1,0
1994-03,114.5,3.3,↖️北北西,東京都,東京,,0,8.1,0,55,6.8,5.9,1012.9,158.1,0,0,0
1994-04,49.0,3.5,↖️北北西,東京都,東京,,0,15.8,0,57,6.6,10.2,1010.2,209.5,0,1,0
1994-05,133.5,3.4,⬇️南,東京都,東京,,0,19.5,0,63,7.0,14.2,1006.9,194.6,0,0,0
1994-06,144.5,2.8,⬇️南,東京都,東京,,0,22.4,0,71,7.9,18.9,1004.7,136.2,0,1,0
1994-07,93.5,2.9,⬇️南,東京都,東京,,0,28.3,0,69,7.5,26.3,1003.6,202.9,0,3,0
1994-08,92.5,3.1,⬇️南,東京都,東京,,0,28.9,0,68,6.0,26.8,1008.4,239.9,0,5,0
1994-09,235.0,3.1,↖️北北西,東京都,東京,,0,24.8,0,74,7.6,22.9,1005.3,131.8,0,6,0
1994-10,57.0,3.2,↖️北北西,東京都,東京,,0,20.2,0,68,8.5,16.2,1013.0,76.5,0,0,0
1994-11,50.5,3.0,↖️北北西,東京都,東京,,0,13.4,0,60,4.8,9.4,1018.4,167.0,0,2,0
1994-12,23.0,3.2,↖️北北西,東京都,東京,,0,9.0,0,53,5.2,6.1,1014.4,167.3,0,0,0
1995-01,36.0,3.5,↖️北北西,東京都,東京,,0,6.3,0,45,3.1,4.3,1009.9,224.2,0,0,0
1995-02,27.0,3.6,↖️北北西,東京都,東京,,0,6.5,1,49,5.0,4.7,1011.8,179.3,2,0,0
1995-03,180.0,3.6,↖️北北西,東京都,東京,,0,8.9,2,63,6.9,7.2,1011.3,134.4,3,2,0
1995-04,99.5,3.7,↖️北北西,東京都,東京,,0,15.0,0,56,7.1,9.9,1009.8,158.5,0,1,1
1995-05,204.5,3.3,⬇️南,東京都,東京,,0,19.1,0,68,7.8,14.8,1007.8,147.6,0,0,2
1995-06,185.5,3.0,➡️東北東,東京都,東京,,0,20.4,0,77,9.4,18.3,1004.4,62.6,0,1,1
1995-07,171.0,2.6,↙️南西,東京都,東京,,0,26.4,0,75,7.8,25.6,1004.9,137.1,0,1,1
1995-08,31.0,2.7,⬇️南,東京都,東京,,0,29.4,0,68,6.1,27.7,1006.6,248.7,0,5,0
1995-09,164.5,3.3,⬆️北,東京都,東京,,0,23.7,0,65,7.8,19.0,1007.2,149.0,0,0,0
1995-10,79.0,3.2,↖️北北西,東京都,東京,,0,19.5,0,63,6.7,14.4,1012.8,148.0,0,0,0
1995-11,42.0,3.5,↖️北北西,東京都,東京,,0,12.7,0,48,3.9,7.2,1009.5,203.4,0,1,0
1995-12,0.0,3.4,↖️北北西,東京都,東京,,0,7.7,0,42,2.6,4.4,1011.1,235.3,1,0,0
1996-01,13.0,3.5,↖️北北西,東京都,東京,,0,6.6,2,47,3.9,4.8,1010.6,197.8,2,0,0
1996-02,45.0,3.4,↖️北北西,東京都,東京,,0,5.4,16,48,5.0,4.4,1012.2,186.8,8,0,0
1996-03,118.0,3.9,↖️北北西,東京都,東京,,0,9.2,0,53,7.1,6.4,1009.7,162.5,1,0,0
1996-04,111.0,3.3,↖️北北西,東京都,東京,,0,12.7,0,55,6.0,8.2,1009.7,204.8,0,1,0
1996-05,128.0,3.2,↙️南西,東京都,東京,,0,18.1,0,65,7.0,13.6,1008.5,183.7,0,3,0
1996-06,36.0,3.0,⬇️南,東京都,東京,,0,22.6,0,72,9.0,19.7,1004.7,117.8,0,0,0
1996-07,253.5,3.1,⬇️南,東京都,東京,,0,26.2,0,74,7.0,24.9,1005.8,199.6,0,2,0
1996-08,31.5,3.3,➡️東北東,東京都,東京,,0,26.0,0,72,8.1,24.0,1006.6,149.1,0,0,0
1996-09,382.0,3.1,↖️北北西,東京都,東京,,0,22.4,0,72,7.7,19.4,1008.6,139.0,0,2,1
1996-10,83.5,3.0,↖️北北西,東京都,東京,,0,18.0,0,70,6.3,14.5,1013.5,139.9,0,1,0
1996-11,84.0,3.3,↖️北北西,東京都,東京,,0,13.2,0,65,7.0,10.1,1013.5,115.4,0,0,0
1996-12,48.0,3.1,↖️北北西,東京都,東京,,0,9.3,0,55,3.8,6.6,1012.8,187.8,0,0,0
1997-01,29.0,3.6,↖️北北西,東京都,東京,,0,6.8,0,47,3.0,4.7,1007.9,236.6,1,0,0
1997-02,21.5,3.8,↖️北北西,東京都,東京,,0,7.0,0,47,4.9,4.8,1011.1,191.6,2,1,0
1997-03,106.0,3.9,↖️北北西,東京都,東京,,0,10.5,0,56,6.3,7.2,1013.0,181.9,0,1,0
1997-04,105.5,3.3,↖️北北西,東京都,東京,,0,15.2,0,60,6.5,10.3,1009.7,184.3,0,1,2
1997-05,186.0,3.3,↙️南西,東京都,東京,,0,19.2,0,69,7.8,15.3,1005.5,162.7,0,1,1
1997-06,170.5,3.4,↙️南西,東京都,東京,,0,22.7,0,72,7.9,19.5,1005.4,160.6,0,1,0
1997-07,185.0,3.2,↙️南西,東京都,東京,,0,26.6,0,72,7.3,24.7,1004.6,191.9,0,1,0
1997-08,144.0,3.2,↙️南西,東京都,東京,,0,27.0,0,73,7.0,25.8,1006.2,176.1,0,2,0
1997-09,204.0,3.5,↖️北北西,東京都,東京,,0,22.9,0,75,8.6,21.1,1008.4,91.7,0,3,0
1997-10,19.0,2.9,↖️北北西,東京都,東京,,0,18.7,0,60,5.1,13.1,1010.6,192.6,0,0,0
1997-11,91.0,3.3,↖️北北西,東京都,東京,,0,14.3,0,63,6.2,10.4,1015.6,140.8,0,1,0
1997-12,40.5,3.1,↖️北北西,東京都,東京,,0,9.2,0,56,5.1,6.7,1015.3,153.1,1,0,1
1998-01,122.0,3.1,↖️北北西,東京都,東京,,0,5.3,32,59,4.9,5.2,1012.4,162.5,4,1,0
1998-02,110.5,3.5,↖️北北西,東京都,東京,,0,7.0,0,60,6.1,6.1,1014.0,150.4,2,1,1
1998-03,108.0,3.8,↖️北北西,東京都,東京,,0,10.1,6,57,5.9,7.2,1011.6,191.5,4,1,0
1998-04,188.0,3.3,↙️南西,東京都,東京,,0,16.3,0,76,8.3,14.4,1012.7,108.8,0,0,0
1998-05,140.5,3.4,↙️南西,東京都,東京,,0,20.5,0,71,8.2,17.1,1010.8,132.5,0,0,0
1998-06,150.5,3.1,➡️東北東,東京都,東京,,0,21.5,0,76,9.2,19.6,1006.6,73.1,0,0,0
1998-07,156.5,3.0,⬇️南,東京都,東京,,0,25.3,0,76,8.7,24.8,1004.2,113.6,0,4,0
1998-08,143.5,2.8,↙️南西,東京都,東京,,0,27.2,0,78,8.9,27.9,1004.6,91.7,0,4,0
1998-09,229.0,3.5,⬆️北,東京都,東京,,0,24.4,0,77,7.9,23.5,1008.7,83.8,0,1,0
1998-10,142.5,3.2,↖️北北西,東京都,東京,,0,20.1,0,71,7.6,16.9,1012.4,117.2,0,1,1
1998-11,7.5,3.0,↖️北北西,東京都,東京,,0,13.9,0,55,5.5,8.8,1011.7,157.9,0,0,0
1998-12,48.0,3.1,↖️北北西,東京都,東京,,0,9.0,0,57,5.1,6.5,1014.7,152.4,1,0,0
1999-01,19.5,3.1,↖️北北西,東京都,東京,,0,6.6,0,44,3.1,4.3,1009.4,217.0,0,0,0
1999-02,35.5,3.4,↖️北北西,東京都,東京,,0,6.7,1,44,4.1,4.3,1010.6,200.9,4,0,0
1999-03,144.5,3.5,↖️北北西,東京都,東京,,0,10.1,0,62,7.4,8.0,1011.4,119.0,0,0,0
1999-04,205.0,3.7,↖️北北西,東京都,東京,,0,15.0,0,66,7.3,11.5,1009.0,146.3,0,0,3
1999-05,103.5,3.2,↙️南西,東京都,東京,,0,19.9,0,64,7.1,14.6,1007.1,184.0,0,0,0
1999-06,192.5,3.2,↙️南西,東京都,東京,,0,22.8,0,73,8.5,20.0,1005.5,135.8,0,0,0
1999-07,342.0,3.7,↙️南西,東京都,東京,,0,25.9,0,76,7.9,25.5,1004.8,169.0,0,2,0
1999-08,301.0,3.4,↙️南西,東京都,東京,,0,28.5,0,74,6.9,28.7,1006.2,204.0,0,4,0
1999-09,91.0,3.3,↙️南西,東京都,東京,,0,26.2,0,71,7.7,23.9,1009.0,130.3,0,0,0
1999-10,87.5,3.3,↖️北北西,東京都,東京,,0,19.5,0,62,6.5,14.3,1013.0,158.4,0,1,0
1999-11,93.0,2.9,↖️北北西,東京都,東京,,0,14.2,0,60,5.5,9.8,1012.8,157.1,0,0,2
1999-12,7.0,2.8,↖️北北西,東京都,東京,,0,9.0,0,47,3.6,5.4,1013.2,186.3,0,0,0
2000-01,66.5,3.2,↖️北北西,東京都,東京,,0,7.6,0,51,6.0,5.5,1014.1,153.8,3,0,0
2000-02,4.0,3.7,↖️北北西,東京都,東京,,0,6.0,0,38,4.2,3.6,1008.1,207.7,4,1,0
2000-03,85.5,3.7,↖️北北西,東京都,東京,,0,9.4,0,44,4.7,5.3,1008.3,207.9,0,0,0
2000-04,151.5,3.6,↖️北北西,東京都,東京,,0,14.5,0,55,6.7,9.0,1006.9,174.9,0,3,0
2000-05,109.0,3.1,⬇️南,東京都,東京,,0,19.8,0,68,7.4,15.6,1007.3,184.0,0,2,0
2000-06,232.0,3.1,↙️南西,東京都,東京,,0,22.5,0,74,8.0,20.1,1004.8,129.8,0,0,1
2000-07,373.5,3.3,↙️南西,東京都,東京,,0,27.7,0,70,6.5,25.6,1003.6,210.2,0,5,0
2000-08,162.0,2.7,↙️南西,東京都,東京,,0,28.3,0,69,6.8,26.5,1007.1,185.7,0,4,0
2000-09,164.0,3.0,↖️北北西,東京都,東京,,0,25.6,0,69,7.2,22.6,1007.5,128.9,0,5,0
2000-10,142.5,2.9,↖️北北西,東京都,東京,,0,18.8,0,67,8.2,14.5,1013.1,97.7,0,1,0
2000-11,106.0,3.3,↖️北北西,東京都,東京,,0,13.3,0,63,7.4,9.8,1015.8,109.7,0,1,0
2000-12,6.5,3.1,↖️北北西,東京都,東京,,0,8.8,0,46,4.2,5.2,1012.9,172.2,0,0,0
2001-01,126.5,3.6,↖️北北西,東京都,東京,,0,4.9,12,47,4.4,4.0,1010.2,178.8,4,1,0
2001-02,23.0,3.3,↖️北北西,東京都,東京,,0,6.6,0,48,5.7,4.7,1012.9,153.0,4,0,0
2001-03,107.5,3.6,↖️北北西,東京都,東京,,0,9.8,0,51,5.7,6.3,1006.0,180.1,5,0,0
2001-04,40.5,3.6,↙️南西,東京都,東京,,0,15.7,0,56,5.5,10.1,1010.5,219.5,0,0,0
2001-05,170.5,3.2,↙️南西,東京都,東京,,0,19.5,0,69,7.8,15.6,1007.0,160.6,0,4,0
2001-06,144.5,2.8,↙️南西,東京都,東京,,0,23.1,0,70,9.0,19.7,1003.6,107.8,0,2,0
2001-07,41.5,3.2,↙️南西,東京都,東京,,0,28.5,0,63,5.9,24.6,1004.6,259.2,0,4,0
2001-08,136.5,2.9,➡️東北東,東京都,東京,,0,26.4,0,71,8.6,24.2,1005.7,94.0,0,0,0
2001-09,204.0,3.2,➡️東北東,東京都,東京,,0,23.2,0,68,7.4,19.8,1008.8,109.4,0,0,0
2001-10,343.0,3.2,↖️北北西,東京都,東京,,0,18.7,0,62,6.0,13.3,1013.1,154.6,0,1,0
2001-11,123.5,2.8,↖️北北西,東京都,東京,,0,13.1,0,55,4.9,8.3,1012.2,169.6,0,0,0
2001-12,30.0,3.1,↖️北北西,東京都,東京,,0,8.4,0,46,3.9,5.0,1013.9,189.9,1,0,0
2002-01,98.5,3.2,↖️北北西,東京都,東京,,0,7.4,0,46,3.9,4.8,1008.1,201.9,2,1,0
2002-02,25.0,3.1,↖️北北西,東京都,東京,,0,7.9,0,48,5.6,5.2,1013.1,163.5,2,0,0
2002-03,82.0,3.5,↖️北北西,東京都,東京,,0,12.2,0,49,5.5,7.0,1009.1,191.3,0,2,0
2002-04,58.0,3.7,➡️東北東,東京都,東京,,0,16.1,0,57,7.4,10.6,1011.6,164.2,0,0,0
2002-05,112.5,3.1,↙️南西,東京都,東京,,0,18.4,0,64,8.2,13.4,1008.2,153.0,0,2,0
2002-06,151.5,3.0,↙️南西,東京都,東京,,0,21.6,0,69,8.4,17.4,1004.7,123.3,0,2,0
2002-07,124.0,3.2,↙️南西,東京都,東京,,0,28.0,0,70,7.7,26.0,1003.7,189.5,0,0,0
2002-08,120.0,3.4,↙️南西,東京都,東京,,0,28.0,0,66,6.1,24.8,1005.3,231.0,0,4,0
2002-09,207.0,2.9,⬆️北,東京都,東京,,0,23.1,0,69,7.7,19.5,1009.9,117.3,0,4,0
2002-10,194.0,3.1,↖️北北西,東京都,東京,,0,19.0,0,62,5.4,13.9,1010.5,183.4,0,2,0
2002-11,27.5,3.1,↖️北北西,東京都,東京,,0,11.6,0,50,5.7,6.9,1010.5,140.9,0,0,0
2002-12,94.5,3.0,↖️北北西,東京都,東京,,0,7.2,3,57,5.9,5.9,1014.7,130.7,1,0,0
2003-01,101.0,3.2,↖️北北西,東京都,東京,,0,5.5,0,46,4.0,4.1,1010.3,208.0,5,0,0
2003-02,53.5,3.3,↖️北北西,東京都,東京,,0,6.4,0,52,5.8,5.0,1013.1,154.0,4,0,0
2003-03,159.5,3.6,↖️北北西,東京都,東京,,0,8.7,0,49,5.4,5.6,1011.8,203.8,0,0,0
2003-04,121.0,3.7,↙️南西,東京都,東京,,0,15.1,0,61,7.4,10.6,1010.3,162.6,0,0,0
2003-05,172.5,2.9,➡️東北東,東京都,東京,,0,18.8,0,65,8.0,14.2,1011.8,145.6,0,1,0
2003-06,85.0,2.8,↙️南西,東京都,東京,,0,23.2,0,69,8.8,19.6,1004.4,103.6,0,0,0
2003-07,187.5,2.8,➡️東北東,東京都,東京,,0,22.8,0,75,9.7,20.8,1005.6,48.2,0,0,0
2003-08,370.0,3.0,↙️南西,東京都,東京,,0,26.0,0,73,8.3,24.3,1006.3,130.3,0,2,0
2003-09,150.0,3.3,⬆️北,東京都,東京,,0,24.2,0,66,7.3,20.0,1009.2,160.2,0,1,1
2003-10,171.5,3.1,↖️北北西,東京都,東京,,0,17.8,0,59,7.2,12.1,1012.1,137.6,0,2,0
2003-11,229.5,3.0,⬆️北,東京都,東京,,0,14.4,0,67,7.5,11.3,1016.4,87.9,0,0,2
2003-12,53.0,3.0,↖️北北西,東京都,東京,,0,9.2,0,50,4.0,5.8,1010.1,181.4,1,0,0
2004-01,3.5,3.4,↖️北北西,東京都,東京,,0,6.3,0,43,4.1,4.1,1011.0,203.6,4,0,0
2004-02,20.0,3.5,↖️北北西,東京都,東京,,0,8.5,0,45,4.0,5.2,1009.9,218.3,0,0,0
2004-03,129.5,4.1,↙️南西,東京都,東京,,0,9.8,0,53,6.4,6.6,1012.6,170.9,2,0,0
2004-04,69.5,4.0,↙️南西,東京都,東京,,0,16.4,0,51,5.4,9.5,1007.0,235.4,0,1,0
2004-05,149.0,3.8,➡️東北東,東京都,東京,,0,19.6,0,67,8.3,15.4,1008.0,139.9,0,0,0
2004-06,112.5,3.6,↙️南西,東京都,東京,,0,23.7,0,66,7.5,19.4,1006.9,170.6,0,2,0
2004-07,23.5,3.4,↙️南西,東京都,東京,,0,28.5,0,62,6.3,23.7,1004.7,232.2,0,3,0
2004-08,79.5,3.8,↙️南西,東京都,東京,,0,27.2,0,65,8.0,23.2,1006.5,177.8,0,1,0
2004-09,195.0,4.1,↙️南西,東京都,東京,,0,25.1,0,68,7.4,21.5,1011.7,140.0,0,3,0
2004-10,780.0,3.6,⬆️北,東京都,東京,,0,17.5,0,69,7.1,13.9,1013.3,116.8,0,2,0
2004-11,108.5,3.1,↖️北北西,東京都,東京,,0,15.6,0,60,5.6,10.9,1014.9,160.9,0,2,2
2004-12,79.5,3.6,↖️北北西,東京都,東京,,0,9.9,3,49,5.3,5.9,1014.2,166.3,2,0,0
2005-01,77.0,3.7,↖️北北西,東京都,東京,,0,6.1,0,47,4.2,4.4,1008.4,200.0,2,0,0
2005-02,48.0,3.9,↖️北北西,東京都,東京,,0,6.2,1,45,6.3,4.2,1011.2,148.9,6,0,0
2005-03,71.0,3.5,⬆️北,東京都,東京,,0,9.0,2,49,6.0,5.7,1009.5,175.1,4,0,0
2005-04,81.0,3.8,↙️南西,東京都,東京,,0,15.1,0,54,5.4,9.2,1009.9,216.1,0,1,0
2005-05,180.5,3.9,↙️南西,東京都,東京,,0,17.7,0,58,7.2,11.7,1006.8,172.3,0,2,0
2005-06,170.5,3.0,↙️南西,東京都,東京,,0,23.2,0,70,8.9,19.9,1003.7,119.3,0,1,0
2005-07,247.5,2.9,↙️南西,東京都,東京,,0,25.6,0,71,8.9,23.1,1003.0,103.9,0,0,0
2005-08,189.5,3.4,↙️南西,東京都,東京,,0,28.1,0,68,7.6,25.4,1005.4,159.9,0,4,0
2005-09,177.5,3.6,↙️南西,東京都,東京,,0,24.7,0,67,7.1,20.9,1011.6,154.2,0,3,0
2005-10,201.5,3.3,↖️北北西,東京都,東京,,0,19.2,0,69,7.3,15.3,1012.5,108.3,0,1,0
2005-11,34.5,2.9,↖️北北西,東京都,東京,,0,13.3,0,52,4.7,8.0,1012.3,194.6,0,0,0
2005-12,3.5,3.4,↖️北北西,東京都,東京,,0,6.4,0,39,3.0,3.8,1007.8,212.4,2,0,0
2006-01,67.0,3.8,↖️北北西,東京都,東京,,0,5.1,10,44,4.9,3.9,1013.2,169.9,5,1,0
2006-02,113.0,3.7,↖️北北西,東京都,東京,,0,6.7,2,53,6.5,5.3,1014.9,128.5,3,0,0
2006-03,79.5,3.8,↖️北北西,東京都,東京,,0,9.8,0,48,5.9,6.0,1007.0,176.2,2,1,0
2006-04,123.0,3.6,↖️北北西,東京都,東京,,0,13.6,0,57,7.1,9.0,1006.2,147.0,0,2,1
2006-05,99.0,3.8,↙️南西,東京都,東京,,0,19.0,0,65,7.9,14.3,1009.9,136.7,0,3,0
2006-06,138.5,2.7,➡️東北東,東京都,東京,,0,22.5,0,71,9.1,19.3,1005.5,79.5,0,1,0
2006-07,165.0,2.7,↙️南西,東京都,東京,,0,25.6,0,74,9.4,24.2,1003.8,59.2,0,2,1
2006-08,126.0,2.7,↙️南西,東京都,東京,,0,27.5,0,69,7.5,25.3,1005.7,160.6,0,5,0
2006-09,175.5,3.8,⬆️北,東京都,東京,,0,23.5,0,68,7.8,19.8,1008.8,103.5,0,2,0
2006-10,318.0,3.7,⬆️北,東京都,東京,,0,19.5,0,66,7.1,14.8,1012.0,137.8,0,0,0
2006-11,135.0,3.3,↖️北北西,東京都,東京,,0,14.4,0,59,6.1,9.8,1012.0,147.5,0,2,0
2006-12,200.5,3.4,↖️北北西,東京都,東京,,0,9.5,0,52,5.9,6.2,1015.2,141.4,0,1,0
2007-01,42.0,3.4,↖️北北西,東京都,東京,,0,7.6,0,45,5.4,4.7,1015.1,175.6,0,0,0
2007-02,57.0,3.8,↖️北北西,東京都,東京,,0,8.6,0,45,4.1,5.1,1011.7,193.6,0,0,0
2007-03,77.0,4.1,↖️北北西,東京都,東京,,0,10.8,0,44,5.4,6.1,1010.2,195.0,2,1,0
2007-04,134.0,4.1,↙️南西,東京都,東京,,0,13.7,0,59,7.8,9.2,1009.9,151.0,1,5,0
2007-05,115.5,3.6,↙️南西,東京都,東京,,0,19.8,0,58,6.4,13.2,1003.4,226.4,0,2,1
2007-06,80.0,3.1,↙️南西,東京都,東京,,0,23.2,0,66,7.7,18.6,1005.7,187.2,0,1,0
2007-07,253.0,2.9,➡️東北東,東京都,東京,,0,24.4,0,74,8.8,22.6,1001.6,80.6,0,3,0
2007-08,9.5,3.3,↙️南西,東京都,東京,,0,29.0,0,66,6.4,26.1,1007.3,227.9,0,2,0
2007-09,319.5,4.0,↙️南西,東京都,東京,,0,25.2,0,71,8.0,22.9,1008.8,121.3,0,3,0
2007-10,135.5,3.3,⬆️北,東京都,東京,,0,19.0,0,63,7.3,13.8,1013.1,119.8,0,0,0
2007-11,37.0,2.5,↖️北北西,東京都,東京,,0,13.3,0,56,5.7,8.8,1013.4,148.8,0,1,0
2007-12,72.0,2.5,↖️北北西,東京都,東京,,0,9.0,0,54,5.0,6.2,1011.2,168.8,0,0,0
2008-01,17.5,2.8,↖️北北西,東京都,東京,,0,5.9,0,45,5.4,4.2,1013.4,164.8,3,0,0
2008-02,57.0,3.5,↖️北北西,東京都,東京,,0,5.5,4,41,4.3,3.7,1011.0,214.8,6,0,0
2008-03,119.5,2.9,↖️北北西,東京都,東京,,0,10.7,0,52,5.7,6.8,1011.0,187.2,0,2,0
2008-04,240.0,3.1,↖️北北西,東京都,東京,,0,14.7,0,59,7.2,9.8,1009.6,150.0,0,1,0
2008-05,255.0,3.0,↗️北北東,東京都,東京,,0,18.5,0,65,8.5,13.7,1007.8,136.9,0,0,0
2008-06,225.5,2.7,⬇️南,東京都,東京,,0,21.3,0,72,8.8,18.2,1006.2,106.9,0,1,0
2008-07,48.0,2.8,⬇️南南東,東京都,東京,,0,27.0,0,71,8.6,25.1,1005.1,168.4,0,7,0
2008-08,387.5,2.6,⬇️南南東,東京都,東京,,0,26.8,0,74,8.6,26.0,1004.5,130.0,0,8,0
2008-09,158.5,2.5,↖️北北西,東京都,東京,,0,24.4,0,69,7.9,21.2,1008.0,124.1,0,4,0
2008-10,204.5,2.4,↖️北北西,東京都,東京,,0,19.4,0,66,7.1,14.8,1013.4,141.0,0,1,0
2008-11,74.0,2.6,↖️北北西,東京都,東京,,0,13.1,0,56,6.2,8.6,1012.5,142.9,0,0,0
2008-12,70.5,2.8,↖️北北西,東京都,東京,,0,9.8,0,53,4.0,6.6,1013.0,190.8,0,1,0
2009-01,142.0,2.9,↖️北北西,東京都,東京,,0,6.8,0,48,5.5,4.8,1012.8,174.7,3,0,0
2009-02,46.5,3.1,↖️北北西,東京都,東京,,0,7.8,0,50,6.6,5.3,1010.7,131.2,2,0,0
2009-03,98.5,3.5,↖️北北西,東京都,東京,,0,10.0,0,48,6.4,6.1,1011.4,162.9,3,0,0
2009-04,162.5,3.3,↖️北北西,東京都,東京,,0,15.7,0,54,5.5,9.5,1008.7,226.7,0,1,0
2009-05,242.0,3.1,⬇️南,東京都,東京,,0,20.1,0,64,8.1,14.8,1007.3,154.6,0,2,0
2009-06,226.0,2.7,⬇️南南東,東京都,東京,,0,22.5,0,72,9.0,19.5,1003.3,98.8,0,2,0
2009-07,78.5,3.4,⬇️南,東京都,東京,,0,26.3,0,72,9.0,24.5,1003.3,103.5,0,2,0
2009-08,242.0,2.7,⬇️南南東,東京都,東京,,0,26.6,0,69,8.2,23.9,1005.5,136.1,0,3,0
2009-09,53.0,2.5,↗️北東,東京都,東京,,0,23.0,0,64,7.6,17.7,1009.0,136.5,0,0,0
2009-10,276.5,2.7,↖️北北西,東京都,東京,,0,19.0,0,64,6.4,13.9,1010.3,153.3,0,1,0
2009-11,151.5,2.5,↖️北北西,東京都,東京,,0,13.5,0,63,6.8,10.0,1014.9,124.0,0,0,0
2009-12,82.5,2.7,↖️北北西,東京都,東京,,0,9.0,0,51,4.6,6.0,1010.3,181.0,0,0,0
2010-01,9.0,2.7,↖️北北西,東京都,東京,,0,7.0,0,41,3.8,4.2,1010.2,221.9,1,0,0
2010-02,115.0,2.8,↗️北東,東京都,東京,,0,6.5,2,60,6.9,6.0,1012.6,118.3,10,0,0
2010-03,143.5,3.2,↖️北北西,東京都,東京,,0,9.1,0,61,7.0,7.1,1012.7,139.8,2,0,0
2010-04,214.0,3.1,↖️北北西,東京都,東京,,0,12.4,0,62,8.2,9.0,1013.6,139.9,1,0,0
2010-05,114.0,3.2,⬇️南,東京都,東京,,0,19.0,0,60,7.4,13.1,1007.3,198.8,0,0,1
2010-06,108.0,2.9,⬇️南,東京都,東京,,0,23.6,0,67,7.9,19.8,1007.1,162.5,0,3,0
2010-07,70.0,3.3,⬇️南,東京都,東京,,0,28.0,0,70,7.7,26.4,1005.9,182.7,0,2,0
2010-08,27.0,3.4,⬇️南,東京都,東京,,0,29.6,0,67,6.7,27.8,1009.7,222.6,0,1,0
2010-09,428.0,2.9,↖️北北西,東京都,東京,,0,25.1,0,68,7.6,21.8,1008.3,165.3,0,3,0
2010-10,211.0,2.5,↖️北北西,東京都,東京,,0,18.9,0,68,8.6,15.1,1012.7,81.4,0,0,0
2010-11,94.5,2.4,↖️北北西,東京都,東京,,0,13.5,0,56,5.8,8.7,1012.3,158.9,0,1,0
2010-12,145.5,2.7,↖️北北西,東京都,東京,,0,9.9,0,50,4.5,6.2,1005.1,194.9,1,1,0
2011-01,3.5,2.8,↖️北北西,東京都,東京,,0,5.1,0,36,3.2,3.1,1009.1,243.9,4,0,0
2011-02,151.0,2.9,↖️北北西,東京都,東京,,0,7.0,2,52,5.7,5.2,1013.6,148.9,7,0,0
2011-03,74.0,3.2,↖️北北西,東京都,東京,,0,8.1,0,47,5.3,5.1,1010.5,214.8,1,0,0
2011-04,96.0,3.8,⬇️南,東京都,東京,,0,14.5,0,50,5.7,8.5,1008.9,204.0,0,0,0
2011-05,213.5,3.0,⬇️南,東京都,東京,,0,18.5,0,63,8.0,13.2,1007.5,146.3,0,1,0
2011-06,116.5,2.6,⬇️南南東,東京都,東京,,0,22.8,0,71,9.0,19.7,1005.3,105.1,0,1,0
2011-07,54.5,3.3,⬇️南,東京都,東京,,0,27.3,0,67,7.0,24.5,1004.5,186.2,0,5,0
2011-08,244.0,2.6,⬇️南,東京都,東京,,0,27.5,0,71,7.6,25.8,1006.4,168.9,0,4,0
2011-09,235.0,3.3,⬇️南,東京都,東京,,0,25.1,0,68,7.1,22.0,1007.7,165.8,0,1,0
2011-10,119.5,2.8,↖️北北西,東京都,東京,,0,19.5,0,61,7.4,13.9,1013.6,141.3,0,0,0
2011-11,112.5,2.2,↖️北北西,東京都,東京,,0,14.9,0,58,6.7,10.2,1015.4,143.4,0,1,0
2011-12,59.5,2.6,↖️北北西,東京都,東京,,0,7.5,0,48,4.5,5.1,1013.3,187.6,0,0,0
2012-01,50.0,2.7,↖️北北西,東京都,東京,,0,4.8,4,43,5.0,3.7,1012.6,183.0,4,1,0
2012-02,94.0,2.9,↖️北北西,東京都,東京,,0,5.4,2,49,6.4,4.4,1011.6,148.6,5,0,0
2012-03,144.5,3.1,↖️北北西,東京都,東京,,0,8.8,0,59,6.4,6.7,1010.4,149.7,1,0,0
2012-04,118.5,3.2,↖️北北西,東京都,東京,,0,14.5,0,63,6.9,10.6,1010.8,162.4,0,2,0
2012-05,231.0,3.3,⬇️南,東京都,東京,,0,19.6,0,65,7.5,14.8,1005.9,195.4,0,6,0
2012-06,185.0,3.0,↗️北東,東京都,東京,,0,21.4,0,73,8.9,18.4,1005.6,125.3,0,1,0
2012-07,130.0,3.1,⬇️南,東京都,東京,,0,26.4,0,75,8.3,25.9,1004.5,181.3,0,2,0
2012-08,25.0,3.2,⬇️南,東京都,東京,,0,29.1,0,69,6.3,27.7,1008.2,236.0,0,3,0
2012-09,214.5,3.0,⬇️南南東,東京都,東京,,0,26.2,0,73,8.1,24.7,1009.8,164.4,0,10,0
2012-10,154.5,2.8,↖️北北西,東京都,東京,,0,19.4,0,65,6.8,14.8,1011.0,156.6,0,1,0
2012-11,154.0,2.7,↖️北北西,東京都,東京,,0,12.7,0,58,5.8,8.6,1009.6,153.3,0,0,1
2012-12,69.0,2.8,↖️北北西,東京都,東京,,0,7.3,0,52,4.7,5.3,1011.0,166.9,0,0,0
2013-01,70.0,2.9,↖️北北西,東京都,東京,,0,5.5,8,47,3.9,4.3,1012.6,212.5,2,0,0
2013-02,30.0,3.3,↖️北北西,東京都,東京,,0,6.2,0,48,5.6,4.7,1012.9,173.7,3,0,0
2013-03,44.5,3.6,↖️北北西,東京都,東京,,0,12.1,0,55,6.4,8.0,1009.0,190.1,0,0,0
2013-04,283.0,3.9,↖️北北西,東京都,東京,,0,15.2,0,55,5.9,9.6,1005.9,196.0,0,1,0
2013-05,56.0,3.4,⬇️南,東京都,東京,,0,19.8,0,61,6.0,14.3,1008.0,227.1,0,1,0
2013-06,159.0,2.8,⬇️南南東,東京都,東京,,0,22.9,0,74,8.7,20.7,1005.3,123.9,0,1,0
2013-07,115.5,2.9,⬇️南南東,東京都,東京,,0,27.3,0,73,8.7,26.3,1004.2,163.4,0,6,0
2013-08,99.0,3.0,⬇️南南東,東京都,東京,,0,29.2,0,70,6.9,28.0,1002.9,210.6,0,5,0
2013-09,231.5,3.0,↖️北北西,東京都,東京,,0,25.2,0,69,6.8,22.5,1010.2,164.2,0,4,0
2013-10,440.0,3.1,↖️北北西,東京都,東京,,0,19.8,0,72,7.9,16.9,1013.0,110.4,0,0,0
2013-11,26.0,2.6,↖️北北西,東京都,東京,,0,13.5,0,55,4.7,8.8,1011.1,177.4,0,0,0
2013-12,59.5,2.5,↖️北北西,東京都,東京,,0,8.3,0,52,4.3,5.7,1009.1,181.8,1,1,0
2014-01,24.5,2.8,↖️北北西,東京都,東京,,0,6.3,0,45,4.5,4.4,1013.4,204.1,3,0,0
2014-02,157.5,3.3,↖️北北西,東京都,東京,,0,5.9,49,52,7.0,5.0,1014.3,139.8,6,1,0
2014-03,113.5,3.5,↖️北北西,東京都,東京,,0,10.4,0,52,5.6,6.8,1010.3,205.0,1,1,0
2014-04,155.0,3.1,↖️北北西,東京都,東京,,0,15.0,0,56,5.7,9.6,1011.7,218.3,0,2,0
2014-05,135.5,3.4,⬇️南,東京都,東京,,0,20.3,0,62,6.7,14.7,1006.4,236.5,0,2,0
2014-06,311.0,2.6,⬇️南南東,東京都,東京,,0,23.4,0,75,8.4,21.1,1002.9,143.0,0,5,0
2014-07,105.5,2.8,⬇️南南東,東京都,東京,,0,26.8,0,74,7.6,25.9,1004.5,175.6,0,4,0
2014-08,105.0,3.2,⬇️南,東京都,東京,,0,27.7,0,74,7.5,27.2,1005.7,180.9,0,1,0
2014-09,155.5,2.6,↖️北北西,東京都,東京,,0,23.2,0,68,7.8,19.4,1008.4,145.8,0,2,0
2014-10,384.5,2.7,↖️北北西,東京都,東京,,0,19.1,0,67,7.4,15.0,1013.3,135.2,0,2,0
2014-11,98.5,2.5,↖️北北西,東京都,東京,,0,14.2,0,63,6.2,10.3,1013.4,134.6,0,0,0
2014-12,62.0,2.5,↖️北北西,東京都,東京,,0,6.7,0,55,4.2,5.5,1010.8,185.2,2,0,0
2015-01,92.5,3.2,↖️北北西,東京都,東京,,0,5.8,3,52,4.4,4.8,1012.1,182.0,4,0,0
2015-02,62.0,2.9,↖️北北西,東京都,東京,,0,5.7,0,59,5.4,5.4,1012.3,166.9,3,0,0
2015-03,94.0,3.1,↖️北北西,東京都,東京,,0,10.3,0,57,5.9,7.2,1013.7,194.2,1,0,0
2015-04,129.0,3.1,⬇️南,東京都,東京,,0,14.5,0,71,7.9,11.8,1013.9,149.5,1,1,0
2015-05,88.0,3.2,⬇️南,東京都,東京,,0,21.1,0,62,6.9,15.2,1006.9,240.6,0,1,0
2015-06,195.5,2.7,⬇️南南東,東京都,東京,,0,22.1,0,75,8.9,19.7,1005.6,137.3,0,1,0
2015-07,234.5,3.1,⬇️南,東京都,東京,,0,26.2,0,80,7.5,26.7,1006.5,181.8,0,2,0
2015-08,103.5,2.8,⬇️南南東,東京都,東京,,0,26.7,0,78,7.7,27.1,1006.6,137.6,0,2,0
2015-09,503.5,2.5,↖️北北西,東京都,東京,,0,22.6,0,79,8.3,21.5,1009.6,113.3,0,5,0
2015-10,57.0,2.8,↖️北北西,東京都,東京,,0,18.4,0,66,6.2,13.9,1012.6,181.3,0,1,0
2015-11,139.5,2.2,↖️北北西,東京都,東京,,0,13.9,0,74,7.1,12.0,1018.3,120.1,0,0,0
2015-12,82.5,2.5,↖️北北西,東京都,東京,,0,9.3,0,57,5.7,6.8,1016.3,162.0,0,0,0
2016-01,85.0,2.4,↖️北西,東京都,東京,,0,6.1,6,55,4.4,5.1,1013.2,201.5,2,0,0
2016-02,57.0,2.9,↖️北北西,東京都,東京,,0,7.2,0,56,5.8,5.9,1015.8,160.1,3,0,0
2016-03,103.0,2.8,↖️北北西,東京都,東京,,0,10.1,0,61,7.0,7.7,1016.0,161.9,1,1,0
2016-04,120.0,3.3,⬇️南,東京都,東京,,0,15.4,0,67,8.2,11.7,1010.7,149.2,0,0,0
2016-05,137.5,3.4,⬇️南,東京都,東京,,0,20.2,0,66,7.3,15.2,1010.5,204.9,0,0,0
2016-06,174.5,2.9,⬇️南南東,東京都,東京,,0,22.4,0,75,8.3,19.9,1006.6,139.1,0,0,0
2016-07,81.5,2.7,⬇️南南東,東京都,東京,,0,25.4,0,80,8.2,25.7,1007.3,143.7,0,2,0
2016-08,414.0,3.1,⬇️南南東,東京都,東京,,0,27.1,0,78,7.8,27.8,1002.3,156.5,0,5,0
2016-09,287.0,2.4,↖️北北西,東京都,東京,,0,24.4,0,86,8.9,26.1,1010.7,79.4,0,0,0
2016-10,96.5,2.4,↖️北北西,東京都,東京,,0,18.7,0,72,7.9,15.8,1014.8,119.6,0,0,0
2016-11,139.0,2.5,↖️北北西,東京都,東京,,0,11.4,0,71,6.7,9.7,1016.2,132.1,1,0,0
2016-12,84.0,2.6,↖️北北西,東京都,東京,,0,8.9,0,59,4.9,7.0,1015.1,193.7,0,0,0
2017-01,26.0,2.8,↖️北北西,東京都,東京,,0,5.8,0,53,3.3,4.9,1012.3,226.7,2,0,0
2017-02,15.5,3.5,↖️北西,東京都,東京,,0,6.9,0,49,4.7,4.9,1011.2,193.7,4,0,0
2017-03,85.5,2.8,↖️北北西,東京都,東京,,0,8.5,0,60,6.6,6.5,1011.5,190.3,0,0,0
2017-04,122.0,3.4,⬇️南,東京都,東京,,0,14.7,0,66,6.9,11.0,1009.9,198.8,0,2,0
2017-05,49.0,3.0,⬇️南,東京都,東京,,0,20.0,0,72,7.3,16.6,1009.5,216.9,0,2,0
2017-06,106.5,3.1,⬇️南,東京都,東京,,0,22.0,0,73,8.4,19.1,1005.6,158.8,0,2,0
2017-07,81.0,3.1,⬇️南,東京都,東京,,0,27.3,0,78,7.5,28.2,1006.2,189.1,0,4,0
2017-08,141.5,2.6,➡️東北東,東京都,東京,,0,26.4,0,83,9.2,28.4,1004.9,83.7,0,1,0
2017-09,209.5,2.7,⬇️南,東京都,東京,,0,22.8,0,79,8.4,21.8,1008.8,124.4,0,2,0
2017-10,531.5,2.7,↖️北北西,東京都,東京,,0,16.8,0,82,8.1,15.9,1015.6,94.7,0,1,0
2017-11,47.0,2.4,↖️北北西,東京都,東京,,0,11.9,0,67,6.1,9.5,1014.6,162.7,0,0,0
2017-12,15.0,2.5,↖️北西,東京都,東京,,0,6.6,0,56,3.9,5.5,1013.3,211.1,1,0,0
2018-01,48.5,2.6,↖️北北西,東京都,東京,,0,4.7,23,54,3.9,4.6,1011.4,206.1,4,0,0
2018-02,20.0,2.6,↖️北北西,東京都,東京,,0,5.4,1,56,5.8,5.0,1013.8,167.3,5,0,0
2018-03,220.0,3.0,↖️北北西,東京都,東京,,0,11.5,0,65,5.6,8.9,1014.1,198.0,1,1,0
2018-04,109.0,3.5,⬇️南,東京都,東京,,0,17.0,0,66,5.9,12.9,1011.3,201.8,0,0,0
2018-05,165.5,3.3,⬇️南,東京都,東京,,0,19.8,0,71,7.3,16.3,1008.5,199.3,0,1,0
2018-06,155.5,3.2,⬇️南,東京都,東京,,0,22.4,0,80,8.1,21.5,1006.5,163.1,0,1,0
2018-07,107.0,3.5,⬇️南,東京都,東京,,0,28.3,0,77,7.7,29.4,1007.6,227.2,0,1,0
2018-08,86.5,3.5,⬇️南,東京都,東京,,0,28.1,0,77,7.5,29.1,1005.9,217.4,0,6,0
2018-09,365.0,3.0,⬇️南,東京都,東京,,0,22.9,0,86,9.1,23.9,1010.7,96.7,0,2,0
2018-10,61.5,2.6,↖️北北西,東京都,東京,,0,19.1,0,74,7.0,16.6,1012.9,139.0,0,2,0
2018-11,63.0,2.1,↖️北北西,東京都,東京,,0,14.0,0,72,6.9,11.6,1016.9,151.0,0,0,0
2018-12,44.0,2.6,↖️北北西,東京都,東京,,0,8.3,0,61,6.0,7.0,1015.8,145.3,0,0,0
2019-01,16.0,2.8,↖️北西,東京都,東京,,0,5.6,0,51,2.8,4.5,1013.4,222.2,2,1,0
2019-02,42.0,2.7,↖️北北西,東京都,東京,,0,7.2,0,59,6.6,6.1,1015.0,138.0,4,0,0
2019-03,117.5,3.0,↖️北北西,東京都,東京,,0,10.6,0,60,6.4,7.6,1010.1,177.3,0,0,0
2019-04,90.5,3.3,⬇️南南東,東京都,東京,,0,13.6,0,63,6.7,10.1,1010.3,194.4,0,1,0
2019-05,120.5,3.3,⬇️南南東,東京都,東京,,0,20.0,0,65,7.1,14.9,1010.3,229.4,0,1,0
2019-06,225.0,2.9,⬇️南南東,東京都,東京,,0,21.8,0,81,8.5,20.9,1004.8,129.5,0,1,0
2019-07,193.0,2.6,⬇️南南東,東京都,東京,,0,24.1,0,89,9.0,26.8,1006.8,81.1,0,0,0
2019-08,110.0,3.2,⬇️南南東,東京都,東京,,0,28.4,0,80,6.8,30.9,1005.9,187.8,0,4,0
2019-09,197.0,2.7,↗️北東,東京都,東京,,0,25.1,0,79,8.0,25.0,1012.3,137.6,0,3,0
2019-10,529.5,2.8,↖️北北西,東京都,東京,,0,19.4,0,80,7.8,18.1,1013.2,112.8,0,1,0
2019-11,156.5,2.6,↖️北北西,東京都,東京,,0,13.1,0,69,5.2,10.5,1015.4,170.3,0,0,1
2019-12,76.5,2.4,↖️北北西,東京都,東京,,0,8.5,0,66,6.4,7.3,1016.7,128.6,0,0,0
2020-01,135.0,2.4,↖️北北西,東京都,東京,,0,7.1,0,65,5.8,6.5,1013.8,139.8,4,0,0
2020-02,15.0,2.7,↖️北西,東京都,東京,,0,8.3,0,55,5.2,6.2,1015.6,196.1,0,0,0
2020-03,131.0,3.1,↖️北西,東京都,東京,,0,10.7,1,65,5.9,8.4,1010.9,181.9,2,0,0
2020-04,296.5,3.2,↖️北北西,東京都,東京,,0,12.8,0,66,6.2,9.6,1009.7,213.4,0,1,0
2020-05,118.0,3.1,⬇️南,東京都,東京,,0,19.5,0,75,7.7,16.7,1008.4,175.5,0,2,0
2020-06,212.5,2.8,⬇️南,東京都,東京,,0,23.2,0,82,8.7,23.1,1004.7,136.3,0,1,0
2020-07,270.5,3.1,⬇️南,東京都,東京,,0,24.3,0,89,9.7,27.1,1006.2,47.7,0,4,0
2020-08,61.5,2.8,⬇️南南東,東京都,東京,,0,29.1,0,76,5.8,30.2,1008.3,254.7,0,5,0
2020-09,117.5,2.9,↖️北北西,東京都,東京,,0,24.2,0,83,8.3,25.3,1009.6,105.7,0,4,0
2020-10,205.0,2.4,↖️北北西,東京都,東京,,0,17.5,0,75,7.7,15.0,1014.5,113.9,0,0,0
2020-11,14.5,2.5,↖️北北西,東京都,東京,,0,14.0,0,65,5.8,10.6,1017.3,156.6,0,0,0
2020-12,13.0,2.1,↖️北北西,東京都,東京,,0,7.7,0,61,5.0,6.5,1013.9,167.9,0,0,0
2021-01,43.5,2.3,↖️北北西,東京都,東京,,0,5.4,0,57,5.1,5.2,1014.1,172.4,2,0,0
2021-02,88.5,2.9,↖️北西,東京都,東京,,0,8.5,0,49,3.9,5.6,1011.8,214.9,0,0,0
2021-03,173.0,3.2,↖️北西,東京都,東京,,0,12.8,0,62,7.0,9.4,1014.5,193.2,0,1,0
2021-04,156.0,3.2,⬇️南,東京都,東京,,0,15.1,0,60,5.7,10.3,1014.8,218.5,0,1,0
2021-05,99.5,3.2,⬇️南,東京都,東京,,0,19.6,0,73,8.5,16.5,1006.6,150.5,0,2,0
2021-06,168.5,2.7,⬇️南南東,東京都,東京,,0,22.7,0,77,8.5,21.0,1007.4,131.6,0,2,0
2021-07,310.0,2.4,⬇️南南東,東京都,東京,,0,25.9,0,83,7.7,27.2,1007.7,160.2,0,5,1
2021-08,382.5,3.1,⬇️南,東京都,東京,,0,27.4,0,80,7.2,29.0,1007.2,175.6,0,2,0
2021-09,222.5,2.4,↗️北北東,東京都,東京,,0,22.3,0,82,8.0,22.0,1012.2,100.7,0,0,0
2021-10,199.5,2.5,↖️北西,東京都,東京,,0,18.2,0,76,6.2,16.3,1015.8,163.0,0,1,0
2021-11,93.0,2.2,↖️北西,東京都,東京,,0,13.7,0,65,4.8,10.3,1013.2,206.7,0,1,0
2021-12,116.0,2.4,↖️北西,東京都,東京,,0,7.9,0,60,4.2,6.6,1013.0,202.5,1,0,0
2022-01,22.5,2.6,↖️北西,東京都,東京,,0,4.9,10,52,4.0,4.4,1012.7,206.8,2,0,0
2022-02,71.0,2.6,↖️北西,東京都,東京,,0,5.2,2,53,4.0,4.6,1013.6,190.9,4,0,0
2022-03,110.5,2.8,↖️北西,東京都,東京,,0,10.9,0,63,6.9,8.3,1012.0,195.6,3,1,0
2022-04,224.5,2.8,⬇️南南東,東京都,東京,,0,15.3,0,75,7.5,13.2,1013.6,169.6,0,0,0
2022-05,198.0,2.7,⬇️南南東,東京都,東京,,0,18.8,0,75,8.0,16.1,1010.0,181.1,0,2,0
2022-06,64.0,2.8,⬇️南南東,東京都,東京,,0,23.0,0,77,7.8,21.7,1007.1,167.6,0,1,0
2022-07,233.0,3.0,⬇️南南東,東京都,東京,,0,27.4,0,79,7.7,28.6,1004.8,176.4,0,0,0
2022-08,105.0,3.2,⬇️南,東京都,東京,,0,27.5,0,79,8.5,28.9,1005.9,150.4,0,3,0
2022-09,310.0,2.8,↗️北北東,東京都,東京,,0,24.4,0,81,8.1,24.6,1011.2,134.5,0,4,0
2022-10,118.0,2.4,↖️北北西,東京都,東京,,0,17.2,0,75,6.9,14.9,1016.3,119.4,0,0,0
2022-11,102.5,2.2,↖️北西,東京都,東京,,0,14.5,0,70,5.8,11.5,1015.6,160.9,0,0,0
2022-12,56.5,2.2,↖️北西,東京都,東京,,0,7.5,0,60,4.3,6.3,1011.9,175.7,0,0,0
2023-01,15.5,2.4,↖️北西,東京都,東京,,0,5.7,0,55,4.3,5.2,1013.4,195.0,1,0,0
2023-02,40.5,2.8,↖️北西,東京都,東京,,0,7.3,0,54,5.2,5.6,1016.6,178.6,1,0,0
2023-03,145.0,2.7,⬇️南南東,東京都,東京,,0,12.9,0,68,6.5,10.2,1016.2,164.1,0,1,0
2023-04,90.0,3.5,⬇️南,東京都,東京,,0,16.3,0,62,6.0,11.8,1011.5,197.2,0,2,0
2023-05,159.0,3.1,⬇️南,東京都,東京,,0,19.0,0,72,7.3,15.7,1011.0,195.9,0,1,0
2023-06,347.0,2.6,⬇️南南東,東京都,東京,,0,23.2,0,80,8.6,22.4,1006.1,137.5,0,0,2
2023-07,30.0,3.0,⬇️南南東,東京都,東京,,0,28.7,0,72,5.8,27.8,1007.2,250.4,0,2,0
2023-08,132.5,3.3,⬇️南南東,東京都,東京,,0,29.2,0,78,6.6,31.2,1007.0,222.3,0,3,0
2023-09,229.0,2.8,⬇️南,東京都,東京,,0,26.7,0,80,7.2,27.8,1009.7,143.7,0,2,0
2023-10,147.0,2.4,↖️北西,東京都,東京,,0,18.9,0,67,5.8,14.4,1011.6,200.6,0,2,0
2023-11,41.5,2.3,↖️北西,東京都,東京,,0,14.4,0,66,4.6,11.3,1013.9,174.8,0,0,0
2023-12,19.5,2.1,↖️北西,東京都,東京,,0,9.4,0,59,4.7,7.2,1015.4,199.1,0,0,0
2024-01,36.0,2.6,↖️北西,東京都,東京,,0,7.1,0,54,3.7,5.5,1013.6,198.5,1,1,0
2024-02,78.5,2.9,↖️北西,東京都,東京,,0,8.0,9,63,6.7,6.9,1017.3,152.4,3,1,0
2024-03,188.5,3.1,↖️北西,東京都,東京,,0,9.6,1,59,5.3,7.3,1010.4,201.6,1,1,0
2024-04,115.5,2.7,⬇️南南東,東京都,東京,,0,17.1,0,72,7.6,14.1,1011.7,150.3,0,0,0
2024-05,201.5,3.3,⬇️南,東京都,東京,,0,20.0,0,72,7.1,16.7,1010.7,185.5,0,0,0
2024-06,350.0,2.6,⬇️南南東,東京都,東京,,0,23.1,0,79,7.7,21.9,1006.7,158.1,0,2,0
2024-07,206.5,2.6,⬇️南南東,東京都,東京,,0,28.7,0,78,8.3,30.2,1005.2,199.6,0,7,0
2024-08,381.0,3.0,⬇️南南東,東京都,東京,,0,29.0,0,79,7.1,31.5,1004.9,189.8,0,10,0
2024-09,111.5,2.9,⬇️南,東京都,東京,,0,26.6,0,81,6.8,28.0,1010.5,160.8,0,3,0
2024-10,174.5,2.4,↖️北北西,東京都,東京,,0,20.6,0,79,7.9,19.5,1015.8,111.7,0,0,0
2024-11,82.0,2.3,↖️北西,東京都,東京,,0,13.7,0,69,5.4,11.0,1015.2,158.1,0,0,0
2024-12,0.5,2.3,↖️北西,東京都,東京,,0,8.1,0,54,3.2,5.9,1010.7,233.8,1,0,0
2025-01,26.0,2.3,↖️北西,東京都,東京,,0,6.6,0,53,3.5,5.2,1013.0,206.1,0,0,0
2025-02,6.5,2.9,↖️北西,東京都,東京,,0,6.5,0,44,3.4,4.3,1011.0,217.0,0,0,0
2025-03,153.0,2.9,↖️北西,東京都,東京,,0,10.7,2,65,6.5,8.5,1012.2,168.0,5,1,0
2025-04,154.5,3.1,⬇️南,東京都,東京,,0,15.6,0,69,6.7,12.2,1008.2,178.4,0,1,0
2025-05,96.5,3.1,⬇️南南東,東京都,東京,,0,17.9,0,73,8.2,14.7,1007.5,71.1,0,0,0
1872-05,0,0,0,北海道,札幌市,,0,0,0,0,0,0,0,0,0,0,0
1872-06,0,0,0,北海道,札幌市,,0,0,0,0,0,0,0,0,0,0,0
1872-07,0,0,0,北海道,札幌市,,0,0,0,0,0,0,0,0,0,0,0
1872-08,0,0,0,北海道,札幌市,,0,0,0,0,0,0,0,0,0,0,0
1872-09,0,0,0,北海道,札幌市,,0,0,0,0,0,0,0,0,0,0,0
1872-10,0,0,0,北海道,札幌市,,0,0,0,0,0,0,0,0,0,0,0
1872-11,0,0,0,北海道,札幌市,,0,0,0,0,0,0,0,0,0,0,0
1872-12,0,0,0,北海道,札幌市,,0,0,0,0,0,0,0,0,0,0,0
1873-01,0,0,0,北海道,札幌市,,0,0,0,0,0,0,0,0,0,0,0
1873-02,0,0,0,北海道,札幌市,,0,0,0,0,0,0,0,0,0,0,0
1873-03,0,0,0,北海道,札幌市,,0,0,0,0,0,0,0,0,0,0,0
1873-04,0,0,0,北海道,札幌市,,0,0,0,0,0,0,0,0,0,0,0
1873-05,0,0,0,北海道,札幌市,,0,0,0,0,0,0,0,0,0,0,0
1873-06,0,0,0,北海道,札幌市,,0,0,0,0,0,0,0,0,0,0,0
1873-07,0,0,0,北海道,札幌市,,0,0,0,0,0,0,0,0,0,0,0
1873-08,0,0,0,北海道,札幌市,,0,0,0,0,0,0,0,0,0,0,0
1873-09,0,0,0,北海道,札幌市,,0,0,0,0,0,0,0,0,0,0,0
1873-10,0,0,0,北海道,札幌市,,0,0,0,0,0,0,0,0,0,0,0
1873-11,0,0,0,北海道,札幌市,,0,0,0,0,0,0,0,0,0,0,0
1873-12,0,0,0,北海道,札幌市,,0,0,0,0,0,0,0,0,0,0,0
1874-01,0,0,0,北海道,札幌市,,0,0,0,0,0,0,0,0,0,0,0
1874-02,0,0,0,北海道,札幌市,,0,0,0,0,0,0,0,0,0,0,0
1874-03,0,0,0,北海道,札幌市,,0,0,0,0,0,0,0,0,0,0,0
1874-04,0,0,0,北海道,札幌市,,0,0,0,0,0,0,0,0,0,0,0
1874-05,0,0,0,北海道,札幌市,,0,0,0,0,0,0,0,0,0,0,0
1874-06,0,0,0,北海道,札幌市,,0,0,0,0,0,0,0,0,0,0,0
1874-07,0,0,0,北海道,札幌市,,0,0,0,0,0,0,0,0,0,0,0
1874-08,0,0,0,北海道,札幌市,,0,0,0,0,0,0,0,0,0,0,0
1874-09,0,0,0,北海道,札幌市,,0,0,0,0,0,0,0,0,0,0,0
1874-10,0,0,0,北海道,札幌市,,0,0,0,0,0,0,0,0,0,0,0
1874-11,0,0,0,北海道,札幌市,,0,0,0,0,0,0,0,0,0,0,0
1874-12,0,0,0,北海道,札幌市,,0,0,0,0,0,0,0,0,0,0,0
1875-01,0,0,0,北海道,札幌市,,0,0,0,0,0,0,0,0,0,0,0
1875-02,0,0,0,北海道,札幌市,,0,0,0,0,0,0,0,0,0,0,0
1875-03,0,0,0,北海道,札幌市,,0,0,0,0,0,0,0,0,0,0,0
1875-04,0,0,0,北海道,札幌市,,0,0,0,0,0,0,0,0,0,0,0
1875-05,0,0,0,北海道,札幌市,,0,0,0,0,0,0,0,0,0,0,0
1875-06,0,0,0,北海道,札幌市,,0,0,0,0,0,0,0,0,0,0,0
1875-07,0,0,0,北海道,札幌市,,0,0,0,0,0,0,0,0,0,0,0
1875-08,0,0,0,北海道,札幌市,,0,0,0,0,0,0,0,0,0,0,0
1875-09,0,0,0,北海道,札幌市,,0,0,0,0,0,0,0,0,0,0,0
1875-10,0,0,0,北海道,札幌市,,0,0,0,0,0,0,0,0,0,0,0
1875-11,0,0,0,北海道,札幌市,,0,0,0,0,0,0,0,0,0,0,0
1875-12,0,0,0,北海道,札幌市,,0,0,0,0,0,0,0,0,0,0,0
1876-01,0,0,0,北海道,札幌市,,0,0,0,0,0,0,0,0,0,0,0
1876-02,0,0,0,北海道,札幌市,,0,0,0,0,0,0,0,0,0,0,0
1876-03,0,0,0,北海道,札幌市,,0,0,0,0,0,0,0,0,0,0,0
1876-04,0,0,0,北海道,札幌市,,0,0,0,0,0,0,0,0,0,0,0
1876-05,0,0,0,北海道,札幌市,,0,0,0,0,0,0,0,0,0,0,0
1876-06,0,0,0,北海道,札幌市,,0,0,0,0,0,0,0,0,0,0,0
1876-07,0,0,0,北海道,札幌市,,0,0,0,0,0,0,0,0,0,0,0
1876-08,0,0,0,北海道,札幌市,,0,0,0,0,0,0,0,0,0,0,0
1876-09,182.8,0,0,北海道,札幌市,,0,0,0,0,0,0,0,0,0,0,0
1876-10,119.7,0,0,北海道,札幌市,,0,0,0,0,0,0,0,0,0,0,0
1876-11,221.5,0,0,北海道,札幌市,,0,0,0,0,0,0,0,0,0,0,0
1876-12,108.3,0,0,北海道,札幌市,,0,0,0,0,0,0,0,0,0,0,0
1877-01,84.1,0,0,北海道,札幌市,,0,-1.5,0,0,0,0,0,0,0,0,0
1877-02,126.2,0,0,北海道,札幌市,,0,-2.2,0,0,0,0,0,0,0,0,0
1877-03,78.3,0,0,北海道,札幌市,,0,1.4,0,0,0,0,0,0,0,0,0
1877-04,39.1,0,0,北海道,札幌市,,0,6.6,0,0,0,0,0,0,0,0,0
1877-05,73.0,0,0,北海道,札幌市,,0,9.7,0,0,0,0,0,0,0,0,0
1877-06,90.4,0,0,北海道,札幌市,,0,16.7,0,0,0,0,0,0,0,0,0
1877-07,48.8,0,0,北海道,札幌市,,0,21.1,0,0,0,0,0,0,0,0,0
1877-08,118.1,0,0,北海道,札幌市,,0,22.6,0,0,0,0,0,0,0,0,0
1877-09,97.8,0,0,北海道,札幌市,,0,17.0,0,0,0,0,0,0,0,0,0
1877-10,167.5,0,0,北海道,札幌市,,0,11.3,0,0,0,0,0,0,0,0,0
1877-11,163.8,0,0,北海道,札幌市,,0,2.5,0,0,0,0,0,0,0,0,0
1877-12,68.5,0,0,北海道,札幌市,,0,-1.7,0,0,0,0,0,0,0,0,0
1878-01,25.7,0,0,北海道,札幌市,,0,-5.9,0,0,0,0,0,0,0,0,0
1878-02,76.6,0,0,北海道,札幌市,,0,-3.8,0,0,0,0,0,0,0,0,0
1878-03,174.5,0,0,北海道,札幌市,,0,-0.2,0,0,0,0,0,0,0,0,0
1878-04,18.9,0,0,北海道,札幌市,,0,5.3,0,0,0,0,0,0,0,0,0
1878-05,142.5,0,0,北海道,札幌市,,0,10.9,0,0,0,0,0,0,0,0,0
1878-06,21.6,0,0,北海道,札幌市,,0,16.5,0,0,0,0,0,0,0,0,0
1878-07,90.9,0,0,北海道,札幌市,,0,19.8,0,0,0,0,0,0,0,0,0
1878-08,173.4,0,0,北海道,札幌市,,0,20.3,0,0,0,0,0,0,0,0,0
1878-09,85.1,0,0,北海道,札幌市,,0,18.1,0,0,0,0,0,0,0,0,0
1878-10,96.5,0,0,北海道,札幌市,,0,8.7,0,0,0,0,0,0,0,0,0
1878-11,69.2,0,0,北海道,札幌市,,0,0.5,0,0,0,0,0,0,0,0,0
1878-12,82.4,0,0,北海道,札幌市,,0,-4.9,0,0,0,0,0,0,0,0,0
1879-01,206.2,0,0,北海道,札幌市,,0,-5.9,0,75,0,0,0,0,0,0,0
1879-02,103.9,0,0,北海道,札幌市,,0,-4.8,0,72,0,0,0,0,0,0,0
1879-03,55.4,0,0,北海道,札幌市,,0,-0.4,0,75,0,0,0,0,0,0,0
1879-04,65.5,0,0,北海道,札幌市,,0,3.5,0,70,0,0,0,0,0,0,0
1879-05,27.0,0,0,北海道,札幌市,,0,10.9,0,78,0,0,0,0,0,0,0
1879-06,62.3,0,0,北海道,札幌市,,0,16.2,0,81,0,0,0,0,0,0,0
1879-07,52.7,0,0,北海道,札幌市,,0,21.4,0,79,0,0,0,0,0,0,0
1879-08,165.5,0,0,北海道,札幌市,,0,21.6,0,84,0,0,0,0,0,0,0
1879-09,215.5,0,0,北海道,札幌市,,0,15.4,0,82,0,0,0,0,0,0,0
1879-10,228.8,0,0,北海道,札幌市,,0,7.4,0,81,0,0,0,0,0,0,0
1879-11,125.0,0,0,北海道,札幌市,,0,2.0,0,88,0,0,0,0,0,0,0
1879-12,95.2,0,0,北海道,札幌市,,0,0.2,0,80,0,0,0,0,0,0,0
1880-01,96.0,0,0,北海道,札幌市,,0,-7.1,0,71,0,0,0,0,0,0,0
1880-02,66.7,0,0,北海道,札幌市,,0,-4.1,0,75,0,0,0,0,0,0,0
1880-03,84.7,0,0,北海道,札幌市,,0,0.0,0,74,0,0,0,0,0,0,0
1880-04,30.7,0,0,北海道,札幌市,,0,5.3,0,69,0,0,0,0,0,0,0
1880-05,69.2,0,0,北海道,札幌市,,0,11.0,0,78,0,0,0,0,0,0,0
1880-06,34.8,0,0,北海道,札幌市,,0,14.7,0,81,0,0,0,0,0,0,0
1880-07,22.9,0,0,北海道,札幌市,,0,20.6,0,81,0,0,0,0,0,0,0
1880-08,85.1,0,0,北海道,札幌市,,0,23.5,0,77,0,0,0,0,0,0,0
1880-09,102.1,0,0,北海道,札幌市,,0,16.9,0,82,0,0,0,0,0,0,0
1880-10,48.1,0,0,北海道,札幌市,,0,9.1,0,79,0,0,0,0,0,0,0
1880-11,150.0,0,0,北海道,札幌市,,0,3.6,0,83,0,0,0,0,0,0,0
1880-12,145.0,0,0,北海道,札幌市,,0,-3.4,0,81,0,0,0,0,0,0,0
1881-01,173.0,0,0,北海道,札幌市,,0,-4.6,0,78,0,0,0,0,0,0,0
1881-02,81.2,0,0,北海道,札幌市,,0,-4.8,0,75,0,0,0,0,0,0,0
1881-03,74.8,0,0,北海道,札幌市,,0,-2.3,0,77,0,0,0,0,0,0,0
1881-04,42.3,0,0,北海道,札幌市,,0,3.2,0,81,0,0,0,0,0,0,0
1881-05,52.0,0,0,北海道,札幌市,,0,12.1,0,68,0,0,0,0,0,0,0
1881-06,30.6,0,0,北海道,札幌市,,0,16.8,0,79,0,0,0,0,0,0,0
1881-07,59.0,0,0,北海道,札幌市,,0,18.5,0,82,0,0,0,0,0,0,0
1881-08,84.8,0,0,北海道,札幌市,,0,21.4,0,82,0,0,0,0,0,0,0
1881-09,90.2,0,0,北海道,札幌市,,0,17.6,0,78,0,0,0,0,0,0,0
1881-10,111.1,0,0,北海道,札幌市,,0,8.4,0,83,0,0,0,0,0,0,0
1881-11,108.5,0,0,北海道,札幌市,,0,3.5,0,83,0,0,0,0,0,0,0
1881-12,109.6,0,0,北海道,札幌市,,0,-4.3,0,78,0,0,0,0,0,0,0
1882-01,72.1,0,0,北海道,札幌市,,0,-3.9,0,0,0,0,0,0,0,0,0
1882-02,50.8,0,0,北海道,札幌市,,0,-3.0,0,0,0,0,0,0,0,0,0
1882-03,69.2,0,0,北海道,札幌市,,0,-0.9,0,0,0,0,0,0,0,0,0
1882-04,120.1,0,0,北海道,札幌市,,0,6.3,0,0,0,0,0,0,0,0,0
1882-05,136.5,0,0,北海道,札幌市,,0,11.1,0,0,0,0,0,0,0,0,0
1882-06,59.9,0,0,北海道,札幌市,,0,15.2,0,0,0,0,0,0,0,0,0
1882-07,70.1,0,0,北海道,札幌市,,0,19.0,0,0,0,0,0,0,0,0,0
1882-08,94.6,0,0,北海道,札幌市,,0,21.5,0,0,0,0,0,0,0,0,0
1882-09,88.3,0,0,北海道,札幌市,,0,16.4,0,0,0,0,0,0,0,0,0
1882-10,93.2,0,0,北海道,札幌市,,0,9.8,0,0,0,0,0,0,0,0,0
1882-11,66.9,0,0,北海道,札幌市,,0,1.2,0,0,0,0,0,0,0,0,0
1882-12,61.8,0,0,北海道,札幌市,,0,-4.8,0,0,0,0,0,0,0,0,0
1883-01,57.8,2.6,0,北海道,札幌市,,0,-5.7,0,80,0,0,0,0,0,0,0
1883-02,24.6,1.9,0,北海道,札幌市,,0,-6.6,0,86,0,0,0,0,0,0,0
1883-03,28.4,2.4,0,北海道,札幌市,,0,-3.6,0,89,0,0,0,0,0,0,0
1883-04,36.4,3.2,0,北海道,札幌市,,0,3.3,0,78,0,0,0,0,0,0,0
1883-05,60.5,2.9,0,北海道,札幌市,,0,8.9,0,78,0,0,0,0,0,0,0
1883-06,55.2,2.6,0,北海道,札幌市,,0,14.3,0,81,0,0,0,0,0,0,0
1883-07,9.6,2.4,0,北海道,札幌市,,0,21.0,0,84,0,0,0,0,0,0,0
1883-08,6.9,2.1,0,北海道,札幌市,,0,21.7,0,78,0,0,0,0,0,0,0
1883-09,161.0,2.5,0,北海道,札幌市,,0,15.3,0,82,0,0,0,0,0,0,0
1883-10,223.6,2.0,0,北海道,札幌市,,0,10.3,0,85,0,0,0,0,0,0,0
1883-11,154.5,1.8,0,北海道,札幌市,,0,2.1,0,83,0,0,0,0,0,0,0
1883-12,83.4,2.2,0,北海道,札幌市,,0,-3.3,0,82,0,0,0,0,0,0,0
1884-01,63.7,2.0,0,北海道,札幌市,,0,-5.7,0,82,0,0,0,0,0,0,0
1884-02,76.6,1.8,0,北海道,札幌市,,0,-5.4,0,79,0,0,0,0,0,0,0
1884-03,62.1,2.9,0,北海道,札幌市,,0,-3.4,0,78,0,0,0,0,0,0,0
1884-04,23.6,3.1,0,北海道,札幌市,,0,3.4,0,76,0,0,0,0,0,0,0
1884-05,66.3,3.8,0,北海道,札幌市,,0,10.2,0,75,0,0,0,0,0,0,0
1884-06,57.0,3.3,0,北海道,札幌市,,0,14.0,0,83,0,0,0,0,0,0,0
1884-07,43.2,2.5,0,北海道,札幌市,,0,19.2,0,83,0,0,0,0,0,0,0
1884-08,87.6,2.6,0,北海道,札幌市,,0,18.4,0,83,0,0,0,0,0,0,0
1884-09,116.6,2.4,0,北海道,札幌市,,0,15.8,0,86,0,0,0,0,0,0,0
1884-10,176.5,2.0,0,北海道,札幌市,,0,7.8,0,83,0,0,0,0,0,0,0
1884-11,82.5,2.4,0,北海道,札幌市,,0,0.0,0,80,0,0,0,0,0,0,0
1884-12,76.5,1.8,0,北海道,札幌市,,0,-5.8,0,80,0,0,0,0,0,0,0
1885-01,69.9,2.1,0,北海道,札幌市,,0,-7.6,0,79,0,0,0,0,0,0,0
1885-02,20.1,3.4,0,北海道,札幌市,,0,-5.9,0,79,0,0,0,0,0,0,0
1885-03,50.2,3.3,0,北海道,札幌市,,0,-2.5,0,76,0,0,0,0,0,0,0
1885-04,17.7,4.0,0,北海道,札幌市,,0,3.2,0,79,0,0,0,0,0,0,0
1885-05,98.6,4.1,0,北海道,札幌市,,0,9.0,0,76,0,0,0,0,0,0,0
1885-06,26.6,2.9,0,北海道,札幌市,,0,14.4,0,76,0,0,0,0,0,0,0
1885-07,57.8,2.0,0,北海道,札幌市,,0,17.9,0,86,0,0,0,0,0,0,0
1885-08,147.2,2.6,0,北海道,札幌市,,0,20.6,0,87,0,0,0,0,0,0,0
1885-09,165.8,2.7,0,北海道,札幌市,,0,16.0,0,85,0,0,0,0,0,0,0
1885-10,62.2,1.9,0,北海道,札幌市,,0,10.3,0,83,0,0,0,0,0,0,0
1885-11,95.5,2.3,0,北海道,札幌市,,0,4.1,0,80,0,0,0,0,0,0,0
1885-12,71.5,2.6,0,北海道,札幌市,,0,-0.4,0,77,0,0,0,0,0,0,0
1886-01,80.9,1.7,0,北海道,札幌市,,0,-6.4,0,75,0,0,0,0,0,0,0
1886-02,51.7,2.7,0,北海道,札幌市,,0,-4.6,0,76,0,0,0,0,0,0,0
1886-03,20.0,2.7,0,北海道,札幌市,,0,-0.3,0,74,0,0,0,0,0,0,0
1886-04,11.0,2.6,0,北海道,札幌市,,0,7.2,0,68,0,0,0,0,0,0,0
1886-05,44.3,3.3,0,北海道,札幌市,,0,11.2,0,77,0,0,0,0,0,0,0
1886-06,116.8,3.3,0,北海道,札幌市,,0,16.3,0,80,0,0,0,0,0,0,0
1886-07,79.9,3.0,0,北海道,札幌市,,0,20.7,0,83,0,0,0,0,0,0,0
1886-08,139.5,2.8,0,北海道,札幌市,,0,22.8,0,81,0,0,0,0,0,0,0
1886-09,191.8,2.2,0,北海道,札幌市,,0,18.1,0,86,0,0,0,0,0,0,0
1886-10,99.0,1.8,0,北海道,札幌市,,0,10.9,0,80,0,0,0,0,0,0,0
1886-11,73.6,1.7,0,北海道,札幌市,,0,2.6,0,80,0,0,0,0,0,0,0
1886-12,66.6,1.9,0,北海道,札幌市,,0,-2.8,0,83,0,0,0,0,0,0,0
1887-01,107.2,1.5,0,北海道,札幌市,,0,-6.1,0,80,0,0,0,0,0,0,0
1887-02,28.1,2.1,0,北海道,札幌市,,0,-4.0,0,82,0,0,0,0,0,0,0
1887-03,85.8,3.2,0,北海道,札幌市,,0,-1.0,0,83,0,0,0,0,0,0,0
1887-04,77.3,3.4,0,北海道,札幌市,,0,4.6,0,75,0,0,0,0,0,0,0
1887-05,78.3,3.3,0,北海道,札幌市,,0,9.6,0,76,0,0,0,0,0,0,0
1887-06,39.5,2.9,0,北海道,札幌市,,0,14.8,0,84,0,0,0,0,0,0,0
1887-07,33.3,2.4,0,北海道,札幌市,,0,19.7,0,85,0,0,0,0,0,0,0
1887-08,61.6,2.6,0,北海道,札幌市,,0,21.8,0,85,0,0,0,0,0,0,0
1887-09,143.9,2.2,0,北海道,札幌市,,0,14.8,0,84,0,0,0,0,0,0,0
1887-10,38.2,2.4,0,北海道,札幌市,,0,10.6,0,77,0,0,0,0,0,0,0
1887-11,109.3,2.3,0,北海道,札幌市,,0,4.4,0,82,0,0,0,0,0,0,0
1887-12,127.6,2.2,0,北海道,札幌市,,0,-1.8,0,84,0,0,0,0,0,0,0
1888-01,70.3,1.9,0,北海道,札幌市,,0,-5.5,0,85,0,0,0,0,0,0,0
1888-02,59.4,1.7,0,北海道,札幌市,,0,-6.5,0,86,0,0,0,0,0,0,0
1888-03,60.9,3.0,0,北海道,札幌市,,0,-1.1,0,81,0,0,0,0,0,0,0
1888-04,52.1,3.8,0,北海道,札幌市,,0,6.2,0,63,0,0,0,0,0,0,0
1888-05,50.3,3.4,0,北海道,札幌市,,0,11.0,0,69,0,0,0,0,0,0,0
1888-06,149.9,3.0,0,北海道,札幌市,,0,11.1,0,83,0,0,0,0,0,0,0
1888-07,43.9,2.7,0,北海道,札幌市,,0,20.4,0,82,0,0,0,0,0,0,0
1888-08,121.4,1.6,0,北海道,札幌市,,0,20.4,0,85,0,0,0,0,0,0,0
1888-09,116.9,2.2,0,北海道,札幌市,,0,15.1,0,81,0,0,0,0,0,0,0
1888-10,96.5,2.1,0,北海道,札幌市,,0,10.5,0,77,0,0,0,0,0,0,0
1888-11,96.5,1.8,0,北海道,札幌市,,0,4.9,0,81,0,0,0,0,0,0,0
1888-12,116.5,2.0,0,北海道,札幌市,,0,-2.2,0,84,0,0,0,0,0,0,0
1889-01,74.5,1.9,0,北海道,札幌市,,0,-7.8,0,83,0,0,0,0,0,0,0
1889-02,127.2,2.1,0,北海道,札幌市,,0,-5.4,0,85,0,0,0,0,0,0,0
1889-03,85.1,2.9,0,北海道,札幌市,,0,-1.6,0,84,0,0,0,0,0,0,0
1889-04,79.8,3.0,0,北海道,札幌市,,0,4.6,0,76,0,0,0,0,0,0,0
1889-05,24.4,3.2,0,北海道,札幌市,,0,8.9,0,72,0,0,0,0,0,0,0
1889-06,32.5,2.3,0,北海道,札幌市,,0,13.9,0,79,0,0,0,0,0,0,0
1889-07,76.9,2.8,0,北海道,札幌市,,0,19.3,0,83,0,0,0,0,0,0,0
1889-08,141.8,1.8,0,北海道,札幌市,,0,20.7,0,83,0,0,0,0,0,0,0
1889-09,215.7,2.1,0,北海道,札幌市,,0,14.9,0,83,0,0,0,0,0,0,0
1889-10,114.5,2.1,0,北海道,札幌市,,0,7.8,0,80,0,0,0,0,0,0,0
1889-11,60.1,2.3,0,北海道,札幌市,,0,1.5,0,82,0,0,0,0,0,0,0
1889-12,67.6,2.3,0,北海道,札幌市,,0,-2.6,0,85,0,0,0,0,0,0,0
1890-01,28.6,1.8,0,北海道,札幌市,,0,-7.0,0,81,0,0,0,0,0,0,0
1890-02,74.4,2.6,0,北海道,札幌市,,0,-3.5,0,87,0,0,0,0,0,0,0
1890-03,61.3,2.8,0,北海道,札幌市,,0,1.2,0,78,0,0,0,0,0,0,0
1890-04,169.1,3.5,0,北海道,札幌市,,0,6.9,0,68,0,0,0,0,0,0,0
1890-05,25.4,3.4,0,北海道,札幌市,,0,11.9,0,65,0,0,0,0,0,0,0
1890-06,26.8,2.5,0,北海道,札幌市,,0,15.3,0,79,0,0,0,0,0,0,0
1890-07,72.5,2.1,0,北海道,札幌市,,0,19.1,0,80,0,0,0,0,0,0,0
1890-08,50.5,3.2,0,北海道,札幌市,,0,22.8,0,80,0,0,0,0,0,0,0
1890-09,228.9,3.0,0,北海道,札幌市,,0,19.6,0,86,0,0,0,0,0,0,0
1890-10,85.1,2.0,0,北海道,札幌市,,0,9.2,0,82,0,0,0,0,0,0,0
1890-11,118.1,3.0,0,北海道,札幌市,,0,3.8,0,81,0,0,0,0,0,0,0
1890-12,160.3,3.1,0,北海道,札幌市,,0,0.9,0,82,0,0,0,0,0,0,0
1891-01,66.1,3.0,0,北海道,札幌市,,0,-7.6,0,79,0,0,0,115.0,0,0,0
1891-02,55.4,2.3,0,北海道,札幌市,,0,-4.9,0,79,0,0,0,109.3,0,0,0
1891-03,33.4,3.7,0,北海道,札幌市,,0,1.7,0,73,0,0,0,194.6,0,0,0
1891-04,29.5,3.9,0,北海道,札幌市,,0,5.0,0,68,0,0,0,185.6,0,0,0
1891-05,27.2,4.4,0,北海道,札幌市,,0,11.7,0,69,0,0,0,212.5,0,0,0
1891-06,12.1,3.7,0,北海道,札幌市,,0,16.0,0,75,0,0,0,176.2,0,0,0
1891-07,198.0,3.0,0,北海道,札幌市,,0,18.9,0,84,0,0,0,167.5,0,0,0
1891-08,161.0,2.3,0,北海道,札幌市,,0,19.1,0,85,0,0,0,156.4,0,0,0
1891-09,88.3,2.3,0,北海道,札幌市,,0,15.9,0,82,0,0,0,127.0,0,0,0
1891-10,116.0,2.4,0,北海道,札幌市,,0,9.2,0,77,0,0,0,144.3,0,0,0
1891-11,95.2,2.9,0,北海道,札幌市,,0,2.9,0,74,0,0,0,93.9,0,0,0
1891-12,94.8,2.8,0,北海道,札幌市,,0,-2.3,0,75,0,0,0,81.1,0,0,0
1892-01,61.0,2.3,0,北海道,札幌市,,0,-7.0,0,79,0,0,0,83.0,0,0,0
1892-02,32.6,2.3,0,北海道,札幌市,,0,-5.9,0,80,0,0,0,134.2,0,0,0
1892-03,96.5,2.6,0,北海道,札幌市,,0,-3.9,0,80,0,0,0,138.9,0,0,0
1892-04,51.7,3.0,0,北海道,札幌市,,0,4.8,0,71,0,0,0,184.7,0,0,0
1892-05,30.9,2.7,0,北海道,札幌市,,0,10.9,0,66,0,0,0,230.5,0,0,0
1892-06,43.7,2.2,0,北海道,札幌市,,0,15.7,0,78,0,0,0,214.0,0,0,0
1892-07,53.7,2.2,0,北海道,札幌市,,0,21.3,0,79,0,0,0,201.7,0,0,0
1892-08,173.9,1.6,0,北海道,札幌市,,0,20.7,0,84,0,0,0,190.9,0,0,0
1892-09,236.1,1.8,0,北海道,札幌市,,0,18.0,0,85,0,0,0,126.4,0,0,0
1892-10,141.6,1.6,0,北海道,札幌市,,0,9.0,0,80,0,0,0,153.4,0,0,0
1892-11,72.2,2.0,0,北海道,札幌市,,0,1.5,0,75,0,0,0,108.7,0,0,0
1892-12,56.6,1.8,0,北海道,札幌市,,0,-6.3,0,81,0,0,0,104.9,0,0,0
1893-01,66.6,2.1,0,北海道,札幌市,,0,-7.2,0,80,0,0,0,81.9,0,0,0
1893-02,53.2,2.5,0,北海道,札幌市,,0,-7.6,0,82,0,0,0,114.6,0,0,0
1893-03,18.7,2.5,0,北海道,札幌市,,0,-1.5,0,77,0,0,0,176.5,0,0,0
1893-04,49.2,3.2,0,北海道,札幌市,,0,4.9,0,80,0,0,0,140.6,0,0,0
1893-05,70.5,3.0,0,北海道,札幌市,,0,8.6,0,75,0,0,0,110.5,0,0,0
1893-06,52.1,2.7,0,北海道,札幌市,,0,14.7,0,84,0,0,0,135.4,0,0,0
1893-07,54.9,2.0,0,北海道,札幌市,,0,17.8,0,84,0,0,0,179.6,0,0,0
1893-08,80.2,1.5,0,北海道,札幌市,,0,20.6,0,84,0,0,0,180.2,0,0,0
1893-09,122.9,1.8,0,北海道,札幌市,,0,14.5,0,81,0,0,0,196.8,0,0,0
1893-10,34.3,2.1,0,北海道,札幌市,,0,9.9,0,75,0,0,0,183.9,0,0,0
1893-11,185.0,1.9,0,北海道,札幌市,,0,3.7,0,79,0,0,0,72.6,0,0,0
1893-12,107.1,2.0,0,北海道,札幌市,,0,-3.7,0,82,0,0,0,80.5,0,0,0
1894-01,29.3,0,0,北海道,札幌市,,0,-7.0,0,82,0,0,0,92.5,0,0,0
1894-02,49.0,0,0,北海道,札幌市,,0,-4.7,0,80,0,0,0,98.5,0,0,0
1894-03,83.1,0,0,北海道,札幌市,,0,-0.9,0,79,0,0,0,152.4,0,0,0
1894-04,46.0,0,0,北海道,札幌市,,0,6.2,0,75,0,0,0,187.3,0,0,0
1894-05,60.2,0,0,北海道,札幌市,,0,9.4,0,75,0,0,0,191.2,0,0,0
1894-06,30.8,0,0,北海道,札幌市,,0,17.6,0,78,0,0,0,242.9,0,0,0
1894-07,78.7,0,0,北海道,札幌市,,0,20.6,0,84,0,0,0,191.2,0,0,0
1894-08,139.3,0,0,北海道,札幌市,,0,20.5,0,84,0,0,0,189.7,0,0,0
1894-09,142.1,0,0,北海道,札幌市,,0,16.4,0,84,0,0,0,165.6,0,0,0
1894-10,114.6,0,0,北海道,札幌市,,0,8.4,0,84,0,0,0,153.3,0,0,0
1894-11,106.9,0,0,北海道,札幌市,,0,4.1,0,82,0,0,0,111.2,0,0,0
1894-12,106.5,0,0,北海道,札幌市,,0,-3.1,0,83,0,0,0,85.6,0,0,0
1895-01,66.8,2.3,0,北海道,札幌市,,0,-8.9,0,87,0,0,0,109.0,0,0,0
1895-02,97.1,4.0,0,北海道,札幌市,,0,-4.9,0,87,0,0,0,90.5,0,0,0
1895-03,89.8,2.9,0,北海道,札幌市,,0,-3.7,0,82,0,0,0,138.6,0,0,0
1895-04,35.9,4.9,0,北海道,札幌市,,0,5.1,0,74,0,0,0,187.9,0,0,0
1895-05,107.6,3.9,0,北海道,札幌市,,0,10.6,0,75,0,0,0,179.5,0,0,0
1895-06,55.1,3.0,0,北海道,札幌市,,0,13.8,0,82,0,0,0,178.2,0,0,0
1895-07,55.3,2.9,0,北海道,札幌市,,0,17.2,0,82,0,0,0,248.1,0,0,0
1895-08,45.9,2.8,0,北海道,札幌市,,0,21.0,0,83,0,0,0,242.2,0,0,0
1895-09,32.8,2.3,0,北海道,札幌市,,0,16.4,0,86,0,0,0,179.4,0,0,0
1895-10,103.4,2.1,0,北海道,札幌市,,0,10.4,0,81,0,0,0,179.7,0,0,0
1895-11,64.0,3.4,0,北海道,札幌市,,0,2.1,0,75,0,0,0,97.6,0,0,0
1895-12,89.8,2.5,0,北海道,札幌市,,0,-2.4,0,80,0,0,0,107.3,0,0,0
1896-01,78.7,4.0,0,北海道,札幌市,,0,-5.9,0,82,0,0,0,85.1,0,0,0
1896-02,60.6,2.4,0,北海道,札幌市,,0,-5.8,0,85,0,0,0,123.9,0,0,0
1896-03,59.2,2.7,0,北海道,札幌市,,0,-3.3,0,80,0,0,0,159.6,0,0,0
1896-04,30.6,4.1,0,北海道,札幌市,,0,5.6,0,70,0,0,0,216.8,0,0,0
1896-05,26.8,4.5,0,北海道,札幌市,,0,12.3,0,65,0,0,0,238.1,0,0,0
1896-06,39.6,3.2,0,北海道,札幌市,,0,16.3,0,82,0,0,0,196.5,0,0,0
1896-07,245.4,2.9,0,北海道,札幌市,,0,18.3,0,87,0,0,0,160.2,0,0,0
1896-08,133.5,3.3,0,北海道,札幌市,,0,21.2,0,87,0,0,0,129.7,0,0,0
1896-09,116.8,2.6,0,北海道,札幌市,,0,15.7,0,91,0,0,0,121.3,0,0,0
1896-10,172.4,2.6,0,北海道,札幌市,,0,8.7,0,85,0,0,0,156.8,0,0,0
1896-11,125.6,2.9,0,北海道,札幌市,,0,3.5,0,85,0,0,0,88.4,0,0,0
1896-12,61.8,2.9,0,北海道,札幌市,,0,-3.8,0,85,0,0,0,72.3,0,0,0
1897-01,41.4,3.3,0,北海道,札幌市,,0,-6.4,0,86,0,0,0,85.5,0,0,0
1897-02,61.9,3.5,0,北海道,札幌市,,0,-5.4,0,79,0,0,0,123.8,0,0,0
1897-03,28.3,3.9,0,北海道,札幌市,,0,-2.7,0,75,0,0,0,171.7,0,0,0
1897-04,96.0,3.8,0,北海道,札幌市,,0,3.3,0,74,0,0,0,191.6,0,0,0
1897-05,83.0,3.9,0,北海道,札幌市,,0,9.8,0,76,0,0,0,212.3,0,0,0
1897-06,34.2,3.7,0,北海道,札幌市,,0,12.9,0,84,0,0,0,141.4,0,0,0
1897-07,35.0,3.4,0,北海道,札幌市,,0,18.1,0,84,0,0,0,184.3,0,0,0
1897-08,38.2,2.6,0,北海道,札幌市,,0,20.2,0,81,0,0,0,239.3,0,0,0
1897-09,89.0,2.2,0,北海道,札幌市,,0,15.6,0,84,0,0,0,156.5,0,0,0
1897-10,90.6,3.4,0,北海道,札幌市,,0,8.7,0,82,0,0,0,156.3,0,0,0
1897-11,50.8,2.9,0,北海道,札幌市,,0,2.8,0,78,0,0,0,98.5,0,0,0
1897-12,76.2,2.7,0,北海道,札幌市,,0,-6.0,0,81,0,0,0,96.8,0,0,0
1898-01,48.0,3.7,0,北海道,札幌市,,0,-5.6,0,84,0,0,0,57.8,0,0,0
1898-02,44.1,3.1,0,北海道,札幌市,,0,-6.0,0,87,0,0,0,76.4,0,0,0
1898-03,74.5,4.1,0,北海道,札幌市,,0,-5.6,0,85,0,0,0,112.0,0,0,0
1898-04,23.7,4.1,0,北海道,札幌市,,0,4.8,0,69,0,0,0,215.7,0,0,0
1898-05,72.7,4.5,0,北海道,札幌市,,0,9.0,0,76,0,0,0,180.2,0,0,0
1898-06,37.4,3.2,0,北海道,札幌市,,0,14.5,0,79,0,0,0,207.8,0,0,0
1898-07,132.2,3.1,0,北海道,札幌市,,0,19.4,0,89,0,0,0,149.5,0,0,0
1898-08,139.6,2.6,0,北海道,札幌市,,0,20.8,0,86,0,0,0,147.2,0,0,0
1898-09,308.3,3.2,0,北海道,札幌市,,0,14.4,0,84,0,0,0,136.2,0,0,0
1898-10,77.4,3.3,0,北海道,札幌市,,0,8.5,0,74,0,0,0,178.6,0,0,0
1898-11,32.0,3.1,0,北海道,札幌市,,0,2.9,0,75,0,0,0,95.1,0,0,0
1898-12,88.5,2.8,0,北海道,札幌市,,0,-1.8,0,82,0,0,0,65.8,0,0,0
1899-01,63.5,3.4,0,北海道,札幌市,,0,-4.9,0,86,0,0,0,90.8,0,0,0
1899-02,36.4,3.0,0,北海道,札幌市,,0,-4.5,0,84,0,0,0,106.8,0,0,0
1899-03,69.9,4.2,0,北海道,札幌市,,0,-1.5,0,75,0,0,0,189.0,0,0,0
1899-04,54.0,4.5,0,北海道,札幌市,,0,5.6,0,75,0,0,0,182.2,0,0,0
1899-05,43.4,4.4,0,北海道,札幌市,,0,11.8,0,72,0,0,0,253.6,0,0,0
1899-06,93.2,3.6,0,北海道,札幌市,,0,15.3,0,83,0,0,0,171.1,0,0,0
1899-07,171.5,3.3,0,北海道,札幌市,,0,19.4,0,86,0,0,0,203.0,0,0,0
1899-08,150.5,3.3,0,北海道,札幌市,,0,19.5,0,87,0,0,0,136.4,0,0,0
1899-09,39.2,2.6,0,北海道,札幌市,,0,14.8,0,81,0,0,0,222.9,0,0,0
1899-10,216.6,2.7,0,北海道,札幌市,,0,9.5,0,82,0,0,0,145.3,0,0,0
1899-11,73.9,3.2,0,北海道,札幌市,,0,2.3,0,81,0,0,0,72.9,0,0,0
1899-12,56.9,2.9,0,北海道,札幌市,,0,-3.4,0,76,0,0,0,90.6,0,0,0
1900-01,74.6,3.1,0,北海道,札幌市,,0,-7.6,0,81,0,0,0,86.8,0,0,0
1900-02,62.5,2.8,0,北海道,札幌市,,0,-7.4,0,85,0,0,0,118.8,0,0,0
1900-03,64.8,3.2,0,北海道,札幌市,,0,-3.0,0,85,0,0,0,153.9,0,0,0
1900-04,39.8,4.1,0,北海道,札幌市,,0,4.9,0,70,0,0,0,197.2,0,0,0
1900-05,65.2,4.4,0,北海道,札幌市,,0,10.7,0,77,0,0,0,168.0,0,0,0
1900-06,51.8,3.6,0,北海道,札幌市,,0,14.5,0,78,0,0,0,247.6,0,0,0
1900-07,45.0,3.6,0,北海道,札幌市,,0,17.2,0,83,0,0,0,198.0,0,0,0
1900-08,149.9,3.1,0,北海道,札幌市,,0,20.9,0,87,0,0,0,170.8,0,0,0
1900-09,80.7,2.7,0,北海道,札幌市,,0,16.1,0,83,0,0,0,148.3,0,0,0
1900-10,107.9,3.2,0,北海道,札幌市,,0,10.0,0,80,0,0,0,142.1,0,0,0
1900-11,67.1,3.3,0,北海道,札幌市,,0,3.8,0,77,0,0,0,86.0,0,0,0
1900-12,45.2,2.9,0,北海道,札幌市,,0,-3.5,0,78,0,0,0,81.3,0,0,0
1901-01,108.0,4.0,0,北海道,札幌市,,0,-5.4,0,83,0,0,0,56.6,0,0,0
1901-02,31.2,3.2,0,北海道,札幌市,,0,-5.3,0,84,0,0,0,100.2,0,0,0
1901-03,78.9,3.6,0,北海道,札幌市,,0,-1.5,0,76,0,0,0,182.6,0,0,0
1901-04,21.5,4.3,0,北海道,札幌市,,0,6.9,0,67,0,0,0,222.4,0,0,0
1901-05,68.9,3.5,0,北海道,札幌市,,0,11.5,0,71,0,0,0,248.9,0,0,0
1901-06,107.8,3.9,0,北海道,札幌市,,0,14.0,0,83,0,0,0,134.3,0,0,0
1901-07,84.6,3.1,0,北海道,札幌市,,0,18.2,0,85,0,0,0,182.9,0,0,0
1901-08,92.8,2.7,0,北海道,札幌市,,0,20.8,0,89,0,0,0,152.5,0,0,0
1901-09,211.7,2.4,0,北海道,札幌市,,0,15.9,0,87,0,0,0,131.9,0,0,0
1901-10,137.6,3.1,0,北海道,札幌市,,0,9.6,0,79,0,0,0,189.2,0,0,0
1901-11,78.7,3.4,0,北海道,札幌市,,0,3.1,0,75,0,0,0,117.8,0,0,0
1901-12,133.0,3.2,0,北海道,札幌市,,0,-4.8,0,74,0,0,0,97.6,0,0,0
1902-01,60.5,3.8,0,北海道,札幌市,,0,-7.5,0,75,0,0,0,122.7,0,0,0
1902-02,27.4,3.2,0,北海道,札幌市,,0,-6.4,0,77,0,0,0,101.7,0,0,0
1902-03,31.4,4.4,0,北海道,札幌市,,0,-0.6,0,75,0,0,0,132.8,0,0,0
1902-04,93.9,5.5,0,北海道,札幌市,,0,4.3,0,64,0,0,0,187.9,0,0,0
1902-05,119.6,5.0,0,北海道,札幌市,,0,9.2,0,76,0,0,0,180.4,0,0,0
1902-06,45.6,3.4,0,北海道,札幌市,,0,13.1,0,81,0,0,0,195.6,0,0,0
1902-07,124.4,3.5,0,北海道,札幌市,,0,16.4,0,86,0,0,0,180.5,0,0,0
1902-08,40.1,3.1,0,北海道,札幌市,,0,17.9,0,82,0,0,0,222.1,0,0,0
1902-09,57.4,3.6,0,北海道,札幌市,,0,17.3,0,80,0,0,0,171.6,0,0,0
1902-10,62.2,2.9,0,北海道,札幌市,,0,10.1,0,80,0,0,0,187.2,0,0,0
1902-11,125.5,2.8,0,北海道,札幌市,,0,3.9,0,77,0,0,0,126.2,0,0,0
1902-12,141.3,3.5,0,北海道,札幌市,,0,-0.3,0,82,0,0,0,54.2,0,0,0
1903-01,93.8,3.3,0,北海道,札幌市,,0,-2.7,0,80,0,0,0,78.0,0,0,0
1903-02,49.7,2.4,0,北海道,札幌市,,0,-4.7,0,77,0,0,0,109.5,0,0,0
1903-03,49.3,4.1,0,北海道,札幌市,,0,1.1,0,72,0,0,0,166.9,0,0,0
1903-04,8.9,4.4,0,北海道,札幌市,,0,7.5,0,73,0,0,0,205.0,0,0,0
1903-05,84.2,4.6,0,北海道,札幌市,,0,9.8,0,79,0,0,0,178.0,0,0,0
1903-06,70.6,4.0,0,北海道,札幌市,,0,13.8,0,81,0,0,0,184.1,0,0,0
1903-07,59.7,3.0,0,北海道,札幌市,,0,17.9,0,86,0,0,0,143.0,0,0,0
1903-08,35.1,3.1,0,北海道,札幌市,,0,19.2,0,83,0,0,0,203.9,0,0,0
1903-09,138.6,2.6,0,北海道,札幌市,,0,17.0,0,83,0,0,0,182.9,0,0,0
1903-10,47.5,2.9,0,北海道,札幌市,,0,8.7,0,77,0,0,0,162.8,0,0,0
1903-11,145.1,2.8,0,北海道,札幌市,,0,1.9,0,79,0,0,0,78.5,0,0,0
1903-12,113.9,3.7,0,北海道,札幌市,,0,-5.1,0,76,0,0,0,87.3,0,0,0
1904-01,83.0,3.0,0,北海道,札幌市,,0,-7.6,0,79,0,0,0,117.2,0,0,0
1904-02,55.1,3.8,0,北海道,札幌市,,0,-3.8,0,74,0,0,0,152.4,0,0,0
1904-03,61.9,4.0,0,北海道,札幌市,,0,-0.9,0,72,0,0,0,170.2,0,0,0
1904-04,32.9,3.8,0,北海道,札幌市,,0,6.1,0,71,0,0,0,264.9,0,0,0
1904-05,37.1,4.7,0,北海道,札幌市,,0,10.8,0,72,0,0,0,246.8,0,0,0
1904-06,72.6,3.4,0,北海道,札幌市,,0,16.5,0,83,0,0,0,201.0,0,0,0
1904-07,228.0,3.2,0,北海道,札幌市,,0,19.4,0,87,0,0,0,184.2,0,0,0
1904-08,64.5,2.6,0,北海道,札幌市,,0,22.0,0,85,0,0,0,271.1,0,0,0
1904-09,152.6,2.6,0,北海道,札幌市,,0,15.2,0,83,0,0,0,181.0,0,0,0
1904-10,72.6,2.9,0,北海道,札幌市,,0,9.5,0,78,0,0,0,159.8,0,0,0
1904-11,69.0,2.9,0,北海道,札幌市,,0,1.5,0,75,0,0,0,91.5,0,0,0
1904-12,103.7,3.6,0,北海道,札幌市,,0,-2.3,0,78,0,0,0,71.4,0,0,0
1905-01,62.6,2.7,0,北海道,札幌市,,0,-3.3,0,78,0,0,0,82.8,0,0,0
1905-02,160.0,3.4,0,北海道,札幌市,,0,-7.1,0,81,0,0,0,101.4,0,0,0
1905-03,31.5,3.5,0,北海道,札幌市,,0,-2.2,0,70,0,0,0,205.3,0,0,0
1905-04,53.9,4.4,0,北海道,札幌市,,0,2.9,0,75,0,0,0,190.7,0,0,0
1905-05,46.0,4.3,0,北海道,札幌市,,0,11.2,0,71,0,0,0,214.2,0,0,0
1905-06,109.3,3.4,0,北海道,札幌市,,0,15.1,0,84,0,0,0,149.4,0,0,0
1905-07,50.6,3.6,0,北海道,札幌市,,0,18.6,0,86,0,0,0,252.0,0,0,0
1905-08,49.6,3.2,0,北海道,札幌市,,0,18.7,0,82,0,0,0,190.4,0,0,0
1905-09,123.1,2.8,0,北海道,札幌市,,0,16.0,0,81,0,0,0,184.8,0,0,0
1905-10,67.3,3.0,0,北海道,札幌市,,0,10.0,0,79,0,0,0,182.5,0,0,0
1905-11,50.7,3.4,0,北海道,札幌市,,0,3.0,0,73,0,0,0,112.1,0,0,0
1905-12,79.3,2.9,0,北海道,札幌市,,0,-2.1,0,77,0,0,0,96.7,0,0,0
1906-01,82.0,3.1,0,北海道,札幌市,,0,-7.1,0,79,0,0,0,114.0,0,0,0
1906-02,53.9,2.7,0,北海道,札幌市,,0,-6.8,0,78,0,0,0,121.1,0,0,0
1906-03,46.7,4.0,0,北海道,札幌市,,0,-1.2,0,74,0,0,0,159.7,0,0,0
1906-04,41.1,3.8,0,北海道,札幌市,,0,5.2,0,75,0,0,0,162.3,0,0,0
1906-05,55.8,4.5,0,北海道,札幌市,,0,11.1,0,70,0,0,0,199.9,0,0,0
1906-06,28.3,4.2,0,北海道,札幌市,,0,12.9,0,81,0,0,0,212.4,0,0,0
1906-07,31.9,4.0,0,北海道,札幌市,,0,20.0,0,80,0,0,0,196.4,0,0,0
1906-08,30.5,2.6,0,北海道,札幌市,,0,19.9,0,82,0,0,0,211.0,0,0,0
1906-09,81.8,2.7,0,北海道,札幌市,,0,14.9,0,77,0,0,0,221.8,0,0,0
1906-10,189.6,2.6,0,北海道,札幌市,,0,9.3,0,77,0,0,0,155.3,0,0,0
1906-11,81.1,3.4,0,北海道,札幌市,,0,-0.1,0,75,0,0,0,108.6,0,0,0
1906-12,118.8,3.6,0,北海道,札幌市,,0,-2.4,0,79,0,0,0,52.3,0,0,0
1907-01,75.2,3.2,0,北海道,札幌市,,0,-5.4,0,76,0,0,0,85.7,0,0,0
1907-02,32.6,2.9,0,北海道,札幌市,,0,-6.1,0,75,0,0,0,136.5,0,0,0
1907-03,53.4,2.9,0,北海道,札幌市,,0,-2.3,0,72,0,0,0,175.9,0,0,0
1907-04,50.4,3.9,0,北海道,札幌市,,0,5.8,0,76,0,0,0,152.5,0,0,0
1907-05,124.5,4.6,0,北海道,札幌市,,0,10.6,0,80,0,0,0,147.5,0,0,0
1907-06,91.4,4.1,0,北海道,札幌市,,0,13.5,0,84,0,0,0,164.2,0,0,0
1907-07,96.9,2.8,0,北海道,札幌市,,0,18.1,0,84,0,0,0,224.9,0,0,0
1907-08,114.3,3.6,0,北海道,札幌市,,0,23.3,0,87,0,0,0,141.0,0,0,0
1907-09,167.6,2.5,0,北海道,札幌市,,0,15.9,0,85,0,0,0,138.3,0,0,0
1907-10,126.4,3.4,0,北海道,札幌市,,0,8.4,0,79,0,0,0,144.3,0,0,0
1907-11,90.1,2.9,0,北海道,札幌市,,0,2.4,0,78,0,0,0,62.7,0,0,0
1907-12,97.9,3.8,0,北海道,札幌市,,0,-5.2,0,76,0,0,0,62.1,0,0,0
1908-01,98.3,2.0,0,北海道,札幌市,,0,-8.5,0,81,0,0,0,95.6,0,0,0
1908-02,52.8,2.4,0,北海道,札幌市,,0,-6.4,0,76,0,0,0,140.1,0,0,0
1908-03,139.9,4.7,0,北海道,札幌市,,0,-3.0,0,80,0,0,0,139.1,0,0,0
1908-04,34.7,4.1,0,北海道,札幌市,,0,5.0,0,74,0,0,0,210.6,0,0,0
1908-05,92.6,4.5,0,北海道,札幌市,,0,9.2,0,84,0,0,0,154.4,0,0,0
1908-06,34.1,4.7,0,北海道,札幌市,,0,13.5,0,83,0,0,0,183.2,0,0,0
1908-07,34.6,3.8,0,北海道,札幌市,,0,17.4,0,81,0,0,0,182.7,0,0,0
1908-08,76.8,3.0,0,北海道,札幌市,,0,22.0,0,84,0,0,0,211.4,0,0,0
1908-09,66.1,2.9,0,北海道,札幌市,,0,15.3,0,81,0,0,0,156.1,0,0,0
1908-10,54.1,2.8,0,北海道,札幌市,,0,9.2,0,82,0,0,0,178.2,0,0,0
1908-11,106.3,3.5,0,北海道,札幌市,,0,0.6,0,75,0,0,0,76.7,0,0,0
1908-12,112.2,4.3,0,北海道,札幌市,,0,-4.4,0,75,0,0,0,81.2,0,0,0
1909-01,44.1,2.9,0,北海道,札幌市,,0,-9.4,0,79,0,0,0,119.1,0,0,0
1909-02,42.9,3.9,0,北海道,札幌市,,0,-5.9,0,79,0,0,0,96.7,0,0,0
1909-03,41.5,3.6,0,北海道,札幌市,,0,-3.6,0,73,0,0,0,170.7,0,0,0
1909-04,126.4,4.8,0,北海道,札幌市,,0,6.4,0,71,0,0,0,167.1,0,0,0
1909-05,113.7,4.8,0,北海道,札幌市,,0,11.0,0,81,0,0,0,174.5,0,0,0
1909-06,60.4,4.5,0,北海道,札幌市,,0,15.2,0,81,0,0,0,242.4,0,0,0
1909-07,80.8,3.5,0,北海道,札幌市,,0,19.0,0,82,0,0,0,185.4,0,0,0
1909-08,52.8,3.2,0,北海道,札幌市,,0,20.8,0,81,0,0,0,220.7,0,0,0
1909-09,109.3,2.7,0,北海道,札幌市,,0,16.0,0,81,0,0,0,172.9,0,0,0
1909-10,180.9,2.8,0,北海道,札幌市,,0,8.1,0,81,0,0,0,147.1,0,0,0
1909-11,141.2,4.4,0,北海道,札幌市,,0,3.5,0,73,0,0,0,113.8,0,0,0
1909-12,112.7,2.9,0,北海道,札幌市,,0,-4.2,0,79,0,0,0,103.4,0,0,0
1910-01,56.8,3.3,0,北海道,札幌市,,0,-4.9,0,74,0,0,0,120.9,0,0,0
1910-02,92.2,3.8,0,北海道,札幌市,,0,-5.7,0,74,0,0,0,120.1,0,0,0
1910-03,26.6,3.7,0,北海道,札幌市,,0,-2.1,0,69,0,0,0,204.7,0,0,0
1910-04,45.4,4.5,0,北海道,札幌市,,0,5.5,0,74,0,0,0,219.0,0,0,0
1910-05,27.0,4.7,0,北海道,札幌市,,0,10.6,0,74,0,0,0,207.8,0,0,0
1910-06,185.7,4.8,0,北海道,札幌市,,0,15.2,0,80,0,0,0,196.2,0,0,0
1910-07,100.8,4.9,0,北海道,札幌市,,0,18.8,0,81,0,0,0,205.6,0,0,0
1910-08,28.6,3.8,0,北海道,札幌市,,0,20.6,0,81,0,0,0,201.6,0,0,0
1910-09,91.6,2.6,0,北海道,札幌市,,0,15.1,0,81,0,0,0,145.4,0,0,0
1910-10,11.3,2.3,0,北海道,札幌市,,0,10.2,0,79,0,0,0,205.3,0,0,0
1910-11,123.2,3.5,0,北海道,札幌市,,0,2.8,0,74,0,0,0,84.7,0,0,0
1910-12,51.5,3.2,0,北海道,札幌市,,0,-6.5,0,73,0,0,0,114.8,0,0,0
1911-01,56.1,3.5,0,北海道,札幌市,,0,-6.4,0,77,0,0,0,101.3,0,0,0
1911-02,22.7,3.2,0,北海道,札幌市,,0,-5.4,0,75,0,0,0,145.1,0,0,0
1911-03,68.2,3.4,0,北海道,札幌市,,0,-0.9,0,72,0,0,0,172.0,0,0,0
1911-04,66.2,3.8,0,北海道,札幌市,,0,5.2,0,74,0,0,0,188.1,0,0,0
1911-05,11.3,4.4,0,北海道,札幌市,,0,11.3,0,66,0,0,0,246.5,0,0,0
1911-06,80.1,2.8,0,北海道,札幌市,,0,15.7,0,81,0,0,0,197.8,0,0,0
1911-07,66.5,3.7,0,北海道,札幌市,,0,18.6,0,87,0,0,0,160.2,0,0,0
1911-08,172.8,3.0,0,北海道,札幌市,,0,19.7,0,87,0,0,0,174.0,0,0,0
1911-09,85.8,3.3,0,北海道,札幌市,,0,17.2,0,83,0,0,0,200.1,0,0,0
1911-10,168.4,3.0,0,北海道,札幌市,,0,10.2,0,83,0,0,0,117.0,0,0,0
1911-11,133.7,3.6,0,北海道,札幌市,,0,5.5,0,80,0,0,0,75.3,0,0,0
1911-12,71.8,3.4,0,北海道,札幌市,,0,-3.4,0,73,0,0,0,92.5,0,0,0
1912-01,81.0,3.9,0,北海道,札幌市,,0,-5.7,0,81,0,0,0,92.1,0,0,0
1912-02,94.8,3.8,0,北海道,札幌市,,0,-3.8,0,79,0,0,0,107.2,0,0,0
1912-03,116.0,5.3,0,北海道,札幌市,,0,-1.7,0,75,0,0,0,153.8,0,0,0
1912-04,57.3,4.7,0,北海道,札幌市,,0,4.8,0,69,0,0,0,211.7,0,0,0
1912-05,170.8,4.1,0,北海道,札幌市,,0,9.7,0,78,0,0,0,237.5,0,0,0
1912-06,52.3,4.4,0,北海道,札幌市,,0,14.9,0,82,0,0,0,165.0,0,0,0
1912-07,36.4,3.6,0,北海道,札幌市,,0,18.0,0,86,0,0,0,155.0,0,0,0
1912-08,109.5,3.2,0,北海道,札幌市,,0,20.8,0,84,0,0,0,191.4,0,0,0
1912-09,172.9,3.0,0,北海道,札幌市,,0,14.4,0,84,0,0,0,170.6,0,0,0
1912-10,44.7,3.4,0,北海道,札幌市,,0,8.9,0,80,0,0,0,144.7,0,0,0
1912-11,136.9,3.3,0,北海道,札幌市,,0,0.3,0,75,0,0,0,98.2,0,0,0
1912-12,95.1,3.1,0,北海道,札幌市,,0,-5.5,0,79,0,0,0,79.5,0,0,0
1913-01,54.1,2.9,0,北海道,札幌市,,0,-8.7,0,81,0,0,0,104.6,0,0,0
1913-02,55.5,3.9,0,北海道,札幌市,,0,-5.4,0,76,0,0,0,124.9,0,0,0
1913-03,36.0,3.1,0,北海道,札幌市,,0,-2.6,0,75,0,0,0,165.5,0,0,0
1913-04,26.6,3.7,0,北海道,札幌市,,0,5.7,0,69,0,0,0,226.3,0,0,0
1913-05,53.4,4.9,0,北海道,札幌市,,0,9.4,0,75,0,0,0,215.2,0,0,0
1913-06,41.5,4.2,0,北海道,札幌市,,0,12.8,0,82,0,0,0,161.7,0,0,0
1913-07,86.9,3.2,0,北海道,札幌市,,0,16.9,0,88,0,0,0,105.1,0,0,0
1913-08,284.3,2.9,0,北海道,札幌市,,0,18.4,0,82,0,0,0,225.0,0,0,0
1913-09,60.0,3.0,0,北海道,札幌市,,0,13.9,0,82,0,0,0,182.7,0,0,0
1913-10,49.0,2.7,0,北海道,札幌市,,0,9.2,0,77,0,0,0,156.0,0,0,0
1913-11,96.4,4.0,0,北海道,札幌市,,0,2.3,0,73,0,0,0,85.8,0,0,0
1913-12,63.3,2.7,0,北海道,札幌市,,0,-3.5,0,76,0,0,0,56.3,0,0,0
1914-01,182.2,3.9,0,北海道,札幌市,,0,-3.3,0,78,0,0,0,46.4,0,0,0
1914-02,77.9,2.7,0,北海道,札幌市,,0,-4.5,0,78,0,0,0,130.1,0,0,0
1914-03,88.7,4.3,0,北海道,札幌市,,0,1.2,0,73,0,0,0,149.2,0,0,0
1914-04,71.1,4.3,0,北海道,札幌市,,0,4.8,0,71,0,0,0,228.0,0,0,0
1914-05,20.9,4.4,0,北海道,札幌市,,0,12.5,0,65,0,0,0,242.9,0,0,0
1914-06,61.0,3.6,0,北海道,札幌市,,0,14.8,0,83,0,0,0,190.0,0,0,0
1914-07,127.5,3.2,0,北海道,札幌市,,0,18.5,0,83,0,0,0,208.9,0,0,0
1914-08,149.0,2.8,0,北海道,札幌市,,0,20.3,0,85,0,0,0,153.0,0,0,0
1914-09,179.4,3.1,0,北海道,札幌市,,0,16.9,0,83,0,0,0,164.3,0,0,0
1914-10,64.7,2.4,0,北海道,札幌市,,0,9.5,0,82,0,0,0,194.1,0,0,0
1914-11,179.3,4.1,0,北海道,札幌市,,0,5.2,0,78,0,0,0,80.6,0,0,0
1914-12,119.1,2.8,0,北海道,札幌市,,0,-3.8,0,79,0,0,0,90.1,0,0,0
1915-01,100.5,3.7,0,北海道,札幌市,,0,-6.9,0,78,0,0,0,107.2,0,0,0
1915-02,116.5,4.2,0,北海道,札幌市,,0,-4.4,0,81,0,0,0,101.6,0,0,0
1915-03,71.1,3.8,0,北海道,札幌市,,0,-2.2,0,76,0,0,0,163.0,0,0,0
1915-04,72.2,5.0,0,北海道,札幌市,,0,4.0,0,72,0,0,0,182.7,0,0,0
1915-05,32.8,5.4,0,北海道,札幌市,,0,8.2,0,76,0,0,0,225.9,0,0,0
1915-06,29.3,3.7,0,北海道,札幌市,,0,16.1,0,80,0,0,0,205.4,0,0,0
1915-07,97.2,3.2,0,北海道,札幌市,,0,17.9,0,86,0,0,0,134.3,0,0,0
1915-08,32.3,3.8,0,北海道,札幌市,,0,21.3,0,84,0,0,0,198.8,0,0,0
1915-09,57.6,3.0,0,北海道,札幌市,,0,17.5,0,81,0,0,0,188.2,0,0,0
1915-10,299.9,2.9,0,北海道,札幌市,,0,11.0,0,82,0,0,0,135.0,0,0,0
1915-11,86.5,3.5,0,北海道,札幌市,,0,3.6,0,74,0,0,0,117.7,0,0,0
1915-12,118.8,4.0,0,北海道,札幌市,,0,-1.1,0,75,0,0,0,87.8,0,0,0
1916-01,61.9,3.9,0,北海道,札幌市,,0,-3.8,0,76,0,0,0,74.5,0,0,0
1916-02,101.0,3.5,0,北海道,札幌市,,0,-4.3,0,80,0,0,0,106.2,0,0,0
1916-03,43.0,3.7,0,北海道,札幌市,,0,-3.1,0,75,0,0,0,168.2,0,0,0
1916-04,63.4,4.3,0,北海道,札幌市,,0,4.1,0,70,0,0,0,196.7,0,0,0
1916-05,76.8,4.6,0,北海道,札幌市,,0,9.7,0,75,0,0,0,185.8,0,0,0
1916-06,81.6,3.8,0,北海道,札幌市,,0,16.7,0,83,0,0,0,169.1,0,0,0
1916-07,41.7,4.1,0,北海道,札幌市,,0,20.1,0,81,0,0,0,275.4,0,0,0
1916-08,21.4,3.0,0,北海道,札幌市,,0,22.9,0,78,0,0,0,289.8,0,0,0
1916-09,156.1,2.8,0,北海道,札幌市,,0,16.7,0,80,0,0,0,168.3,0,0,0
1916-10,50.6,2.4,0,北海道,札幌市,,0,10.2,0,77,0,0,0,176.8,0,0,0
1916-11,89.9,2.4,0,北海道,札幌市,,0,4.4,0,80,0,0,0,109.7,0,0,0
1916-12,101.8,4.1,0,北海道,札幌市,,0,-2.9,0,77,0,0,0,75.3,0,0,0
1917-01,142.6,2.9,0,北海道,札幌市,,0,-6.6,0,86,0,0,0,102.7,0,0,0
1917-02,109.0,3.2,0,北海道,札幌市,,0,-5.1,0,81,0,0,0,118.2,0,0,0
1917-03,40.1,3.9,0,北海道,札幌市,,0,-1.8,0,73,0,0,0,176.0,0,0,0
1917-04,75.4,4.4,0,北海道,札幌市,,0,4.9,0,73,0,0,0,171.3,0,0,0
1917-05,45.9,3.9,0,北海道,札幌市,,0,9.8,0,69,0,0,0,209.4,0,0,0
1917-06,111.3,3.7,0,北海道,札幌市,,0,14.6,0,79,0,0,0,204.9,0,0,0
1917-07,123.2,3.0,0,北海道,札幌市,,0,19.6,0,87,0,0,0,151.7,0,0,0
1917-08,28.4,3.4,0,北海道,札幌市,,0,21.4,0,80,0,0,0,251.9,0,0,0
1917-09,124.6,2.9,0,北海道,札幌市,,0,16.5,0,81,0,0,0,171.3,0,0,0
1917-10,155.2,2.9,0,北海道,札幌市,,0,11.1,0,76,0,0,0,158.3,0,0,0
1917-11,124.7,2.8,0,北海道,札幌市,,0,1.9,0,80,0,0,0,92.8,0,0,0
1917-12,113.2,2.6,0,北海道,札幌市,,0,-0.8,0,78,0,0,0,121.1,0,0,0
1918-01,207.4,2.9,0,北海道,札幌市,,0,-6.0,0,81,0,0,0,101.1,0,0,0
1918-02,43.4,3.1,0,北海道,札幌市,,0,-4.8,0,76,0,0,0,117.8,0,0,0
1918-03,81.0,4.7,0,北海道,札幌市,,0,-0.8,0,72,0,0,0,155.4,0,0,0
1918-04,57.4,4.2,0,北海道,札幌市,,0,5.2,0,70,0,0,0,210.1,0,0,0
1918-05,37.3,4.1,0,北海道,札幌市,,0,11.0,0,73,0,0,0,174.3,0,0,0
1918-06,84.2,3.7,0,北海道,札幌市,,0,15.2,0,81,0,0,0,172.5,0,0,0
1918-07,86.8,3.0,0,北海道,札幌市,,0,19.9,0,86,0,0,0,161.6,0,0,0
1918-08,109.7,2.5,0,北海道,札幌市,,0,21.4,0,84,0,0,0,172.3,0,0,0
1918-09,164.5,2.6,0,北海道,札幌市,,0,17.9,0,82,0,0,0,122.9,0,0,0
1918-10,52.8,2.5,0,北海道,札幌市,,0,9.8,0,77,0,0,0,187.1,0,0,0
1918-11,79.3,2.9,0,北海道,札幌市,,0,2.7,0,76,0,0,0,84.1,0,0,0
1918-12,37.1,3.5,0,北海道,札幌市,,0,-4.3,0,73,0,0,0,85.4,0,0,0
1919-01,80.3,3.1,0,北海道,札幌市,,0,-7.0,0,79,0,0,0,82.9,0,0,0
1919-02,43.1,3.3,0,北海道,札幌市,,0,-4.9,0,78,0,0,0,118.1,0,0,0
1919-03,72.3,4.2,0,北海道,札幌市,,0,-1.1,0,74,0,0,0,126.2,0,0,0
1919-04,41.2,4.9,0,北海道,札幌市,,0,4.9,0,75,0,0,0,210.2,0,0,0
1919-05,53.9,4.5,0,北海道,札幌市,,0,10.2,0,72,0,0,0,238.3,0,0,0
1919-06,141.7,4.1,0,北海道,札幌市,,0,14.2,0,81,0,0,0,194.3,0,0,0
1919-07,66.7,3.0,0,北海道,札幌市,,0,20.5,0,81,0,0,0,269.5,0,0,0
1919-08,81.3,3.0,0,北海道,札幌市,,0,19.9,0,83,0,0,0,207.6,0,0,0
1919-09,145.0,3.1,0,北海道,札幌市,,0,17.3,0,84,0,0,0,131.5,0,0,0
1919-10,147.0,2.4,0,北海道,札幌市,,0,10.9,0,79,0,0,0,143.6,0,0,0
1919-11,60.9,3.1,0,北海道,札幌市,,0,4.8,0,75,0,0,0,99.6,0,0,0
1919-12,107.1,3.4,0,北海道,札幌市,,0,-2.3,0,76,0,0,0,84.4,0,0,0
1920-01,187.4,2.9,0,北海道,札幌市,,0,-2.0,0,79,0,0,0,58.1,0,0,0
1920-02,92.3,2.3,0,北海道,札幌市,,0,-6.3,0,79,0,0,0,129.7,0,0,0
1920-03,45.0,2.8,0,北海道,札幌市,,0,-0.2,0,75,0,0,0,191.8,0,0,0
1920-04,47.1,3.8,0,北海道,札幌市,,0,6.4,0,73,0,0,0,169.2,0,0,0
1920-05,105.0,3.6,0,北海道,札幌市,,0,11.1,0,83,0,0,0,121.1,0,0,0
1920-06,96.0,3.4,0,北海道,札幌市,,0,16.4,0,81,0,0,0,205.0,0,0,0
1920-07,81.7,3.0,0,北海道,札幌市,,0,21.3,0,83,0,0,0,214.9,0,0,0
1920-08,157.6,3.2,0,北海道,札幌市,,0,22.5,0,85,0,0,0,138.0,0,0,0
1920-09,138.7,2.5,0,北海道,札幌市,,0,15.7,0,82,0,0,0,194.6,0,0,0
1920-10,108.8,2.9,0,北海道,札幌市,,0,9.5,0,78,0,0,0,167.0,0,0,0
1920-11,79.0,2.9,0,北海道,札幌市,,0,4.6,0,77,0,0,0,105.2,0,0,0
1920-12,112.0,3.5,0,北海道,札幌市,,0,-4.1,0,77,0,0,0,101.6,0,0,0
1921-01,93.2,3.0,0,北海道,札幌市,,0,-6.1,0,80,0,0,0,89.8,0,0,0
1921-02,58.5,2.9,0,北海道,札幌市,,0,-5.0,0,80,0,0,0,112.9,0,0,0
1921-03,42.7,3.0,0,北海道,札幌市,,0,-1.7,0,73,0,0,0,163.1,0,0,0
1921-04,89.7,4.3,0,北海道,札幌市,,0,6.8,0,74,0,0,0,184.2,0,0,0
1921-05,95.5,3.9,0,北海道,札幌市,,0,9.9,0,75,0,0,0,228.2,0,0,0
1921-06,24.9,2.9,0,北海道,札幌市,,0,14.5,0,78,0,0,0,243.0,0,0,0
1921-07,62.9,3.1,0,北海道,札幌市,,0,20.4,0,83,0,0,0,162.9,0,0,0
1921-08,34.7,2.2,0,北海道,札幌市,,0,21.2,0,83,0,0,0,193.8,0,0,0
1921-09,65.8,1.9,0,北海道,札幌市,,0,17.0,0,81,0,0,0,139.1,0,0,0
1921-10,48.3,2.0,0,北海道,札幌市,,0,9.8,0,81,0,0,0,155.7,0,0,0
1921-11,174.8,2.8,0,北海道,札幌市,,0,2.2,0,77,0,0,0,107.3,0,0,0
1921-12,90.7,2.6,0,北海道,札幌市,,0,-3.0,0,76,0,0,0,89.5,0,0,0
1922-01,101.8,2.3,0,北海道,札幌市,,0,-10.2,0,80,0,0,0,134.7,0,0,0
1922-02,79.4,3.8,0,北海道,札幌市,,0,-2.2,0,77,0,0,0,104.6,0,0,0
1922-03,55.7,3.9,0,北海道,札幌市,,0,-2.5,0,76,0,0,0,146.5,0,0,0
1922-04,77.0,3.5,0,北海道,札幌市,,0,6.4,0,73,0,0,0,251.8,0,0,0
1922-05,58.8,4.1,0,北海道,札幌市,,0,9.9,0,78,0,0,0,201.4,0,0,0
1922-06,85.6,3.9,0,北海道,札幌市,,0,15.5,0,79,0,0,0,228.3,0,0,0
1922-07,76.0,3.4,0,北海道,札幌市,,0,19.9,0,86,0,0,0,166.7,0,0,0
1922-08,207.7,1.9,0,北海道,札幌市,,0,21.2,0,87,0,0,0,150.7,0,0,0
1922-09,58.9,2.8,0,北海道,札幌市,,0,16.8,0,83,0,0,0,189.0,0,0,0
1922-10,185.7,2.7,0,北海道,札幌市,,0,11.3,0,82,0,0,0,150.8,0,0,0
1922-11,154.8,2.9,0,北海道,札幌市,,0,3.4,0,77,0,0,0,98.0,0,0,0
1922-12,197.4,2.0,0,北海道,札幌市,,0,-3.5,0,82,0,0,0,64.9,0,0,0
1923-01,81.0,2.9,0,北海道,札幌市,,0,-7.1,0,77,0,0,0,100.3,0,0,0
1923-02,61.5,1.9,0,北海道,札幌市,,0,-5.8,0,79,0,0,0,144.4,0,0,0
1923-03,50.8,3.1,0,北海道,札幌市,,0,-0.3,0,75,0,0,0,163.9,0,0,0
1923-04,49.4,4.2,0,北海道,札幌市,,0,4.7,0,69,0,0,0,210.3,0,0,0
1923-05,76.9,4.5,0,北海道,札幌市,,0,10.7,0,77,0,0,0,213.3,0,0,0
1923-06,85.1,3.3,0,北海道,札幌市,,0,14.4,0,81,0,0,0,185.0,0,0,0
1923-07,82.2,2.3,0,北海道,札幌市,,0,18.8,0,84,0,0,0,157.1,0,0,0
1923-08,82.5,2.7,0,北海道,札幌市,,0,21.0,0,84,0,0,0,229.3,0,0,0
1923-09,279.3,2.5,0,北海道,札幌市,,0,17.0,0,85,0,0,0,119.7,0,0,0
1923-10,110.6,2.5,0,北海道,札幌市,,0,10.3,0,81,0,0,0,159.5,0,0,0
1923-11,114.7,3.0,0,北海道,札幌市,,0,3.7,0,75,0,0,0,95.7,0,0,0
1923-12,83.4,2.9,0,北海道,札幌市,,0,-2.4,0,75,0,0,0,87.8,0,0,0
1924-01,64.5,3.0,0,北海道,札幌市,,0,-6.3,0,78,0,0,0,79.8,0,0,0
1924-02,54.4,3.2,0,北海道,札幌市,,0,-5.7,0,78,0,0,0,104.1,0,0,0
1924-03,70.7,2.4,0,北海道,札幌市,,0,-4.3,0,79,0,0,0,150.8,0,0,0
1924-04,40.5,3.6,0,北海道,札幌市,,0,6.6,0,74,0,0,0,190.5,0,0,0
1924-05,56.3,4.7,0,北海道,札幌市,,0,9.5,0,78,0,0,0,241.1,0,0,0
1924-06,32.1,3.1,0,北海道,札幌市,,0,14.9,0,84,0,0,0,206.6,0,0,0
1924-07,52.0,2.6,0,北海道,札幌市,,0,22.7,0,82,0,0,0,243.5,0,0,0
1924-08,103.6,3.5,0,北海道,札幌市,,0,22.2,0,80,0,0,0,248.5,0,0,0
1924-09,95.0,2.6,0,北海道,札幌市,,0,16.7,0,81,0,0,0,179.6,0,0,0
1924-10,166.0,2.9,0,北海道,札幌市,,0,9.3,0,77,0,0,0,146.8,0,0,0
1924-11,166.8,2.3,0,北海道,札幌市,,0,4.0,0,79,0,0,0,67.9,0,0,0
1924-12,100.9,2.4,0,北海道,札幌市,,0,-3.8,0,79,0,0,0,83.3,0,0,0
1925-01,76.1,3.3,0,北海道,札幌市,,0,-5.4,0,84,0,0,0,59.8,0,0,0
1925-02,59.5,2.8,0,北海道,札幌市,,0,-5.5,0,76,0,0,0,125.3,0,0,0
1925-03,80.7,3.2,0,北海道,札幌市,,0,-3.6,0,79,0,0,0,135.9,0,0,0
1925-04,33.2,3.4,0,北海道,札幌市,,0,5.0,0,72,0,0,0,190.0,0,0,0
1925-05,51.0,4.2,0,北海道,札幌市,,0,10.6,0,75,0,0,0,221.2,0,0,0
1925-06,43.2,3.8,0,北海道,札幌市,,0,17.0,0,75,0,0,0,292.9,0,0,0
1925-07,52.1,2.9,0,北海道,札幌市,,0,18.8,0,81,0,0,0,236.7,0,0,0
1925-08,72.3,4.0,0,北海道,札幌市,,0,22.6,0,82,0,0,0,202.5,0,0,0
1925-09,85.4,3.0,0,北海道,札幌市,,0,17.7,0,82,0,0,0,167.7,0,0,0
1925-10,163.2,2.5,0,北海道,札幌市,,0,10.7,0,80,0,0,0,156.1,0,0,0
1925-11,191.8,3.6,0,北海道,札幌市,,0,3.9,0,80,0,0,0,92.3,0,0,0
1925-12,173.8,3.4,0,北海道,札幌市,,0,-1.4,0,79,0,0,0,76.9,0,0,0
1926-01,125.8,3.1,0,北海道,札幌市,,0,-6.2,0,83,0,0,0,69.0,0,0,0
1926-02,65.4,3.8,0,北海道,札幌市,,0,-3.6,0,81,0,0,0,81.7,0,0,0
1926-03,83.3,3.1,0,北海道,札幌市,,0,-1.1,0,77,0,0,0,131.5,0,0,0
1926-04,59.5,4.0,0,北海道,札幌市,,0,3.3,0,72,0,0,0,164.3,0,0,0
1926-05,53.4,4.3,0,北海道,札幌市,,0,10.0,0,76,0,0,0,209.1,0,0,0
1926-06,42.5,3.0,0,北海道,札幌市,,0,14.5,0,77,0,0,0,229.9,0,0,0
1926-07,98.2,2.8,0,北海道,札幌市,,0,18.9,0,83,0,0,0,170.6,0,0,0
1926-08,83.3,2.8,0,北海道,札幌市,,0,19.9,0,81,0,0,0,209.3,0,0,0
1926-09,195.9,3.0,0,北海道,札幌市,,0,17.1,0,83,0,0,0,140.0,0,0,0
1926-10,245.9,3.1,0,北海道,札幌市,,0,7.8,0,80,0,0,0,117.2,0,0,0
1926-11,210.3,3.2,0,北海道,札幌市,,0,2.8,0,79,0,0,0,72.4,0,0,0
1926-12,95.6,2.9,0,北海道,札幌市,,0,-2.9,0,77,0,0,0,57.2,0,0,0
1927-01,62.0,3.1,0,北海道,札幌市,,0,-5.8,0,77,0,0,0,101.8,0,0,0
1927-02,101.2,3.1,0,北海道,札幌市,,0,-7.5,0,81,0,0,0,123.1,0,0,0
1927-03,43.8,3.5,0,北海道,札幌市,,0,-1.5,0,72,0,0,0,159.1,0,0,0
1927-04,40.6,5.1,0,北海道,札幌市,,0,7.0,0,72,0,0,0,181.5,0,0,0
1927-05,60.9,4.1,0,北海道,札幌市,,0,10.0,0,73,0,0,0,179.9,0,0,0
1927-06,23.7,3.1,0,北海道,札幌市,,0,14.7,0,74,0,0,0,244.5,0,0,0
1927-07,207.4,3.0,0,北海道,札幌市,,0,21.0,0,85,0,0,0,172.3,0,0,0
1927-08,163.0,3.4,0,北海道,札幌市,,0,22.0,0,84,0,0,0,180.1,0,0,0
1927-09,77.8,2.6,0,北海道,札幌市,,0,16.2,0,81,0,0,0,185.9,0,0,0
1927-10,64.1,2.8,0,北海道,札幌市,,0,11.0,0,79,0,0,0,160.2,0,0,0
1927-11,68.3,2.7,0,北海道,札幌市,,0,4.7,0,77,0,0,0,100.4,0,0,0
1927-12,137.0,3.3,0,北海道,札幌市,,0,-2.9,0,78,0,0,0,59.6,0,0,0
1928-01,121.6,2.6,0,北海道,札幌市,,0,-5.2,0,82,0,0,0,60.3,0,0,0
1928-02,97.4,3.0,0,北海道,札幌市,,0,-6.4,0,79,0,0,0,125.6,0,0,0
1928-03,40.1,4.1,0,北海道,札幌市,,0,-0.4,0,75,0,0,0,159.2,0,0,0
1928-04,16.4,4.3,0,北海道,札幌市,,0,5.7,0,68,0,0,0,241.4,0,0,0
1928-05,50.7,4.0,0,北海道,札幌市,,0,11.6,0,71,0,0,0,190.8,0,0,0
1928-06,51.0,3.4,0,北海道,札幌市,,0,14.7,0,79,0,0,0,169.8,0,0,0
1928-07,31.3,3.8,0,北海道,札幌市,,0,20.5,0,80,0,0,0,244.7,0,0,0
1928-08,53.2,3.7,0,北海道,札幌市,,0,22.7,0,76,0,0,0,260.9,0,0,0
1928-09,166.5,2.8,0,北海道,札幌市,,0,18.5,0,82,0,0,0,114.7,0,0,0
1928-10,64.3,2.4,0,北海道,札幌市,,0,11.1,0,82,0,0,0,157.6,0,0,0
1928-11,81.8,3.8,0,北海道,札幌市,,0,4.4,0,72,0,0,0,110.0,0,0,0
1928-12,148.5,3.1,0,北海道,札幌市,,0,-3.8,0,77,0,0,0,76.9,0,0,0
1929-01,223.9,3.7,0,北海道,札幌市,,0,-7.0,0,83,0,0,0,90.5,0,0,0
1929-02,41.6,3.2,0,北海道,札幌市,,0,-6.2,0,81,0,0,0,111.7,0,0,0
1929-03,68.5,4.2,0,北海道,札幌市,,0,-1.7,0,79,0,0,0,148.0,0,0,0
1929-04,89.5,4.0,0,北海道,札幌市,,0,3.7,0,73,0,0,0,174.1,0,0,0
1929-05,43.7,3.7,0,北海道,札幌市,,0,10.1,0,78,0,0,0,205.2,0,0,0
1929-06,38.9,3.5,0,北海道,札幌市,,0,14.3,0,81,0,0,0,183.6,0,0,0
1929-07,30.9,2.7,0,北海道,札幌市,,0,21.4,0,83,0,0,0,181.8,0,0,0
1929-08,233.6,3.0,0,北海道,札幌市,,0,21.3,0,84,0,0,0,175.8,0,0,0
1929-09,35.8,2.4,0,北海道,札幌市,,0,15.6,0,79,0,0,0,191.8,0,0,0
1929-10,117.8,2.4,0,北海道,札幌市,,0,11.2,0,81,0,0,0,139.1,0,0,0
1929-11,108.4,2.0,0,北海道,札幌市,,0,3.2,0,79,0,0,0,104.5,0,0,0
1929-12,76.8,2.9,0,北海道,札幌市,,0,-1.6,0,79,0,0,0,79.3,0,0,0
1930-01,89.0,2.9,0,北海道,札幌市,,0,-7.2,0,78,0,0,0,103.9,0,0,0
1930-02,37.9,3.1,0,北海道,札幌市,,0,-4.1,0,81,0,0,0,91.8,0,0,0
1930-03,94.3,3.9,0,北海道,札幌市,,0,0.5,0,79,0,0,0,130.1,0,0,0
1930-04,22.1,4.4,0,北海道,札幌市,,0,5.7,0,69,0,0,0,221.8,0,0,0
1930-05,51.8,3.8,0,北海道,札幌市,,0,10.9,0,75,0,0,0,226.0,0,0,0
1930-06,54.4,2.9,0,北海道,札幌市,,0,15.0,0,82,0,0,0,186.3,0,0,0
1930-07,66.9,3.2,0,北海道,札幌市,,0,20.2,0,82,0,0,0,213.7,0,0,0
1930-08,284.0,2.9,0,北海道,札幌市,,0,22.2,0,83,0,0,0,160.7,0,0,0
1930-09,129.0,2.5,0,北海道,札幌市,,0,17.3,0,83,0,0,0,168.5,0,0,0
1930-10,122.9,2.5,0,北海道,札幌市,,0,10.8,0,83,0,0,0,180.6,0,0,0
1930-11,109.1,3.2,0,北海道,札幌市,,0,3.0,0,76,0,0,0,92.5,0,0,0
1930-12,90.4,2.7,0,北海道,札幌市,,0,-4.3,0,76,0,0,0,99.3,0,0,0
1931-01,98.5,2.5,0,北海道,札幌市,,0,-7.7,0,81,7.5,2.8,0,77.8,30,0,0
1931-02,84.3,2.7,0,北海道,札幌市,,0,-7.9,0,79,7.0,2.7,0,126.1,27,0,0
1931-03,45.8,4.7,0,北海道,札幌市,,0,-0.4,0,74,7.2,4.4,0,140.8,24,0,0
1931-04,109.8,4.9,0,北海道,札幌市,,0,4.3,0,72,7.7,5.9,0,140.3,15,0,2
1931-05,128.8,4.8,0,北海道,札幌市,,0,9.2,0,77,7.9,8.8,0,160.4,2,0,1
1931-06,127.5,4.1,0,北海道,札幌市,,0,13.4,0,84,7.7,12.8,0,148.4,0,0,3
1931-07,103.7,2.9,0,北海道,札幌市,,0,16.0,0,85,8.8,15.3,0,105.5,0,1,1
1931-08,132.0,2.5,0,北海道,札幌市,,0,21.3,0,85,7.2,21.5,0,184.1,0,2,7
1931-09,85.3,2.8,0,北海道,札幌市,,0,17.1,0,83,6.2,15.9,0,169.7,0,0,2
1931-10,72.5,2.5,0,北海道,札幌市,,0,10.4,0,80,5.6,10.3,0,192.2,1,3,0
1931-11,100.2,2.5,0,北海道,札幌市,,0,4.2,0,77,7.0,6.4,0,106.6,11,0,1
1931-12,84.4,2.3,0,北海道,札幌市,,0,-2.6,0,78,8.0,4.0,0,51.1,28,0,0
1932-01,43.8,2.9,0,北海道,札幌市,,0,-2.5,0,72,6.6,3.7,0,116.7,24,0,0
1932-02,44.7,2.2,0,北海道,札幌市,,0,-5.6,0,74,7.1,3.1,0,122.8,16,0,0
1932-03,71.0,2.9,0,北海道,札幌市,,0,-1.2,0,73,6.9,4.1,0,151.2,24,0,0
1932-04,113.3,5.1,0,北海道,札幌市,,0,5.4,0,69,6.8,6.1,0,177.6,8,0,0
1932-05,61.2,4.1,0,北海道,札幌市,,0,11.5,0,74,6.9,9.9,0,212.0,1,0,2
1932-06,34.1,4.1,0,北海道,札幌市,,0,15.9,0,77,6.5,13.9,0,242.5,0,1,3
1932-07,125.4,2.6,0,北海道,札幌市,,0,18.5,0,86,8.6,18.1,0,115.8,0,0,4
1932-08,291.7,2.8,0,北海道,札幌市,,0,19.8,0,87,7.9,19.9,0,160.2,0,5,0
1932-09,272.0,2.4,0,北海道,札幌市,,0,16.3,0,86,7.6,16.0,0,135.1,0,1,0
1932-10,55.9,2.4,0,北海道,札幌市,,0,11.3,0,77,4.9,10.3,0,198.5,0,3,2
1932-11,160.8,3.0,0,北海道,札幌市,,0,5.2,0,77,7.3,6.9,0,98.5,9,0,2
1932-12,88.8,2.9,0,北海道,札幌市,,0,-1.6,0,75,7.3,4.1,0,80.7,21,0,0
1933-01,67.3,2.6,0,北海道,札幌市,,0,-6.8,0,79,7.0,3.1,0,83.1,28,0,0
1933-02,85.6,2.8,0,北海道,札幌市,,0,-7.2,0,78,7.5,2.8,0,119.1,26,0,2
1933-03,38.2,3.0,0,北海道,札幌市,,0,-3.6,0,74,6.6,3.5,0,166.6,25,0,0
1933-04,42.4,4.3,0,北海道,札幌市,,0,4.3,0,67,6.0,5.5,0,222.3,7,0,1
1933-05,48.4,3.9,0,北海道,札幌市,,0,11.5,0,72,6.0,9.6,0,240.4,1,1,1
1933-06,55.8,3.6,0,北海道,札幌市,,0,15.2,0,78,6.6,13.3,0,217.1,0,0,4
1933-07,98.6,2.7,0,北海道,札幌市,,0,22.4,0,81,7.1,21.6,0,199.1,0,0,4
1933-08,138.6,2.9,0,北海道,札幌市,,0,22.8,0,84,7.5,22.9,0,191.9,0,0,0
1933-09,136.7,2.4,0,北海道,札幌市,,0,16.6,0,83,6.5,15.7,0,155.0,0,1,0
1933-10,139.5,2.2,0,北海道,札幌市,,0,9.2,0,82,6.4,9.5,0,144.2,0,0,4
1933-11,145.5,3.2,0,北海道,札幌市,,0,3.7,0,74,7.0,6.0,0,102.4,13,0,1
1933-12,49.3,2.3,0,北海道,札幌市,,0,-2.1,0,75,7.0,4.0,0,86.2,23,0,0
1934-01,55.4,2.5,0,北海道,札幌市,,0,-4.9,0,77,7.3,3.3,0,102.0,25,0,0
1934-02,89.7,2.7,0,北海道,札幌市,,0,-4.9,0,79,8.1,3.3,0,81.2,27,0,0
1934-03,77.8,3.2,0,北海道,札幌市,,0,-1.6,0,71,7.5,3.9,0,158.4,29,0,0
1934-04,39.9,4.3,0,北海道,札幌市,,0,4.9,0,64,6.3,5.5,0,217.9,10,0,1
1934-05,93.7,3.6,0,北海道,札幌市,,0,10.9,0,79,7.5,10.1,0,172.5,0,0,4
1934-06,55.1,2.6,0,北海道,札幌市,,0,16.7,0,83,8.3,15.6,0,146.3,0,2,5
1934-07,37.5,2.7,0,北海道,札幌市,,0,17.7,0,81,6.7,16.1,0,221.4,0,0,3
1934-08,83.1,2.4,0,北海道,札幌市,,0,19.6,0,82,7.4,18.4,0,183.3,0,1,2
1934-09,163.0,2.5,0,北海道,札幌市,,0,16.0,0,82,7.2,14.8,0,158.0,0,1,2
1934-10,108.5,2.5,0,北海道,札幌市,,0,9.3,0,76,6.2,8.9,0,169.9,1,1,0
1934-11,162.8,3.2,0,北海道,札幌市,,0,3.6,0,74,7.4,6.1,0,97.7,16,0,1
1934-12,35.2,2.7,0,北海道,札幌市,,0,-2.6,0,73,7.1,3.7,0,92.8,21,0,1
1935-01,78.2,3.3,0,北海道,札幌市,,0,-5.4,0,76,7.5,3.2,0,111.9,24,0,0
1935-02,54.9,2.3,0,北海道,札幌市,,0,-2.1,0,73,8.5,3.9,0,66.7,23,0,0
1935-03,115.3,3.4,0,北海道,札幌市,,0,-0.3,0,76,8.0,4.5,0,124.1,29,0,2
1935-04,90.3,4.3,0,北海道,札幌市,,0,5.5,0,72,7.1,6.5,0,192.4,5,0,1
1935-05,79.3,5.0,0,北海道,札幌市,,0,10.4,0,73,7.1,9.1,0,219.8,0,0,0
1935-06,102.3,3.4,0,北海道,札幌市,,0,14.9,0,83,8.3,14.0,0,151.4,0,0,3
1935-07,102.0,2.7,0,北海道,札幌市,,0,19.2,0,84,8.0,18.7,0,176.4,0,0,2
1935-08,171.3,2.2,0,北海道,札幌市,,0,19.3,0,84,8.0,18.7,0,157.6,0,0,1
1935-09,90.6,2.4,0,北海道,札幌市,,0,16.0,0,83,6.5,14.9,0,177.0,0,0,0
1935-10,225.2,2.3,0,北海道,札幌市,,0,12.1,0,84,7.2,11.7,0,129.2,0,1,0
1935-11,128.0,3.3,0,北海道,札幌市,,0,3.5,0,75,7.5,6.0,0,85.8,13,0,1
1935-12,53.3,2.6,0,北海道,札幌市,,0,-4.2,0,74,7.1,3.5,0,73.7,26,0,1
1936-01,113.0,2.6,0,北海道,札幌市,,0,-6.0,0,72,7.4,2.8,0,91.0,25,0,0
1936-02,124.2,2.4,0,北海道,札幌市,,0,-4.3,0,79,8.7,3.5,0,71.1,25,0,0
1936-03,31.2,3.3,0,北海道,札幌市,,0,-1.4,0,72,7.3,4.0,0,141.9,21,0,0
1936-04,70.9,4.6,0,北海道,札幌市,,0,4.5,0,73,7.0,6.0,0,159.6,7,0,0
1936-05,19.4,3.9,0,北海道,札幌市,,0,10.2,0,74,7.6,9.1,0,171.9,0,0,0
1936-06,44.4,3.1,0,北海道,札幌市,,0,16.2,0,79,7.7,14.3,0,185.2,0,0,3
1936-07,245.2,2.7,0,北海道,札幌市,,0,19.0,0,86,8.3,18.9,0,139.3,0,1,4
1936-08,75.9,2.4,0,北海道,札幌市,,0,20.5,0,84,7.6,20.0,0,171.6,0,0,1
1936-09,106.9,2.1,0,北海道,札幌市,,0,17.5,0,83,7.1,16.4,0,149.0,0,0,1
1936-10,227.3,2.8,0,北海道,札幌市,,0,10.4,0,79,5.4,10.0,0,167.5,2,3,1
1936-11,91.0,3.2,0,北海道,札幌市,,0,3.5,0,72,6.9,5.7,0,100.7,14,0,0
1936-12,81.7,2.6,0,北海道,札幌市,,0,-1.5,0,74,7.8,4.1,0,78.6,24,0,1
1937-01,58.7,2.8,0,北海道,札幌市,,0,-5.4,0,70,6.7,2.9,0,109.1,26,0,0
1937-02,170.4,3.0,0,北海道,札幌市,,0,-3.5,0,77,8.0,3.7,0,104.4,24,0,0
1937-03,43.0,3.8,0,北海道,札幌市,,0,-1.7,0,74,7.5,4.0,0,131.1,27,0,0
1937-04,49.8,4.0,0,北海道,札幌市,,0,5.1,0,69,5.7,6.0,0,209.1,10,0,0
1937-05,35.6,4.2,0,北海道,札幌市,,0,9.7,0,76,7.8,9.1,0,162.7,0,1,0
1937-06,24.5,3.1,0,北海道,札幌市,,0,14.7,0,78,5.9,13.1,0,243.8,0,0,7
1937-07,173.4,2.8,0,北海道,札幌市,,0,22.1,0,85,8.2,22.3,0,143.2,0,2,3
1937-08,60.5,2.3,0,北海道,札幌市,,0,21.7,0,82,7.3,21.2,0,199.5,0,1,3
1937-09,213.1,2.4,0,北海道,札幌市,,0,16.3,0,84,7.0,15.3,0,185.7,0,1,0
1937-10,79.0,2.3,0,北海道,札幌市,,0,9.9,0,82,5.8,10.0,0,158.3,0,0,0
1937-11,77.2,2.5,0,北海道,札幌市,,0,2.9,0,76,6.4,5.9,0,100.8,16,0,0
1937-12,108.6,2.9,0,北海道,札幌市,,0,-4.9,0,77,7.5,3.5,0,72.0,26,0,0
1938-01,64.3,2.5,0,北海道,札幌市,,0,-5.9,0,76,6.9,3.1,0,104.9,23,0,0
1938-02,71.8,2.5,0,北海道,札幌市,,0,-5.0,0,73,7.3,3.1,0,105.1,23,0,0
1938-03,36.9,2.8,0,北海道,札幌市,,0,0.0,0,72,6.5,4.5,0,163.6,16,0,1
1938-04,35.9,3.9,0,北海道,札幌市,,0,6.6,0,68,7.0,6.5,0,166.0,5,1,2
1938-05,77.2,3.2,0,北海道,札幌市,,0,12.4,0,76,7.4,10.8,0,193.2,0,0,0
1938-06,54.1,3.1,0,北海道,札幌市,,0,15.3,0,78,5.9,13.2,0,231.2,0,0,3
1938-07,61.0,3.1,0,北海道,札幌市,,0,19.9,0,82,6.8,19.1,0,229.1,0,0,2
1938-08,13.2,3.9,0,北海道,札幌市,,0,23.5,0,80,5.7,22.8,0,250.2,0,0,0
1938-09,255.6,2.2,0,北海道,札幌市,,0,16.8,0,86,7.1,16.5,0,156.2,0,5,2
1938-10,79.5,2.1,0,北海道,札幌市,,0,9.4,0,79,5.5,9.5,0,176.9,1,0,1
1938-11,177.9,1.8,0,北海道,札幌市,,0,3.0,0,81,7.4,6.3,0,79.8,15,2,0
1938-12,181.0,2.2,0,北海道,札幌市,,0,-4.4,0,76,7.3,3.5,0,99.3,28,0,0
1939-01,159.4,2.5,0,北海道,札幌市,,0,-7.8,0,79,7.9,2.8,0,81.4,30,0,0
1939-02,86.9,3.2,0,北海道,札幌市,,0,-5.9,0,76,7.9,3.1,0,103.9,24,0,0
1939-03,99.2,2.8,0,北海道,札幌市,,0,-1.2,0,76,7.3,4.3,0,143.9,23,0,2
1939-04,37.8,3.5,0,北海道,札幌市,,0,4.8,0,73,5.9,6.4,0,199.4,8,0,0
1939-05,55.1,3.4,0,北海道,札幌市,,0,10.4,0,78,6.9,9.6,0,199.9,0,0,4
1939-06,92.1,3.8,0,北海道,札幌市,,0,16.1,0,78,8.1,14.0,0,184.7,0,1,2
1939-07,158.6,2.4,0,北海道,札幌市,,0,21.1,0,84,7.1,20.8,0,211.1,0,0,5
1939-08,138.4,3.0,0,北海道,札幌市,,0,22.1,0,83,6.3,21.9,0,227.0,0,3,5
1939-09,182.2,2.1,0,北海道,札幌市,,0,18.7,0,85,7.8,18.1,0,164.3,0,4,0
1939-10,57.0,1.8,0,北海道,札幌市,,0,10.3,0,79,6.6,10.0,0,157.2,2,0,3
1939-11,38.1,2.0,0,北海道,札幌市,,0,3.9,0,75,7.0,6.3,0,123.8,13,0,1
1939-12,69.0,2.2,0,北海道,札幌市,,0,-2.4,0,73,7.6,3.7,0,89.0,26,0,0
1940-01,93.0,1.9,0,北海道,札幌市,,0,-7.3,0,76,7.1,2.8,0,131.5,26,0,0
1940-02,123.3,2.4,0,北海道,札幌市,,0,-4.6,0,76,8.5,3.2,0,102.1,28,0,0
1940-03,39.7,3.3,0,北海道,札幌市,,0,0.1,0,72,7.0,4.4,0,186.0,21,0,0
1940-04,87.7,3.4,0,北海道,札幌市,,0,4.8,0,71,7.2,6.0,0,196.1,10,0,0
1940-05,19.2,3.0,0,北海道,札幌市,,0,11.5,0,69,7.0,9.1,0,200.4,0,1,1
1940-06,89.7,1.9,0,北海道,札幌市,,0,14.5,0,84,8.3,13.7,0,130.8,0,1,10
1940-07,105.4,2.6,0,北海道,札幌市,,0,20.1,0,83,7.8,19.9,0,150.6,0,0,4
1940-08,97.2,3.3,0,北海道,札幌市,,0,21.0,0,82,6.8,19.9,0,227.0,0,0,0
1940-09,58.7,2.3,0,北海道,札幌市,,0,15.2,0,80,6.7,13.5,0,161.4,0,0,1
1940-10,112.0,2.6,0,北海道,札幌市,,0,11.0,0,76,5.7,9.7,0,192.7,0,1,0
1940-11,68.3,2.8,0,北海道,札幌市,,0,5.2,0,73,7.3,6.7,0,113.4,11,0,1
1940-12,46.6,2.5,0,北海道,札幌市,,0,-0.9,0,72,7.3,4.3,0,113.1,23,0,0
1941-01,121.4,2.4,0,北海道,札幌市,,0,-5.4,0,79,8.3,3.3,0,99.1,29,1,1
1941-02,98.9,3.2,0,北海道,札幌市,,0,-5.0,0,76,7.7,3.3,0,137.8,26,0,0
1941-03,59.6,3.5,0,北海道,札幌市,,0,-1.3,0,72,7.9,4.0,0,165.9,26,0,1
1941-04,38.0,3.9,0,北海道,札幌市,,0,4.7,0,69,7.2,5.7,0,203.7,15,0,0
1941-05,81.5,3.8,0,北海道,札幌市,,0,10.6,0,70,6.8,8.7,0,224.9,1,1,2
1941-06,98.0,3.4,0,北海道,札幌市,,0,14.9,0,79,6.5,13.1,0,231.6,0,1,6
1941-07,138.5,2.9,0,北海道,札幌市,,0,17.5,0,84,8.3,16.4,0,137.3,0,0,5
1941-08,53.3,2.5,0,北海道,札幌市,,0,19.6,0,85,8.2,19.1,0,115.2,0,0,6
1941-09,217.8,2.5,0,北海道,札幌市,,0,16.6,0,81,6.9,14.9,0,153.1,0,3,3
1941-10,183.5,2.4,0,北海道,札幌市,,0,10.6,0,78,7.2,9.7,0,143.1,3,2,1
1941-11,69.3,2.6,0,北海道,札幌市,,0,3.9,0,73,5.9,5.9,0,141.3,6,0,2
1941-12,90.1,2.7,0,北海道,札幌市,,0,-1.6,0,72,7.5,4.0,0,106.6,25,0,0
1942-01,72.4,2.0,0,北海道,札幌市,,0,-7.1,0,73,7.5,2.7,0,130.8,27,0,0
1942-02,26.4,2.8,0,北海道,札幌市,,0,-7.0,0,69,7.3,2.5,0,137.0,26,0,0
1942-03,90.0,3.7,0,北海道,札幌市,,0,0.1,0,73,7.8,4.7,0,158.9,16,0,0
1942-04,60.7,4.1,0,北海道,札幌市,,0,6.2,0,67,7.0,6.0,0,198.3,11,0,0
1942-05,53.3,4.1,0,北海道,札幌市,,0,10.6,0,71,7.8,8.8,0,221.7,0,1,1
1942-06,118.5,3.1,0,北海道,札幌市,,0,15.8,0,81,7.3,14.0,0,211.9,0,3,6
1942-07,85.0,2.6,0,北海道,札幌市,,0,20.4,0,84,8.3,19.9,0,206.6,0,0,4
1942-08,112.2,2.1,0,北海道,札幌市,,0,20.0,0,85,7.4,19.3,0,175.4,0,0,1
1942-09,125.9,2.1,0,北海道,札幌市,,0,16.3,0,82,6.7,14.8,0,175.3,0,0,3
1942-10,91.2,2.6,0,北海道,札幌市,,0,10.3,0,81,6.0,9.9,0,185.2,2,2,2
1942-11,164.0,2.9,0,北海道,札幌市,,0,3.3,0,74,7.9,5.9,0,109.7,19,1,6
1942-12,95.4,1.9,0,北海道,札幌市,,0,-3.5,0,79,7.7,3.7,0,99.5,29,0,3
1943-01,75.8,2.4,0,北海道,札幌市,,0,-5.6,0,74,7.3,3.1,0,116.4,27,0,0
1943-02,79.3,2.7,0,北海道,札幌市,,0,-4.8,0,73,8.1,3.2,0,130.5,28,0,0
1943-03,63.3,2.8,0,北海道,札幌市,,0,-1.0,0,74,7.0,4.1,0,189.2,22,0,0
1943-04,50.1,3.3,0,北海道,札幌市,,0,5.1,0,71,5.7,6.0,0,223.3,9,0,1
1943-05,41.9,3.1,0,北海道,札幌市,,0,10.6,0,77,7.0,9.6,0,185.0,0,0,3
1943-06,34.4,3.3,0,北海道,札幌市,,0,16.7,0,74,6.2,13.6,0,283.4,0,0,3
1943-07,88.9,2.9,0,北海道,札幌市,,0,22.3,0,82,7.1,21.7,0,228.2,0,2,3
1943-08,64.7,2.4,0,北海道,札幌市,,0,23.6,0,84,7.1,23.9,0,210.5,0,0,2
1943-09,132.3,2.8,0,北海道,札幌市,,0,17.9,0,84,8.0,16.9,0,143.5,0,2,5
1943-10,102.4,2.0,0,北海道,札幌市,,0,10.7,0,80,6.8,10.0,0,157.1,0,3,1
1943-11,124.2,2.6,0,北海道,札幌市,,0,2.5,0,76,7.5,5.6,0,113.4,22,1,0
1943-12,119.3,2.8,0,北海道,札幌市,,0,-2.7,0,76,7.6,3.9,0,97.7,27,0,0
1944-01,182.6,2.8,0,北海道,札幌市,,0,-6.4,0,75,8.2,2.9,0,101.6,29,0,0
1944-02,85.3,2.6,0,北海道,札幌市,,0,-6.3,0,78,8.3,2.9,0,123.9,27,0,0
1944-03,43.1,3.0,0,北海道,札幌市,,0,-1.2,0,73,7.4,4.1,0,157.8,22,0,0
1944-04,48.1,2.9,0,北海道,札幌市,,0,3.8,0,73,6.7,5.7,0,212.7,11,0,0
1944-05,25.2,3.3,0,北海道,札幌市,,0,11.7,0,68,6.4,8.9,0,233.1,0,1,3
1944-06,71.6,2.6,0,北海道,札幌市,,0,16.3,0,82,7.5,15.1,0,178.5,0,1,6
1944-07,119.6,2.3,0,北海道,札幌市,,0,21.2,0,82,6.7,20.3,0,222.1,0,3,12
1944-08,44.8,2.9,0,北海道,札幌市,,0,22.7,0,80,6.2,21.2,0,226.4,0,1,2
1944-09,134.3,2.9,0,北海道,札幌市,,0,17.7,0,81,7.1,16.1,0,164.1,0,0,2
1944-10,95.4,2.4,0,北海道,札幌市,,0,10.5,0,76,6.3,9.3,0,185.0,0,2,5
1944-11,102.1,2.7,0,北海道,札幌市,,0,2.8,0,76,7.5,5.7,0,128.2,16,0,2
1944-12,60.7,2.1,0,北海道,札幌市,,0,-6.1,0,76,7.2,2.9,0,108.5,29,0,0
1945-01,119.7,2.1,0,北海道,札幌市,,0,-8.8,0,81,7.1,2.7,0,104.0,28,0,0
1945-02,86.2,3.0,0,北海道,札幌市,,0,-6.5,0,80,8.2,3.1,0,106.5,26,0,0
1945-03,74.9,3.5,0,北海道,札幌市,,0,-1.3,0,80,8.1,4.4,0,149.5,23,0,0
1945-04,52.1,3.6,0,北海道,札幌市,,0,5.8,0,71,7.3,6.4,0,194.3,4,0,3
1945-05,65.9,3.5,0,北海道,札幌市,,0,9.0,0,80,7.8,9.1,0,149.2,0,0,4
1945-06,54.9,4.0,0,北海道,札幌市,,0,13.9,0,79,7.8,12.3,0,192.2,0,0,4
1945-07,98.1,3.2,0,北海道,札幌市,,0,16.7,0,81,7.9,15.1,0,161.1,0,0,9
1945-08,106.6,2.6,0,北海道,札幌市,,0,22.1,0,81,7.5,20.9,0,177.0,0,0,5
1945-09,99.3,2.0,0,北海道,札幌市,,0,16.1,0,81,6.6,14.0,0,193.0,0,0,1
1945-10,112.4,2.4,0,北海道,札幌市,,0,10.8,0,80,7.3,10.4,0,122.1,1,0,2
1945-11,155.4,2.6,0,北海道,札幌市,,0,4.2,0,77,7.7,6.3,0,80.4,9,0,0
1945-12,150.1,2.6,0,北海道,札幌市,,0,-4.1,0,78,7.6,3.6,0,73.0,31,0,0
1946-01,222.4,2.8,0,北海道,札幌市,,0,-5.3,0,79,8.0,3.3,0,62.8,28,0,0
1946-02,90.7,2.7,0,北海道,札幌市,,0,-5.2,0,75,7.1,3.2,0,117.9,24,0,0
1946-03,74.9,3.8,0,北海道,札幌市,,0,-2.8,0,79,7.5,4.0,0,149.2,25,0,0
1946-04,32.2,3.6,0,北海道,札幌市,,0,6.1,0,68,5.9,6.3,0,216.9,5,0,0
1946-05,41.7,3.8,0,北海道,札幌市,,0,10.1,0,73,7.4,8.8,0,168.7,0,0,1
1946-06,64.0,2.8,0,北海道,札幌市,,0,18.1,0,77,7.5,15.6,0,210.0,0,1,4
1946-07,87.5,3.0,0,北海道,札幌市,,0,21.4,0,80,7.6,19.9,0,220.2,0,0,0
1946-08,21.5,2.6,0,北海道,札幌市,,0,24.2,0,81,5.9,23.2,0,284.2,0,0,4
1946-09,100.0,2.8,0,北海道,札幌市,,0,17.2,0,76,6.0,13.9,0,231.6,0,4,1
1946-10,179.7,2.3,0,北海道,札幌市,,0,11.7,0,80,6.6,10.7,0,160.1,1,1,1
1946-11,107.0,2.4,0,北海道,札幌市,,0,5.2,0,75,6.7,6.7,0,138.9,12,1,0
1946-12,174.8,2.1,0,北海道,札幌市,,0,-2.8,0,76,7.6,3.9,0,123.2,26,0,0
1947-01,73.3,2.3,0,北海道,札幌市,,0,-4.4,0,75,7.3,3.5,0,118.3,27,0,0
1947-02,35.7,1.8,0,北海道,札幌市,,0,-5.2,0,75,8.2,3.1,0,118.6,26,0,0
1947-03,87.7,2.8,0,北海道,札幌市,,0,-1.4,0,73,7.3,4.0,0,158.3,26,0,0
1947-04,128.3,3.4,0,北海道,札幌市,,0,5.9,0,73,7.5,6.5,0,142.0,10,1,0
1947-05,56.6,3.1,0,北海道,札幌市,,0,11.3,0,72,5.8,9.2,0,249.7,1,0,1
1947-06,26.6,3.6,0,北海道,札幌市,,0,14.5,0,75,7.3,12.1,0,233.4,0,0,1
1947-07,57.9,2.5,0,北海道,札幌市,,0,20.4,0,82,8.0,19.3,0,209.8,0,0,6
1947-08,92.8,2.4,0,北海道,札幌市,,0,21.1,0,84,8.3,20.5,0,172.2,0,1,2
1947-09,224.2,2.4,0,北海道,札幌市,,0,15.9,0,82,7.3,14.1,0,159.7,0,3,0
1947-10,106.8,1.9,0,北海道,札幌市,,0,9.6,0,81,6.2,9.2,0,156.9,1,0,1
1947-11,140.3,2.5,0,北海道,札幌市,,0,2.4,0,74,7.9,5.5,0,119.6,23,1,0
1947-12,146.5,2.4,0,北海道,札幌市,,0,-4.4,0,76,7.7,3.5,0,104.0,30,0,0
1948-01,122.7,2.7,0,北海道,札幌市,,0,-2.4,0,76,7.6,4.0,0,99.0,25,0,0
1948-02,95.4,2.1,0,北海道,札幌市,,0,-4.1,0,75,7.8,3.5,0,98.7,26,0,0
1948-03,54.0,2.6,0,北海道,札幌市,,0,-0.4,0,77,6.3,4.4,0,177.5,20,0,0
1948-04,48.4,3.4,0,北海道,札幌市,,0,8.0,0,70,6.5,7.2,0,200.1,1,0,0
1948-05,86.5,4.2,0,北海道,札幌市,,0,13.5,0,66,5.9,9.6,0,253.0,0,1,0
1948-06,43.8,3.3,0,北海道,札幌市,,0,16.4,0,77,7.4,14.1,0,229.5,0,1,3
1948-07,51.0,2.3,0,北海道,札幌市,,0,21.8,0,81,8.6,20.8,0,161.1,0,1,3
1948-08,77.9,2.0,0,北海道,札幌市,,0,23.7,0,77,5.7,22.1,0,273.5,0,2,2
1948-09,84.7,1.4,0,北海道,札幌市,,0,17.1,0,79,7.5,15.1,0,162.1,0,2,1
1948-10,68.6,1.8,0,北海道,札幌市,,0,10.5,0,74,6.5,9.2,0,157.7,0,0,1
1948-11,49.2,1.7,0,北海道,札幌市,,0,3.5,0,74,6.4,5.9,0,127.2,13,0,1
1948-12,108.4,2.2,0,北海道,札幌市,,0,-0.2,0,76,7.3,4.7,0,100.5,18,0,3
1949-01,127.1,2.8,0,北海道,札幌市,,0,-1.9,0,73,7.6,3.9,0,103.7,28,0,0
1949-02,85.7,3.3,0,北海道,札幌市,,0,-1.4,0,76,8.0,4.3,0,91.9,20,0,0
1949-03,106.4,3.4,0,北海道,札幌市,,0,-2.1,0,76,7.8,3.9,0,148.0,28,0,0
1949-04,86.5,4.8,0,北海道,札幌市,,0,4.2,0,75,7.8,6.0,0,160.4,9,0,2
1949-05,48.5,4.7,0,北海道,札幌市,,0,13.1,0,70,7.3,10.1,0,216.6,0,0,4
1949-06,31.4,3.5,0,北海道,札幌市,,0,15.2,0,74,6.9,12.4,0,218.2,0,0,2
1949-07,28.0,2.9,0,北海道,札幌市,,0,20.4,0,78,7.5,18.1,0,195.0,0,0,3
1949-08,42.1,3.2,0,北海道,札幌市,,0,23.5,0,81,6.9,22.5,0,219.1,0,0,5
1949-09,127.3,3.0,0,北海道,札幌市,,0,17.7,0,79,6.7,15.3,0,178.1,0,2,1
1949-10,126.1,2.7,0,北海道,札幌市,,0,10.7,0,77,6.2,9.6,0,172.5,1,1,5
1949-11,91.8,3.0,0,北海道,札幌市,,0,2.8,0,72,6.7,5.5,0,102.7,16,0,6
1949-12,122.2,3.0,0,北海道,札幌市,,0,-3.6,0,77,6.5,3.7,0,91.0,24,1,6
1950-01,115.4,3.7,0,北海道,札幌市,,0,-4.8,0,75,7.9,3.4,1008.2,62.1,26,0,0
1950-02,63.5,2.9,0,北海道,札幌市,,0,-3.1,0,71,8.2,3.5,1011.3,98.8,26,0,0
1950-03,78.3,4.1,0,北海道,札幌市,,0,-0.4,0,73,6.8,4.4,1010.3,169.0,23,0,1
1950-04,34.4,4.3,0,北海道,札幌市,,0,6.8,0,68,5.1,6.7,1015.3,250.4,6,0,2
1950-05,61.2,4.5,0,北海道,札幌市,,0,12.5,0,70,6.0,9.9,1009.3,240.2,0,0,3
1950-06,38.3,3.7,0,北海道,札幌市,,0,16.4,0,79,7.7,14.6,1007.3,187.7,0,0,9
1950-07,136.8,3.1,0,北海道,札幌市,,0,22.8,0,79,6.2,21.8,1006.2,232.4,0,1,5
1950-08,212.6,3.0,0,北海道,札幌市,,0,24.0,0,80,5.9,24.0,1006.0,246.5,0,2,4
1950-09,149.0,3.0,0,北海道,札幌市,,0,17.1,0,80,7.4,15.9,1010.2,140.9,0,0,1
1950-10,54.9,2.1,0,北海道,札幌市,,0,8.3,0,73,6.0,8.0,1015.2,148.0,4,0,1
1950-11,205.1,3.2,0,北海道,札幌市,,0,3.7,0,78,7.4,6.4,1014.6,100.5,14,0,1
1950-12,155.6,2.7,0,北海道,札幌市,,0,-2.9,0,78,7.1,4.0,1009.7,67.0,27,0,0
1951-01,111.1,2.7,0,北海道,札幌市,,0,-6.3,0,75,7.0,3.0,1012.8,101.1,29,0,0
1951-02,105.7,3.0,0,北海道,札幌市,,0,-5.0,0,81,7.8,3.5,1013.3,83.6,28,0,0
1951-03,76.5,3.5,0,北海道,札幌市,,0,-1.2,0,75,7.1,4.3,1011.0,152.8,24,0,0
1951-04,68.1,4.2,0,北海道,札幌市,,0,5.8,0,73,6.7,6.6,1011.0,156.2,6,0,3
1951-05,28.8,3.9,0,北海道,札幌市,,0,12.2,0,65,6.3,9.1,1006.8,209.6,1,0,2
1951-06,99.7,3.7,0,北海道,札幌市,,0,15.9,0,77,7.0,13.7,1004.8,170.5,0,4,2
1951-07,62.1,3.6,0,北海道,札幌市,,0,19.7,0,79,6.3,18.4,1007.5,226.1,0,0,3
1951-08,61.3,3.3,0,北海道,札幌市,,0,24.0,0,77,5.3,22.8,1006.9,237.2,0,0,2
1951-09,185.5,3.2,0,北海道,札幌市,,0,15.6,0,74,5.6,13.0,1009.2,191.2,0,3,1
1951-10,64.6,2.4,0,北海道,札幌市,,0,9.7,0,74,5.7,8.9,1013.5,171.7,1,0,2
1951-11,174.9,2.9,0,北海道,札幌市,,0,4.0,0,76,7.2,6.3,1012.9,96.6,11,0,0
1951-12,73.8,2.7,0,北海道,札幌市,,0,-0.5,0,77,6.6,4.6,1011.7,102.0,20,0,0
1952-01,98.0,2.8,0,北海道,札幌市,,0,-4.8,0,73,6.5,3.2,1010.8,105.9,30,0,0
1952-02,32.7,3.2,0,北海道,札幌市,,0,-6.9,0,68,5.6,2.5,1013.1,154.9,23,0,0
1952-03,46.2,3.5,0,北海道,札幌市,,0,-1.4,0,72,6.2,4.1,1012.4,177.9,19,0,0
1952-04,52.1,4.3,0,北海道,札幌市,,0,6.1,0,73,6.5,6.9,1011.5,189.4,3,0,1
1952-05,59.9,4.2,0,北海道,札幌市,,0,11.4,0,67,6.4,8.8,1008.7,242.7,0,2,2
1952-06,103.9,3.4,0,北海道,札幌市,,0,16.4,0,78,6.4,14.6,1005.4,227.2,0,2,1
1952-07,140.3,2.8,0,北海道,札幌市,,0,20.4,0,84,7.7,19.9,1006.1,177.7,0,0,2
1952-08,55.0,2.2,0,北海道,札幌市,,0,21.3,0,84,8.0,21.2,1007.8,162.7,0,0,1
1952-09,79.4,2.8,0,北海道,札幌市,,0,16.4,0,79,6.3,14.6,1009.5,172.2,0,0,0
1952-10,117.4,3.0,0,北海道,札幌市,,0,10.5,0,77,5.5,10.0,1013.9,164.6,2,0,1
1952-11,80.8,2.8,0,北海道,札幌市,,0,1.5,0,74,6.3,5.2,1017.1,114.0,19,0,0
1952-12,97.3,2.8,0,北海道,札幌市,,0,-6.0,0,74,6.3,3.0,1015.0,93.7,27,0,0
1953-01,107.2,2.3,0,北海道,札幌市,,0,-6.6,190,76,7.9,3.0,1010.1,68.1,29,0,0
1953-02,70.7,2.9,0,北海道,札幌市,,0,-6.1,125,70,6.0,2.9,1015.1,132.8,25,0,0
1953-03,72.7,3.3,0,北海道,札幌市,,0,0.1,37,72,6.9,4.6,1011.1,142.5,19,0,0
1953-04,56.0,3.8,0,北海道,札幌市,,0,5.5,3,70,5.8,6.3,1010.8,190.9,8,0,0
1953-05,70.8,4.1,0,北海道,札幌市,,0,11.3,0,73,6.3,9.6,1010.9,200.5,1,0,3
1953-06,74.2,3.8,0,北海道,札幌市,,0,15.5,0,76,5.8,13.3,1006.9,232.4,0,0,1
1953-07,154.3,3.7,0,北海道,札幌市,,0,20.1,0,82,7.3,19.6,1006.6,169.4,0,3,1
1953-08,124.0,3.1,0,北海道,札幌市,,0,20.2,0,77,5.5,18.4,1007.4,223.5,0,2,0
1953-09,154.7,3.1,0,北海道,札幌市,,0,16.8,0,74,4.9,14.1,1011.2,211.8,0,0,0
1953-10,112.2,2.5,0,北海道,札幌市,,0,10.3,0,75,4.6,9.5,1014.5,188.8,0,3,1
1953-11,213.9,2.9,0,北海道,札幌市,,0,0.3,140,76,6.7,4.9,1013.1,97.7,23,0,1
1953-12,129.9,2.9,0,北海道,札幌市,,0,-1.8,100,73,7.2,4.1,1016.4,89.2,26,0,1
1954-01,178.1,2.7,0,北海道,札幌市,,0,-5.4,234,77,7.2,3.3,1012.7,89.1,26,0,0
1954-02,83.1,3.0,0,北海道,札幌市,,0,-3.1,55,74,7.0,3.8,1012.4,101.1,22,0,0
1954-03,25.8,3.1,0,北海道,札幌市,,0,-1.3,20,68,5.8,3.9,1014.1,163.8,24,0,0
1954-04,42.9,3.8,0,北海道,札幌市,,0,6.8,7,65,6.1,6.5,1011.1,212.7,5,0,1
1954-05,58.2,4.4,0,北海道,札幌市,,0,10.6,0,70,6.7,8.8,1006.8,197.0,0,0,2
1954-06,44.3,4.1,0,北海道,札幌市,,0,13.8,0,73,6.1,11.4,1010.6,210.9,0,0,0
1954-07,58.4,3.2,0,北海道,札幌市,,0,17.7,0,78,6.8,15.8,1008.5,218.5,0,1,5
1954-08,143.3,2.7,0,北海道,札幌市,,0,20.6,0,85,8.4,20.7,1008.2,133.1,0,1,3
1954-09,136.0,3.2,0,北海道,札幌市,,0,18.0,0,78,6.6,16.5,1009.7,157.9,0,0,0
1954-10,94.9,3.2,0,北海道,札幌市,,0,9.4,0,71,5.4,8.6,1015.9,177.9,0,1,1
1954-11,52.7,2.9,0,北海道,札幌市,,0,3.7,30,67,5.3,5.5,1015.7,143.0,11,1,0
1954-12,137.8,3.3,0,北海道,札幌市,,0,-0.7,122,72,7.8,4.4,1013.9,67.7,22,0,0
1955-01,188.7,2.6,0,北海道,札幌市,,0,-5.8,244,78,7.2,3.2,1011.2,82.1,29,0,0
1955-02,122.3,3.5,0,北海道,札幌市,,0,-3.7,133,73,6.9,3.5,1006.8,118.2,23,0,0
1955-03,103.3,3.9,0,北海道,札幌市,,0,-0.8,67,71,6.9,4.3,1015.2,164.4,24,0,1
1955-04,68.2,3.8,0,北海道,札幌市,,0,6.0,2,63,5.8,5.9,1010.6,203.8,5,1,0
1955-05,109.9,4.7,0,北海道,札幌市,,0,10.2,0,75,7.1,9.4,1009.6,193.1,0,0,2
1955-06,67.1,3.2,0,北海道,札幌市,,0,16.3,0,77,7.1,14.1,1005.1,213.2,0,3,4
1955-07,40.8,2.7,0,北海道,札幌市,,0,23.7,0,76,5.6,22.1,1004.9,272.2,0,1,1
1955-08,190.1,3.6,0,北海道,札幌市,,0,22.3,0,80,6.3,21.8,1007.4,208.4,0,5,1
1955-09,80.7,3.3,0,北海道,札幌市,,0,16.2,0,77,6.3,14.4,1011.2,173.1,0,0,1
1955-10,209.9,2.9,0,北海道,札幌市,,0,10.8,0,78,7.1,10.5,1012.4,120.4,1,2,2
1955-11,111.2,2.7,0,北海道,札幌市,,0,3.8,41,71,6.8,5.8,1014.4,105.7,12,0,0
1955-12,59.9,2.6,0,北海道,札幌市,,0,-0.1,53,70,6.7,4.4,1008.2,104.6,20,0,0
1956-01,94.6,2.5,0,北海道,札幌市,,0,-5.2,95,72,6.7,3.1,1006.9,114.0,29,0,0
1956-02,40.3,2.4,0,北海道,札幌市,,0,-4.6,53,69,5.7,3.1,1007.6,130.6,26,0,0
1956-03,100.7,3.2,0,北海道,札幌市,,0,0.0,108,72,7.6,4.6,1014.0,138.8,21,0,0
1956-04,93.6,4.0,0,北海道,札幌市,,0,6.3,6,58,5.3,5.5,1007.9,241.6,10,0,0
1956-05,19.0,4.6,0,北海道,札幌市,,0,14.0,0,57,5.6,8.8,1006.9,291.3,0,0,2
1956-06,133.7,3.5,0,北海道,札幌市,,0,14.9,0,81,7.6,13.6,1006.8,169.7,0,0,8
1956-07,70.5,4.4,0,北海道,札幌市,,0,18.2,0,81,8.6,17.2,1007.5,136.9,0,1,8
1956-08,226.2,2.8,0,北海道,札幌市,,0,19.1,0,82,7.3,18.4,1006.6,196.7,0,2,2
1956-09,30.5,2.8,0,北海道,札幌市,,0,17.5,0,75,4.5,15.6,1011.6,218.1,0,2,1
1956-10,114.9,3.6,0,北海道,札幌市,,0,11.9,0,74,6.3,10.5,1016.3,159.4,1,0,0
1956-11,58.2,2.9,0,北海道,札幌市,,0,3.5,41,72,6.4,6.0,1015.0,112.0,17,1,1
1956-12,157.7,2.4,0,北海道,札幌市,,0,-3.8,214,77,6.9,3.6,1010.6,85.7,28,0,0
1957-01,96.2,3.0,0,北海道,札幌市,,0,-4.2,137,76,7.0,3.5,1012.1,101.1,27,0,0
1957-02,74.5,2.8,0,北海道,札幌市,,0,-5.1,100,73,7.0,3.2,1013.7,125.8,26,0,0
1957-03,69.1,3.5,0,北海道,札幌市,,0,-1.9,51,72,7.6,3.8,1008.4,167.8,28,0,0
1957-04,50.6,4.1,0,北海道,札幌市,,0,6.5,42,64,5.9,6.3,1009.5,235.2,6,0,0
1957-05,105.4,4.3,0,北海道,札幌市,,0,12.1,0,68,5.6,9.6,1008.5,299.4,0,1,0
1957-06,56.6,4.0,0,北海道,札幌市,,0,14.1,0,78,6.8,12.4,1007.0,218.6,0,2,2
1957-07,51.2,4.1,0,北海道,札幌市,,0,19.7,0,81,7.2,18.4,1005.7,227.3,0,1,6
1957-08,122.8,3.4,0,北海道,札幌市,,0,21.6,0,82,8.6,21.2,1007.4,142.3,0,1,5
1957-09,307.7,3.0,0,北海道,札幌市,,0,15.7,0,78,6.8,14.2,1009.8,184.7,0,1,2
1957-10,134.4,2.7,0,北海道,札幌市,,0,10.8,0,74,6.0,10.1,1011.3,179.0,2,0,1
1957-11,26.8,3.3,0,北海道,札幌市,,0,5.3,7,68,5.6,6.3,1015.3,149.5,8,0,1
1957-12,146.1,3.2,0,北海道,札幌市,,0,-0.1,103,75,7.5,4.7,1011.8,110.9,25,1,0
1958-01,190.0,3.6,0,北海道,札幌市,,0,-3.8,169,76,7.7,3.6,1010.2,86.5,29,4,0
1958-02,145.0,3.4,0,北海道,札幌市,,0,-2.4,175,77,8.2,4.0,1012.8,108.7,28,0,0
1958-03,75.1,4.0,0,北海道,札幌市,,0,-0.5,78,67,7.0,4.0,1008.3,200.6,25,0,0
1958-04,31.4,4.4,0,北海道,札幌市,,0,5.8,4,62,6.3,5.9,1010.6,214.0,9,0,0
1958-05,30.1,4.1,0,北海道,札幌市,,0,11.4,0,69,6.9,9.2,1008.1,237.7,0,0,2
1958-06,60.1,3.8,0,北海道,札幌市,,0,15.9,0,76,7.1,13.7,1006.8,238.0,0,1,4
1958-07,164.4,3.3,0,北海道,札幌市,,0,20.1,0,80,6.7,18.7,1005.6,237.8,0,0,6
1958-08,112.0,2.7,0,北海道,札幌市,,0,20.8,0,80,7.3,19.7,1008.6,201.6,0,1,4
1958-09,122.6,2.5,0,北海道,札幌市,,0,16.9,0,77,6.9,15.0,1010.2,192.0,0,0,1
1958-10,109.5,2.7,0,北海道,札幌市,,0,10.4,0,74,6.0,9.5,1016.9,162.3,0,0,1
1958-11,65.6,2.5,0,北海道,札幌市,,0,4.2,19,69,5.9,5.8,1017.3,129.4,9,0,1
1958-12,110.3,3.2,0,北海道,札幌市,,0,0.0,66,75,7.8,4.6,1012.9,89.8,28,1,0
1959-01,98.6,3.1,0,北海道,札幌市,,0,-5.4,134,71,7.1,3.0,1009.3,108.0,30,0,0
1959-02,62.9,3.2,0,北海道,札幌市,,0,-1.9,71,71,7.3,3.9,1016.9,115.0,23,1,0
1959-03,49.0,3.5,0,北海道,札幌市,,0,1.6,32,74,6.9,5.2,1015.8,139.1,14,0,1
1959-04,140.7,5.2,0,北海道,札幌市,,0,8.4,5,65,6.1,7.2,1008.2,214.2,6,0,0
1959-05,49.6,4.3,0,北海道,札幌市,,0,12.9,0,67,5.5,9.7,1007.9,243.5,0,0,1
1959-06,46.3,4.0,0,北海道,札幌市,,0,15.7,0,76,7.5,13.5,1007.3,205.8,0,3,3
1959-07,58.9,3.5,0,北海道,札幌市,,0,20.1,0,80,8.0,18.8,1004.4,146.9,0,0,3
1959-08,87.8,3.5,0,北海道,札幌市,,0,21.3,0,77,7.4,19.5,1006.4,222.2,0,1,1
1959-09,166.4,3.3,0,北海道,札幌市,,0,17.2,0,78,5.9,15.5,1009.3,169.4,0,1,0
1959-10,70.2,3.0,0,北海道,札幌市,,0,11.3,0,73,5.1,10.0,1014.2,195.0,0,0,0
1959-11,112.5,2.9,0,北海道,札幌市,,0,3.4,46,74,7.2,6.1,1016.2,102.9,19,0,1
1959-12,119.1,2.5,0,北海道,札幌市,,0,-2.4,142,74,7.7,4.1,1013.8,87.2,27,0,0
1960-01,111.3,2.8,0,北海道,札幌市,,0,-6.2,167,74,7.0,3.0,1009.6,95.6,30,0,0
1960-02,62.3,3.0,0,北海道,札幌市,,0,-3.2,80,72,7.2,3.6,1010.4,128.7,26,0,0
1960-03,66.2,4.0,0,北海道,札幌市,,0,-0.4,40,71,7.4,4.4,1011.9,158.7,23,0,1
1960-04,121.9,4.7,0,北海道,札幌市,,0,5.2,29,70,6.4,6.2,1010.3,216.2,9,1,0
1960-05,64.3,5.0,0,北海道,札幌市,,0,11.0,0,72,7.5,9.4,1008.0,187.1,0,0,1
1960-06,88.5,4.0,0,北海道,札幌市,,0,15.3,0,79,7.0,13.7,1007.1,191.5,0,4,2
1960-07,86.1,2.8,0,北海道,札幌市,,0,20.0,0,79,7.4,18.3,1006.2,200.1,0,0,3
1960-08,63.3,3.5,0,北海道,札幌市,,0,23.0,0,74,6.5,20.9,1008.2,244.2,0,0,1
1960-09,128.9,3.2,0,北海道,札幌市,,0,18.0,0,74,5.9,15.4,1010.5,207.1,0,2,0
1960-10,95.7,2.9,0,北海道,札幌市,,0,10.2,0,72,5.1,9.2,1017.6,175.3,2,0,0
1960-11,110.9,3.2,0,北海道,札幌市,,0,4.6,16,70,6.7,6.1,1015.3,121.3,13,1,0
1960-12,68.6,2.8,0,北海道,札幌市,,0,-3.0,74,71,6.6,3.6,1009.9,101.0,30,0,0
1961-01,72.4,2.7,↖️北北西,北海道,札幌市,,0,-6.2,138,70,6.2,2.8,1011.2,137.8,30,0,0
1961-02,108.5,2.8,⬆️北,北海道,札幌市,,0,-4.0,97,73,7.7,3.4,1006.9,103.2,28,0,0
1961-03,72.2,3.1,⬆️北,北海道,札幌市,,0,0.0,64,70,6.9,4.3,1013.6,179.3,26,1,0
1961-04,30.4,4.5,↘️南東,北海道,札幌市,,0,7.4,2,64,6.3,6.6,1008.4,195.7,5,0,0
1961-05,102.0,3.9,↘️南東,北海道,札幌市,,0,12.5,0,69,6.2,9.8,1006.1,237.6,0,0,0
1961-06,32.8,3.3,⬇️南南東,北海道,札幌市,,0,17.5,0,73,6.3,14.5,1005.9,251.5,0,1,4
1961-07,193.0,3.1,↘️南東,北海道,札幌市,,0,21.6,0,79,6.4,20.3,1004.4,235.6,0,2,6
1961-08,98.5,2.6,⬇️南南東,北海道,札幌市,,0,21.7,0,81,6.7,21.1,1007.6,198.0,0,3,4
1961-09,155.1,2.6,↘️南東,北海道,札幌市,,0,19.3,0,78,6.1,17.7,1010.0,183.0,0,3,2
1961-10,93.9,2.9,⬇️南,北海道,札幌市,,0,10.9,0,68,6.4,9.2,1016.3,139.6,1,1,0
1961-11,83.8,2.7,↖️北西,北海道,札幌市,,0,4.2,25,73,6.2,6.2,1015.7,106.2,10,1,1
1961-12,52.5,2.3,↘️南東,北海道,札幌市,,0,-1.2,50,73,7.2,4.2,1010.9,78.9,23,0,0
1962-01,135.3,2.9,↖️北西,北海道,札幌市,,0,-3.6,200,77,7.5,3.7,1006.1,89.8,27,1,1
1962-02,68.4,2.2,↘️東南東,北海道,札幌市,,0,-3.9,70,69,7.1,3.3,1010.2,122.9,23,0,0
1962-03,91.8,2.8,↘️南東,北海道,札幌市,,0,-0.9,95,69,7.1,4.1,1006.5,147.1,29,1,0
1962-04,69.9,4.3,↘️南東,北海道,札幌市,,0,8.4,0,63,6.2,7.1,1011.6,220.2,1,0,5
1962-05,20.8,3.6,↖️北北西,北海道,札幌市,,0,12.7,0,70,6.4,10.2,1006.9,217.8,0,0,6
1962-06,55.8,3.1,↖️北北西,北海道,札幌市,,0,16.1,0,75,7.3,13.5,1005.5,215.4,0,1,2
1962-07,125.0,3.2,↘️南東,北海道,札幌市,,0,20.1,0,81,7.9,19.1,1007.0,191.8,0,0,6
1962-08,357.4,2.8,↘️南東,北海道,札幌市,,0,20.6,0,82,7.8,20.0,1007.2,115.5,0,1,1
1962-09,106.7,2.8,↘️南東,北海道,札幌市,,0,17.7,0,75,7.2,15.5,1010.1,145.1,0,0,2
1962-10,19.0,2.3,↘️南東,北海道,札幌市,,0,9.7,0,67,5.3,8.2,1014.9,191.0,0,1,0
1962-11,77.3,2.6,↖️北西,北海道,札幌市,,0,3.6,63,67,6.8,5.7,1016.1,107.9,15,0,0
1962-12,100.6,2.6,↖️北西,北海道,札幌市,,0,-0.9,57,71,7.4,4.2,1011.6,94.2,21,3,0
1963-01,68.2,2.0,↘️東南東,北海道,札幌市,,0,-4.7,108,73,7.2,3.3,998.8,94.0,27,0,0
1963-02,59.9,2.2,↘️南東,北海道,札幌市,,0,-2.9,95,71,6.5,3.6,1010.2,130.3,19,0,0
1963-03,58.0,2.8,↘️南東,北海道,札幌市,,0,1.1,52,71,5.9,4.8,1012.1,158.1,17,0,2
1963-04,96.3,4.0,↘️南東,北海道,札幌市,,0,6.6,18,69,6.9,6.7,1014.5,176.9,7,0,2
1963-05,72.2,3.9,↘️南東,北海道,札幌市,,0,12.9,0,59,5.6,8.6,1008.0,275.4,2,1,2
1963-06,85.4,3.6,↘️南東,北海道,札幌市,,0,15.6,0,78,7.2,13.7,1009.0,182.7,0,0,3
1963-07,99.1,2.7,↘️南東,北海道,札幌市,,0,20.3,0,82,8.5,19.5,1007.1,143.6,0,0,6
1963-08,80.7,2.5,↖️北北西,北海道,札幌市,,0,21.5,0,84,8.7,21.6,1006.3,119.6,0,6,6
1963-09,194.4,2.6,⬇️南南東,北海道,札幌市,,0,16.0,0,74,5.8,13.7,1007.3,200.3,0,4,2
1963-10,111.1,2.7,↖️北北西,北海道,札幌市,,0,10.6,0,73,5.6,9.5,1016.4,166.3,0,1,0
1963-11,106.3,2.7,⬇️南,北海道,札幌市,,0,5.4,29,69,6.7,6.4,1012.3,97.3,12,1,0
1963-12,102.9,2.6,↖️北北西,北海道,札幌市,,0,0.1,76,74,7.9,4.7,1011.1,74.8,23,1,1
1964-01,98.1,2.1,↖️北北西,北海道,札幌市,,0,-3.8,165,73,7.6,3.5,1015.3,96.7,28,1,0
1964-02,119.2,2.0,⬇️南,北海道,札幌市,,0,-6.1,184,73,7.6,2.9,1017.7,116.3,28,0,0
1964-03,38.0,3.0,↖️北北西,北海道,札幌市,,0,0.2,24,71,7.3,4.6,1013.0,144.8,21,0,0
1964-04,112.5,4.0,↖️北北西,北海道,札幌市,,0,6.2,7,66,6.3,6.2,1017.0,189.8,7,1,0
1964-05,69.1,4.0,↖️北北西,北海道,札幌市,,0,12.7,0,64,6.3,9.2,1012.3,226.8,0,0,1
1964-06,158.6,3.3,↖️北北西,北海道,札幌市,,0,15.8,0,79,7.5,14.1,1005.4,161.4,0,1,2
1964-07,109.7,3.0,↘️南東,北海道,札幌市,,0,18.7,0,80,8.0,17.2,1005.2,139.9,0,2,2
1964-08,152.1,3.4,↘️南東,北海道,札幌市,,0,21.5,0,80,8.2,20.7,1007.2,122.6,0,2,2
1964-09,84.4,2.8,↘️南東,北海道,札幌市,,0,15.7,0,72,6.4,13.4,1010.8,192.2,0,2,1
1964-10,95.9,2.4,↖️北西,北海道,札幌市,,0,9.4,15,71,5.7,8.8,1016.3,157.8,5,2,0
1964-11,93.0,2.2,⬇️南,北海道,札幌市,,0,3.9,46,71,7.2,5.9,1012.4,89.8,12,0,0
1964-12,143.5,2.4,↘️南東,北海道,札幌市,,0,-1.7,145,75,7.1,4.2,1013.8,79.2,27,0,0
1965-01,105.2,2.2,↖️北西,北海道,札幌市,,0,-2.8,117,74,8.1,3.8,1009.8,87.8,29,1,0
1965-02,177.1,2.9,↖️北北西,北海道,札幌市,,0,-4.3,179,73,7.5,3.4,1006.6,72.1,28,1,0
1965-03,95.4,3.3,↖️北北西,北海道,札幌市,,0,-1.2,99,70,7.3,4.1,1008.1,165.5,27,0,0
1965-04,56.6,3.4,↖️北北西,北海道,札幌市,,0,4.6,12,63,6.1,5.4,1008.3,200.3,11,0,0
1965-05,38.8,3.9,↘️南東,北海道,札幌市,,0,11.8,0,65,6.1,8.8,1007.3,190.2,0,1,1
1965-06,46.1,3.0,↘️南東,北海道,札幌市,,0,16.1,0,73,6.2,13.3,1005.9,214.8,0,0,2
1965-07,63.6,3.2,↘️東南東,北海道,札幌市,,0,18.6,0,79,8.5,17.0,1004.0,149.3,0,0,5
1965-08,26.6,3.1,↘️南東,北海道,札幌市,,0,22.1,0,76,6.5,20.1,1007.2,175.6,0,0,3
1965-09,480.5,3.0,↘️南東,北海道,札幌市,,0,17.2,0,75,6.4,15.0,1007.1,168.5,0,4,0
1965-10,57.4,2.1,⬇️南南東,北海道,札幌市,,0,10.5,0,70,5.1,9.0,1014.6,172.9,0,0,0
1965-11,99.2,3.2,↖️北西,北海道,札幌市,,0,3.7,35,69,8.0,5.8,1012.0,92.3,21,2,1
1965-12,97.1,2.4,↘️南東,北海道,札幌市,,0,-2.0,73,76,7.5,4.1,1008.8,60.6,28,0,0
1966-01,181.0,2.7,↖️北西,北海道,札幌市,,0,-4.7,235,76,7.6,3.4,1006.5,98.7,31,1,0
1966-02,74.0,3.2,↘️南東,北海道,札幌市,,0,-3.9,98,74,7.2,3.6,1010.0,116.4,25,0,1
1966-03,143.0,3.2,↖️北北西,北海道,札幌市,,0,0.8,89,75,8.2,5.0,1005.3,123.1,24,0,3
1966-04,75.8,3.7,↘️南東,北海道,札幌市,,0,5.4,2,69,7.1,6.3,1011.6,166.4,9,0,0
1966-05,43.3,3.6,↖️北北西,北海道,札幌市,,0,12.2,0,63,6.7,8.7,1008.3,206.6,1,0,0
1966-06,96.3,3.4,↘️南東,北海道,札幌市,,0,15.7,0,73,7.3,13.0,1009.3,200.9,0,0,3
1966-07,58.2,3.1,↘️南東,北海道,札幌市,,0,18.5,0,80,7.9,17.2,1004.8,156.4,0,2,5
1966-08,118.5,3.1,↘️南東,北海道,札幌市,,0,22.0,0,81,7.3,21.5,1006.7,158.9,0,4,1
1966-09,102.6,2.1,↘️南東,北海道,札幌市,,0,15.8,0,75,6.6,13.7,1009.1,168.4,0,3,0
1966-10,169.4,2.0,↘️南東,北海道,札幌市,,0,12.3,0,77,7.0,11.3,1013.0,133.7,0,1,2
1966-11,85.2,2.6,⬇️南南東,北海道,札幌市,,0,4.9,35,70,7.0,6.3,1010.8,121.6,14,0,0
1966-12,180.2,1.9,↖️北西,北海道,札幌市,,0,-4.2,235,77,6.9,3.6,1011.3,76.9,31,1,0
1967-01,96.4,2.4,↖️北西,北海道,札幌市,,0,-6.3,153,73,6.9,2.9,1009.1,93.4,29,0,0
1967-02,36.9,2.2,↖️北西,北海道,札幌市,,0,-4.4,40,68,6.0,3.2,1013.3,139.5,24,0,0
1967-03,89.3,3.1,↖️北西,北海道,札幌市,,0,0.6,40,69,6.6,4.5,1009.9,177.7,22,0,0
1967-04,63.1,4.0,↖️北西,北海道,札幌市,,0,6.5,8,66,6.1,6.5,1014.2,199.5,6,0,1
1967-05,49.2,3.2,↘️南東,北海道,札幌市,,0,13.6,0,73,7.0,11.1,1009.3,211.9,0,0,5
1967-06,123.2,2.7,↖️北北西,北海道,札幌市,,0,15.7,0,78,7.6,13.9,1003.8,168.3,0,1,0
1967-07,100.4,2.7,↘️南東,北海道,札幌市,,0,20.9,0,81,8.0,20.4,1004.7,173.4,0,1,5
1967-08,92.1,2.5,↘️南東,北海道,札幌市,,0,22.1,0,75,6.6,20.0,1004.3,226.5,0,3,1
1967-09,174.0,2.3,↘️南東,北海道,札幌市,,0,16.3,0,80,7.2,14.8,1011.7,145.8,0,1,0
1967-10,102.3,2.2,↘️南東,北海道,札幌市,,0,10.4,0,69,5.2,8.9,1013.1,193.7,0,1,0
1967-11,75.9,2.6,↖️北西,北海道,札幌市,,0,2.7,33,67,7.1,5.3,1016.6,131.0,16,0,1
1967-12,101.5,2.0,↘️南東,北海道,札幌市,,0,-2.1,100,74,6.5,4.0,1011.5,98.8,24,1,0
1968-01,103.0,2.0,↘️南東,北海道,札幌市,,0,-3.4,134,75,7.7,3.6,1004.0,111.4,29,1,0
1968-02,101.5,2.0,↘️南東,北海道,札幌市,,0,-4.8,134,73,6.2,3.3,1012.0,162.2,24,0,0
1968-03,37.0,3.0,↘️南東,北海道,札幌市,,0,1.8,15,71,6.6,5.0,1008.7,164.8,18,0,0
1968-04,37.0,2.8,↖️北西,北海道,札幌市,,0,7.1,0,66,5.8,6.7,1015.8,214.4,1,0,2
1968-05,92.5,3.7,↘️南東,北海道,札幌市,,0,11.6,0,72,7.6,9.7,1010.2,159.6,0,1,0
1968-06,38.0,3.1,↘️南東,北海道,札幌市,,0,16.7,0,73,5.7,13.8,1009.3,243.8,0,0,5
1968-07,48.0,2.8,↘️南東,北海道,札幌市,,0,20.6,0,77,6.4,18.8,1004.6,223.3,0,1,4
1968-08,129.0,2.8,↘️南東,北海道,札幌市,,0,20.8,0,80,7.6,19.7,1006.0,173.7,0,3,2
1968-09,108.5,3.0,↘️南東,北海道,札幌市,,0,17.1,0,76,5.8,14.9,1013.4,178.1,0,0,0
1968-10,67.5,1.9,↘️南東,北海道,札幌市,,0,8.7,0,71,5.5,8.3,1014.2,165.1,3,0,0
1968-11,135.0,2.4,↘️南東,北海道,札幌市,,0,6.2,12,72,6.2,7.1,1014.3,125.0,8,0,0
1968-12,84.0,2.2,↖️北西,北海道,札幌市,,0,0.6,75,71,6.8,4.9,1011.9,101.5,18,0,0
1969-01,69.5,1.9,↖️北西,北海道,札幌市,,0,-5.5,105,70,6.7,2.9,1010.0,132.6,31,0,0
1969-02,107.5,2.4,↖️北西,北海道,札幌市,,0,-5.3,128,69,6.6,3.0,1013.6,140.2,23,0,0
1969-03,40.0,2.7,↖️北西,北海道,札幌市,,0,-1.4,46,66,6.4,3.8,1012.2,206.1,24,0,0
1969-04,32.0,3.3,↖️北西,北海道,札幌市,,0,6.0,14,67,7.1,6.2,1011.7,179.4,8,0,0
1969-05,78.0,3.9,↘️南東,北海道,札幌市,,0,11.0,0,67,7.1,8.6,1004.4,188.4,0,0,0
1969-06,102.0,3.1,↘️南東,北海道,札幌市,,0,15.0,0,79,8.3,13.6,1004.3,156.2,0,1,5
1969-07,58.5,2.9,↘️南東,北海道,札幌市,,0,20.6,0,77,6.7,19.1,1007.6,222.3,0,2,3
1969-08,170.5,2.6,↘️南東,北海道,札幌市,,0,19.6,0,82,8.3,18.9,1006.1,128.1,0,3,1
1969-09,76.5,2.4,↖️北西,北海道,札幌市,,0,16.4,0,72,5.6,14.0,1010.4,220.6,0,3,1
1969-10,88.5,2.7,↘️南東,北海道,札幌市,,0,9.8,0,70,6.0,8.8,1013.5,179.9,0,0,1
1969-11,65.0,2.6,↖️北西,北海道,札幌市,,0,3.8,48,67,7.2,5.7,1014.6,136.7,16,1,0
1969-12,69.5,2.3,↖️北西,北海道,札幌市,,0,-3.6,94,70,7.3,3.5,1010.7,115.9,30,0,0
1970-01,106.0,1.9,↖️北西,北海道,札幌市,,0,-5.9,137,73,6.9,3.0,1011.3,138.3,28,0,0
1970-02,89.5,3.0,↖️北西,北海道,札幌市,,0,-3.0,83,72,7.9,3.7,1008.9,127.7,28,0,0
1970-03,151.0,2.8,↖️北西,北海道,札幌市,,0,-3.0,153,74,7.6,3.8,1008.4,170.0,29,0,0
1970-04,45.5,3.2,↘️南東,北海道,札幌市,,0,5.9,6,64,5.3,6.0,1014.9,251.0,6,0,1
1970-05,38.0,3.8,↘️南東,北海道,札幌市,,0,13.8,0,65,6.5,10.0,1009.2,238.2,0,2,0
1970-06,95.5,3.0,↘️南東,北海道,札幌市,,0,16.0,0,76,6.4,13.6,1008.7,226.2,0,1,4
1970-07,66.0,3.1,↘️南東,北海道,札幌市,,0,21.4,0,75,7.6,19.5,1006.0,207.6,0,1,2
1970-08,99.0,3.0,↖️北西,北海道,札幌市,,0,21.5,0,78,7.0,20.1,1009.3,205.6,0,0,1
1970-09,196.5,3.0,↘️南東,北海道,札幌市,,0,17.4,0,72,5.8,14.5,1010.3,224.6,0,0,0
1970-10,83.5,2.3,↘️南東,北海道,札幌市,,0,11.2,0,70,5.7,9.7,1014.4,188.6,2,1,0
1970-11,87.0,2.5,↘️南東,北海道,札幌市,,0,4.9,33,71,7.3,6.4,1012.4,120.4,14,0,2
1970-12,61.5,2.4,↖️西北西,北海道,札幌市,,0,-2.2,66,68,6.7,3.6,1009.8,130.8,28,0,0
1971-01,108.5,2.1,↘️南東,北海道,札幌市,,0,-5.0,169,75,6.8,3.2,1011.9,119.7,26,1,0
1971-02,50.0,2.4,↘️南東,北海道,札幌市,,0,-3.7,61,73,7.0,3.6,1013.9,141.4,23,0,0
1971-03,47.5,2.8,↖️北西,北海道,札幌市,,0,0.0,50,65,7.4,4.0,1009.5,171.3,24,0,1
1971-04,20.0,3.7,↖️北西,北海道,札幌市,,0,6.4,1,54,5.8,5.2,1011.2,221.1,5,0,0
1971-05,64.5,3.8,↖️北西,北海道,札幌市,,0,10.4,0,69,7.6,8.6,1008.6,192.4,3,0,0
1971-06,81.5,2.9,↖️北西,北海道,札幌市,,0,14.4,0,79,6.6,12.8,1005.5,216.1,0,0,2
1971-07,91.5,3.1,↘️南東,北海道,札幌市,,0,19.0,0,82,8.7,18.0,1003.5,139.9,0,0,4
1971-08,40.0,2.8,↘️南東,北海道,札幌市,,0,20.3,0,82,7.5,19.8,1007.9,195.9,0,0,1
1971-09,126.5,2.7,↘️南東,北海道,札幌市,,0,15.6,0,80,6.8,14.3,1011.0,195.3,0,0,0
1971-10,180.0,2.4,↘️南東,北海道,札幌市,,0,10.5,0,74,5.2,9.5,1013.3,182.3,1,1,0
1971-11,49.5,2.4,↖️北西,北海道,札幌市,,0,4.4,17,71,7.7,6.1,1014.0,104.5,11,2,0
1971-12,93.0,2.6,⬅️西,北海道,札幌市,,0,-1.4,111,71,7.9,4.1,1011.5,109.7,27,0,0
1972-01,148.5,2.4,↖️北西,北海道,札幌市,,0,-3.9,195,78,7.9,3.7,1017.7,107.8,24,0,0
1972-02,267.5,2.8,↘️南東,北海道,札幌市,,0,-3.8,173,76,7.4,3.6,1011.0,137.3,29,0,0
1972-03,42.0,2.8,↖️北西,北海道,札幌市,,0,0.2,27,71,6.5,4.5,1012.4,233.9,18,0,0
1972-04,67.0,3.4,↘️南東,北海道,札幌市,,0,6.9,19,68,6.5,6.9,1014.0,234.2,4,0,0
1972-05,115.5,3.2,↘️南東,北海道,札幌市,,0,11.8,0,69,6.3,9.5,1006.1,214.1,0,1,0
1972-06,87.0,3.3,↘️南東,北海道,札幌市,,0,15.7,0,81,6.9,14.3,1005.4,179.0,0,3,0
1972-07,29.5,3.2,↘️東南東,北海道,札幌市,,0,20.6,0,81,7.2,19.7,1006.0,236.8,0,0,0
1972-08,63.5,2.6,↘️東南東,北海道,札幌市,,0,21.7,0,78,7.0,20.2,1006.0,174.6,0,4,1
1972-09,284.0,2.9,↘️南東,北海道,札幌市,,0,16.8,0,79,6.3,15.3,1010.2,188.0,0,2,0
1972-10,107.0,2.9,↘️南東,北海道,札幌市,,0,11.9,0,73,6.4,10.5,1012.3,181.3,0,5,0
1972-11,265.5,2.8,↘️南東,北海道,札幌市,,0,3.7,24,72,8.0,5.8,1011.0,96.6,19,3,1
1972-12,82.0,2.2,↘️南東,北海道,札幌市,,0,0.0,52,71,7.6,4.5,1011.8,84.1,20,1,0
1973-01,87.5,1.8,↘️南東,北海道,札幌市,,0,-2.7,130,78,7.9,4.0,1015.0,104.3,28,0,0
1973-02,69.0,2.9,↖️北西,北海道,札幌市,,0,-2.3,96,68,8.0,3.7,1009.1,125.3,24,1,0
1973-03,89.0,2.8,↘️南東,北海道,札幌市,,0,-1.9,90,68,7.1,3.7,1010.1,189.5,26,0,0
1973-04,46.5,4.2,↘️南東,北海道,札幌市,,0,6.8,0,61,5.8,6.0,1009.3,230.7,3,0,0
1973-05,41.0,3.4,↖️北西,北海道,札幌市,,0,12.1,0,67,6.5,9.3,1008.2,212.6,0,0,0
1973-06,13.0,2.7,↘️東南東,北海道,札幌市,,0,15.8,0,74,6.5,13.3,1008.8,242.3,0,0,3
1973-07,15.5,2.7,↖️北西,北海道,札幌市,,0,20.6,0,78,7.8,18.9,1007.8,194.0,0,0,0
1973-08,277.0,2.1,↖️北西,北海道,札幌市,,0,23.0,0,83,6.9,23.2,1008.2,193.1,0,2,2
1973-09,197.0,2.1,↘️南東,北海道,札幌市,,0,16.8,0,79,5.9,15.1,1010.5,183.2,0,2,0
1973-10,177.5,1.9,↘️南東,北海道,札幌市,,0,10.3,0,74,6.7,9.5,1014.0,136.1,0,2,0
1973-11,97.5,2.3,↘️南東,北海道,札幌市,,0,3.7,32,69,7.8,5.7,1008.4,105.2,15,2,0
1973-12,62.5,2.0,↘️南東,北海道,札幌市,,0,-1.9,82,70,7.0,3.8,1005.4,103.8,28,0,0
1974-01,99.0,2.3,↖️北西,北海道,札幌市,,0,-3.3,113,76,7.4,3.6,1008.7,129.7,23,1,0
1974-02,71.5,2.2,↘️南東,北海道,札幌市,,0,-3.2,106,75,7.5,3.7,1011.6,119.7,25,0,0
1974-03,40.5,2.4,↖️北西,北海道,札幌市,,0,-0.9,44,73,6.8,4.3,1013.6,199.5,23,0,0
1974-04,105.5,3.5,↘️南東,北海道,札幌市,,0,6.4,20,68,6.8,6.5,1007.5,163.6,4,0,0
1974-05,48.5,3.2,↖️北西,北海道,札幌市,,0,12.0,0,68,6.7,9.3,1009.4,226.9,0,0,2
1974-06,101.5,3.7,↘️南東,北海道,札幌市,,0,16.1,0,81,8.0,14.8,1006.4,163.8,0,0,1
1974-07,47.5,2.8,↘️南東,北海道,札幌市,,0,19.9,0,79,6.6,18.6,1008.0,243.7,0,0,0
1974-08,156.0,2.2,↖️北西,北海道,札幌市,,0,21.3,0,85,7.8,21.5,1005.7,184.1,0,1,0
1974-09,100.0,2.8,↘️南東,北海道,札幌市,,0,17.3,0,80,6.4,15.9,1010.1,155.3,0,1,0
1974-10,132.0,2.6,↘️南東,北海道,札幌市,,0,10.5,0,71,7.0,9.3,1010.6,132.3,1,0,0
1974-11,77.5,2.5,↖️北西,北海道,札幌市,,0,3.1,35,64,6.7,5.0,1012.8,122.3,15,1,0
1974-12,83.5,2.3,↖️北西,北海道,札幌市,,0,-4.0,133,66,7.0,3.1,1015.2,125.8,31,0,0
1975-01,85.0,1.8,↘️南東,北海道,札幌市,,0,-4.2,140,71,7.7,3.3,1009.1,111.0,26,0,0
1975-02,60.0,2.0,↘️南東,北海道,札幌市,,0,-4.4,80,68,7.2,3.1,1010.2,128.0,22,1,0
1975-03,135.0,2.1,↘️南東,北海道,札幌市,,0,-0.3,44,74,6.7,4.5,1010.7,171.3,21,0,0
1975-04,46.5,3.0,↖️北西,北海道,札幌市,,0,7.6,0,67,6.5,7.2,1011.5,202.8,2,0,0
1975-05,36.5,3.1,↖️北西,北海道,札幌市,,0,11.9,0,72,7.6,10.0,1009.1,193.6,0,0,0
1975-06,67.0,2.8,↘️東南東,北海道,札幌市,,0,16.5,0,76,7.7,14.2,1006.8,198.2,0,0,1
1975-07,109.5,1.9,↘️東南東,北海道,札幌市,,0,19.9,0,83,9.0,19.2,1005.5,97.1,0,2,0
1975-08,342.5,2.2,↘️東南東,北海道,札幌市,,0,22.3,0,78,7.0,21.1,1008.0,197.4,0,4,0
1975-09,99.5,2.1,↘️南東,北海道,札幌市,,0,18.6,0,73,7.0,16.4,1011.0,177.1,0,1,1
1975-10,198.5,1.8,↘️南東,北海道,札幌市,,0,10.4,1,73,5.6,9.5,1015.1,168.9,1,2,0
1975-11,180.0,2.1,↘️南東,北海道,札幌市,,0,4.8,26,72,6.5,6.4,1018.3,121.5,6,1,0
1975-12,72.0,1.6,↖️北西,北海道,札幌市,,0,-3.1,111,73,6.9,3.6,1013.4,97.8,27,0,0
1976-01,109.0,2.0,↖️西北西,北海道,札幌市,,0,-4.1,147,70,7.1,3.3,1006.2,128.7,30,0,0
1976-02,60.5,2.2,↖️北西,北海道,札幌市,,0,-2.8,75,69,7.5,3.6,1014.3,107.0,22,0,0
1976-03,68.5,2.4,↖️北西,北海道,札幌市,,0,0.0,76,66,6.6,4.1,1011.9,167.1,24,1,0
1976-04,23.0,3.0,↖️北西,北海道,札幌市,,0,5.9,1,64,6.0,6.0,1012.5,207.7,10,0,0
1976-05,33.0,2.9,↘️南東,北海道,札幌市,,0,12.7,0,62,5.6,8.8,1007.6,253.2,0,0,1
1976-06,78.5,2.8,↘️南東,北海道,札幌市,,0,15.4,0,79,7.7,13.6,1008.4,193.4,0,0,0
1976-07,18.5,2.5,↘️東南東,北海道,札幌市,,0,20.4,0,72,6.6,17.5,1008.4,240.5,0,2,1
1976-08,104.5,2.1,↘️南東,北海道,札幌市,,0,19.4,0,75,6.5,16.8,1007.6,201.5,0,2,0
1976-09,87.5,2.0,↘️南東,北海道,札幌市,,0,16.2,0,75,6.5,14.0,1011.9,157.3,0,0,0
1976-10,174.5,1.7,↘️南東,北海道,札幌市,,0,10.5,0,71,6.0,9.3,1010.5,163.5,3,0,0
1976-11,133.5,1.9,↖️北西,北海道,札幌市,,0,2.8,23,69,7.5,5.4,1013.3,85.0,22,1,0
1976-12,108.5,1.4,↖️北西,北海道,札幌市,,0,-2.0,122,69,6.9,3.8,1010.6,114.1,25,0,0
1977-01,94.0,1.2,↘️南東,北海道,札幌市,,0,-7.5,173,67,6.3,2.4,1011.9,133.6,29,0,0
1977-02,86.0,1.7,↘️南東,北海道,札幌市,,0,-5.5,102,67,7.6,2.9,1010.6,133.1,24,0,0
1977-03,74.0,2.1,↘️南東,北海道,札幌市,,0,-0.1,52,67,7.3,4.3,1014.7,174.2,19,0,0
1977-04,131.0,2.9,↖️北西,北海道,札幌市,,0,5.2,11,63,6.5,5.6,1009.1,176.0,13,0,0
1977-05,75.0,2.9,↖️北西,北海道,札幌市,,0,11.2,0,71,6.1,9.4,1008.6,223.1,1,0,1
1977-06,7.5,3.1,↘️南東,北海道,札幌市,,0,15.9,0,71,6.8,12.9,1007.7,247.5,0,0,2
1977-07,58.0,2.8,↘️南東,北海道,札幌市,,0,21.3,0,76,7.9,19.3,1006.3,186.3,0,1,2
1977-08,190.5,2.3,↘️南東,北海道,札幌市,,0,20.3,0,76,7.1,18.3,1006.0,192.6,0,4,2
1977-09,99.0,2.1,↘️南東,北海道,札幌市,,0,17.4,0,73,6.3,14.9,1011.2,168.7,0,1,0
1977-10,20.5,2.1,↘️南東,北海道,札幌市,,0,11.3,0,68,4.8,9.5,1017.8,186.9,0,1,0
1977-11,151.5,1.9,↘️南東,北海道,札幌市,,0,5.2,5,68,7.0,6.2,1017.0,111.7,5,1,0
1977-12,115.5,2.0,↖️北西,北海道,札幌市,,0,-0.6,89,70,8.0,4.2,1013.7,99.1,23,1,0
1978-01,168.0,1.9,↖️北西,北海道,札幌市,,0,-5.2,231,74,8.6,3.2,1007.3,93.5,29,0,0
1978-02,105.0,1.6,↖️北西,北海道,札幌市,,0,-7.6,153,69,7.3,2.5,1010.2,143.1,26,0,0
1978-03,110.5,2.4,↖️北西,北海道,札幌市,,0,-0.7,108,68,6.9,4.0,1008.8,176.4,23,1,0
1978-04,43.5,3.3,↖️北西,北海道,札幌市,,0,5.4,9,65,7.6,5.9,1007.1,139.1,6,0,0
1978-05,92.0,2.6,↘️南東,北海道,札幌市,,0,12.0,0,64,6.4,8.8,1008.5,222.5,0,1,0
1978-06,91.5,2.1,↖️北西,北海道,札幌市,,0,17.8,0,75,7.0,15.3,1006.1,209.9,0,1,2
1978-07,46.0,2.5,↘️南東,北海道,札幌市,,0,23.2,0,76,6.7,21.6,1007.1,228.2,0,2,1
1978-08,69.5,2.2,↘️南東,北海道,札幌市,,0,23.2,0,71,6.4,20.3,1005.7,213.6,0,0,0
1978-09,52.5,2.0,↘️南東,北海道,札幌市,,0,17.0,0,67,5.2,13.2,1011.3,203.6,0,3,0
1978-10,123.0,1.9,↘️南東,北海道,札幌市,,0,9.7,5,68,6.4,8.6,1015.2,153.9,2,0,0
1978-11,88.5,1.7,↘️南東,北海道,札幌市,,0,4.5,3,64,6.8,5.5,1015.0,134.5,13,0,0
1978-12,100.0,1.6,↖️北西,北海道,札幌市,,0,-1.0,82,68,7.2,4.1,1014.8,111.6,20,0,0
1979-01,103.5,1.8,↖️北西,北海道,札幌市,,0,-5.3,143,69,7.5,3.0,1012.1,99.1,27,0,0
1979-02,109.0,2.2,↘️南東,北海道,札幌市,,0,-2.6,127,66,7.4,3.4,1008.9,128.3,22,0,0
1979-03,112.0,2.4,↖️北西,北海道,札幌市,,0,-0.6,67,65,7.0,3.9,1010.5,139.1,22,0,0
1979-04,41.0,2.5,↖️北西,北海道,札幌市,,0,4.6,40,64,6.8,5.5,1012.1,165.3,11,0,0
1979-05,38.0,2.6,↖️北西,北海道,札幌市,,0,10.9,0,64,6.7,8.3,1008.4,209.9,0,0,0
1979-06,48.0,2.4,↘️南東,北海道,札幌市,,0,17.5,0,68,7.0,13.7,1007.9,188.4,0,0,2
1979-07,85.5,2.5,↘️南東,北海道,札幌市,,0,19.4,0,73,6.7,16.6,1005.5,218.3,0,3,0
1979-08,41.5,2.3,↘️南東,北海道,札幌市,,0,22.1,0,68,6.2,18.3,1006.1,237.9,0,0,0
1979-09,88.5,1.9,↘️南東,北海道,札幌市,,0,16.9,0,67,6.8,13.1,1012.5,184.1,0,1,0
1979-10,244.5,1.9,↘️南東,北海道,札幌市,,0,12.5,0,70,6.2,10.5,1011.6,161.5,1,3,0
1979-11,106.0,2.2,↖️北西,北海道,札幌市,,0,4.7,27,66,7.0,6.1,1016.6,117.9,15,0,0
1979-12,61.0,1.7,↘️南東,北海道,札幌市,,0,0.9,50,69,7.5,4.8,1015.1,103.2,17,0,0
1980-01,97.0,2.4,↖️北西,北海道,札幌市,,0,-3.9,143,68,8.3,3.2,1008.7,112.5,29,0,0
1980-02,149.0,1.9,↖️北西,北海道,札幌市,,0,-5.7,244,74,8.1,3.0,1010.1,126.3,28,0,0
1980-03,108.0,2.6,↖️北西,北海道,札幌市,,0,-0.5,109,64,7.1,3.9,1011.1,185.9,23,0,0
1980-04,86.0,2.8,↖️北西,北海道,札幌市,,0,4.1,11,66,6.8,5.4,1013.0,144.7,11,0,0
1980-05,28.0,2.8,↘️南東,北海道,札幌市,,0,12.3,0,64,6.9,8.9,1007.4,215.4,1,0,1
1980-06,125.5,2.7,↘️東南東,北海道,札幌市,,0,17.6,0,71,6.8,14.1,1006.7,204.5,0,0,0
1980-07,86.0,2.1,↘️南東,北海道,札幌市,,0,19.4,0,76,7.6,17.3,1006.9,182.5,0,3,2
1980-08,126.0,2.3,↘️南東,北海道,札幌市,,0,19.0,0,78,7.7,17.1,1010.8,139.7,0,1,0
1980-09,35.0,2.1,↘️南東,北海道,札幌市,,0,16.9,0,68,6.1,13.5,1011.0,191.0,0,1,0
1980-10,120.5,2.0,↘️南東,北海道,札幌市,,0,10.8,0,70,6.3,9.2,1011.9,158.7,1,1,0
1980-11,48.0,2.0,⬇️南南東,北海道,札幌市,,0,5.1,10,68,5.4,6.1,1012.8,147.9,9,0,0
1980-12,169.5,1.9,↘️南東,北海道,札幌市,,0,-0.3,134,75,8.2,4.6,1006.0,94.0,23,2,0
1981-01,162.0,1.5,↘️南東,北海道,札幌市,,0,-4.9,273,76,7.3,3.3,1007.5,134.3,26,0,0
1981-02,41.0,1.8,↘️東南東,北海道,札幌市,,0,-3.2,62,72,8.1,3.6,1009.6,137.1,25,0,0
1981-03,139.0,2.6,↘️南東,北海道,札幌市,,0,-0.5,136,74,7.3,4.5,1012.0,162.7,27,1,0
1981-04,89.5,2.6,↖️北西,北海道,札幌市,,0,6.6,2,67,5.7,6.5,1008.1,205.0,3,1,2
1981-05,71.0,3.4,↖️北西,北海道,札幌市,,0,10.3,0,72,7.1,8.9,1007.7,196.3,0,0,0
1981-06,50.0,2.8,↘️南東,北海道,札幌市,,0,14.9,0,79,8.2,13.4,1008.7,173.3,0,1,2
1981-07,41.0,2.1,↘️東南東,北海道,札幌市,,0,21.0,0,80,7.7,19.9,1007.5,193.5,0,0,0
1981-08,644.0,2.6,↘️南東,北海道,札幌市,,0,20.9,0,79,8.1,19.3,1003.4,153.1,0,7,2
1981-09,176.5,2.0,↘️南東,北海道,札幌市,,0,16.2,0,72,6.0,13.4,1010.5,208.7,0,2,0
1981-10,80.5,2.6,↘️南東,北海道,札幌市,,0,11.0,0,67,5.8,9.1,1010.0,200.2,3,3,0
1981-11,73.5,2.2,↖️北西,北海道,札幌市,,0,1.8,47,64,7.3,4.6,1013.1,125.1,24,0,1
1981-12,103.5,2.0,↖️北西,北海道,札幌市,,0,-0.2,111,71,7.9,4.4,1011.8,87.0,26,1,0
1982-01,122.0,2.1,↘️南東,北海道,札幌市,,0,-4.4,193,73,8.1,3.3,1010.8,110.8,30,1,0
1982-02,92.0,1.5,↘️南東,北海道,札幌市,,0,-4.6,167,75,7.5,3.4,1013.2,145.3,26,0,0
1982-03,98.0,2.5,↘️南東,北海道,札幌市,,0,0.7,73,71,7.4,4.6,1011.7,168.1,25,2,0
1982-04,132.5,3.2,⬇️南南東,北海道,札幌市,,0,6.1,22,67,5.5,6.3,1012.5,218.3,6,0,0
1982-05,26.5,2.8,↖️北北西,北海道,札幌市,,0,13.0,0,65,7.4,9.6,1007.2,212.5,0,0,2
1982-06,52.5,2.5,↘️南東,北海道,札幌市,,0,15.8,0,69,5.3,12.2,1005.4,266.3,0,3,0
1982-07,44.5,2.9,⬇️南南東,北海道,札幌市,,0,20.4,0,73,5.5,17.4,1008.3,280.7,0,3,0
1982-08,47.0,3.1,⬇️南南東,北海道,札幌市,,0,22.8,0,77,6.8,21.3,1008.9,213.8,0,1,0
1982-09,133.0,2.0,⬇️南南東,北海道,札幌市,,0,17.8,0,70,6.1,14.5,1010.8,202.0,0,0,0
1982-10,118.5,2.3,⬇️南南東,北海道,札幌市,,0,12.5,0,67,4.6,9.8,1013.8,223.5,1,1,0
1982-11,99.5,2.4,⬇️南南東,北海道,札幌市,,0,5.9,24,67,8.1,6.5,1013.8,104.4,10,0,0
1982-12,78.5,1.9,⬇️南南東,北海道,札幌市,,0,0.3,82,69,7.7,4.3,1011.9,96.8,28,1,0
1983-01,64.0,2.1,↖️北北西,北海道,札幌市,,0,-2.9,88,67,8.1,3.4,1012.0,132.1,28,0,0
1983-02,126.0,2.1,⬇️南南東,北海道,札幌市,,0,-4.5,194,68,8.3,3.0,1011.2,114.0,28,0,0
1983-03,72.5,2.2,⬇️南南東,北海道,札幌市,,0,0.1,92,69,7.2,4.3,1014.3,192.0,23,0,0
1983-04,24.5,3.8,⬇️南南東,北海道,札幌市,,0,9.5,0,56,5.5,6.7,1010.1,242.7,1,0,0
1983-05,43.0,3.1,↖️北北西,北海道,札幌市,,0,12.4,0,66,7.1,9.5,1008.0,215.3,0,1,3
1983-06,59.0,2.9,⬇️南南東,北海道,札幌市,,0,13.6,0,76,8.3,11.9,1008.8,152.4,0,2,0
1983-07,44.0,2.7,↘️南東,北海道,札幌市,,0,18.2,0,77,8.0,16.2,1005.6,174.1,0,1,1
1983-08,97.0,2.5,↘️南東,北海道,札幌市,,0,22.3,0,79,6.2,21.3,1008.0,197.5,0,1,3
1983-09,119.5,2.1,⬇️南南東,北海道,札幌市,,0,17.7,0,75,7.3,15.4,1011.9,164.2,0,0,0
1983-10,88.5,2.4,↖️北西,北海道,札幌市,,0,9.7,3,63,6.6,7.8,1011.5,186.0,5,3,0
1983-11,85.0,2.1,⬇️南南東,北海道,札幌市,,0,5.1,3,70,6.7,6.5,1011.7,119.7,9,1,1
1983-12,62.0,1.7,⬇️南南東,北海道,札幌市,,0,-1.8,41,67,6.7,3.7,1009.1,120.1,26,1,0
1984-01,70.5,1.8,⬇️南南東,北海道,札幌市,,0,-4.7,117,70,6.1,3.1,1009.8,156.6,25,0,0
1984-02,148.5,2.2,↖️北北西,北海道,札幌市,,0,-5.6,239,72,8.0,3.0,1010.0,130.0,29,0,0
1984-03,81.0,2.4,⬇️南南東,北海道,札幌市,,0,-2.2,121,67,7.0,3.6,1010.8,217.5,30,1,0
1984-04,32.5,2.5,↘️南東,北海道,札幌市,,0,5.0,31,63,6.8,5.4,1017.5,231.2,11,0,0
1984-05,34.0,2.5,↖️北北西,北海道,札幌市,,0,11.4,0,71,7.0,9.5,1012.0,233.4,0,0,2
1984-06,38.0,3.2,⬇️南南東,北海道,札幌市,,0,18.2,0,72,7.2,14.9,1008.3,229.4,0,0,0
1984-07,44.5,2.7,↘️南東,北海道,札幌市,,0,22.1,0,78,7.5,20.8,1006.1,194.1,0,0,0
1984-08,39.0,2.5,⬇️南南東,北海道,札幌市,,0,23.6,0,72,6.6,21.2,1008.0,230.6,0,2,0
1984-09,53.5,2.1,⬇️南南東,北海道,札幌市,,0,17.7,0,70,6.1,14.5,1010.3,212.0,0,0,0
1984-10,77.0,2.6,⬇️南南東,北海道,札幌市,,0,10.3,1,64,6.2,8.3,1012.0,173.9,3,0,0
1984-11,43.0,2.4,↖️西北西,北海道,札幌市,,0,3.7,12,61,6.7,5.1,1015.4,146.5,18,2,0
1984-12,63.5,1.8,↖️北西,北海道,札幌市,,0,-2.1,40,68,7.5,3.8,1012.4,120.8,21,1,0
1985-01,156.5,2.1,↘️南東,北海道,札幌市,,0,-6.9,265,71,7.5,2.7,1011.6,120.3,30,0,0
1985-02,99.5,2.5,↖️北北西,北海道,札幌市,,0,-2.2,124,73,8.2,3.9,1008.5,108.6,27,0,0
1985-03,39.0,2.3,⬇️南南東,北海道,札幌市,,0,-0.1,43,65,7.0,4.0,1017.8,187.6,21,0,0
1985-04,54.5,2.9,↘️南東,北海道,札幌市,,0,7.6,3,66,7.2,6.9,1012.7,206.9,1,0,4
1985-05,14.0,2.8,↖️北北西,北海道,札幌市,,0,12.4,0,61,6.3,8.5,1009.9,273.5,0,0,0
1985-06,9.0,2.6,↘️南東,北海道,札幌市,,0,15.5,0,69,6.4,12.1,1009.3,248.3,0,0,0
1985-07,107.0,2.3,↖️北北西,北海道,札幌市,,0,20.3,0,80,7.6,19.1,1004.6,171.1,0,0,1
1985-08,43.0,2.4,↘️南東,北海道,札幌市,,0,24.6,0,74,6.2,22.8,1009.0,251.8,0,0,0
1985-09,164.5,2.1,⬇️南南東,北海道,札幌市,,0,17.1,0,71,6.7,14.3,1012.3,203.2,0,1,0
1985-10,173.0,2.3,⬇️南南東,北海道,札幌市,,0,10.9,0,68,6.9,9.2,1013.0,167.7,1,2,0
1985-11,69.0,1.9,⬇️南南東,北海道,札幌市,,0,4.1,30,69,7.7,5.9,1009.6,119.1,19,0,1
1985-12,124.5,1.8,↖️北西,北海道,札幌市,,0,-3.5,183,69,7.8,3.4,1011.5,126.2,29,0,0
1986-01,121.0,2.1,⬇️南南東,北海道,札幌市,,0,-5.8,158,70,7.9,2.9,1008.5,103.0,30,0,0
1986-02,60.5,1.6,⬇️南南東,北海道,札幌市,,0,-5.5,100,67,7.4,2.8,1010.9,123.0,25,0,0
1986-03,87.5,2.7,↖️北北西,北海道,札幌市,,0,-0.4,55,70,7.6,4.3,1011.4,139.0,28,1,0
1986-04,53.0,3.0,⬇️南南東,北海道,札幌市,,0,6.9,0,63,7.0,6.3,1010.4,168.3,8,0,0
1986-05,48.0,2.8,↖️北北西,北海道,札幌市,,0,11.4,0,67,7.2,8.8,1005.7,161.1,0,0,0
1986-06,23.5,2.3,↖️北北西,北海道,札幌市,,0,16.1,0,69,6.5,12.2,1007.8,227.6,0,0,0
1986-07,66.5,2.3,↘️東南東,北海道,札幌市,,0,18.2,0,77,8.2,16.1,1008.1,135.7,0,1,0
1986-08,71.0,2.3,↖️北北西,北海道,札幌市,,0,22.3,0,75,6.7,20.3,1007.3,183.4,0,2,1
1986-09,202.0,2.0,⬇️南南東,北海道,札幌市,,0,18.1,0,71,5.8,14.8,1009.4,188.2,0,2,0
1986-10,208.5,1.8,⬇️南南東,北海道,札幌市,,0,8.9,14,69,6.7,8.1,1014.2,145.8,4,4,0
1986-11,82.5,2.4,⬇️南南東,北海道,札幌市,,0,3.5,38,64,7.8,5.3,1013.6,93.9,18,2,0
1986-12,104.0,2.2,↖️北西,北海道,札幌市,,0,-1.5,99,68,7.7,3.8,1012.7,95.8,28,0,0
1987-01,119.0,2.1,↖️北西,北海道,札幌市,,0,-4.9,173,72,8.1,3.2,1010.1,77.6,31,0,0
1987-02,82.0,2.3,↖️北西,北海道,札幌市,,0,-3.8,130,68,7.9,3.3,1009.7,103.2,24,0,0
1987-03,82.5,2.3,↖️北西,北海道,札幌市,,0,-0.1,56,68,7.9,4.3,1009.0,126.0,24,0,0
1987-04,38.5,2.6,↘️南東,北海道,札幌市,,0,6.0,14,61,7.1,5.7,1010.6,176.7,10,0,1
1987-05,64.5,2.7,↖️北北西,北海道,札幌市,,0,12.0,0,63,6.1,8.6,1009.1,204.3,2,2,0
1987-06,17.0,2.3,↖️北北西,北海道,札幌市,,0,17.3,0,70,6.6,13.6,1007.3,235.5,0,1,0
1987-07,98.5,2.3,↘️南東,北海道,札幌市,,0,20.6,0,78,7.8,18.7,1003.8,149.5,0,1,2
1987-08,134.5,2.3,↘️南東,北海道,札幌市,,0,20.6,0,79,8.9,19.2,1007.7,84.4,0,0,1
1987-09,55.0,2.6,⬇️南南東,北海道,札幌市,,0,17.8,0,71,7.3,15.0,1013.1,148.9,0,0,0
1987-10,118.5,2.2,↘️南東,北海道,札幌市,,0,11.9,0,62,5.9,9.1,1013.6,180.1,2,2,0
1987-11,77.0,2.5,↖️北西,北海道,札幌市,,0,3.6,6,62,7.1,5.3,1014.6,103.3,12,2,0
1987-12,110.5,2.0,↖️北西,北海道,札幌市,,0,-2.3,135,69,7.3,3.7,1013.8,110.1,25,0,0
1988-01,76.0,1.9,↖️北西,北海道,札幌市,,0,-3.8,108,70,8.2,3.3,1009.4,84.3,28,0,0
1988-02,104.5,2.2,↖️北西,北海道,札幌市,,0,-5.2,185,69,7.8,2.9,1011.7,128.4,29,0,0
1988-03,66.5,2.4,↖️北西,北海道,札幌市,,0,-0.1,41,63,6.2,3.9,1012.4,175.0,27,1,0
1988-04,61.5,2.7,↘️南東,北海道,札幌市,,0,7.1,1,65,6.7,6.5,1011.7,186.9,4,0,1
1988-05,91.5,2.8,↖️北北西,北海道,札幌市,,0,11.4,0,66,7.3,9.1,1008.0,184.9,0,0,0
1988-06,79.5,2.3,↘️南東,北海道,札幌市,,0,16.6,0,77,8.3,14.5,1006.3,159.7,0,0,0
1988-07,24.0,2.2,↘️南東,北海道,札幌市,,0,18.3,0,74,7.2,15.5,1009.2,225.8,0,0,0
1988-08,165.0,2.6,↘️南東,北海道,札幌市,,0,22.9,0,78,7.0,22.0,1008.1,185.2,0,3,0
1988-09,70.0,1.8,↘️南東,北海道,札幌市,,0,17.6,0,74,7.0,15.0,1012.3,153.1,0,1,0
1988-10,101.5,2.3,↖️北西,北海道,札幌市,,0,10.9,0,65,6.8,8.8,1009.1,138.2,0,2,0
1988-11,137.0,2.0,⬇️南南東,北海道,札幌市,,0,2.9,14,66,7.3,5.1,1008.8,114.6,18,1,0
1988-12,144.0,2.2,↖️西北西,北海道,札幌市,,0,-0.4,179,70,8.3,4.3,1009.9,77.8,27,1,0
1989-01,60.0,2.2,↖️北西,北海道,札幌市,,0,-1.9,54,69,7.6,3.8,1016.2,107.5,25,1,0
1989-02,27.5,2.1,↖️北西,北海道,札幌市,,0,-1.4,44,63,7.5,3.5,1014.3,122.0,21,0,0
1989-03,64.0,2.7,↖️北西,北海道,札幌市,,0,2.4,20,69,8.3,5.0,1011.4,113.4,22,0,0
1989-04,68.5,2.7,↖️北北西,北海道,札幌市,,0,7.3,0,65,7.9,6.7,1008.6,163.2,5,0,0
1989-05,50.0,2.6,↘️南東,北海道,札幌市,,0,11.4,0,65,7.3,8.6,1007.8,215.4,0,1,1
1989-06,91.0,2.5,⬇️南南東,北海道,札幌市,,0,15.2,0,72,6.6,12.4,1009.3,220.7,0,0,0
1989-07,35.0,2.9,⬇️南南東,北海道,札幌市,,0,21.0,0,74,7.1,18.5,1010.8,205.9,0,0,0
1989-08,146.5,2.4,↖️北北西,北海道,札幌市,,0,23.0,0,71,6.7,19.9,1006.4,220.5,0,1,1
1989-09,165.0,2.1,↘️南東,北海道,札幌市,,0,18.4,0,72,7.8,15.7,1009.3,120.8,0,0,0
1989-10,67.0,2.2,⬇️南南東,北海道,札幌市,,0,11.8,0,68,6.9,9.7,1013.2,144.8,1,1,0
1989-11,103.5,2.0,↖️北西,北海道,札幌市,,0,6.6,4,67,7.3,6.7,1015.1,91.2,8,1,0
1989-12,120.0,1.8,↖️北西,北海道,札幌市,,0,-0.6,123,71,8.4,4.2,1011.5,88.1,28,0,0
1990-01,138.0,1.8,↖️北西,北海道,札幌市,,0,-4.9,196,69,7.0,3.1,1013.7,107.7,31,0,0
1990-02,75.0,2.0,↘️南東,北海道,札幌市,,0,-0.7,74,75,8.0,4.5,1021.0,95.7,23,0,0
1990-03,77.5,2.4,↖️北北西,北海道,札幌市,,0,2.9,14,61,6.0,4.6,1012.2,208.1,16,1,0
1990-04,86.5,2.9,↖️北北西,北海道,札幌市,,0,7.9,2,59,6.5,6.3,1009.1,198.7,5,1,0
1990-05,25.0,2.4,↖️北北西,北海道,札幌市,,0,13.4,0,66,6.8,9.9,1009.0,221.0,0,0,0
1990-06,37.5,2.4,↖️北北西,北海道,札幌市,,0,17.7,0,75,7.7,15.1,1006.6,160.5,0,2,1
1990-07,48.5,2.5,↘️東南東,北海道,札幌市,,0,20.8,0,75,6.9,18.4,1006.8,206.9,0,0,0
1990-08,137.5,2.2,↘️南東,北海道,札幌市,,0,23.1,0,77,7.5,21.6,1005.9,167.9,0,4,0
1990-09,123.5,1.8,⬇️南南東,北海道,札幌市,,0,18.7,0,73,7.4,16.2,1012.9,162.8,0,0,2
1990-10,87.0,1.8,↘️南東,北海道,札幌市,,0,13.0,0,69,5.1,10.5,1015.0,182.1,0,0,0
1990-11,73.0,2.1,⬇️南南東,北海道,札幌市,,0,7.5,15,66,7.1,7.1,1014.5,90.8,6,0,0
1990-12,158.0,1.8,⬇️南南東,北海道,札幌市,,0,1.9,146,71,8.1,5.1,1010.3,67.1,22,0,0
1991-01,182.0,1.7,↖️北西,北海道,札幌市,,0,-1.2,250,75,8.6,4.3,1009.5,83.0,29,1,0
1991-02,106.0,2.0,↖️北北西,北海道,札幌市,,0,-2.8,152,70,8.2,3.6,1009.7,97.0,25,0,1
1991-03,60.5,2.3,↖️北西,北海道,札幌市,,0,0.3,74,65,7.5,4.1,1014.0,120.6,26,1,0
1991-04,77.5,2.7,↘️南東,北海道,札幌市,,0,8.0,0,61,6.2,6.5,1011.9,178.9,2,0,1
1991-05,23.0,2.5,↖️北北西,北海道,札幌市,,0,13.8,0,59,6.0,9.2,1008.4,253.7,1,0,0
1991-06,28.0,2.3,↘️南東,北海道,札幌市,,0,18.8,0,72,6.8,15.6,1004.8,205.4,0,1,0
1991-07,76.5,2.5,↘️南東,北海道,札幌市,,0,20.2,0,76,8.3,18.0,1004.6,139.8,0,1,0
1991-08,108.0,2.1,↘️南東,北海道,札幌市,,0,21.5,0,75,6.5,19.2,1007.3,211.8,0,0,0
1991-09,56.0,1.9,↘️南東,北海道,札幌市,,0,18.4,0,71,6.3,15.1,1010.7,164.5,0,0,0
1991-10,84.0,1.8,⬇️南南東,北海道,札幌市,,0,12.7,0,69,7.1,10.4,1011.2,122.1,0,1,1
1991-11,54.0,1.8,↘️南東,北海道,札幌市,,0,4.7,4,69,7.3,6.1,1014.9,91.3,16,1,0
1991-12,117.0,1.8,↖️西北西,北海道,札幌市,,0,-0.9,135,69,8.0,4.2,1015.3,73.0,25,0,0
1992-01,68.5,2.2,↘️南東,北海道,札幌市,,0,-2.4,109,72,8.0,3.8,1012.8,62.8,30,0,1
1992-02,53.5,2.5,↖️西北西,北海道,札幌市,,0,-2.5,74,69,7.5,3.6,1008.3,117.0,24,1,0
1992-03,52.5,2.6,↖️北西,北海道,札幌市,,0,1.0,60,66,6.5,4.4,1016.8,151.6,21,1,0
1992-04,29.5,3.5,↘️南東,北海道,札幌市,,0,6.9,0,65,7.5,6.4,1007.3,149.5,7,0,0
1992-05,54.0,3.4,↖️北西,北海道,札幌市,,0,11.7,0,66,7.0,9.0,1007.5,195.9,1,0,0
1992-06,25.5,2.9,↘️東南東,北海道,札幌市,,0,16.4,0,74,7.2,13.7,1008.4,165.4,0,0,0
1992-07,45.0,2.8,↘️南東,北海道,札幌市,,0,20.7,0,75,7.5,18.3,1004.1,156.5,0,2,0
1992-08,170.0,2.7,↘️南東,北海道,札幌市,,0,21.1,0,77,7.8,19.4,1010.3,137.6,0,0,0
1992-09,274.0,2.8,↘️南東,北海道,札幌市,,0,16.2,0,76,7.1,14.2,1009.7,129.6,0,3,0
1992-10,111.0,2.2,↘️南東,北海道,札幌市,,0,11.6,0,73,6.0,9.9,1014.5,158.9,0,0,1
1992-11,114.0,2.7,↘️南東,北海道,札幌市,,0,4.8,43,67,6.9,5.9,1015.3,98.0,14,1,0
1992-12,92.5,2.5,↖️北西,北海道,札幌市,,0,0.1,90,69,7.9,4.5,1012.0,78.3,26,2,0
1993-01,98.0,2.5,↖️西北西,北海道,札幌市,,0,-1.7,117,71,8.3,3.9,1013.1,77.3,28,0,0
1993-02,105.5,2.3,↖️北西,北海道,札幌市,,0,-2.1,174,72,8.4,3.8,1008.1,66.9,28,0,0
1993-03,45.0,2.8,↖️北西,北海道,札幌市,,0,1.3,41,61,6.7,4.1,1011.3,148.2,24,0,0
1993-04,89.0,3.3,↖️北西,北海道,札幌市,,0,6.2,5,62,7.0,5.7,1007.1,164.0,13,0,0
1993-05,43.5,3.0,↖️北西,北海道,札幌市,,0,11.9,0,68,8.1,9.4,1008.8,171.7,0,0,0
1993-06,73.5,3.1,↖️北西,北海道,札幌市,,0,15.4,0,77,8.5,13.3,1005.8,125.9,0,1,0
1993-07,36.0,3.0,↘️東南東,北海道,札幌市,,0,19.1,0,70,7.8,15.3,1008.8,203.9,0,0,0
1993-08,60.0,2.7,↘️東南東,北海道,札幌市,,0,20.0,0,76,7.2,17.7,1007.4,175.1,0,1,0
1993-09,53.5,2.7,↘️南東,北海道,札幌市,,0,17.5,0,72,6.5,14.4,1011.1,141.1,0,1,0
1993-10,256.0,2.6,↘️南東,北海道,札幌市,,0,11.5,0,67,6.8,9.2,1012.4,142.1,0,4,0
1993-11,83.5,2.7,↘️南東,北海道,札幌市,,0,5.8,9,67,7.6,6.4,1016.3,96.4,14,0,0
1993-12,122.0,2.6,⬅️西,北海道,札幌市,,0,-0.1,62,68,8.5,4.3,1011.8,63.6,27,0,0
1994-01,77.5,2.1,⬅️西,北海道,札幌市,,0,-4.7,128,68,7.6,3.0,1011.8,129.0,29,0,0
1994-02,222.5,3.2,↖️北西,北海道,札幌市,,0,-1.3,226,71,8.4,4.0,1003.4,65.9,26,1,0
1994-03,156.5,2.8,↖️北西,北海道,札幌市,,0,-0.5,146,68,8.2,4.1,1012.0,112.2,28,0,0
1994-04,41.5,3.6,↖️北西,北海道,札幌市,,0,7.0,0,57,6.4,5.6,1008.7,200.4,4,0,0
1994-05,54.0,3.5,↘️南東,北海道,札幌市,,0,13.5,0,58,6.1,9.0,1005.6,230.3,0,0,1
1994-06,5.5,2.9,↖️北北西,北海道,札幌市,,0,16.9,0,70,6.5,13.4,1007.5,218.8,0,0,0
1994-07,41.0,2.9,↘️南東,北海道,札幌市,,0,22.2,0,74,7.0,19.7,1005.0,217.3,0,0,0
1994-08,104.5,2.5,↘️南東,北海道,札幌市,,0,24.8,0,74,7.2,23.2,1009.5,180.4,0,3,0
1994-09,313.5,2.3,↘️南東,北海道,札幌市,,0,19.8,0,75,7.6,17.3,1008.6,140.4,0,2,0
1994-10,127.5,2.4,⬇️南南東,北海道,札幌市,,0,12.4,0,67,5.9,9.7,1014.7,177.1,0,1,0
1994-11,90.5,2.7,↘️南東,北海道,札幌市,,0,5.4,38,67,7.1,6.2,1018.4,108.4,11,0,0
1994-12,96.0,2.4,↖️西北西,北海道,札幌市,,0,-1.4,107,68,8.0,3.9,1013.1,87.7,24,0,0
1995-01,124.0,2.8,↖️北西,北海道,札幌市,,0,-3.3,154,71,8.2,3.5,1008.8,90.1,30,1,0
1995-02,59.5,2.4,↖️北西,北海道,札幌市,,0,-2.3,66,70,6.8,3.7,1012.8,130.0,25,0,0
1995-03,50.0,2.7,⬇️南南東,北海道,札幌市,,0,0.9,29,66,6.7,4.4,1013.7,183.2,21,0,0
1995-04,107.0,3.4,↘️南東,北海道,札幌市,,0,7.3,0,64,7.7,6.6,1008.4,159.3,12,0,0
1995-05,50.5,3.2,↘️南東,北海道,札幌市,,0,13.3,0,68,7.3,10.3,1009.0,157.6,0,1,1
1995-06,35.0,2.8,↘️東南東,北海道,札幌市,,0,15.6,0,75,7.9,13.3,1008.1,146.2,0,0,0
1995-07,86.5,2.3,↘️南東,北海道,札幌市,,0,21.5,0,76,7.7,19.3,1004.9,136.0,0,0,2
1995-08,172.5,2.3,↘️南東,北海道,札幌市,,0,21.3,0,78,8.5,19.8,1007.4,109.7,0,1,0
1995-09,112.0,2.3,⬇️南南東,北海道,札幌市,,0,17.4,0,69,6.4,13.6,1008.0,171.8,0,1,0
1995-10,130.0,2.2,↘️南東,北海道,札幌市,,0,13.1,0,73,7.1,11.0,1013.1,128.8,0,2,0
1995-11,133.0,3.1,↖️西北西,北海道,札幌市,,0,5.5,30,66,8.3,6.1,1005.2,81.4,17,0,0
1995-12,180.5,2.5,↖️北西,北海道,札幌市,,0,0.0,256,70,7.9,4.4,1008.9,81.6,25,0,0
1996-01,157.0,3.1,↖️北西,北海道,札幌市,,0,-3.7,183,67,8.2,3.2,1007.7,81.4,29,1,0
1996-02,77.5,2.2,↖️北西,北海道,札幌市,,0,-3.4,138,66,8.1,3.3,1011.0,109.6,24,0,0
1996-03,73.0,2.9,↖️北西,北海道,札幌市,,0,0.5,61,62,7.6,4.0,1009.3,145.5,25,0,0
1996-04,30.0,2.9,↘️南東,北海道,札幌市,,0,5.8,12,59,7.7,5.4,1008.9,145.8,15,0,1
1996-05,88.0,3.3,↘️南東,北海道,札幌市,,0,10.5,0,72,8.0,9.1,1009.2,142.3,0,0,2
1996-06,29.0,3.1,↘️南東,北海道,札幌市,,0,15.7,0,71,7.6,12.7,1006.4,163.3,0,2,0
1996-07,88.5,2.8,↘️南東,北海道,札幌市,,0,20.4,0,76,9.1,18.2,1007.0,120.8,0,2,0
1996-08,85.5,3.0,↘️南東,北海道,札幌市,,0,20.9,0,71,7.1,17.6,1009.2,177.8,0,1,0
1996-09,124.5,2.8,↘️南東,北海道,札幌市,,0,18.2,0,71,7.6,14.9,1010.8,149.1,0,4,0
1996-10,153.0,2.6,↘️南東,北海道,札幌市,,0,11.5,3,68,7.0,9.5,1013.6,137.9,2,3,0
1996-11,96.0,2.6,⬇️南南東,北海道,札幌市,,0,4.1,35,63,8.1,5.3,1012.7,105.9,17,0,0
1996-12,97.0,2.4,↖️北西,北海道,札幌市,,0,-0.7,96,67,8.2,4.0,1012.0,89.6,28,0,0
1997-01,49.5,2.2,↖️北西,北海道,札幌市,,0,-2.5,35,68,7.8,3.5,1007.3,102.4,25,0,0
1997-02,120.0,2.7,↖️北西,北海道,札幌市,,0,-1.8,146,70,8.0,3.8,1010.0,99.4,26,0,0
1997-03,59.5,3.0,↖️北西,北海道,札幌市,,0,0.2,60,62,7.5,3.9,1012.2,160.9,24,0,0
1997-04,15.5,3.0,↖️北西,北海道,札幌市,,0,7.2,3,59,6.3,6.0,1009.6,191.8,9,0,0
1997-05,74.0,3.1,↘️南東,北海道,札幌市,,0,11.9,0,66,7.9,9.1,1006.7,159.1,0,1,0
1997-06,21.0,3.1,↖️北北西,北海道,札幌市,,0,15.8,0,76,7.4,13.8,1007.0,164.6,0,2,1
1997-07,81.0,2.6,↘️南東,北海道,札幌市,,0,22.0,0,73,7.2,19.3,1004.8,205.9,0,1,0
1997-08,188.0,2.3,↘️南東,北海道,札幌市,,0,20.5,0,77,8.2,18.6,1007.2,113.5,0,2,0
1997-09,131.0,2.5,↘️南東,北海道,札幌市,,0,17.1,0,70,7.0,13.6,1010.9,148.0,0,1,0
1997-10,82.5,2.6,⬇️南南東,北海道,札幌市,,0,10.8,0,68,6.5,9.0,1009.6,139.4,2,4,0
1997-11,117.0,2.6,⬇️南南東,北海道,札幌市,,0,7.1,1,69,7.2,7.1,1015.5,80.1,8,0,0
1997-12,76.0,2.3,↖️北西,北海道,札幌市,,0,0.4,69,67,8.3,4.3,1015.2,84.1,24,0,0
1998-01,108.5,2.3,↖️西北西,北海道,札幌市,,0,-5.9,156,67,7.9,2.7,1013.1,89.1,30,0,0
1998-02,69.0,2.6,↘️南東,北海道,札幌市,,0,-3.6,117,67,6.6,3.2,1015.6,123.0,23,0,0
1998-03,83.0,2.9,↖️北北西,北海道,札幌市,,0,1.6,63,64,6.6,4.4,1010.4,168.9,16,0,0
1998-04,28.5,3.4,↘️南東,北海道,札幌市,,0,9.0,2,63,5.9,7.3,1013.2,205.4,1,0,2
1998-05,58.0,3.0,↘️南東,北海道,札幌市,,0,13.5,0,64,6.5,9.7,1010.4,223.7,0,0,0
1998-06,83.0,3.3,↘️南東,北海道,札幌市,,0,15.5,0,74,7.4,13.2,1009.8,173.2,0,0,2
1998-07,71.0,2.4,↘️東南東,北海道,札幌市,,0,20.3,0,80,7.5,18.9,1006.8,150.2,0,1,0
1998-08,88.5,2.5,↘️南東,北海道,札幌市,,0,21.1,0,79,8.3,19.8,1007.6,99.9,0,0,1
1998-09,218.0,2.5,↘️南東,北海道,札幌市,,0,19.2,0,77,7.1,17.2,1011.3,145.1,0,0,0
1998-10,76.0,2.3,⬇️南南東,北海道,札幌市,,0,13.2,0,72,6.5,11.0,1013.5,153.7,0,0,0
1998-11,137.5,2.6,↖️北西,北海道,札幌市,,0,3.2,64,72,7.9,5.7,1010.5,92.7,18,0,2
1998-12,134.0,2.3,↖️北西,北海道,札幌市,,0,-1.7,159,74,8.4,4.1,1013.0,68.7,31,0,0
1999-01,135.0,2.7,↖️北西,北海道,札幌市,,0,-3.2,194,72,8.5,3.6,1006.9,62.1,30,0,0
1999-02,84.0,2.5,↖️北西,北海道,札幌市,,0,-3.6,112,71,8.2,3.5,1007.8,92.0,25,1,0
1999-03,86.0,3.1,↖️北西,北海道,札幌市,,0,-0.5,90,67,7.9,4.1,1011.7,116.1,24,0,0
1999-04,32.5,3.1,↘️南東,北海道,札幌市,,0,6.9,13,68,7.0,6.9,1010.8,160.3,7,0,3
1999-05,93.5,3.0,↖️北北西,北海道,札幌市,,0,11.9,0,69,7.0,9.5,1006.2,165.5,0,0,0
1999-06,32.5,2.7,↘️南東,北海道,札幌市,,0,17.8,0,71,7.2,14.2,1005.8,191.2,0,1,0
1999-07,154.5,2.4,↘️南東,北海道,札幌市,,0,22.1,0,81,8.1,21.8,1006.2,130.6,0,0,0
1999-08,103.0,2.6,↘️南東,北海道,札幌市,,0,24.9,0,78,6.8,24.5,1008.0,210.1,0,2,1
1999-09,107.5,2.4,⬇️南南東,北海道,札幌市,,0,19.7,0,74,7.1,17.1,1010.1,165.5,0,1,0
1999-10,80.5,2.6,⬇️南南東,北海道,札幌市,,0,11.9,0,73,7.1,10.4,1013.3,138.4,3,1,0
1999-11,75.5,2.3,↖️北西,北海道,札幌市,,0,5.5,29,69,7.5,6.4,1012.5,98.9,9,0,0
1999-12,110.0,2.3,↖️北西,北海道,札幌市,,0,-1.1,101,75,7.9,4.3,1011.1,81.3,31,1,1
2000-01,131.5,2.2,⬇️南南東,北海道,札幌市,,0,-3.1,202,79,8.4,4.0,1014.6,90.6,29,0,0
2000-02,89.5,2.1,↖️北西,北海道,札幌市,,0,-3.8,226,74,8.2,3.4,1007.2,121.7,28,0,0
2000-03,103.0,3.0,↖️北西,北海道,札幌市,,0,0.2,67,68,8.6,4.3,1005.5,129.1,28,1,0
2000-04,123.5,3.6,↖️北西,北海道,札幌市,,0,6.1,5,73,7.3,6.9,1005.9,139.4,9,0,0
2000-05,76.0,3.0,↘️南東,北海道,札幌市,,0,14.0,0,78,8.6,12.2,1008.6,146.0,0,1,1
2000-06,50.5,2.8,↖️北北西,北海道,札幌市,,0,16.7,0,79,7.3,15.0,1005.2,169.4,0,1,0
2000-07,194.0,2.6,↘️南東,北海道,札幌市,,0,22.2,0,83,8.4,22.3,1003.9,133.0,0,2,0
2000-08,103.5,2.5,↘️南東,北海道,札幌市,,0,23.9,0,77,7.2,22.8,1008.7,194.8,0,1,0
2000-09,307.0,2.4,⬇️南南東,北海道,札幌市,,0,18.6,0,78,8.0,16.6,1009.5,112.1,0,1,0
2000-10,24.5,2.4,⬇️南南東,北海道,札幌市,,0,11.6,0,64,6.6,9.1,1012.9,149.6,2,0,0
2000-11,140.0,2.7,↖️北西,北海道,札幌市,,0,3.9,113,65,7.6,5.5,1016.0,103.7,19,0,0
2000-12,101.5,2.7,↖️北西,北海道,札幌市,,0,-2.5,95,70,7.8,3.7,1010.3,94.3,30,0,0
2001-01,71.0,2.2,⬇️南南東,北海道,札幌市,,0,-5.7,128,68,7.3,2.8,1009.3,112.0,27,0,0
2001-02,64.0,2.8,↖️西北西,北海道,札幌市,,0,-5.5,92,63,8.0,2.7,1011.5,96.0,26,0,0
2001-03,83.0,3.0,↖️北西,北海道,札幌市,,0,0.2,64,65,7.9,4.1,1004.7,143.9,24,0,0
2001-04,28.0,3.1,↘️南東,北海道,札幌市,,0,8.3,2,59,6.1,6.4,1008.7,198.2,4,0,0
2001-05,17.0,2.8,↘️南東,北海道,札幌市,,0,13.4,0,66,6.7,9.9,1007.6,213.4,0,0,0
2001-06,42.0,2.7,↖️北北西,北海道,札幌市,,0,16.7,0,71,7.1,13.6,1004.1,194.4,0,3,1
2001-07,111.0,2.7,↘️南東,北海道,札幌市,,0,20.7,0,79,8.8,19.3,1005.1,122.9,0,1,1
2001-08,135.0,2.7,↘️南東,北海道,札幌市,,0,21.1,0,74,7.2,18.4,1008.5,208.2,0,0,0
2001-09,237.5,2.7,⬇️南南東,北海道,札幌市,,0,17.1,0,70,6.8,14.0,1011.6,144.3,0,0,0
2001-10,86.5,3.9,↖️北西,北海道,札幌市,,0,12.1,0,69,7.5,9.9,1014.4,128.5,0,1,0
2001-11,83.0,3.3,↖️北西,北海道,札幌市,,0,5.0,34,66,6.6,5.9,1010.6,98.6,16,1,0
2001-12,167.0,3.4,⬅️西,北海道,札幌市,,0,-3.4,200,66,7.9,3.2,1012.4,68.8,30,0,0
2002-01,150.0,3.2,⬇️南南東,北海道,札幌市,,0,-2.5,71,69,8.2,3.6,1007.4,75.6,30,0,0
2002-02,60.5,3.2,↘️南東,北海道,札幌市,,0,-0.6,73,67,6.7,4.0,1011.1,126.0,19,0,0
2002-03,45.0,4.0,↖️北西,北海道,札幌市,,0,2.5,37,61,7.1,4.5,1007.0,139.3,18,0,1
2002-04,30.5,4.6,⬇️南南東,北海道,札幌市,,0,9.6,0,60,6.7,7.1,1011.4,190.6,0,0,0
2002-05,41.0,3.9,↖️北西,北海道,札幌市,,0,13.6,0,61,6.6,9.3,1009.1,223.6,0,2,0
2002-06,64.5,3.9,↘️南東,北海道,札幌市,,0,15.9,0,70,7.7,12.6,1005.9,191.5,0,0,0
2002-07,128.0,3.5,↘️南東,北海道,札幌市,,0,20.5,0,79,8.4,19.0,1004.3,130.3,0,0,0
2002-08,102.5,4.2,↘️南東,北海道,札幌市,,0,20.1,0,79,8.8,18.5,1006.7,105.2,0,0,0
2002-09,87.5,2.9,↘️南東,北海道,札幌市,,0,17.7,0,68,6.7,13.8,1011.7,176.2,0,1,1
2002-10,149.0,3.7,⬇️南南東,北海道,札幌市,,0,12.0,0,65,7.1,9.5,1010.2,126.5,2,3,0
2002-11,165.0,3.4,⬇️南南東,北海道,札幌市,,0,2.8,25,68,8.1,5.2,1008.0,82.3,20,2,0
2002-12,77.5,3.4,⬅️西,北海道,札幌市,,0,-3.0,112,61,7.3,3.1,1014.4,107.4,25,0,0
2003-01,104.0,3.6,↖️北西,北海道,札幌市,,0,-3.6,144,67,7.8,3.3,1008.0,102.4,29,0,0
2003-02,59.5,2.7,↘️南東,北海道,札幌市,,0,-3.5,120,70,7.6,3.4,1014.0,108.2,25,0,0
2003-03,65.0,4.0,↖️北西,北海道,札幌市,,0,0.7,64,63,7.5,4.1,1012.1,156.7,22,1,0
2003-04,61.0,3.6,↖️北西,北海道,札幌市,,0,8.2,0,63,6.9,6.7,1009.8,161.4,3,0,0
2003-05,31.0,4.3,↘️南東,北海道,札幌市,,0,12.9,0,61,5.9,9.1,1011.8,228.7,0,0,2
2003-06,68.5,3.8,↘️南東,北海道,札幌市,,0,17.1,0,70,6.5,13.5,1005.0,219.0,0,1,2
2003-07,29.0,4.2,↘️南東,北海道,札幌市,,0,17.7,0,71,7.4,14.2,1009.0,185.9,0,0,0
2003-08,90.5,3.4,↘️南東,北海道,札幌市,,0,20.7,0,75,7.9,18.2,1007.2,151.0,0,2,1
2003-09,110.5,3.4,↘️南東,北海道,札幌市,,0,17.5,0,72,6.9,14.3,1010.4,147.3,0,0,0
2003-10,149.5,3.3,↘️南東,北海道,札幌市,,0,11.6,0,68,6.6,9.3,1011.3,136.5,0,1,0
2003-11,64.0,3.6,⬇️南南東,北海道,札幌市,,0,6.2,2,65,7.2,6.5,1016.8,105.6,12,1,0
2003-12,83.5,3.2,↖️北西,北海道,札幌市,,0,0.0,67,67,8.0,4.1,1008.2,84.4,24,0,0
2004-01,139.0,3.3,↘️南東,北海道,札幌市,,0,-2.5,156,70,7.8,3.6,1008.8,86.8,31,3,0
2004-02,158.5,3.7,⬇️南南東,北海道,札幌市,,0,-1.3,131,69,8.3,3.9,1006.3,106.5,27,0,0
2004-03,42.5,3.8,↘️南東,北海道,札幌市,,0,0.7,30,64,7.3,4.2,1010.4,139.5,22,0,1
2004-04,28.5,4.3,↖️北西,北海道,札幌市,,0,6.6,11,55,7.2,5.3,1006.1,168.8,10,0,0
2004-05,76.0,4.5,⬇️南南東,北海道,札幌市,,0,13.8,0,63,7.6,9.9,1006.9,174.5,0,1,0
2004-06,58.0,3.2,↘️南東,北海道,札幌市,,0,18.5,0,64,7.3,13.5,1006.3,188.1,0,2,0
2004-07,70.5,3.3,↘️南東,北海道,札幌市,,0,21.3,0,75,7.9,19.0,1004.7,162.8,0,2,0
2004-08,128.0,3.3,⬇️南南東,北海道,札幌市,,0,21.9,0,70,7.4,18.7,1005.9,169.6,0,2,0
2004-09,126.5,3.4,⬇️南南東,北海道,札幌市,,0,18.4,0,68,6.9,14.1,1012.3,150.1,0,0,0
2004-10,46.0,3.2,↘️南東,北海道,札幌市,,0,12.5,8,63,7.0,9.4,1014.8,140.3,3,0,0
2004-11,85.0,3.6,⬇️南南東,北海道,札幌市,,0,7.2,18,66,6.8,7.1,1013.0,110.7,10,0,0
2004-12,172.0,3.3,↖️北西,北海道,札幌市,,0,-0.8,110,67,8.2,4.1,1012.6,70.7,29,2,0
2005-01,153.5,3.0,⬇️南南東,北海道,札幌市,,0,-3.5,237,71,8.5,3.5,1006.5,71.5,29,1,0
2005-02,120.5,3.7,↖️北西,北海道,札幌市,,0,-3.9,139,70,8.4,3.3,1010.1,95.3,28,0,0
2005-03,124.0,3.9,↖️北西,北海道,札幌市,,0,0.1,95,66,7.9,4.1,1006.6,134.6,26,0,0
2005-04,55.0,4.8,↖️北西,北海道,札幌市,,0,6.2,10,65,7.8,6.1,1008.2,123.2,9,2,0
2005-05,62.0,4.2,⬇️南南東,北海道,札幌市,,0,10.7,0,65,7.5,8.3,1007.5,176.9,0,0,0
2005-06,51.0,3.8,↘️南東,北海道,札幌市,,0,18.3,0,69,7.4,14.4,1004.2,194.9,0,0,1
2005-07,119.0,3.6,↘️南東,北海道,札幌市,,0,20.1,0,75,8.4,17.6,1004.9,156.9,0,0,0
2005-08,114.0,3.5,↘️南東,北海道,札幌市,,0,23.5,0,72,6.5,21.0,1006.2,201.2,0,3,0
2005-09,126.0,3.1,⬇️南南東,北海道,札幌市,,0,18.8,0,69,6.5,14.9,1012.8,158.3,0,1,0
2005-10,72.0,3.1,⬇️南南東,北海道,札幌市,,0,13.2,0,64,5.9,9.8,1012.8,169.0,0,1,0
2005-11,150.5,3.1,⬇️南南東,北海道,札幌市,,0,5.5,4,66,6.7,6.2,1009.4,106.2,17,3,0
2005-12,89.0,2.8,↖️北西,北海道,札幌市,,0,-2.6,147,65,7.5,3.3,1005.5,112.5,27,0,0
2006-01,132.0,3.5,↖️北西,北海道,札幌市,,0,-4.1,189,70,8.6,3.2,1010.9,66.8,30,0,0
2006-02,89.0,3.6,⬇️南南東,北海道,札幌市,,0,-2.7,104,66,7.9,3.5,1013.4,89.3,23,0,0
2006-03,116.5,4.3,↖️北西,北海道,札幌市,,0,1.3,104,66,8.5,4.5,1004.1,113.0,26,1,0
2006-04,95.0,4.5,↖️北北西,北海道,札幌市,,0,5.2,26,66,8.1,5.8,1007.2,121.0,12,0,0
2006-05,45.0,4.2,↖️北北西,北海道,札幌市,,0,12.9,0,59,6.8,8.6,1009.5,234.8,0,0,2
2006-06,77.0,4.6,↘️南東,北海道,札幌市,,0,15.7,0,75,8.0,13.4,1007.2,150.3,0,2,2
2006-07,106.5,3.7,↘️南東,北海道,札幌市,,0,20.6,0,71,7.7,17.1,1005.4,201.3,0,3,0
2006-08,36.5,4.2,↘️南東,北海道,札幌市,,0,24.3,0,72,7.5,21.8,1006.6,201.3,0,2,0
2006-09,57.5,3.6,⬇️南南東,北海道,札幌市,,0,18.5,0,65,6.1,13.9,1011.6,189.2,0,0,0
2006-10,90.5,3.7,⬇️南南東,北海道,札幌市,,0,11.7,0,65,6.0,9.3,1014.3,170.0,0,3,0
2006-11,182.0,3.4,⬇️南南東,北海道,札幌市,,0,6.2,25,69,8.4,6.9,1011.5,96.7,12,1,0
2006-12,118.0,2.8,↖️北西,北海道,札幌市,,0,-0.5,136,70,7.6,4.2,1015.0,91.7,27,0,0
2007-01,112.0,3.1,↖️北西,北海道,札幌市,,0,-1.8,134,71,8.4,3.9,1014.2,71.6,28,0,0
2007-02,111.5,3.8,↖️北西,北海道,札幌市,,0,-1.5,153,71,7.6,3.9,1010.9,75.5,26,0,0
2007-03,91.0,3.6,⬇️南南東,北海道,札幌市,,0,0.9,91,67,7.9,4.4,1009.1,129.2,27,1,0
2007-04,57.5,3.4,⬇️南南東,北海道,札幌市,,0,6.3,4,63,6.7,5.8,1010.3,174.3,10,0,0
2007-05,87.0,4.3,↖️北北西,北海道,札幌市,,0,12.5,0,68,8.0,9.7,1003.6,184.0,0,1,0
2007-06,38.0,3.4,↖️北北西,北海道,札幌市,,0,18.8,0,71,6.2,15.3,1006.4,223.4,0,3,0
2007-07,45.0,4.2,↘️南東,北海道,札幌市,,0,19.6,0,69,7.2,15.7,1004.0,228.8,0,2,0
2007-08,65.5,2.6,↘️南東,北海道,札幌市,,0,23.5,0,71,7.0,20.4,1006.4,165.7,0,1,0
2007-09,193.5,3.1,⬇️南南東,北海道,札幌市,,0,19.1,0,72,7.9,16.1,1010.4,125.1,0,1,0
2007-10,66.5,2.9,⬇️南南東,北海道,札幌市,,0,11.7,0,67,5.8,9.2,1013.5,150.0,0,2,0
2007-11,75.0,3.4,↖️北西,北海道,札幌市,,0,3.9,10,63,6.5,5.3,1012.6,118.5,14,0,0
2007-12,86.0,2.8,↖️北西,北海道,札幌市,,0,-0.6,63,65,8.2,3.9,1010.9,84.0,30,0,0
2008-01,111.0,3.1,↖️北西,北海道,札幌市,,0,-4.3,184,66,8.4,3.0,1012.3,91.6,30,0,0
2008-02,111.0,3.7,↖️北西,北海道,札幌市,,0,-3.4,145,69,7.3,3.4,1009.3,108.8,24,1,0
2008-03,32.0,3.2,↖️北北西,北海道,札幌市,,0,3.3,21,67,7.0,5.2,1012.2,162.2,8,0,1
2008-04,6.0,3.9,↖️北北西,北海道,札幌市,,0,9.4,0,58,6.1,6.8,1011.5,192.4,2,0,0
2008-05,65.5,4.6,⬇️南南東,北海道,札幌市,,0,12.4,0,68,7.2,9.8,1008.5,185.4,0,3,0
2008-06,40.0,3.2,↘️南東,北海道,札幌市,,0,17.0,0,71,7.0,13.7,1007.7,193.8,0,0,0
2008-07,63.5,3.8,↘️南東,北海道,札幌市,,0,21.4,0,75,7.7,19.1,1005.8,146.7,0,1,0
2008-08,56.0,3.6,↘️南東,北海道,札幌市,,0,21.2,0,71,6.7,18.0,1007.0,188.1,0,1,0
2008-09,30.5,3.1,⬇️南南東,北海道,札幌市,,0,19.2,0,65,5.4,14.8,1008.3,202.9,0,1,0
2008-10,99.5,3.4,⬇️南南東,北海道,札幌市,,0,12.9,0,66,6.1,10.0,1013.4,161.1,0,1,0
2008-11,86.0,3.1,↖️北西,北海道,札幌市,,0,4.6,32,68,7.0,5.9,1011.2,125.2,11,2,0
2008-12,142.0,3.7,↖️北西,北海道,札幌市,,0,0.8,116,71,8.1,4.9,1010.6,86.3,24,1,0
2009-01,103.0,3.3,⬇️南南東,北海道,札幌市,,0,-1.3,99,70,8.2,4.0,1012.7,85.9,28,1,0
2009-02,143.0,4.0,↖️北西,北海道,札幌市,,0,-2.2,174,70,8.7,3.7,1009.2,68.0,27,0,0
2009-03,79.0,4.1,⬇️南南東,北海道,札幌市,,0,1.5,69,65,8.0,4.6,1009.3,113.5,23,0,0
2009-04,58.0,4.1,↖️北北西,北海道,札幌市,,0,7.7,2,57,6.3,5.9,1009.2,224.4,3,0,0
2009-05,42.5,4.2,↘️南東,北海道,札幌市,,0,13.9,0,61,5.9,9.4,1007.3,255.7,0,0,1
2009-06,50.0,4.1,↘️南東,北海道,札幌市,,0,17.5,0,72,8.0,14.1,1004.6,133.1,0,0,1
2009-07,187.5,3.1,↖️北北西,北海道,札幌市,,0,19.7,0,79,8.9,18.2,1003.4,82.6,0,2,0
2009-08,63.0,3.2,↘️南東,北海道,札幌市,,0,21.5,0,73,8.1,18.8,1007.0,156.3,0,0,0
2009-09,35.5,3.3,⬇️南南東,北海道,札幌市,,0,17.8,0,67,5.8,13.6,1010.2,183.0,0,0,0
2009-10,125.0,3.7,⬇️南南東,北海道,札幌市,,0,12.5,0,65,7.0,9.5,1010.2,127.0,0,2,0
2009-11,154.0,3.1,⬇️南南東,北海道,札幌市,,0,5.1,8,69,7.6,6.3,1015.4,75.7,13,0,0
2009-12,106.5,3.0,⬇️南南東,北海道,札幌市,,0,-0.7,98,68,7.9,4.0,1009.2,99.2,26,2,0
2010-01,112.0,3.3,↖️北西,北海道,札幌市,,0,-2.0,154,68,8.3,3.7,1006.7,82.8,30,0,0
2010-02,59.5,3.6,↖️北西,北海道,札幌市,,0,-3.2,99,66,8.1,3.3,1012.4,92.6,25,1,0
2010-03,79.5,3.9,↖️北西,北海道,札幌市,,0,-0.1,123,65,8.3,4.0,1012.0,114.5,28,1,0
2010-04,67.5,4.5,⬇️南南東,北海道,札幌市,,0,5.5,3,63,8.3,5.7,1013.0,124.3,7,0,0
2010-05,44.5,4.5,↖️北北西,北海道,札幌市,,0,12.2,0,65,7.5,9.1,1008.4,186.7,0,0,0
2010-06,73.0,2.6,↖️北北西,北海道,札幌市,,0,19.2,0,72,7.4,16.0,1007.5,222.7,0,1,0
2010-07,143.5,3.0,↖️北北西,北海道,札幌市,,0,22.1,0,79,9.2,21.1,1005.5,73.9,0,4,0
2010-08,213.5,2.6,⬇️南南東,北海道,札幌市,,0,24.8,0,73,8.1,22.6,1008.7,158.4,0,4,0
2010-09,92.0,3.4,⬇️南南東,北海道,札幌市,,0,20.0,0,65,6.7,15.7,1009.4,181.3,0,0,0
2010-10,130.5,3.1,⬇️南南東,北海道,札幌市,,0,12.2,9,68,6.8,10.0,1014.7,144.4,2,2,0
2010-11,194.5,3.3,⬇️南南東,北海道,札幌市,,0,5.9,25,69,7.2,6.6,1010.8,89.5,6,3,0
2010-12,115.0,3.4,⬇️南南東,北海道,札幌市,,0,0.6,58,70,8.3,4.7,1004.5,55.8,23,0,0
2011-01,120.0,3.1,↖️西北西,北海道,札幌市,,0,-3.8,172,66,8.4,3.1,1006.4,115.5,29,1,0
2011-02,69.5,3.4,↘️南東,北海道,札幌市,,0,-1.1,111,67,6.8,3.9,1013.0,140.8,21,0,0
2011-03,60.5,3.3,↖️北西,北海道,札幌市,,0,0.7,101,60,7.5,3.8,1008.6,159.7,25,1,0
2011-04,69.5,4.0,⬇️南南東,北海道,札幌市,,0,6.9,14,62,7.2,6.2,1007.2,164.6,5,0,0
2011-05,56.5,4.0,↖️北北西,北海道,札幌市,,0,11.1,0,71,8.1,9.4,1007.6,158.6,0,0,0
2011-06,43.0,3.3,↖️北北西,北海道,札幌市,,0,17.3,0,73,8.1,14.4,1004.3,164.6,0,1,0
2011-07,129.0,2.9,↘️南東,北海道,札幌市,,0,21.8,0,78,8.4,20.2,1005.7,170.2,0,0,2
2011-08,109.0,2.9,↘️南東,北海道,札幌市,,0,23.6,0,72,7.1,20.8,1007.1,214.4,0,1,0
2011-09,257.5,3.3,⬇️南南東,北海道,札幌市,,0,19.2,0,75,7.8,17.0,1009.4,127.4,0,0,0
2011-10,146.0,3.1,↘️南東,北海道,札幌市,,0,12.1,0,69,6.4,9.8,1012.7,129.9,0,3,1
2011-11,86.0,3.0,⬇️南南東,北海道,札幌市,,0,6.0,32,68,7.3,6.5,1014.2,116.5,12,1,0
2011-12,107.0,3.1,↖️北西,北海道,札幌市,,0,-2.0,106,68,7.5,3.7,1011.0,91.4,30,1,0
2012-01,71.5,3.2,↖️北西,北海道,札幌市,,0,-4.5,99,67,7.3,3.0,1011.7,131.5,30,0,0
2012-02,57.0,3.2,↖️西北西,北海道,札幌市,,0,-4.4,81,64,7.7,2.9,1010.4,133.8,28,0,0
2012-03,44.5,3.4,↖️北北西,北海道,札幌市,,0,0.1,62,66,8.3,4.1,1010.7,143.6,24,0,0
2012-04,34.5,4.2,↘️南東,北海道,札幌市,,0,7.0,19,66,7.5,6.7,1009.8,166.2,9,0,0
2012-05,83.5,4.0,↖️北北西,北海道,札幌市,,0,13.0,0,71,7.7,10.6,1008.1,207.2,0,1,0
2012-06,51.5,3.3,↘️南東,北海道,札幌市,,0,17.1,0,72,6.8,13.8,1008.2,215.6,0,0,0
2012-07,81.5,3.3,↘️南東,北海道,札幌市,,0,21.8,0,74,7.9,19.3,1004.9,205.6,0,1,0
2012-08,121.0,3.4,↘️南東,北海道,札幌市,,0,23.4,0,76,8.2,21.9,1009.0,146.7,0,0,0
2012-09,191.0,3.2,⬇️南南東,北海道,札幌市,,0,22.4,0,74,7.1,20.0,1011.8,166.2,0,4,0
2012-10,115.0,3.5,⬇️南南東,北海道,札幌市,,0,13.0,0,69,6.8,10.4,1011.1,153.2,0,3,0
2012-11,219.0,3.4,↖️北西,北海道,札幌市,,0,5.5,13,73,8.7,6.8,1008.0,79.5,13,3,0
2012-12,209.0,3.3,↖️北西,北海道,札幌市,,0,-2.3,212,69,8.6,3.7,1009.2,70.5,30,2,0
2013-01,101.5,3.3,↖️北西,北海道,札幌市,,0,-4.7,125,67,8.3,3.0,1011.8,111.2,30,0,0
2013-02,117.0,3.3,⬇️南南東,北海道,札幌市,,0,-4.0,168,68,7.9,3.2,1010.7,111.1,28,0,0
2013-03,108.0,4.2,⬇️南南東,北海道,札幌市,,0,0.0,105,67,8.6,4.2,1006.7,116.1,27,1,0
2013-04,115.0,4.5,⬇️南南東,北海道,札幌市,,0,6.3,5,64,8.3,6.1,1004.7,128.1,9,0,0
2013-05,61.5,4.1,↖️北北西,北海道,札幌市,,0,11.3,0,72,8.1,9.6,1008.4,142.1,1,0,0
2013-06,62.0,3.2,↖️北北西,北海道,札幌市,,0,17.6,0,76,5.8,15.1,1007.2,233.2,0,0,0
2013-07,54.5,4.0,⬇️南南東,北海道,札幌市,,0,22.5,0,75,7.1,20.2,1005.4,215.4,0,1,0
2013-08,183.5,3.4,⬇️南南東,北海道,札幌市,,0,23.1,0,79,8.3,22.4,1002.4,142.0,0,6,0
2013-09,173.0,3.2,⬇️南南東,北海道,札幌市,,0,18.8,0,73,7.6,16.1,1011.7,149.6,0,3,0
2013-10,131.0,3.4,⬇️南南東,北海道,札幌市,,0,12.9,0,71,7.4,10.8,1014.9,125.2,0,2,0
2013-11,116.0,3.1,⬇️南南東,北海道,札幌市,,0,6.3,20,68,7.7,6.6,1008.4,98.7,12,0,0
2013-12,124.0,3.1,↖️北西,北海道,札幌市,,0,0.8,101,70,8.2,4.6,1006.9,75.2,25,1,0
2014-01,111.5,3.3,↖️北西,北海道,札幌市,,0,-4.1,148,69,8.1,3.2,1010.6,87.8,31,0,0
2014-02,89.0,3.4,↖️北西,北海道,札幌市,,0,-3.5,118,69,7.1,3.3,1015.6,118.8,26,2,0
2014-03,64.0,3.4,↖️北北西,北海道,札幌市,,0,0.5,84,68,7.6,4.4,1009.6,155.5,22,0,0
2014-04,24.0,3.9,↖️北西,北海道,札幌市,,0,7.3,7,53,5.0,5.2,1010.5,257.8,5,0,0
2014-05,60.0,4.1,↘️南東,北海道,札幌市,,0,14.0,0,65,7.6,10.3,1005.0,207.7,0,0,0
2014-06,99.0,4.0,↘️南東,北海道,札幌市,,0,18.7,0,73,7.3,15.3,1005.5,182.4,0,0,0
2014-07,76.5,3.4,↖️北北西,北海道,札幌市,,0,22.5,0,70,7.2,18.8,1004.7,214.3,0,1,0
2014-08,217.5,3.1,↘️南東,北海道,札幌市,,0,22.4,0,73,7.2,19.7,1006.8,178.9,0,1,0
2014-09,146.0,3.3,↘️南東,北海道,札幌市,,0,18.1,0,68,6.5,14.0,1009.2,188.8,0,3,0
2014-10,124.0,3.2,⬇️南南東,北海道,札幌市,,0,11.3,0,64,6.4,8.7,1013.8,145.4,1,1,0
2014-11,64.0,3.2,⬇️南南東,北海道,札幌市,,0,6.1,32,66,7.1,6.4,1012.8,109.0,8,1,0
2014-12,128.0,3.1,⬇️南南東,北海道,札幌市,,0,-1.3,130,67,8.4,3.9,1005.7,66.3,28,2,0
2015-01,143.5,3.8,↖️北西,北海道,札幌市,,0,-1.5,127,70,8.6,3.9,1008.7,102.5,27,0,0
2015-02,59.5,4.4,↖️北北西,北海道,札幌市,,0,-0.8,39,68,8.2,4.0,1009.7,95.4,24,0,0
2015-03,125.5,3.5,⬇️南南東,北海道,札幌市,,0,3.8,39,67,7.5,5.3,1009.6,144.0,17,0,0
2015-04,90.0,4.2,⬇️南南東,北海道,札幌市,,0,8.7,0,59,6.0,6.6,1011.9,220.4,3,1,0
2015-05,37.0,4.4,⬇️南南東,北海道,札幌市,,0,14.2,0,56,6.3,8.9,1003.9,263.2,0,2,0
2015-06,66.5,3.7,↘️南東,北海道,札幌市,,0,16.7,0,73,7.9,13.7,1005.4,151.4,0,1,0
2015-07,64.0,3.1,↖️北北西,北海道,札幌市,,0,21.3,0,73,7.8,18.8,1005.0,175.0,0,0,0
2015-08,131.5,3.0,↘️南東,北海道,札幌市,,0,22.4,0,73,8.3,20.0,1008.0,158.6,0,2,0
2015-09,198.0,2.8,⬇️南南東,北海道,札幌市,,0,18.4,0,71,7.1,15.0,1010.4,151.8,0,5,0
2015-10,98.0,4.0,⬇️南南東,北海道,札幌市,,0,10.8,0,61,6.2,8.0,1009.1,150.9,2,2,0
2015-11,137.0,2.8,↖️北北西,北海道,札幌市,,0,5.4,49,67,7.7,6.1,1018.7,108.2,9,0,0
2015-12,124.0,2.9,⬇️南南東,北海道,札幌市,,0,0.8,101,68,7.9,4.6,1013.1,91.6,21,1,0
2016-01,74.0,2.7,↖️西北西,北海道,札幌市,,0,-3.5,98,65,8.3,3.1,1010.8,88.2,31,0,0
2016-02,109.5,3.5,↖️北西,北海道,札幌市,,0,-2.3,113,66,8.2,3.6,1012.6,99.3,26,2,1
2016-03,60.5,3.7,↖️北北西,北海道,札幌市,,0,2.1,67,63,6.4,4.5,1013.5,164.1,21,1,0
2016-04,58.5,4.4,↖️北北西,北海道,札幌市,,0,7.8,0,58,7.1,6.0,1009.0,174.9,4,0,0
2016-05,40.5,4.3,⬇️南南東,北海道,札幌市,,0,14.9,0,58,7.0,9.6,1008.5,229.5,0,1,0
2016-06,112.5,4.4,⬇️南南東,北海道,札幌市,,0,16.3,0,73,7.9,13.6,1006.3,157.7,0,1,0
2016-07,118.5,3.9,↘️南東,北海道,札幌市,,0,20.7,0,75,7.4,18.2,1006.8,211.1,0,0,0
2016-08,279.0,3.4,⬇️南南東,北海道,札幌市,,0,23.9,0,73,6.3,21.7,1004.0,225.3,0,3,0
2016-09,107.0,3.0,⬇️南南東,北海道,札幌市,,0,19.4,0,72,7.7,16.3,1011.8,155.0,0,1,0
2016-10,78.0,3.8,↖️西北西,北海道,札幌市,,0,10.6,4,58,7.0,7.8,1012.0,145.0,6,2,0
2016-11,115.5,3.6,↖️北西,北海道,札幌市,,0,2.1,39,65,8.2,4.9,1014.3,89.6,22,0,1
2016-12,206.5,3.1,↖️北西,北海道,札幌市,,0,-1.0,198,69,7.7,4.0,1012.0,78.8,25,0,0
2017-01,72.5,2.4,↖️北北西,北海道,札幌市,,0,-3.9,106,70,8.2,3.3,1010.4,77.2,29,0,0
2017-02,57.5,3.8,↖️北西,北海道,札幌市,,0,-2.0,88,66,8.5,3.6,1008.2,87.0,22,0,0
2017-03,75.5,3.4,↖️北北西,北海道,札幌市,,0,1.4,73,64,6.8,4.3,1010.2,184.1,21,0,0
2017-04,65.5,4.2,↘️南東,北海道,札幌市,,0,7.7,4,59,6.7,6.2,1006.3,193.2,5,1,0
2017-05,57.5,3.5,↘️南東,北海道,札幌市,,0,14.4,0,62,7.1,10.0,1007.6,212.4,0,0,1
2017-06,168.5,3.4,↖️北北西,北海道,札幌市,,0,16.0,0,72,7.8,13.0,1004.5,165.8,0,1,1
2017-07,75.5,2.8,↖️北北西,北海道,札幌市,,0,22.9,0,73,7.0,20.0,1004.5,200.8,0,0,0
2017-08,78.5,3.1,↘️南東,北海道,札幌市,,0,21.7,0,70,7.8,18.0,1006.0,184.4,0,0,0
2017-09,187.0,3.1,⬇️南南東,北海道,札幌市,,0,17.7,0,67,6.2,13.5,1007.7,183.3,0,4,0
2017-10,114.0,3.6,↘️南東,北海道,札幌市,,0,11.3,0,63,6.9,8.6,1015.7,152.9,3,2,0
2017-11,129.0,3.6,⬇️南南東,北海道,札幌市,,0,4.3,62,66,7.6,5.7,1010.5,94.0,15,0,0
2017-12,77.0,2.7,↖️北西,北海道,札幌市,,0,-2.0,102,67,8.0,3.6,1009.0,84.8,29,0,0
2018-01,99.5,2.9,⬇️南南東,北海道,札幌市,,0,-2.6,147,66,8.1,3.5,1006.9,88.4,30,1,0
2018-02,43.0,2.7,⬇️南南東,北海道,札幌市,,0,-4.2,78,65,7.1,3.0,1010.8,115.3,26,0,0
2018-03,115.5,4.1,↖️北西,北海道,札幌市,,0,2.4,74,62,7.6,4.6,1011.9,159.1,19,0,0
2018-04,36.5,3.6,↖️北北西,北海道,札幌市,,0,8.2,2,57,7.1,6.1,1009.1,184.1,9,0,0
2018-05,66.0,3.4,↖️北北西,北海道,札幌市,,0,13.4,0,63,7.3,9.5,1007.3,205.4,0,0,1
2018-06,141.5,4.0,↘️南東,北海道,札幌市,,0,16.6,0,69,8.4,12.9,1005.4,160.1,0,1,0
2018-07,155.5,2.9,↘️南東,北海道,札幌市,,0,21.4,0,77,8.0,20.0,1007.1,177.4,0,2,1
2018-08,228.5,3.2,↘️南東,北海道,札幌市,,0,21.2,0,79,8.6,19.8,1006.1,123.4,0,3,0
2018-09,49.5,3.5,⬇️南南東,北海道,札幌市,,0,18.9,0,69,7.0,15.1,1010.5,184.4,0,1,0
2018-10,187.0,3.1,⬇️南南東,北海道,札幌市,,0,13.0,0,72,5.7,10.8,1011.4,161.4,0,1,0
2018-11,73.0,2.9,⬇️南南東,北海道,札幌市,,0,6.4,18,71,7.5,7.0,1015.7,106.8,9,0,0
2018-12,86.5,3.2,↖️北西,北海道,札幌市,,0,-1.0,106,73,7.8,4.3,1012.6,75.8,28,0,0
2019-01,86.0,3.6,↖️北西,北海道,札幌市,,0,-3.0,125,70,8.1,3.5,1009.5,102.5,30,0,0
2019-02,32.5,3.2,↖️西北西,北海道,札幌市,,0,-2.6,52,65,7.4,3.4,1012.4,114.1,25,0,0
2019-03,39.0,3.8,↖️北西,北海道,札幌市,,0,2.5,33,65,7.4,4.8,1007.7,157.3,20,0,0
2019-04,30.5,3.5,↖️北西,北海道,札幌市,,0,8.0,1,59,6.0,6.1,1007.8,223.4,6,1,0
2019-05,29.5,3.9,↘️南東,北海道,札幌市,,0,15.7,0,61,5.4,10.6,1007.1,270.8,0,0,0
2019-06,71.0,3.5,↘️南東,北海道,札幌市,,0,17.4,0,73,7.3,14.3,1005.2,193.1,0,2,0
2019-07,31.5,4.0,↘️南東,北海道,札幌市,,0,21.7,0,76,7.5,19.9,1006.5,185.1,0,1,0
2019-08,144.5,3.8,↘️南東,北海道,札幌市,,0,22.5,0,78,7.9,21.4,1005.6,164.6,0,0,0
2019-09,108.5,2.9,↘️南東,北海道,札幌市,,0,19.3,0,70,6.1,15.9,1011.6,208.5,0,0,0
2019-10,97.0,3.2,↘️南東,北海道,札幌市,,0,13.3,0,70,6.1,10.9,1014.3,158.6,0,0,0
2019-11,82.0,3.6,↖️北西,北海道,札幌市,,0,3.9,44,66,7.2,5.5,1012.9,121.5,17,1,0
2019-12,62.0,3.3,↖️北西,北海道,札幌市,,0,-0.8,54,71,8.1,4.3,1013.8,88.2,25,0,0
2020-01,51.5,2.9,↖️北西,北海道,札幌市,,0,-2.3,85,71,8.1,3.7,1013.8,93.8,26,0,0
2020-02,157.0,2.8,↖️北西,北海道,札幌市,,0,-2.1,195,73,8.4,4.0,1014.2,99.6,25,0,0
2020-03,107.5,3.5,↖️北西,北海道,札幌市,,0,3.3,49,67,7.3,5.1,1008.8,174.2,18,1,1
2020-04,52.5,3.9,↖️北北西,北海道,札幌市,,0,6.8,0,65,7.2,6.3,1008.7,187.3,7,0,0
2020-05,45.5,3.6,↘️南東,北海道,札幌市,,0,13.7,0,66,7.0,10.2,1006.8,205.3,0,3,0
2020-06,51.5,3.8,↘️南東,北海道,札幌市,,0,18.3,0,73,8.3,15.1,1004.1,142.4,0,2,1
2020-07,56.5,3.2,↘️南東,北海道,札幌市,,0,21.2,0,77,7.3,19.2,1006.4,200.0,0,0,0
2020-08,124.0,3.4,↘️南東,北海道,札幌市,,0,23.3,0,76,7.0,21.8,1006.9,189.5,0,0,0
2020-09,53.5,3.4,↘️南東,北海道,札幌市,,0,20.1,0,76,8.0,18.2,1011.7,140.1,0,0,0
2020-10,66.0,3.3,⬇️南南東,北海道,札幌市,,0,13.1,0,69,6.6,10.5,1012.7,152.9,0,0,0
2020-11,113.0,3.3,⬇️南南東,北海道,札幌市,,0,6.3,19,69,8.1,6.9,1013.4,84.0,13,1,0
2020-12,26.5,2.9,↖️西北西,北海道,札幌市,,0,-1.6,50,65,7.0,3.7,1010.4,95.2,26,0,0
2021-01,90.5,3.1,⬇️南南東,北海道,札幌市,,0,-4.4,137,70,6.8,3.2,1011.3,109.5,27,1,0
2021-02,78.5,3.4,↖️北西,北海道,札幌市,,0,-2.2,75,69,8.2,3.8,1006.5,114.2,21,0,0
2021-03,79.5,3.9,↖️北北西,北海道,札幌市,,0,3.8,50,67,7.2,5.5,1013.0,161.7,16,0,0
2021-04,112.0,4.4,↖️北西,北海道,札幌市,,0,7.9,0,60,6.2,6.3,1012.9,207.1,4,0,0
2021-05,76.5,4.1,↘️南東,北海道,札幌市,,0,13.1,0,71,8.0,10.7,1004.6,148.5,0,0,0
2021-06,50.5,3.5,↘️南東,北海道,札幌市,,0,18.9,0,71,5.9,15.3,1006.9,260.7,0,1,0
2021-07,7.5,3.8,↘️南東,北海道,札幌市,,0,23.9,0,74,5.3,21.7,1008.6,285.3,0,0,0
2021-08,108.5,3.5,↘️南東,北海道,札幌市,,0,22.9,0,73,7.6,20.4,1007.7,187.4,0,1,0
2021-09,73.0,3.3,⬇️南南東,北海道,札幌市,,0,18.8,0,73,6.6,15.9,1012.9,201.2,0,1,0
2021-10,150.5,3.0,↘️南東,北海道,札幌市,,0,12.5,0,73,6.7,10.7,1014.8,158.2,0,0,0
2021-11,153.5,3.2,⬇️南南東,北海道,札幌市,,0,7.3,4,72,7.0,7.6,1010.5,105.1,9,2,0
2021-12,108.5,3.2,↖️北西,北海道,札幌市,,0,-0.5,114,71,6.6,4.4,1009.4,110.1,24,0,0
2022-01,170.0,3.4,↖️北西,北海道,札幌市,,0,-3.2,182,76,8.2,3.8,1008.6,85.0,29,0,0
2022-02,112.0,3.3,↖️北西,北海道,札幌市,,0,-2.2,141,71,7.0,3.7,1009.7,120.7,26,0,0
2022-03,54.5,3.3,↘️南東,北海道,札幌市,,0,2.6,34,69,7.4,5.0,1009.8,131.9,19,0,0
2022-04,15.0,4.0,↖️北北西,北海道,札幌市,,0,9.1,1,56,5.5,6.5,1011.6,243.0,5,0,0
2022-05,66.5,4.3,↘️南東,北海道,札幌市,,0,14.9,0,63,6.4,10.5,1007.1,224.1,0,0,2
2022-06,71.0,3.8,↖️北北西,北海道,札幌市,,0,16.8,0,77,7.8,15.0,1006.2,173.2,0,2,2
2022-07,63.0,3.1,↖️北北西,北海道,札幌市,,0,23.1,0,78,7.7,21.9,1005.9,179.4,0,0,0
2022-08,233.0,3.7,↘️南東,北海道,札幌市,,0,22.7,0,75,7.7,20.7,1003.8,152.6,0,0,0
2022-09,87.5,3.4,↘️南東,北海道,札幌市,,0,19.8,0,71,6.5,16.6,1011.6,196.1,0,1,0
2022-10,80.0,2.9,↘️南東,北海道,札幌市,,0,12.6,0,70,5.8,10.5,1015.7,164.0,0,1,0
2022-11,82.5,3.3,↘️南東,北海道,札幌市,,0,7.1,4,69,7.7,7.1,1013.7,96.7,8,0,0
2022-12,119.0,2.6,↖️北北西,北海道,札幌市,,0,-1.4,103,75,8.2,4.2,1008.6,81.1,29,0,0
2023-01,71.5,3.0,↖️西北西,北海道,札幌市,,0,-4.4,117,68,7.2,3.2,1010.3,123.8,29,0,0
2023-02,104.0,2.8,↖️北北西,北海道,札幌市,,0,-2.7,151,75,7.6,3.8,1014.5,102.8,27,0,0
2023-03,35.5,3.7,↘️南東,北海道,札幌市,,0,4.9,14,65,5.8,5.7,1014.9,179.7,11,0,0
2023-04,61.0,4.1,↖️北西,北海道,札幌市,,0,9.2,0,62,7.0,7.2,1007.6,161.6,2,0,0
2023-05,21.5,3.6,↖️北北西,北海道,札幌市,,0,13.8,0,66,6.5,10.3,1009.6,224.2,0,0,1
2023-06,133.5,3.6,↘️南東,北海道,札幌市,,0,19.3,0,73,7.2,16.3,1004.6,215.3,0,0,0
2023-07,61.5,2.9,↖️北北西,北海道,札幌市,,0,23.8,0,77,7.8,22.7,1004.6,171.6,0,0,0
2023-08,69.5,3.6,⬇️南南東,北海道,札幌市,,0,26.7,0,78,7.5,27.2,1006.5,175.5,0,4,0
2023-09,146.0,2.9,⬇️南南東,北海道,札幌市,,0,21.5,0,76,7.5,19.7,1010.0,144.1,0,3,0
2023-10,88.5,2.8,↘️南東,北海道,札幌市,,0,13.3,0,71,5.9,11.0,1009.1,177.3,0,2,0
2023-11,126.5,3.5,⬇️南南東,北海道,札幌市,,0,6.7,21,71,7.4,7.5,1010.0,105.6,12,2,0
2023-12,47.0,3.0,⬅️西,北海道,札幌市,,0,-0.7,56,67,6.9,4.1,1013.3,108.1,26,1,0
2024-01,153.5,3.3,⬇️南南東,北海道,札幌市,,0,-1.8,161,77,7.9,4.2,1011.2,81.0,30,1,0
2024-02,117.0,3.3,↖️北西,北海道,札幌市,,0,-1.9,151,71,7.6,3.9,1017.2,127.6,24,0,0
2024-03,67.5,3.2,↖️北北西,北海道,札幌市,,0,0.8,69,67,6.9,4.4,1009.1,181.7,2,0,0
2024-04,34.5,4.2,↖️北北西,北海道,札幌市,,0,10.4,1,65,0,8.3,1011.2,206.9,3,0,0
2024-05,40.0,4.1,↖️北北西,北海道,札幌市,,0,14.2,0,65,0,10.3,1007.7,214.6,0,0,0
2024-06,38.0,3.5,↘️南東,北海道,札幌市,,0,19.0,0,74,0,16.3,1005.4,202.4,0,2,0
2024-07,144.0,3.4,↖️北北西,北海道,札幌市,,0,23.3,0,77,0,22.0,1002.2,190.9,0,1,0
2024-08,102.5,3.1,↖️北北西,北海道,札幌市,,0,24.6,0,81,0,24.9,1005.6,133.7,0,4,0
2024-09,74.5,3.1,⬇️南南東,北海道,札幌市,,0,19.9,0,69,0,16.0,1011.1,212.3,0,2,0
2024-10,160.0,3.2,⬇️南南東,北海道,札幌市,,0,13.8,0,72,0,11.6,1015.9,178.4,1,0,0
2024-11,134.0,3.3,⬇️南南東,北海道,札幌市,,0,6.0,35,72,0,6.9,1013.6,98.7,13,1,0
2024-12,54.5,3.1,↖️北西,北海道,札幌市,,0,-1.9,82,69,0,3.7,1007.0,91.3,29,1,0
2025-01,68.5,2.7,↖️北西,北海道,札幌市,,0,-1.2,80,72,0,4.1,1010.8,122.0,28,0,0
2025-02,118.0,3.3,↖️北西,北海道,札幌市,,0,-0.9,126,72,0,4.1,1005.1,120.0,25,0,0
2025-03,94.5,3.7,↖️北西,北海道,札幌市,,0,2.0,75,70,0,5.0,1010.5,125.1,25,0,0
2025-04,110.0,3.7,↖️北北西,北海道,札幌市,,0,8.5,0,72,0,7.9,1007.5,134.8,3,1,0
2025-05,21.0,4.2,⬇️南南東,北海道,札幌市,,0,12.9,0,63,0,9.1,1005.8,62.7,0,0,0
